time,n,mean,std,q1,median,q3
486,1753,0.5,0.28883984684944153,0.25,0.5,0.75
487,1743,0.5,0.28884080052375793,0.25,0.5,0.75
488,1746,0.5,0.28884050250053406,0.2500000074505806,0.5,0.7500000149011612
489,1740,0.5,0.2888410985469818,0.2500000037252903,0.5,0.75
490,1742,0.5,0.2888409197330475,0.2499999962747097,0.4999999850988388,0.75
491,1749,0.5,0.28884023427963257,0.25,0.5,0.75
492,1740,0.5,0.2888410985469818,0.2500000037252903,0.5,0.75
493,1744,0.5,0.28884071111679077,0.2500000074505806,0.5000000149011612,0.7500000149011612
494,1747,0.5,0.2888404130935669,0.25,0.5,0.75
495,1748,0.5,0.28884032368659973,0.2500000074505806,0.5000000149011612,0.75
496,1747,0.5,0.2888404130935669,0.25,0.5,0.75
497,1757,0.5,0.2888394892215729,0.25,0.5,0.75
498,1749,0.5,0.28884023427963257,0.25,0.5,0.75
499,1751,0.5,0.28884005546569824,0.25,0.5,0.75
500,1749,0.5,0.28884023427963257,0.25,0.5,0.75
501,1761,0.5,0.28883910179138184,0.25,0.5,0.75
502,1754,0.5,0.28883975744247437,0.2499999962747097,0.4999999850988388,0.7500000149011612
503,1755,0.5,0.2888396680355072,0.25,0.5,0.75
504,1757,0.5,0.2888394892215729,0.25,0.5,0.75
505,1754,0.5,0.28883975744247437,0.2499999962747097,0.4999999850988388,0.7500000149011612
506,1777,0.5,0.28883764147758484,0.25,0.5,0.75
507,1781,0.5000000596046448,0.2888372540473938,0.25,0.5,0.75
508,1782,0.5,0.28883716464042664,0.25,0.5,0.75
509,1768,0.5,0.2888384461402893,0.2499999925494194,0.4999999850988388,0.7499999850988388
510,1770,0.5,0.288838267326355,0.25,0.5,0.75
511,1766,0.5,0.288838654756546,0.2499999925494194,0.5,0.7499999850988388
512,1762,0.5,0.2888390123844147,0.2500000037252903,0.5000000149011612,0.7500000149011612
513,1777,0.5,0.28883764147758484,0.25,0.5,0.75
514,1762,0.5,0.2888390123844147,0.2500000037252903,0.5000000149011612,0.7500000149011612
515,1768,0.5,0.2888384461402893,0.2499999925494194,0.4999999850988388,0.7499999850988388
516,1771,0.5,0.2888381779193878,0.2500000074505806,0.5,0.75
517,1770,0.5,0.288838267326355,0.25,0.5,0.75
518,1781,0.5,0.2888372540473938,0.25,0.5,0.75
519,1765,0.5,0.2888387441635132,0.25,0.5,0.75
520,1762,0.5,0.2888390123844147,0.2500000037252903,0.5000000149011612,0.7500000149011612
521,1782,0.5,0.28883716464042664,0.25,0.5,0.75
522,1785,0.5,0.28883689641952515,0.25,0.5,0.75
523,1784,0.5,0.2888369858264923,0.2500000037252903,0.5,0.7500000149011612
524,1786,0.5000000596046448,0.288836807012558,0.2500000037252903,0.5000000149011612,0.7500000149011612
525,1776,0.5,0.288837730884552,0.25,0.5,0.75
526,1787,0.5,0.2888367176055908,0.2500000074505806,0.5,0.75
527,1789,0.5,0.2888365387916565,0.25,0.5,0.75
528,1791,0.5,0.28883635997772217,0.2500000074505806,0.5,0.75
529,1786,0.5000000596046448,0.28883683681488037,0.2500000037252903,0.5000000149011612,0.7500000149011612
530,1784,0.5,0.2888369858264923,0.2500000037252903,0.5,0.7500000149011612
531,1785,0.5,0.28883689641952515,0.25,0.5,0.75
532,1790,0.5,0.28883644938468933,0.25,0.5,0.7499999850988388
533,1793,0.5,0.28883618116378784,0.25,0.5,0.75
534,1766,0.5,0.288838654756546,0.2499999925494194,0.5,0.7499999850988388
535,1773,0.5,0.2888379991054535,0.25,0.5,0.75
536,1783,0.5,0.2888370752334595,0.25,0.5,0.75
537,1793,0.5000000596046448,0.28883618116378784,0.25,0.5,0.75
538,1806,0.5,0.2888350188732147,0.2499999962747097,0.4999999850988388,0.7500000149011612
539,1788,0.4999999701976776,0.28883662819862366,0.2499999962747097,0.5,0.75
540,1779,0.5,0.2888374328613281,0.25,0.5,0.75
541,1796,0.5,0.28883591294288635,0.2499999925494194,0.4999999850988388,0.7499999850988388
542,1800,0.5,0.2888355851173401,0.25,0.5,0.7500000149011612
543,1794,0.5,0.2888360917568207,0.2500000037252903,0.5000000149011612,0.7499999850988388
544,1804,0.5,0.28883519768714905,0.2500000074505806,0.5000000149011612,0.7500000149011612
545,1796,0.5,0.28883591294288635,0.2499999925494194,0.4999999850988388,0.7499999850988388
546,1802,0.5,0.2888353765010834,0.2499999925494194,0.5,0.75
547,1769,0.5,0.28883838653564453,0.25,0.5,0.75
548,1819,0.5,0.288833886384964,0.2499999925494194,0.5,0.75
549,1804,0.5,0.28883519768714905,0.2500000074505806,0.5000000149011612,0.7500000149011612
550,1824,0.5,0.2888334393501282,0.2500000111758709,0.5000000149011612,0.7499999850988388
551,1836,0.5,0.2888323962688446,0.2499999888241291,0.4999999850988388,0.7499999850988388
552,1772,0.5,0.28883808851242065,0.2500000074505806,0.5000000149011612,0.7500000149011612
553,1792,0.5,0.288836270570755,0.2500000037252903,0.5,0.75
554,1805,0.5,0.2888351082801819,0.25,0.5,0.75
555,1791,0.5,0.28883635997772217,0.2500000074505806,0.5,0.75
556,1806,0.5,0.2888350188732147,0.2499999962747097,0.4999999850988388,0.7500000149011612
557,1768,0.5,0.2888384461402893,0.2499999925494194,0.4999999850988388,0.7499999850988388
558,1810,0.5,0.28883466124534607,0.25,0.5,0.7500000149011612
559,1817,0.5,0.2888340651988983,0.25,0.5,0.75
560,1819,0.5,0.288833886384964,0.2499999925494194,0.5,0.75
561,1808,0.5,0.2888348698616028,0.2499999925494194,0.4999999850988388,0.75
562,1820,0.5,0.2888337969779968,0.2500000074505806,0.5000000149011612,0.7499999850988388
563,1858,0.5,0.28883054852485657,0.2499999962747097,0.4999999850988388,0.7500000149011612
564,1848,0.5,0.2888313829898834,0.2500000074505806,0.5000000149011612,0.75
565,1837,0.5,0.28883233666419983,0.25,0.5,0.75
566,1801,0.5,0.28883546590805054,0.25,0.5,0.75
567,1820,0.5,0.2888337969779968,0.2500000074505806,0.5000000149011612,0.7499999850988388
568,1788,0.5,0.28883662819862366,0.2499999962747097,0.5,0.75
569,1830,0.5,0.2888329327106476,0.2499999962747097,0.4999999850988388,0.7499999850988388
570,1821,0.5,0.28883370757102966,0.25,0.5,0.75
571,1806,0.5,0.2888350188732147,0.2499999962747097,0.4999999850988388,0.7500000149011612
572,1820,0.5,0.2888337969779968,0.2500000074505806,0.5000000149011612,0.7499999850988388
573,1833,0.5,0.2888326644897461,0.25,0.5,0.75
574,1779,0.5,0.2888374328613281,0.25,0.5,0.75
575,1844,0.5,0.2888317108154297,0.2500000074505806,0.5000000149011612,0.7499999850988388
576,1786,0.5,0.288836807012558,0.2500000037252903,0.5000000149011612,0.7500000149011612
577,1852,0.5,0.28883105516433716,0.25,0.5,0.75
578,1872,0.5,0.28882938623428345,0.2499999888241291,0.4999999850988388,0.7499999850988388
579,1853,0.5,0.28883096575737,0.25,0.5,0.75
580,1856,0.5,0.2888307273387909,0.2499999962747097,0.5,0.75
581,1845,0.5,0.2888316214084625,0.25,0.5,0.75
582,1854,0.5,0.28883087635040283,0.25,0.5,0.7500000149011612
583,1871,0.5,0.2888294756412506,0.25,0.5,0.75
584,1879,0.5,0.2888288199901581,0.2500000074505806,0.5,0.75
585,1877,0.5,0.28882896900177,0.25,0.5,0.75
586,1874,0.5,0.2888292074203491,0.2500000037252903,0.5000000149011612,0.7499999850988388
587,1882,0.5,0.2888285517692566,0.2500000037252903,0.5000000149011612,0.7500000149011612
588,1873,0.5,0.2888292968273163,0.25,0.5,0.75
589,1884,0.5,0.28882840275764465,0.2500000037252903,0.5,0.7500000149011612
590,1870,0.5,0.2888295650482178,0.2499999962747097,0.4999999850988388,0.75
591,1891,0.5,0.2888278365135193,0.25,0.5,0.75
592,1902,0.5,0.28882694244384766,0.2500000037252903,0.5000000149011612,0.7499999850988388
593,1888,0.5,0.2888280749320984,0.2499999888241291,0.4999999850988388,0.7499999850988388
594,1887,0.5,0.28882813453674316,0.2500000074505806,0.5,0.75
595,1895,0.5,0.288827508687973,0.25,0.5,0.75
596,1885,0.5,0.2888283133506775,0.25,0.5,0.75
597,1894,0.5,0.2888275980949402,0.2499999962747097,0.4999999850988388,0.7500000149011612
598,1913,0.5,0.2888260781764984,0.25,0.5,0.75
599,1905,0.5,0.28882670402526855,0.25,0.5,0.75
600,1884,0.5,0.28882840275764465,0.2500000037252903,0.5,0.7500000149011612
601,1901,0.5,0.2888270318508148,0.25,0.5,0.75
602,1894,0.5,0.2888275980949402,0.2499999962747097,0.4999999850988388,0.7500000149011612
603,1878,0.5,0.28882887959480286,0.25,0.5,0.7500000149011612
604,1885,0.5,0.2888283133506775,0.25,0.5,0.75
605,1909,0.5,0.2888264060020447,0.25,0.5,0.75
606,1902,0.5,0.28882694244384766,0.2500000037252903,0.5000000149011612,0.7499999850988388
607,1911,0.5,0.28882622718811035,0.25,0.5,0.75
608,1918,0.5,0.2888256907463074,0.25,0.5,0.75
609,1913,0.5,0.2888260781764984,0.25,0.5,0.75
610,1922,0.5,0.2888253629207611,0.2499999925494194,0.5,0.7499999850988388
611,1911,0.5,0.28882622718811035,0.25,0.5,0.75
612,1923,0.5,0.28882527351379395,0.25,0.5,0.75
613,1925,0.5,0.288825124502182,0.25,0.5,0.75
614,1931,0.5,0.2888246774673462,0.25,0.5,0.75
615,1921,0.5,0.28882545232772827,0.25,0.5,0.75
616,1916,0.5,0.2888258397579193,0.2499999888241291,0.4999999850988388,0.7500000149011612
617,1934,0.5,0.2888244390487671,0.2500000037252903,0.5000000149011612,0.75
618,1924,0.5,0.28882521390914917,0.2499999925494194,0.4999999850988388,0.75
619,1921,0.5,0.28882545232772827,0.25,0.5,0.75
620,1929,0.5,0.28882482647895813,0.25,0.5,0.75
621,1930,0.5,0.28882473707199097,0.2500000037252903,0.5000000149011612,0.7499999850988388
622,1943,0.5,0.2888237535953522,0.25,0.5,0.75
623,1931,0.5,0.2888246774673462,0.25,0.5,0.75
624,1939,0.5000000596046448,0.28882405161857605,0.25,0.5,0.75
625,1930,0.5,0.28882476687431335,0.2500000037252903,0.5000000149011612,0.7499999850988388
626,1935,0.5,0.2888243496417999,0.25,0.5,0.75
627,1944,0.5,0.288823664188385,0.2499999925494194,0.4999999850988388,0.7499999850988388
628,1940,0.5,0.2888239622116089,0.24987106025218964,0.4999999850988388,0.75
629,1951,0.5,0.28882312774658203,0.2500000074505806,0.5,0.75
630,1932,0.5,0.28882458806037903,0.2499999962747097,0.5,0.75
631,1934,0.5,0.2888244390487671,0.2500000037252903,0.5000000149011612,0.75
632,1957,0.5,0.2888226807117462,0.25,0.5,0.75
633,1959,0.5,0.2888225317001343,0.2500000074505806,0.5,0.75
634,1959,0.4999999701976776,0.2888225317001343,0.2500000074505806,0.5,0.75
635,1943,0.5,0.2888237535953522,0.25,0.5,0.7498712837696075
636,1950,0.5,0.2888232171535492,0.25,0.5,0.75
637,1950,0.5,0.2888232171535492,0.25,0.5,0.75
638,1948,0.5,0.28882336616516113,0.2499999888241291,0.4999999850988388,0.7500000149011612
639,1944,0.5,0.288823664188385,0.2499999925494194,0.4999999850988388,0.7499999850988388
640,1948,0.4999999701976776,0.28882336616516113,0.2499999888241291,0.4999999850988388,0.7500000149011612
641,1951,0.5,0.2888231575489044,0.2500000074505806,0.5,0.75
642,1962,0.5,0.2888222932815552,0.2500000037252903,0.5000000149011612,0.75
643,1962,0.5,0.2888222932815552,0.2500000037252903,0.5000000149011612,0.75
644,1962,0.5,0.2888222932815552,0.2500000037252903,0.5000000149011612,0.75
645,1962,0.5,0.2888222932815552,0.2500000037252903,0.5000000149011612,0.75
646,1968,0.5,0.28882184624671936,0.2500000074505806,0.5000000149011612,0.7500000149011612
647,1971,0.5,0.28882163763046265,0.2499999925494194,0.5,0.75
648,1956,0.5,0.2888227701187134,0.2500000037252903,0.5,0.7500000149011612
649,1972,0.5,0.28882157802581787,0.25,0.5,0.75
650,1958,0.5,0.28882259130477905,0.2499999962747097,0.4999999850988388,0.7499999850988388
651,1963,0.5,0.2888222336769104,0.25,0.5,0.75
652,1955,0.5,0.28882282972335815,0.25,0.5,0.75
653,1978,0.5,0.28882113099098206,0.25,0.5,0.7500000149011612
654,1957,0.5,0.2888226807117462,0.25,0.5,0.75
655,1959,0.5,0.2888225317001343,0.2500000074505806,0.5,0.75
656,1970,0.5,0.2888217270374298,0.2499999962747097,0.4999999850988388,0.7499999850988388
657,1975,0.5,0.28882133960723877,0.25,0.5,0.75
658,1960,0.5,0.2888224720954895,0.2499999962747097,0.5,0.75
659,1956,0.5,0.2888227701187134,0.2500000037252903,0.5,0.7500000149011612
660,1979,0.5,0.2888210415840149,0.25,0.5,0.75
661,1982,0.5,0.2888208329677582,0.2500000037252903,0.5000000149011612,0.7499999850988388
662,1995,0.5,0.2888198792934418,0.25,0.5,0.75
663,1987,0.5,0.28882044553756714,0.2500000074505806,0.5,0.75
664,1994,0.5,0.28881993889808655,0.25,0.5,0.7500000149011612
665,1985,0.5000000596046448,0.2888205945491791,0.25,0.5,0.75
666,1991,0.5000000596046448,0.28882017731666565,0.25,0.5,0.75
667,1995,0.5,0.2888198792934418,0.25,0.5,0.75
668,1981,0.5,0.28882089257240295,0.25,0.5,0.75
669,1983,0.5,0.288820743560791,0.25,0.5,0.75
670,1982,0.5,0.2888208031654358,0.2500000037252903,0.5000000149011612,0.7499999850988388
671,2001,0.5,0.28881943225860596,0.25,0.5,0.75
672,1999,0.5,0.2888195812702179,0.25,0.5,0.75
673,2003,0.5000000596046448,0.2888193130493164,0.25,0.5,0.75
674,1984,0.5,0.28882068395614624,0.2499999925494194,0.4999999850988388,0.75
675,1986,0.5,0.2888205349445343,0.25,0.5,0.75
676,1993,0.5,0.2888200283050537,0.25,0.5,0.75
677,2007,0.5,0.28881901502609253,0.2500000074505806,0.5,0.75
678,2015,0.5,0.2888184189796448,0.2499999925494194,0.5,0.75
679,2014,0.5,0.28881850838661194,0.2500000074505806,0.5,0.7500000149011612
680,2026,0.5,0.2888176739215851,0.2500000037252903,0.5000000149011612,0.7499999850988388
681,2020,0.5,0.2888180911540985,0.2500000037252903,0.5,0.7500000149011612
682,2011,0.5,0.28881871700286865,0.25,0.5,0.75
683,2017,0.5,0.28881826996803284,0.25,0.5,0.75
684,2015,0.5,0.2888184189796448,0.2499999925494194,0.5,0.75
685,2021,0.5,0.28881800174713135,0.25,0.5,0.75
686,2031,0.5,0.28881731629371643,0.2500000074505806,0.5,0.75
687,2025,0.5,0.28881773352622986,0.25,0.5,0.75
688,2023,0.5,0.2888178527355194,0.2499999925494194,0.5,0.75
689,2023,0.5,0.2888178527355194,0.2499999925494194,0.5,0.75
690,2013,0.5,0.2888185679912567,0.25,0.5,0.75
691,2016,0.5,0.288818359375,0.25,0.5,0.7499999850988388
692,2014,0.5,0.28881850838661194,0.2501241862773895,0.5,0.7500000149011612
693,2006,0.5,0.2888190746307373,0.25,0.5,0.75
694,2002,0.5,0.2888193428516388,0.2500000074505806,0.5,0.75
695,2004,0.5,0.28881922364234924,0.25,0.5,0.75
696,1994,0.5,0.28881993889808655,0.25,0.5,0.7500000149011612
697,2029,0.5,0.288817435503006,0.25,0.5,0.75
698,2028,0.5,0.28881749510765076,0.2499999888241291,0.4999999850988388,0.7500000149011612
699,2016,0.5,0.288818359375,0.25,0.5,0.7499999850988388
700,2032,0.5,0.28881722688674927,0.2499999925494194,0.4999999850988388,0.75
701,2037,0.5,0.288816899061203,0.25,0.5,0.75
702,2042,0.5,0.28881654143333435,0.25,0.5,0.75
703,2042,0.5,0.28881654143333435,0.25,0.5,0.75
704,2038,0.5,0.28881680965423584,0.25,0.5,0.75
705,2024,0.5,0.28881779313087463,0.2500000074505806,0.5000000149011612,0.7500000149011612
706,2038,0.5,0.28881680965423584,0.25,0.5,0.75
707,2028,0.5000000596046448,0.28881749510765076,0.2499999888241291,0.4999999850988388,0.7500000149011612
708,2038,0.5,0.28881680965423584,0.25,0.5,0.75
709,2043,0.5,0.2888164520263672,0.25,0.5,0.75
710,2038,0.5,0.28881680965423584,0.25,0.5,0.75
711,2045,0.5,0.28881633281707764,0.25,0.5,0.75
712,2048,0.5,0.2888161242008209,0.25,0.5,0.75
713,2045,0.5,0.28881633281707764,0.25,0.5,0.75
714,2043,0.5,0.2888164520263672,0.25,0.5,0.75
715,2046,0.4999999701976776,0.2888162434101105,0.25,0.5,0.75
716,2057,0.5,0.2888154983520508,0.25,0.5,0.75
717,2056,0.5,0.28881558775901794,0.25,0.5,0.75
718,2043,0.5,0.2888164520263672,0.25,0.5,0.75
719,2034,0.5000000596046448,0.2888171076774597,0.2500000074505806,0.5,0.75
720,2041,0.4999999701976776,0.2888166010379791,0.25,0.5,0.75
721,2048,0.5,0.2888161242008209,0.25,0.5,0.75
722,2050,0.5,0.28881600499153137,0.25,0.5,0.75
723,2045,0.5,0.28881633281707764,0.25,0.5,0.75
724,2049,0.5,0.28881606459617615,0.25,0.5,0.75
725,2033,0.5000000596046448,0.2888171672821045,0.25,0.5,0.75
726,2055,0.5,0.2888156473636627,0.25,0.5,0.75
727,2039,0.5,0.2888167202472687,0.25,0.5,0.75
728,2032,0.5000000596046448,0.28881722688674927,0.2499999925494194,0.4999999850988388,0.75
729,2047,0.5,0.2888162136077881,0.25,0.5,0.75
730,2063,0.5,0.28881511092185974,0.2499999925494194,0.5,0.75
731,2057,0.5,0.2888154983520508,0.25,0.5,0.75
732,2069,0.5,0.2888146936893463,0.25,0.5,0.75
733,2062,0.5,0.2888151705265045,0.25,0.5,0.75
734,2070,0.5,0.28881463408470154,0.2499999962747097,0.4999999850988388,0.7499999850988388
735,2069,0.5,0.2888146936893463,0.25,0.5,0.75
736,2059,0.5,0.28881537914276123,0.25,0.5,0.75
737,2050,0.5,0.28881600499153137,0.25,0.5,0.75
738,2015,0.5,0.2888184189796448,0.2499999925494194,0.5,0.75
739,2061,0.5,0.2888152301311493,0.25,0.5,0.75
740,2075,0.5,0.2888143062591553,0.2499999925494194,0.5,0.75
741,2082,0.5,0.28881382942199707,0.25,0.5,0.7500000149011612
742,2070,0.5,0.28881463408470154,0.2499999962747097,0.4999999850988388,0.7499999850988388
743,2080,0.5,0.2888139486312866,0.25,0.5,0.7500000149011612
744,2076,0.5,0.2888142168521881,0.2500000074505806,0.5000000149011612,0.7500000149011612
745,2078,0.5,0.28881406784057617,0.2499999925494194,0.5,0.7499999850988388
746,2073,0.5,0.2888144254684448,0.25,0.5,0.75
747,2069,0.5,0.2888146936893463,0.25,0.5,0.75
748,2076,0.5,0.2888142168521881,0.2500000074505806,0.5000000149011612,0.7500000149011612
749,2073,0.5,0.2888144254684448,0.25,0.5,0.75
750,2070,0.5,0.28881463408470154,0.2499999962747097,0.4999999850988388,0.7499999850988388
751,2076,0.5,0.2888142168521881,0.2500000074505806,0.5000000149011612,0.7500000149011612
752,2077,0.5,0.28881415724754333,0.25,0.5,0.75
753,2092,0.5,0.28881314396858215,0.2500000037252903,0.5,0.75
754,2089,0.5,0.28881338238716125,0.25,0.5,0.75
755,2085,0.5,0.28881362080574036,0.25,0.5,0.75
756,2088,0.5,0.28881341218948364,0.2499999888241291,0.4999999850988388,0.7499999850988388
757,2083,0.5,0.2888137698173523,0.25,0.5,0.75
758,2077,0.5,0.28881415724754333,0.25,0.5,0.75
759,2088,0.5,0.28881341218948364,0.2499999888241291,0.4999999850988388,0.7499999850988388
760,2087,0.5,0.2888135015964508,0.25,0.5,0.75
761,2085,0.5,0.28881362080574036,0.25,0.5,0.75
762,2083,0.5,0.2888137400150299,0.25,0.5,0.75
763,2080,0.5,0.2888139486312866,0.25,0.5,0.7500000149011612
764,2083,0.5,0.2888137400150299,0.25,0.5,0.75
765,2092,0.5,0.28881317377090454,0.2500000037252903,0.5,0.75
766,2098,0.5,0.2888127565383911,0.2499999962747097,0.4999999850988388,0.75
767,2093,0.5,0.2888130843639374,0.25,0.5,0.75
768,2089,0.5,0.28881335258483887,0.25,0.5,0.75
769,2092,0.5,0.28881314396858215,0.2500000037252903,0.5,0.75
770,2093,0.5,0.2888130843639374,0.25,0.5,0.75
771,2098,0.5,0.2888127565383911,0.2499999962747097,0.4999999850988388,0.75
772,2073,0.5,0.2888144254684448,0.25,0.5,0.75
773,2091,0.5,0.2888132333755493,0.2499999925494194,0.5,0.75
774,2099,0.5,0.28881269693374634,0.25,0.5,0.75
775,2108,0.5,0.28881213068962097,0.2499999925494194,0.4999999850988388,0.7499999850988388
776,2091,0.5,0.2888132333755493,0.2499999925494194,0.5,0.75
777,2080,0.5,0.2888139486312866,0.25,0.5,0.7500000149011612
778,2095,0.5,0.2888129651546478,0.25,0.5,0.75
779,2079,0.5,0.2888140380382538,0.2500000074505806,0.5,0.75
780,2083,0.5,0.2888137698173523,0.25,0.5,0.75
781,2096,0.5,0.28881290555000305,0.2499999962747097,0.5,0.75
782,2087,0.5,0.2888134717941284,0.25,0.5,0.75
783,2090,0.5,0.2888132929801941,0.2500000037252903,0.5000000149011612,0.7500000149011612
784,2101,0.5,0.2888125777244568,0.25,0.5,0.75
785,2094,0.5,0.2888130247592926,0.25,0.5,0.75
786,2094,0.5,0.2888130247592926,0.25,0.5,0.75
787,2077,0.5,0.28881415724754333,0.25,0.5,0.75
788,2089,0.5,0.28881338238716125,0.25,0.5,0.75
789,2075,0.5000000596046448,0.2888143062591553,0.2499999925494194,0.5,0.75
790,2091,0.5,0.2888132333755493,0.2499999925494194,0.5,0.75
791,2078,0.5,0.28881409764289856,0.2499999925494194,0.5,0.7499999850988388
792,2102,0.5,0.2888124883174896,0.2500000037252903,0.5000000149011612,0.7499999850988388
793,2080,0.5,0.2888139486312866,0.25,0.5,0.7500000149011612
794,2088,0.5,0.28881341218948364,0.2499999888241291,0.4999999850988388,0.7499999850988388
795,2082,0.5,0.28881382942199707,0.25,0.5,0.7500000149011612
796,2082,0.5,0.28881382942199707,0.25,0.5,0.7500000149011612
797,2061,0.5,0.2888152301311493,0.25,0.5,0.75
798,2066,0.5,0.288814902305603,0.2499999962747097,0.4999999850988388,0.75
799,2013,0.4999999701976776,0.2888185679912567,0.25,0.5,0.75
800,2058,0.5,0.288815438747406,0.25,0.5,0.75
801,2102,0.5,0.2888124883174896,0.2500000037252903,0.5000000149011612,0.7499999850988388
802,2084,0.5,0.28881368041038513,0.2499999962747097,0.5,0.7499999850988388
803,2069,0.5,0.2888146936893463,0.25,0.5,0.75
804,2045,0.5,0.28881633281707764,0.25,0.5,0.75
805,2094,0.5,0.2888130247592926,0.25,0.5,0.75
806,2092,0.5,0.28881314396858215,0.2500000037252903,0.5,0.75
807,2100,0.5,0.28881263732910156,0.2499999888241291,0.4999999850988388,0.7500000149011612
808,2094,0.5,0.2888130247592926,0.25,0.5,0.75
809,2065,0.5,0.2888149619102478,0.25,0.5,0.75
810,2089,0.5,0.28881335258483887,0.25,0.5,0.7502394914627075
811,2060,0.5,0.28881528973579407,0.2499999962747097,0.5,0.75
812,2053,0.5,0.28881579637527466,0.25,0.5,0.75
813,2095,0.5,0.2888129651546478,0.25,0.5,0.75
814,2069,0.5,0.2888146936893463,0.25,0.5,0.75
815,2056,0.5,0.28881558775901794,0.25,0.5,0.75
816,2090,0.5,0.2888132631778717,0.2500000037252903,0.5000000149011612,0.7500000149011612
817,2036,0.5,0.2888169586658478,0.2499999962747097,0.5,0.75
818,2103,0.5,0.28881242871284485,0.2500000074505806,0.5,0.75
819,2108,0.5,0.2888121008872986,0.2499999925494194,0.4999999850988388,0.7499999850988388
820,2111,0.5,0.28881192207336426,0.2499999925494194,0.5,0.75
821,2129,0.5000000596046448,0.28881075978279114,0.25,0.5,0.75
822,2083,0.5,0.2888137698173523,0.25,0.5,0.75
823,2116,0.5,0.288811594247818,0.2499999962747097,0.5,0.75
824,2116,0.5,0.288811594247818,0.2499999962747097,0.5,0.75
825,2122,0.5,0.28881120681762695,0.25,0.5,0.7500000149011612
826,2125,0.5,0.28881099820137024,0.25,0.5,0.75
827,2134,0.5,0.2888104319572449,0.2499999925494194,0.5,0.7499999850988388
828,2134,0.5,0.2888104319572449,0.2499999925494194,0.5,0.7499999850988388
829,2132,0.5,0.2888105511665344,0.2499999888241291,0.4999999850988388,0.7500000149011612
830,2122,0.5,0.28881120681762695,0.25,0.5,0.7500000149011612
831,2138,0.5,0.28881019353866577,0.2499999962747097,0.4999999850988388,0.7500000149011612
832,2113,0.5,0.2888117730617523,0.25,0.5,0.75
833,2139,0.5,0.288810133934021,0.25,0.5,0.75
834,2148,0.5,0.28880956768989563,0.2499999962747097,0.5,0.7499999850988388
835,2160,0.5,0.28880882263183594,0.2499999925494194,0.4999999850988388,0.7499999850988388
836,2157,0.5,0.28880900144577026,0.25,0.5,0.75
837,2126,0.5,0.28881093859672546,0.2500000037252903,0.5000000149011612,0.7500000149011612
838,2134,0.5,0.28881046175956726,0.2499999925494194,0.5,0.7499999850988388
839,2162,0.5,0.288808673620224,0.2499999925494194,0.5,0.75
840,2153,0.5,0.28880923986434937,0.25,0.5,0.75
841,2151,0.5,0.2888093590736389,0.2499999925494194,0.5,0.75
842,2136,0.5,0.2888103127479553,0.2499999962747097,0.5,0.7499999850988388
843,2152,0.5,0.28880929946899414,0.2500000037252903,0.5,0.75
844,2160,0.5,0.28880882263183594,0.2499999925494194,0.4999999850988388,0.7499999850988388
845,2131,0.5,0.2888106405735016,0.2500000074505806,0.5,0.75
846,2135,0.5,0.2888103723526001,0.25,0.5,0.75
847,2184,0.5,0.28880733251571655,0.2500000074505806,0.5000000149011612,0.7500000149011612
848,2190,0.5,0.2888069748878479,0.25,0.5,0.75
849,2185,0.5,0.2888072729110718,0.25,0.5,0.75
850,2179,0.5,0.28880763053894043,0.25,0.5,0.75
851,2176,0.5,0.28880783915519714,0.2500000037252903,0.5,0.7500000149011612
852,2189,0.5,0.2888070344924927,0.25,0.5,0.75
853,2189,0.5,0.2888070344924927,0.25,0.5,0.75
854,2194,0.5,0.2888067364692688,0.2500000074505806,0.5,0.7500000149011612
855,2196,0.5,0.28880661725997925,0.2500000074505806,0.5000000149011612,0.75
856,2198,0.5,0.2888064980506897,0.2500000074505806,0.5,0.75
857,2194,0.5,0.2888067364692688,0.2500000074505806,0.5,0.7500000149011612
858,2199,0.5,0.2888064384460449,0.25,0.5,0.75
859,2195,0.5,0.288806676864624,0.25,0.5,0.75
860,2194,0.5,0.2888067364692688,0.2500000074505806,0.5,0.7500000149011612
861,2195,0.5,0.288806676864624,0.25,0.5,0.75
862,2194,0.5,0.2888067364692688,0.2500000074505806,0.5,0.7500000149011612
863,2196,0.5,0.28880661725997925,0.2500000074505806,0.5000000149011612,0.75
864,2203,0.5,0.2888062000274658,0.25,0.5,0.75
865,2207,0.5,0.2888059616088867,0.2499999925494194,0.5,0.75
866,2208,0.5,0.28880590200424194,0.2500000037252903,0.5,0.7500000149011612
867,2210,0.5,0.2888057827949524,0.2499999962747097,0.4999999850988388,0.7500000149011612
868,2212,0.5,0.28880566358566284,0.25,0.5,0.75
869,2210,0.5,0.2888057827949524,0.2499999962747097,0.4999999850988388,0.7500000149011612
870,2208,0.5,0.28880590200424194,0.2500000037252903,0.5,0.7500000149011612
871,2212,0.5,0.28880566358566284,0.25,0.5,0.75
872,2210,0.5,0.2888057827949524,0.2499999962747097,0.4999999850988388,0.7500000149011612
873,2210,0.5,0.2888057827949524,0.2499999962747097,0.4999999850988388,0.7500000149011612
874,2214,0.5,0.2888055443763733,0.2500000037252903,0.5000000149011612,0.7499999850988388
875,2217,0.5,0.28880536556243896,0.25,0.5,0.75
876,2217,0.5,0.28880539536476135,0.25,0.5,0.75
877,2216,0.5,0.28880542516708374,0.2499999962747097,0.5,0.7499999850988388
878,2216,0.5,0.28880542516708374,0.2499999962747097,0.5,0.7499999850988388
879,2220,0.5,0.288805216550827,0.2499999925494194,0.4999999850988388,0.7500000149011612
880,2219,0.5,0.2888052463531494,0.25,0.5,0.75
881,2218,0.5,0.2888053059577942,0.2499999925494194,0.5,0.75
882,2220,0.5,0.28880518674850464,0.2499999925494194,0.4999999850988388,0.7500000149011612
883,2219,0.5,0.2888052463531494,0.25,0.5,0.75
884,2224,0.5,0.2888049781322479,0.2500000111758709,0.5000000149011612,0.7499999850988388
885,2225,0.5,0.28880491852760315,0.25,0.5,0.75
886,2232,0.5,0.2888045012950897,0.25,0.5,0.75
887,2231,0.5,0.2888045608997345,0.2499999925494194,0.5,0.75
888,2235,0.5,0.2888043224811554,0.25,0.5,0.75
889,2241,0.5,0.28880399465560913,0.25,0.5,0.75
890,2242,0.5,0.28880393505096436,0.2500000074505806,0.5,0.7500000149011612
891,2246,0.5,0.28880369663238525,0.2500000037252903,0.5000000149011612,0.7499999850988388
892,2252,0.5,0.2888033390045166,0.2500000074505806,0.5000000149011612,0.7500000149011612
893,2260,0.5,0.2888028919696808,0.2499999925494194,0.4999999850988388,0.7499999850988388
894,2262,0.5,0.2888028025627136,0.25,0.5,0.75
895,2263,0.5,0.28880271315574646,0.25,0.5,0.75
896,2261,0.5,0.288802832365036,0.25,0.5,0.75
897,2266,0.5,0.28880253434181213,0.2500000037252903,0.5000000149011612,0.7500000149011612
898,2263,0.5,0.28880271315574646,0.25,0.5,0.75
899,2268,0.5,0.28880244493484497,0.2499999925494194,0.4999999850988388,0.75
900,2275,0.5,0.28880205750465393,0.25,0.5,0.75
901,2270,0.5,0.2888023257255554,0.25,0.5,0.7500000149011612
902,2270,0.5,0.2888023257255554,0.25,0.5,0.7500000149011612
903,2274,0.5,0.2888021171092987,0.2500000037252903,0.5000000149011612,0.7499999850988388
904,2272,0.5,0.28880223631858826,0.2500000037252903,0.5,0.75
905,2276,0.5,0.28880199790000916,0.2499999925494194,0.4999999850988388,0.7499999850988388
906,2279,0.5,0.28880181908607483,0.25,0.5,0.75
907,2273,0.5,0.2888021469116211,0.25,0.5,0.75
908,2272,0.5,0.28880223631858826,0.2500000037252903,0.5,0.75
909,2270,0.5,0.2888023257255554,0.25,0.5,0.7500000149011612
910,2273,0.5,0.2888021469116211,0.25,0.5,0.75
911,2272,0.5,0.28880220651626587,0.2500000037252903,0.5,0.75
912,2274,0.5,0.2888021171092987,0.2500000037252903,0.5000000149011612,0.7499999850988388
913,2276,0.5,0.28880199790000916,0.2499999925494194,0.4999999850988388,0.7499999850988388
914,2279,0.5,0.28880181908607483,0.25,0.5,0.75
915,2279,0.5,0.28880181908607483,0.25,0.5,0.75
916,2278,0.5,0.2888018786907196,0.25,0.5,0.75
917,2275,0.5,0.28880202770233154,0.25,0.5,0.75
918,2279,0.5,0.28880181908607483,0.25,0.5,0.75
919,2281,0.5,0.28880172967910767,0.25,0.5,0.75
920,2284,0.5,0.28880155086517334,0.2499999925494194,0.4999999850988388,0.7500000149011612
921,2290,0.5,0.2888012230396271,0.2500000037252903,0.5000000149011612,0.7499999850988388
922,2290,0.5,0.2888012230396271,0.2500000037252903,0.5000000149011612,0.7499999850988388
923,2293,0.5,0.28880107402801514,0.25,0.5,0.75
924,2290,0.5,0.2888012230396271,0.2500000037252903,0.5000000149011612,0.7499999850988388
925,2290,0.5,0.2888012230396271,0.2500000037252903,0.5000000149011612,0.7499999850988388
926,2293,0.5,0.28880107402801514,0.25,0.5,0.75
927,2298,0.5,0.28880080580711365,0.25,0.5,0.75
928,2298,0.5,0.28880080580711365,0.25,0.5,0.75
929,2297,0.5,0.28880083560943604,0.25,0.5,0.75
930,2300,0.5,0.2888006865978241,0.2500000037252903,0.5,0.7500000149011612
931,2305,0.5,0.2888003885746002,0.25,0.5,0.75
932,2302,0.5,0.28880056738853455,0.2500000037252903,0.5000000149011612,0.7500000149011612
933,2303,0.5,0.28880050778388977,0.25,0.5,0.75
934,2303,0.5,0.28880050778388977,0.25,0.5,0.75
935,2309,0.5,0.2888001799583435,0.25,0.5,0.75
936,2311,0.5,0.28880009055137634,0.25,0.5,0.75
937,2310,0.5,0.28880012035369873,0.25,0.5,0.7500000149011612
938,2313,0.5,0.2887999713420868,0.25,0.5,0.75
939,2312,0.5,0.28880003094673157,0.2500000037252903,0.5,0.75
940,2314,0.5,0.288799911737442,0.2500000037252903,0.5000000149011612,0.7499999850988388
941,2311,0.5,0.28880009055137634,0.25,0.5,0.75
942,2313,0.5,0.2887999713420868,0.25,0.5,0.75
943,2312,0.5,0.28880003094673157,0.2500000037252903,0.5,0.75
944,2316,0.5,0.28879982233047485,0.2500000074505806,0.5000000149011612,0.7499999850988388
945,2314,0.5,0.288799911737442,0.2500000037252903,0.5000000149011612,0.7499999850988388
946,2311,0.5,0.28880006074905396,0.25,0.5,0.75
947,2313,0.5,0.2887999713420868,0.25,0.5,0.75
948,2314,0.5,0.288799911737442,0.2500000037252903,0.5000000149011612,0.7499999850988388
949,2315,0.5,0.28879985213279724,0.2499999925494194,0.5,0.75
950,2315,0.5,0.28879985213279724,0.2499999925494194,0.5,0.75
951,2310,0.5,0.28880012035369873,0.25,0.5,0.7500000149011612
952,2308,0.5,0.2888002395629883,0.2499999962747097,0.5,0.75
953,2309,0.5,0.2888001799583435,0.25,0.5,0.75
954,2307,0.5,0.28880029916763306,0.2499999925494194,0.5,0.75
955,2314,0.5,0.288799911737442,0.2500000037252903,0.5000000149011612,0.7499999850988388
956,2310,0.5,0.28880012035369873,0.25,0.5,0.7500000149011612
957,2303,0.5,0.28880050778388977,0.25,0.5,0.75
958,2309,0.5,0.2888001799583435,0.25,0.5,0.75
959,2309,0.5,0.2888001799583435,0.25,0.5,0.75
960,2309,0.5,0.2888001799583435,0.25,0.5,0.75
961,2313,0.5,0.2887999713420868,0.25,0.5,0.75
962,2310,0.5,0.28880012035369873,0.25,0.5,0.7500000149011612
963,2309,0.5,0.2888001799583435,0.25,0.5,0.75
964,2311,0.5,0.28880009055137634,0.25,0.5,0.75
965,2314,0.5,0.288799911737442,0.2500000037252903,0.5000000149011612,0.7499999850988388
966,2316,0.5,0.28879982233047485,0.2500000074505806,0.5000000149011612,0.7499999850988388
967,2313,0.5,0.2887999713420868,0.25,0.5,0.75
968,2311,0.5,0.28880009055137634,0.25,0.5,0.75
969,2309,0.5,0.2888001799583435,0.25,0.5,0.75
970,2311,0.5,0.28880006074905396,0.25,0.5,0.75
971,2311,0.5,0.28880006074905396,0.25,0.5,0.75
972,2318,0.5,0.2887997031211853,0.2499999962747097,0.4999999850988388,0.7499999850988388
973,2320,0.5,0.28879958391189575,0.2499999925494194,0.4999999850988388,0.7499999850988388
974,2312,0.5,0.28880003094673157,0.2500000037252903,0.5,0.75
975,2309,0.5,0.2888001799583435,0.25,0.5,0.75
976,2312,0.5,0.28880003094673157,0.2500000037252903,0.5,0.75
977,2308,0.5,0.2888002097606659,0.2499999962747097,0.5,0.75
978,2307,0.5,0.28880029916763306,0.2499999925494194,0.5,0.75
979,2314,0.5,0.288799911737442,0.2500000037252903,0.5000000149011612,0.7499999850988388
980,2311,0.5,0.28880009055137634,0.25,0.5,0.75
981,2310,0.5,0.28880012035369873,0.25,0.5,0.7500000149011612
982,2310,0.5,0.28880012035369873,0.25,0.5,0.7500000149011612
983,2314,0.5,0.288799911737442,0.2500000037252903,0.5000000149011612,0.7499999850988388
984,2314,0.5,0.288799911737442,0.2500000037252903,0.5000000149011612,0.7499999850988388
985,2321,0.5,0.28879955410957336,0.25,0.5,0.75
986,2319,0.5,0.2887996435165405,0.25,0.5,0.75
987,2320,0.5,0.28879958391189575,0.2499999925494194,0.4999999850988388,0.7499999850988388
988,2317,0.5,0.2887997627258301,0.25,0.5,0.75
989,2313,0.5,0.2887999713420868,0.25,0.5,0.75
990,2314,0.5,0.288799911737442,0.2500000037252903,0.5000000149011612,0.7499999850988388
991,2321,0.5,0.28879955410957336,0.25,0.5,0.75
992,2327,0.5,0.2887992262840271,0.25,0.5,0.75
993,2329,0.5,0.28879910707473755,0.25,0.5,0.75
994,2331,0.5,0.288798987865448,0.2500000074505806,0.5,0.75
995,2334,0.5,0.28879886865615845,0.2500000037252903,0.5000000149011612,0.7500000149011612
996,2334,0.5,0.28879883885383606,0.2500000037252903,0.5000000149011612,0.7500000149011612
997,2334,0.5,0.28879883885383606,0.2500000037252903,0.5000000149011612,0.7500000149011612
998,2337,0.5,0.2887986898422241,0.25,0.5,0.75
999,2334,0.5,0.28879883885383606,0.2500000037252903,0.5000000149011612,0.7500000149011612
1000,2330,0.5,0.2887990474700928,0.2499999925494194,0.5,0.75
1001,2330,0.5,0.2887990474700928,0.2499999925494194,0.5,0.75
1002,2331,0.5,0.288798987865448,0.2500000074505806,0.5,0.75
1003,2328,0.5,0.2887991666793823,0.2500000037252903,0.5,0.7500000149011612
1004,2325,0.5,0.28879934549331665,0.25,0.5,0.75
1005,2327,0.5,0.2887992262840271,0.25,0.5,0.75
1006,2328,0.5,0.2887991666793823,0.2500000037252903,0.5,0.7500000149011612
1007,2327,0.5,0.2887992262840271,0.25,0.5,0.75
1008,2324,0.5,0.28879937529563904,0.2499999962747097,0.5,0.7499999850988388
1009,2315,0.5,0.28879985213279724,0.2499999925494194,0.5,0.75
1010,2318,0.5,0.2887997031211853,0.2499999962747097,0.4999999850988388,0.7499999850988388
1011,2319,0.5,0.2887996435165405,0.25,0.5,0.75
1012,2317,0.5,0.2887997329235077,0.25,0.5,0.75
1013,2320,0.5,0.28879958391189575,0.2499999925494194,0.4999999850988388,0.7499999850988388
1014,2324,0.5,0.28879937529563904,0.2499999962747097,0.5,0.7499999850988388
1015,2325,0.5,0.28879931569099426,0.25,0.5,0.75
1016,2324,0.5,0.28879937529563904,0.2499999962747097,0.5,0.7499999850988388
1017,2326,0.5,0.2887992560863495,0.25,0.5,0.75
1018,2323,0.5,0.2887994349002838,0.2499999925494194,0.5,0.75
1019,2321,0.5,0.28879955410957336,0.25,0.5,0.75
1020,2327,0.5,0.2887992262840271,0.25,0.5,0.75
1021,2328,0.5,0.2887991666793823,0.2500000037252903,0.5,0.7500000149011612
1022,2330,0.5,0.2887990474700928,0.2499999925494194,0.5,0.75
1023,2331,0.5,0.288798987865448,0.2500000074505806,0.5,0.75
1024,2319,0.5,0.2887996435165405,0.25,0.5,0.75
1025,2321,0.5,0.28879955410957336,0.25,0.5,0.75
1026,2322,0.5,0.2887994647026062,0.2500000074505806,0.5,0.75
1027,2321,0.5,0.28879955410957336,0.25,0.5,0.75
1028,2319,0.5,0.2887996435165405,0.25,0.5,0.75
1029,2322,0.5,0.2887994945049286,0.2500000074505806,0.5,0.75
1030,2320,0.5,0.28879958391189575,0.2499999925494194,0.4999999850988388,0.7499999850988388
1031,2319,0.5,0.2887996435165405,0.25,0.5,0.75
1032,2313,0.5,0.2887999713420868,0.25,0.5,0.75
1033,2317,0.5,0.2887997627258301,0.25,0.5,0.75
1034,2314,0.5,0.288799911737442,0.2500000037252903,0.5000000149011612,0.7499999850988388
1035,2315,0.5,0.28879985213279724,0.2499999925494194,0.5,0.75
1036,2317,0.5,0.2887997627258301,0.25,0.5,0.75
1037,2316,0.5,0.28879982233047485,0.2500000074505806,0.5000000149011612,0.7499999850988388
1038,2318,0.5,0.2887997031211853,0.2499999962747097,0.4999999850988388,0.7499999850988388
1039,2316,0.5,0.28879982233047485,0.2500000074505806,0.5000000149011612,0.7499999850988388
1040,2315,0.5,0.28879985213279724,0.2499999925494194,0.5,0.75
1041,2316,0.5,0.28879979252815247,0.2500000074505806,0.5000000149011612,0.7499999850988388
1042,2320,0.5,0.28879958391189575,0.2499999925494194,0.4999999850988388,0.7499999850988388
1043,2324,0.5,0.28879937529563904,0.2499999962747097,0.5,0.7499999850988388
1044,2322,0.5,0.2887994945049286,0.2500000074505806,0.5,0.75
1045,2326,0.5,0.2887992560863495,0.25,0.5,0.75
1046,2328,0.5,0.2887991666793823,0.2500000037252903,0.5,0.7500000149011612
1047,2326,0.5,0.2887992560863495,0.25,0.5,0.75
1048,2334,0.5,0.28879883885383606,0.2500000037252903,0.5000000149011612,0.7500000149011612
1049,2333,0.5,0.28879889845848083,0.25,0.5,0.75
1050,2337,0.5,0.2887986898422241,0.25,0.5,0.75
1051,2333,0.5,0.28879889845848083,0.25,0.5,0.75
1052,2337,0.5,0.2887986898422241,0.25,0.5,0.75
1053,2337,0.5,0.2887986898422241,0.25,0.5,0.75
1054,2328,0.5,0.2887991666793823,0.2500000037252903,0.5,0.7500000149011612
1055,2333,0.5,0.28879889845848083,0.25,0.5,0.75
1056,2335,0.5,0.2887987792491913,0.25,0.5,0.75
1057,2333,0.5,0.28879889845848083,0.25,0.5,0.75
1058,2330,0.5,0.2887990474700928,0.2501073405146599,0.5,0.75
1059,2324,0.5,0.28879937529563904,0.2499999962747097,0.5,0.7499999850988388
1060,2330,0.5,0.2887990474700928,0.2499999925494194,0.5,0.75
1061,2332,0.5,0.2887989580631256,0.2500000074505806,0.5000000149011612,0.7500000149011612
1062,2334,0.5,0.28879883885383606,0.2500000037252903,0.5000000149011612,0.7500000149011612
1063,2332,0.5,0.2887989580631256,0.2500000074505806,0.5000000149011612,0.7500000149011612
1064,2325,0.5,0.28879934549331665,0.25,0.5,0.75
1065,2326,0.5,0.2887992560863495,0.25,0.5,0.75
1066,2329,0.5,0.28879910707473755,0.25,0.5,0.75
1067,2328,0.5,0.2887991666793823,0.2500000037252903,0.5,0.7500000149011612
1068,2331,0.5,0.288798987865448,0.2500000074505806,0.5,0.75
1069,2327,0.5,0.2887992262840271,0.25,0.5,0.75
1070,2332,0.5,0.2887989580631256,0.2500000074505806,0.5000000149011612,0.7500000149011612
1071,2332,0.5,0.2887989580631256,0.2500000074505806,0.5000000149011612,0.7500000149011612
1072,2334,0.5,0.28879883885383606,0.2500000037252903,0.5000000149011612,0.7500000149011612
1073,2326,0.5,0.2887992560863495,0.25,0.5,0.75
1074,2316,0.5,0.28879982233047485,0.2500000074505806,0.5000000149011612,0.7499999850988388
1075,2321,0.5,0.28879955410957336,0.25,0.5,0.75
1076,2313,0.5,0.2887999713420868,0.25,0.5,0.75
1077,2316,0.5,0.28879982233047485,0.2500000074505806,0.5000000149011612,0.7499999850988388
1078,2319,0.5,0.2887996435165405,0.25,0.5,0.75
1079,2311,0.5,0.28880009055137634,0.25,0.5,0.75
1080,2313,0.5,0.2887999713420868,0.25,0.5,0.75
1081,2312,0.5,0.28880003094673157,0.2500000037252903,0.5,0.75
1082,2313,0.5,0.2887999713420868,0.25,0.5,0.75
1083,2313,0.5,0.2887999713420868,0.25,0.5,0.75
1084,2317,0.5,0.2887997329235077,0.25,0.5,0.75
1085,2323,0.5,0.2887994349002838,0.2499999925494194,0.5,0.75
1086,2327,0.5,0.2887992262840271,0.25,0.5,0.75
1087,2327,0.5,0.2887992262840271,0.25,0.5,0.75
1088,2330,0.5,0.2887990474700928,0.2499999925494194,0.5,0.75
1089,2323,0.5,0.2887994349002838,0.2499999925494194,0.5,0.75
1090,2323,0.5,0.2887994349002838,0.2499999925494194,0.5,0.75
1091,2318,0.5,0.2887997031211853,0.2499999962747097,0.4999999850988388,0.7499999850988388
1092,2317,0.5,0.2887997329235077,0.25,0.5,0.75
1093,2319,0.5,0.2887996435165405,0.25,0.5,0.75
1094,2323,0.5,0.2887994349002838,0.2499999925494194,0.5,0.75
1095,2322,0.5,0.2887994647026062,0.2500000074505806,0.5,0.75
1096,2315,0.5,0.28879985213279724,0.2499999925494194,0.5,0.75
1097,2314,0.5,0.288799911737442,0.2500000037252903,0.5000000149011612,0.7499999850988388
1098,2315,0.5,0.28879985213279724,0.2499999925494194,0.5,0.75
1099,2313,0.5,0.2887999713420868,0.25,0.5,0.75
1100,2319,0.5,0.2887996435165405,0.25,0.5,0.75
1101,2310,0.5,0.28880012035369873,0.25005413591861725,0.5,0.7500000149011612
1102,2312,0.5,0.28880003094673157,0.2500000037252903,0.5,0.75
1103,2312,0.5,0.28880003094673157,0.2500000037252903,0.5,0.75
1104,2315,0.5,0.28879985213279724,0.2499999925494194,0.5,0.75
1105,2313,0.5,0.2887999713420868,0.25,0.5,0.75
1106,2312,0.5,0.28880003094673157,0.2500000037252903,0.5,0.75
1107,2312,0.5,0.28880003094673157,0.2500000037252903,0.5,0.75
1108,2314,0.5,0.288799911737442,0.2500000037252903,0.5000000149011612,0.7499999850988388
1109,2313,0.5,0.2887999713420868,0.25,0.5,0.75
1110,2318,0.4999999403953552,0.2887997031211853,0.2499999962747097,0.4999999850988388,0.7499999850988388
1111,2312,0.5,0.28880003094673157,0.2500000037252903,0.5,0.75
1112,2311,0.5,0.28880009055137634,0.25,0.5,0.75
1113,2305,0.5,0.2888004183769226,0.25,0.5,0.75
1114,2304,0.5,0.288800448179245,0.2499999888241291,0.4999999850988388,0.7500000149011612
1115,2308,0.5,0.2888002097606659,0.2499999962747097,0.5,0.75
1116,2305,0.5,0.2888004183769226,0.25,0.5,0.75
1117,2304,0.5,0.288800448179245,0.2499999888241291,0.4999999850988388,0.7500000149011612
1118,2308,0.5,0.2888002395629883,0.2499999962747097,0.5,0.75
1119,2304,0.5,0.288800448179245,0.2499999888241291,0.4999999850988388,0.7500000149011612
1120,2305,0.5,0.2888003885746002,0.2497829794883728,0.5,0.75
1121,2302,0.5,0.28880056738853455,0.2500000037252903,0.5000000149011612,0.7500000149011612
1122,2310,0.5,0.28880012035369873,0.25,0.5,0.7500000149011612
1123,2311,0.5,0.28880006074905396,0.25,0.5,0.75
1124,2309,0.5,0.2888001799583435,0.25,0.5,0.75
1125,2311,0.5,0.28880009055137634,0.25,0.5,0.75
1126,2313,0.5,0.2887999713420868,0.25,0.5,0.75
1127,2310,0.5,0.28880012035369873,0.25,0.5,0.7500000149011612
1128,2309,0.5,0.2888001799583435,0.25,0.5,0.75
1129,2311,0.5,0.28880009055137634,0.25,0.5,0.75
1130,2315,0.5,0.28879985213279724,0.2499999925494194,0.5,0.75
1131,2310,0.5,0.28880012035369873,0.25,0.5,0.7500000149011612
1132,2316,0.5,0.28879982233047485,0.2500000074505806,0.5000000149011612,0.7499999850988388
1133,2317,0.5,0.2887997627258301,0.25,0.5,0.75
1134,2320,0.5,0.28879958391189575,0.2499999925494194,0.4999999850988388,0.7499999850988388
1135,2319,0.5,0.2887996435165405,0.25,0.5,0.75
1136,2314,0.5,0.288799911737442,0.2500000037252903,0.5000000149011612,0.7499999850988388
1137,2314,0.5,0.288799911737442,0.2500000037252903,0.5000000149011612,0.7499999850988388
1138,2314,0.5,0.288799911737442,0.2500000037252903,0.5000000149011612,0.7499999850988388
1139,2311,0.5,0.28880009055137634,0.25,0.5,0.75
1140,2309,0.5,0.2888001799583435,0.25,0.5,0.75
1141,2309,0.5,0.2888001799583435,0.25,0.5,0.75
1142,2309,0.5,0.2888001799583435,0.25,0.5,0.75
1143,2308,0.5,0.2888002395629883,0.2499999962747097,0.5,0.75
1144,2305,0.5,0.2888004183769226,0.25,0.5,0.75
1145,2309,0.5,0.2888001799583435,0.25,0.5,0.75
1146,2305,0.5,0.2888003885746002,0.25,0.5,0.75
1147,2305,0.5,0.2888003885746002,0.25,0.5,0.75
1148,2311,0.5,0.28880006074905396,0.25,0.5,0.75
1149,2313,0.5,0.2887999713420868,0.25,0.5,0.75
1150,2315,0.5,0.28879985213279724,0.2499999925494194,0.5,0.75
1151,2311,0.5,0.28880006074905396,0.25,0.5,0.75
1152,2314,0.5,0.288799911737442,0.2500000037252903,0.5000000149011612,0.7499999850988388
1153,2315,0.5,0.28879985213279724,0.2499999925494194,0.5,0.75
1154,2310,0.5,0.28880012035369873,0.25,0.5,0.7500000149011612
1155,2308,0.5,0.2888002097606659,0.2499999962747097,0.5,0.75
1156,2305,0.5,0.2888004183769226,0.25,0.5,0.75
1157,2307,0.5,0.28880029916763306,0.2499999925494194,0.5,0.75
1158,2311,0.5,0.28880009055137634,0.25,0.5,0.75
1159,2308,0.5,0.2888002395629883,0.2499999962747097,0.5,0.75
1160,2308,0.5,0.2888002097606659,0.2499999962747097,0.5,0.75
1161,2312,0.5,0.28880003094673157,0.2500000037252903,0.5,0.75
1162,2316,0.5,0.28879979252815247,0.2500000074505806,0.5000000149011612,0.7499999850988388
1163,2304,0.5,0.288800448179245,0.2499999888241291,0.4999999850988388,0.7500000149011612
1164,2309,0.5,0.2888001799583435,0.25,0.5,0.75
1165,2311,0.5,0.28880009055137634,0.25,0.5,0.75
1166,2314,0.5,0.288799911737442,0.2500000037252903,0.5000000149011612,0.7499999850988388
1167,2306,0.5,0.28880032896995544,0.2499999962747097,0.4999999850988388,0.7500000149011612
1168,2306,0.5,0.28880032896995544,0.2499999962747097,0.4999999850988388,0.7500000149011612
1169,2300,0.5,0.2888006865978241,0.2500000037252903,0.5,0.7500000149011612
1170,2306,0.5,0.28880032896995544,0.2499999962747097,0.4999999850988388,0.7500000149011612
1171,2307,0.5,0.28880029916763306,0.2499999925494194,0.5,0.75
1172,2306,0.5,0.28880032896995544,0.2499999962747097,0.4999999850988388,0.7500000149011612
1173,2311,0.5,0.28880009055137634,0.25,0.5,0.75
1174,2305,0.5,0.2888004183769226,0.25,0.5,0.75
1175,2312,0.5,0.28880003094673157,0.2500000037252903,0.5,0.75
1176,2310,0.5,0.28880012035369873,0.25,0.5,0.7500000149011612
1177,2307,0.5,0.28880029916763306,0.2499999925494194,0.5,0.75
1178,2306,0.5,0.28880032896995544,0.2499999962747097,0.4999999850988388,0.7500000149011612
1179,2298,0.5,0.28880080580711365,0.25,0.5,0.75
1180,2300,0.5,0.2888006865978241,0.2500000037252903,0.5,0.7500000149011612
1181,2299,0.5,0.2888007164001465,0.25,0.5,0.75
1182,2297,0.5,0.28880083560943604,0.25,0.5,0.75
1183,2294,0.5,0.288800984621048,0.2499999962747097,0.4999999850988388,0.7499999850988388
1184,2293,0.5,0.28880107402801514,0.25,0.5,0.75
1185,2295,0.5,0.2888009548187256,0.2500000074505806,0.5,0.75
1186,2294,0.5,0.288800984621048,0.2499999962747097,0.4999999850988388,0.7499999850988388
1187,2291,0.5,0.2888011634349823,0.2499999925494194,0.5,0.75
1188,2291,0.5,0.2888011634349823,0.2499999925494194,0.5,0.75
1189,2292,0.5,0.2888011038303375,0.2500000111758709,0.5000000149011612,0.7499999850988388
1190,2297,0.5,0.28880083560943604,0.25,0.5,0.75
1191,2298,0.5,0.28880080580711365,0.25,0.5,0.75
1192,2298,0.5,0.28880080580711365,0.25,0.5,0.75
1193,2299,0.5,0.2888007164001465,0.25,0.5,0.75
1194,2294,0.5,0.288800984621048,0.2499999962747097,0.4999999850988388,0.7499999850988388
1195,2298,0.5,0.28880080580711365,0.25,0.5,0.75
1196,2302,0.5,0.28880056738853455,0.2500000037252903,0.5000000149011612,0.7500000149011612
1197,2297,0.5,0.28880083560943604,0.25,0.5,0.75
1198,2299,0.5,0.2888007164001465,0.25,0.5,0.75
1199,2298,0.5,0.28880077600479126,0.25,0.5,0.75
1200,2297,0.5,0.28880083560943604,0.25,0.5,0.75
1201,2294,0.5,0.288800984621048,0.2499999962747097,0.4999999850988388,0.7499999850988388
1202,2298,0.5,0.28880080580711365,0.25,0.5,0.75
1203,2302,0.5,0.28880056738853455,0.2500000037252903,0.5000000149011612,0.7500000149011612
1204,2299,0.5,0.2888007164001465,0.25,0.5,0.75
1205,2305,0.5,0.2888003885746002,0.25,0.5,0.75
1206,2305,0.5,0.2888004183769226,0.25,0.5,0.75
1207,2306,0.5,0.28880032896995544,0.2499999962747097,0.4999999850988388,0.7500000149011612
1208,2306,0.5,0.28880032896995544,0.2499999962747097,0.4999999850988388,0.7500000149011612
1209,2309,0.5,0.2888001799583435,0.25,0.5,0.75
1210,2306,0.5,0.28880032896995544,0.2499999962747097,0.4999999850988388,0.7500000149011612
1211,2308,0.5,0.2888002097606659,0.2499999962747097,0.5,0.75
1212,2300,0.5,0.2888006865978241,0.2500000037252903,0.5,0.7500000149011612
1213,2300,0.5,0.2888006865978241,0.2500000037252903,0.5,0.7500000149011612
1214,2305,0.5,0.2888004183769226,0.25,0.5,0.75
1215,2301,0.5,0.28880059719085693,0.25,0.5,0.75
1216,2303,0.5,0.28880050778388977,0.25,0.5,0.75
1217,2300,0.5,0.2888006865978241,0.2500000037252903,0.5,0.7500000149011612
1218,2299,0.5,0.2888007164001465,0.25,0.5,0.75
1219,2297,0.5,0.28880083560943604,0.25,0.5,0.75
1220,2298,0.5,0.28880080580711365,0.25,0.5,0.75
1221,2293,0.5,0.28880107402801514,0.25,0.5,0.75
1222,2295,0.5,0.2888009548187256,0.2500000074505806,0.5,0.75
1223,2297,0.5,0.28880083560943604,0.25,0.5,0.75
1224,2302,0.5,0.28880056738853455,0.2500000037252903,0.5000000149011612,0.7500000149011612
1225,2305,0.5,0.2888003885746002,0.25,0.5,0.75
1226,2307,0.5,0.28880029916763306,0.2499999925494194,0.5,0.75
1227,2309,0.5,0.2888001799583435,0.25,0.5,0.75
1228,2309,0.5,0.2888001799583435,0.25,0.5,0.75
1229,2310,0.5,0.28880012035369873,0.25,0.5,0.7500000149011612
1230,2308,0.5,0.2888002097606659,0.2499999962747097,0.5,0.75
1231,2311,0.5,0.28880006074905396,0.25,0.5,0.75
1232,2309,0.5,0.2888001799583435,0.25,0.5,0.75
1233,2299,0.5,0.2888007164001465,0.25,0.5,0.75
1234,2299,0.5,0.2888007164001465,0.25,0.5,0.75
1235,2302,0.5,0.28880056738853455,0.2500000037252903,0.5000000149011612,0.7500000149011612
1236,2295,0.5,0.2888009548187256,0.2500000074505806,0.5,0.75
1237,2290,0.5,0.2888012230396271,0.2500000037252903,0.5000000149011612,0.7499999850988388
1238,2283,0.5,0.2888016104698181,0.25,0.5,0.75
1239,2282,0.5,0.2888016700744629,0.2500000037252903,0.5000000149011612,0.7500000149011612
1240,2284,0.5,0.28880155086517334,0.2499999925494194,0.4999999850988388,0.7500000149011612
1241,2279,0.5,0.28880181908607483,0.25,0.5,0.75
1242,2284,0.5,0.28880155086517334,0.2499999925494194,0.4999999850988388,0.7500000149011612
1243,2283,0.5,0.2888016104698181,0.25,0.5,0.75
1244,2283,0.5,0.2888016104698181,0.25,0.5,0.75
1245,2282,0.5,0.2888016700744629,0.2500000037252903,0.5000000149011612,0.7500000149011612
1246,2289,0.5,0.28880128264427185,0.25,0.5002185106277466,0.75
1247,2293,0.5,0.28880104422569275,0.25,0.5,0.75
1248,2290,0.5,0.2888012230396271,0.2500000037252903,0.5000000149011612,0.7499999850988388
1249,2296,0.5,0.2888008952140808,0.2499999962747097,0.5,0.7499999850988388
1250,2299,0.5,0.2888007164001465,0.25,0.5,0.75
1251,2292,0.5,0.2888011038303375,0.2500000111758709,0.5000000149011612,0.7499999850988388
1252,2293,0.5,0.28880104422569275,0.25,0.5,0.75
1253,2295,0.5,0.2888009548187256,0.2500000074505806,0.5,0.75
1254,2292,0.5,0.2888011038303375,0.2500000111758709,0.5000000149011612,0.7499999850988388
1255,2289,0.5,0.28880128264427185,0.25,0.5,0.75
1256,2284,0.5,0.28880155086517334,0.2499999925494194,0.4999999850988388,0.7500000149011612
1257,2284,0.5,0.28880155086517334,0.2499999925494194,0.4999999850988388,0.7500000149011612
1258,2282,0.5,0.2888016700744629,0.2500000037252903,0.5000000149011612,0.7500000149011612
1259,2286,0.5,0.2888014614582062,0.25,0.5,0.7500000149011612
1260,2284,0.5,0.28880155086517334,0.2499999925494194,0.4999999850988388,0.7500000149011612
1261,2288,0.5,0.2888013422489166,0.25,0.5,0.75
1262,2286,0.5,0.2888014018535614,0.25,0.5,0.7500000149011612
1263,2271,0.5,0.28880229592323303,0.25,0.5,0.75
1264,2274,0.5,0.2888021171092987,0.2500000037252903,0.5000000149011612,0.7499999850988388
1265,2272,0.5,0.28880220651626587,0.2500000037252903,0.5,0.75
1266,2269,0.5,0.2888023853302002,0.25,0.5,0.75
1267,2273,0.5,0.2888021469116211,0.25,0.5,0.75
1268,2259,0.5,0.28880295157432556,0.25,0.5,0.75
1269,2258,0.5,0.28880301117897034,0.2500000037252903,0.5000000149011612,0.7499999850988388
1270,2258,0.5,0.28880301117897034,0.2500000037252903,0.5000000149011612,0.7499999850988388
1271,2262,0.5,0.2888028025627136,0.25,0.5,0.75
1272,2266,0.5,0.28880253434181213,0.2500000037252903,0.5000000149011612,0.7500000149011612
1273,2260,0.5,0.2888028919696808,0.2499999925494194,0.4999999850988388,0.7499999850988388
1274,2260,0.5,0.2888028919696808,0.2499999925494194,0.4999999850988388,0.7499999850988388
1275,2257,0.5,0.2888030707836151,0.25,0.5,0.75
1276,2249,0.5,0.2888035178184509,0.25,0.5,0.75
1277,2244,0.5,0.2888038158416748,0.2500000037252903,0.5,0.75
1278,2241,0.5,0.28880396485328674,0.25,0.5,0.75
1279,2239,0.5,0.2888040840625763,0.2500000074505806,0.5,0.75
1280,2241,0.5,0.28880399465560913,0.25,0.5,0.75
1281,2242,0.5,0.28880390524864197,0.2500000074505806,0.5,0.7500000149011612
1282,2237,0.5,0.28880420327186584,0.25,0.5,0.75
1283,2250,0.5,0.28880345821380615,0.25,0.5,0.75
1284,2255,0.5,0.28880318999290466,0.2499999925494194,0.5,0.75
1285,2261,0.5,0.288802832365036,0.25,0.5,0.75
1286,2260,0.5,0.2888028919696808,0.2499999925494194,0.4999999850988388,0.7499999850988388
1287,2255,0.5,0.28880318999290466,0.2499999925494194,0.5,0.75
1288,2270,0.5,0.2888023257255554,0.25,0.5,0.7500000149011612
1289,2278,0.5,0.2888018786907196,0.25,0.5,0.75
1290,2268,0.5,0.28880244493484497,0.2499999925494194,0.4999999850988388,0.75
1291,2270,0.5,0.2888023257255554,0.25,0.5,0.7500000149011612
1292,2275,0.5,0.28880205750465393,0.25,0.5,0.75
1293,2269,0.5,0.2888023853302002,0.25,0.5,0.75
1294,2268,0.5,0.28880244493484497,0.2499999925494194,0.4999999850988388,0.75
1295,2268,0.5,0.28880244493484497,0.2499999925494194,0.4999999850988388,0.75
1296,2272,0.5,0.28880220651626587,0.2500000037252903,0.5,0.75
1297,2276,0.5,0.28880199790000916,0.2499999925494194,0.4999999850988388,0.7499999850988388
1298,2278,0.5,0.2888018786907196,0.25,0.5,0.75
1299,2277,0.5,0.2888019382953644,0.25,0.5,0.75
1300,2276,0.5,0.28880199790000916,0.2499999925494194,0.4999999850988388,0.7499999850988388
1301,2283,0.5,0.2888016104698181,0.25,0.5,0.75
1302,2280,0.5,0.28880178928375244,0.2500000037252903,0.5,0.7500000149011612
1303,2285,0.5,0.28880149126052856,0.25,0.5,0.75
1304,2283,0.5,0.2888015806674957,0.25,0.5,0.75
1305,2277,0.5,0.2888019382953644,0.25,0.5,0.75
1306,2280,0.5000000596046448,0.28880178928375244,0.2500000037252903,0.5,0.7500000149011612
1307,2278,0.5,0.2888018786907196,0.25,0.5,0.75
1308,2276,0.5,0.28880199790000916,0.2499999925494194,0.4999999850988388,0.7499999850988388
1309,2275,0.5,0.28880202770233154,0.25,0.5,0.75
1310,2274,0.5,0.2888021171092987,0.2500000037252903,0.5000000149011612,0.7499999850988388
1311,2279,0.5,0.28880181908607483,0.25,0.5,0.75
1312,2270,0.5,0.2888023257255554,0.25,0.5,0.7500000149011612
1313,2270,0.5,0.2888023257255554,0.25,0.5,0.7500000149011612
1314,2268,0.5,0.28880244493484497,0.2499999925494194,0.4999999850988388,0.75
1315,2274,0.5,0.2888021171092987,0.2500000037252903,0.5000000149011612,0.7499999850988388
1316,2272,0.5,0.28880223631858826,0.2500000037252903,0.5,0.75
1317,2267,0.5,0.28880250453948975,0.25,0.5,0.75
1318,2263,0.5,0.28880271315574646,0.25,0.5,0.75
1319,2265,0.5,0.2888026237487793,0.25,0.5,0.75
1320,2276,0.5,0.28880199790000916,0.2499999925494194,0.4999999850988388,0.7499999850988388
1321,2273,0.5,0.2888021469116211,0.25,0.5,0.75
1322,2272,0.5,0.28880223631858826,0.2500000037252903,0.5,0.75
1323,2278,0.5,0.2888018786907196,0.25,0.5,0.75
1324,2272,0.5,0.28880220651626587,0.2500000037252903,0.5,0.75
1325,2276,0.5,0.28880199790000916,0.2499999925494194,0.4999999850988388,0.7499999850988388
1326,2266,0.5,0.28880253434181213,0.2500000037252903,0.5000000149011612,0.7500000149011612
1327,2265,0.5,0.2888026237487793,0.25,0.5,0.75
1328,2268,0.5000000596046448,0.28880244493484497,0.2499999925494194,0.4999999850988388,0.75
1329,2262,0.5,0.2888028025627136,0.25,0.5,0.75
1330,2268,0.5,0.28880244493484497,0.2499999925494194,0.4999999850988388,0.75
1331,2274,0.5,0.2888020873069763,0.2500000037252903,0.5000000149011612,0.7499999850988388
1332,2265,0.5,0.2888026237487793,0.25,0.5,0.75
1333,2260,0.5,0.2888028919696808,0.2499999925494194,0.4999999850988388,0.7499999850988388
1334,2262,0.5,0.28880277276039124,0.25,0.5,0.75
1335,2261,0.5,0.288802832365036,0.25,0.5,0.75
1336,2261,0.5,0.288802832365036,0.25,0.5,0.75
1337,2260,0.5,0.2888028919696808,0.2499999925494194,0.4999999850988388,0.7499999850988388
1338,2255,0.5,0.28880318999290466,0.2499999925494194,0.5,0.75
1339,2253,0.5,0.2888032793998718,0.25,0.5,0.75
1340,2257,0.5,0.2888030707836151,0.25,0.5,0.75
1341,2258,0.5,0.28880301117897034,0.2500000037252903,0.5000000149011612,0.7499999850988388
1342,2253,0.5,0.2888032793998718,0.25,0.5,0.75
1343,2256,0.5,0.2888031005859375,0.25,0.5,0.75
1344,2249,0.5,0.2888035178184509,0.25,0.5,0.75
1345,2249,0.5,0.2888035178184509,0.25,0.5,0.75
1346,2258,0.5,0.28880301117897034,0.2500000037252903,0.5000000149011612,0.7499999850988388
1347,2259,0.5,0.28880295157432556,0.25,0.5002214312553406,0.75
1348,2263,0.5,0.28880271315574646,0.25,0.5,0.75
1349,2262,0.5,0.2888028025627136,0.25,0.5001105666160583,0.75
1350,2264,0.5,0.2888026535511017,0.2500000037252903,0.5,0.7500000149011612
1351,2264,0.5,0.2888026535511017,0.2500000037252903,0.5,0.7500000149011612
1352,2270,0.5,0.2888023257255554,0.25,0.5,0.7500000149011612
1353,2268,0.5,0.28880244493484497,0.2499999925494194,0.4999999850988388,0.75
1354,2267,0.5,0.28880250453948975,0.25,0.5,0.75
1355,2269,0.5,0.2888023853302002,0.25,0.5,0.75
1356,2265,0.5,0.2888026237487793,0.25,0.5,0.75
1357,2267,0.5,0.28880250453948975,0.25,0.5,0.75
1358,2269,0.5,0.2888023853302002,0.25,0.5,0.75
1359,2267,0.5,0.28880250453948975,0.25,0.5,0.75
1360,2262,0.5,0.28880277276039124,0.25,0.5,0.75
1361,2259,0.5,0.28880295157432556,0.25,0.5,0.75
1362,2259,0.5,0.28880295157432556,0.25,0.5,0.75
1363,2262,0.5,0.28880274295806885,0.25,0.5,0.75
1364,2252,0.5,0.2888033390045166,0.2500000074505806,0.5000000149011612,0.7500000149011612
1365,2260,0.5,0.2888028919696808,0.2499999925494194,0.4999999850988388,0.7499999850988388
1366,2261,0.5,0.288802832365036,0.25,0.5,0.75
1367,2268,0.5,0.28880244493484497,0.2499999925494194,0.4999999850988388,0.75
1368,2267,0.5,0.28880247473716736,0.25,0.5,0.75
1369,2260,0.5,0.2888028919696808,0.2499999925494194,0.4999999850988388,0.7499999850988388
1370,2256,0.5,0.2888031005859375,0.25,0.5,0.75
1371,2257,0.5,0.2888030707836151,0.25,0.5,0.75
1372,2250,0.5,0.28880348801612854,0.25,0.5,0.75
1373,2254,0.5,0.28880321979522705,0.2499999962747097,0.4999999850988388,0.7500000149011612
1374,2250,0.5,0.28880345821380615,0.25,0.5,0.75
1375,2255,0.5,0.28880318999290466,0.2499999925494194,0.5,0.75
1376,2258,0.5,0.28880301117897034,0.2500000037252903,0.5000000149011612,0.7499999850988388
1377,2253,0.5,0.2888032793998718,0.25,0.5,0.75
1378,2266,0.5,0.28880253434181213,0.2500000037252903,0.5000000149011612,0.7500000149011612
1379,2255,0.5,0.28880318999290466,0.2499999925494194,0.5,0.75
1380,2257,0.5,0.2888030707836151,0.25,0.5,0.75
1381,2249,0.5,0.2888035178184509,0.25,0.5,0.75
1382,2257,0.5,0.2888030409812927,0.25,0.5,0.75
1383,2251,0.5,0.2888033986091614,0.2500000074505806,0.5,0.75
1384,2250,0.5,0.28880345821380615,0.25,0.5,0.75
1385,2255,0.5,0.28880318999290466,0.2499999925494194,0.5,0.75
1386,2253,0.5,0.2888032793998718,0.25,0.5,0.75
1387,2252,0.5,0.2888033092021942,0.2500000074505806,0.5000000149011612,0.7500000149011612
1388,2242,0.5,0.28880393505096436,0.2500000074505806,0.5,0.7500000149011612
1389,2244,0.5,0.2888037860393524,0.2500000037252903,0.5,0.75
1390,2246,0.5,0.28880369663238525,0.2500000037252903,0.5000000149011612,0.7499999850988388
1391,2251,0.5,0.2888033986091614,0.2500000074505806,0.5,0.75
1392,2259,0.5,0.2888029217720032,0.25,0.5,0.75
1393,2253,0.5,0.2888032793998718,0.25,0.5,0.75
1394,2268,0.5,0.2888024151325226,0.2499999925494194,0.4999999850988388,0.75
1395,2260,0.5,0.2888028919696808,0.2499999925494194,0.4999999850988388,0.7499999850988388
1396,2261,0.5,0.288802832365036,0.25,0.5,0.75
1397,2257,0.5,0.2888030707836151,0.25,0.5,0.75
1398,2241,0.5,0.28880396485328674,0.25,0.5,0.75
1399,2244,0.5,0.2888038158416748,0.2500000037252903,0.5,0.75
1400,2246,0.5,0.28880369663238525,0.2500000037252903,0.5000000149011612,0.7499999850988388
1401,2249,0.5,0.2888035178184509,0.25,0.5,0.75
1402,2253,0.5,0.2888032793998718,0.25,0.5,0.75
1403,2259,0.5,0.28880295157432556,0.25,0.5,0.75
1404,2257,0.5,0.2888030707836151,0.25,0.5,0.75
1405,2262,0.5,0.28880277276039124,0.25,0.5,0.75
1406,2252,0.5,0.2888033390045166,0.2500000074505806,0.5000000149011612,0.7500000149011612
1407,2253,0.5,0.2888032793998718,0.25,0.5,0.75
1408,2251,0.5,0.2888033986091614,0.2500000074505806,0.5,0.75
1409,2256,0.5,0.2888031303882599,0.25,0.5,0.75
1410,2247,0.5,0.2888036370277405,0.25,0.5,0.75
1411,2252,0.5,0.2888033390045166,0.2500000074505806,0.5000000149011612,0.7500000149011612
1412,2256,0.5,0.2888031005859375,0.25,0.5,0.75
1413,2262,0.5,0.28880277276039124,0.25,0.5,0.75
1414,2265,0.5,0.2888026237487793,0.25,0.5,0.75
1415,2271,0.5,0.28880226612091064,0.25,0.5,0.75
1416,2272,0.5,0.28880220651626587,0.2500000037252903,0.5,0.75
1417,2276,0.5,0.28880196809768677,0.2499999925494194,0.4999999850988388,0.7499999850988388
1418,2268,0.5,0.28880244493484497,0.2499999925494194,0.4999999850988388,0.75
1419,2271,0.5,0.28880229592323303,0.25,0.5,0.75
1420,2272,0.5,0.28880220651626587,0.2500000037252903,0.5,0.75
1421,2270,0.5,0.2888023257255554,0.25,0.5,0.7500000149011612
1422,2272,0.5,0.2888021767139435,0.2500000037252903,0.49988992512226105,0.75
1423,2258,0.5,0.28880301117897034,0.2500000037252903,0.5000000149011612,0.7499999850988388
1424,2263,0.5,0.28880271315574646,0.25,0.5,0.75
1425,2258,0.5,0.2888029217720032,0.2500000037252903,0.5000000149011612,0.7499999850988388
1426,2241,0.5,0.28880399465560913,0.25,0.5,0.75
1427,2244,0.5,0.2888037860393524,0.2500000037252903,0.5,0.75
1428,2241,0.5,0.28880396485328674,0.25,0.5,0.75
1429,2242,0.5,0.28880393505096436,0.2500000074505806,0.5,0.7500000149011612
1430,2245,0.5,0.28880375623703003,0.25,0.5,0.75
1431,2237,0.5,0.28880420327186584,0.25,0.5,0.75
1432,2241,0.5,0.28880393505096436,0.25,0.5,0.75
1433,2228,0.5,0.2888047397136688,0.2500000037252903,0.5,0.7500000149011612
1434,2240,0.5,0.2888040244579315,0.2500000074505806,0.5000000149011612,0.7500000149011612
1435,2245,0.5,0.28880375623703003,0.25,0.5,0.75
1436,2242,0.5,0.28880393505096436,0.2500000074505806,0.5,0.7500000149011612
1437,2247,0.5,0.2888035774230957,0.25,0.5,0.75
1438,2236,0.5,0.2888042628765106,0.2499999925494194,0.4999999850988388,0.7499999850988388
1439,2239,0.5,0.2888040840625763,0.2500000074505806,0.5,0.75
1440,2246,0.5,0.28880369663238525,0.2500000037252903,0.5000000149011612,0.7499999850988388
1441,2247,0.5,0.2888036370277405,0.25,0.5,0.75
1442,2253,0.5,0.2888032793998718,0.25,0.5,0.75
1443,2260,0.5,0.2888028919696808,0.2499999925494194,0.4999999850988388,0.7499999850988388
1444,2267,0.5,0.28880250453948975,0.25,0.5,0.75
1445,2267,0.5,0.28880247473716736,0.25,0.5,0.75
1446,2258,0.5,0.28880301117897034,0.2500000037252903,0.5000000149011612,0.7499999850988388
1447,2253,0.5,0.2888032793998718,0.25,0.5,0.75
1448,2253,0.5,0.2888032793998718,0.25,0.5,0.75
1449,2256,0.5,0.2888031005859375,0.25,0.5,0.75
1450,2251,0.5,0.2888033986091614,0.2500000074505806,0.5,0.75
1451,2255,0.5,0.28880318999290466,0.2499999925494194,0.5,0.75
1452,2254,0.5,0.28880321979522705,0.2499999962747097,0.4999999850988388,0.7500000149011612
1453,2249,0.5,0.2888035178184509,0.25,0.5,0.75
1454,2265,0.5,0.2888026237487793,0.25,0.5,0.75
1455,2266,0.5,0.28880253434181213,0.2500000037252903,0.5000000149011612,0.7500000149011612
1456,2263,0.5,0.28880271315574646,0.25,0.5,0.75
1457,2262,0.5,0.28880277276039124,0.25,0.5,0.75
1458,2267,0.5,0.28880250453948975,0.25,0.5,0.75
1459,2264,0.5,0.2888026535511017,0.2500000037252903,0.5,0.7500000149011612
1460,2263,0.5,0.28880271315574646,0.25,0.5,0.75
1461,2268,0.5,0.28880244493484497,0.2499999925494194,0.4999999850988388,0.75
1462,2265,0.5,0.2888026237487793,0.25,0.5,0.75
1463,2265,0.5,0.2888026237487793,0.25,0.5,0.75
1464,2258,0.5,0.28880301117897034,0.2500000037252903,0.5000000149011612,0.7499999850988388
1465,2268,0.5,0.2888024151325226,0.2499999925494194,0.4999999850988388,0.75
1466,2258,0.5,0.28880301117897034,0.2500000037252903,0.5000000149011612,0.7499999850988388
1467,2257,0.5,0.2888030707836151,0.25,0.5,0.75
1468,2255,0.5,0.28880318999290466,0.2499999925494194,0.5,0.75
1469,2255,0.5,0.28880318999290466,0.2499999925494194,0.5,0.75
1470,2253,0.5,0.2888032793998718,0.25,0.5,0.75
1471,2252,0.5,0.2888033390045166,0.2500000074505806,0.5000000149011612,0.7500000149011612
1472,2255,0.5,0.28880318999290466,0.2499999925494194,0.5,0.75
1473,2261,0.5,0.288802832365036,0.25,0.5,0.75
1474,2264,0.5,0.2888026535511017,0.2500000037252903,0.5,0.7500000149011612
1475,2263,0.5,0.28880271315574646,0.25,0.5,0.75
1476,2260,0.5,0.2888028919696808,0.2499999925494194,0.4999999850988388,0.7499999850988388
1477,2266,0.5,0.28880253434181213,0.2500000037252903,0.5000000149011612,0.7500000149011612
1478,2265,0.5,0.2888026237487793,0.25,0.5,0.75
1479,2265,0.5,0.2888026237487793,0.25,0.5,0.75
1480,2264,0.5,0.2888026535511017,0.2500000037252903,0.5,0.7500000149011612
1481,2264,0.5,0.2888026535511017,0.2500000037252903,0.5,0.7500000149011612
1482,2265,0.5,0.2888026237487793,0.25,0.5,0.75
1483,2272,0.5,0.28880220651626587,0.2500000037252903,0.5,0.75
1484,2276,0.5,0.28880199790000916,0.2499999925494194,0.4999999850988388,0.7499999850988388
1485,2277,0.5,0.2888019382953644,0.25,0.5,0.75
1486,2281,0.5,0.28880172967910767,0.25,0.5,0.75
1487,2296,0.5,0.2888008952140808,0.2499999962747097,0.5,0.7499999850988388
1488,2286,0.5,0.2888014614582062,0.25,0.5,0.7500000149011612
1489,2284,0.5,0.28880155086517334,0.2499999925494194,0.4999999850988388,0.7500000149011612
1490,2283,0.5,0.2888015806674957,0.25,0.5,0.75
1491,2275,0.5,0.28880205750465393,0.25,0.5,0.75
1492,2273,0.5,0.2888021469116211,0.25,0.5,0.75
1493,2279,0.5,0.28880181908607483,0.25,0.5,0.75
1494,2272,0.5,0.28880220651626587,0.2500000037252903,0.5,0.75
1495,2274,0.5,0.2888020873069763,0.2500000037252903,0.5000000149011612,0.7499999850988388
1496,2268,0.5,0.28880244493484497,0.2499999925494194,0.4999999850988388,0.75
1497,2272,0.5,0.28880223631858826,0.2500000037252903,0.5,0.75
1498,2275,0.5,0.28880202770233154,0.25,0.5,0.75
1499,2274,0.5,0.2888020873069763,0.2500000037252903,0.5000000149011612,0.7499999850988388
1500,2265,0.5,0.2888025939464569,0.25,0.5,0.75
1501,2257,0.5,0.2888030707836151,0.25,0.5,0.75
1502,2257,0.5,0.2888030707836151,0.25,0.5,0.75
1503,2262,0.5,0.28880274295806885,0.25,0.5,0.75
1504,2250,0.5,0.28880345821380615,0.2501111626625061,0.5,0.75
1505,2253,0.5,0.28880321979522705,0.25,0.5,0.75
1506,2241,0.5,0.28880396485328674,0.25,0.5,0.75
1507,2244,0.5,0.2888038158416748,0.2500000037252903,0.5,0.75
1508,2238,0.5,0.2888041138648987,0.25,0.5,0.75
1509,2228,0.5,0.2888047397136688,0.2500000037252903,0.5,0.7500000149011612
1510,2231,0.5,0.2888045012950897,0.2499999925494194,0.5,0.75
1511,2217,0.5,0.28880539536476135,0.25,0.5,0.75
1512,2231,0.5,0.2888045608997345,0.2499999925494194,0.5,0.75
1513,2236,0.5,0.2888042628765106,0.2499999925494194,0.4999999850988388,0.7499999850988388
1514,2232,0.5,0.2888045012950897,0.25,0.5,0.75
1515,2243,0.5,0.2888037860393524,0.25,0.5,0.75
1516,2228,0.5,0.28880470991134644,0.2500000037252903,0.5,0.7500000149011612
1517,2229,0.5,0.2888046205043793,0.25,0.5,0.75
1518,2222,0.5,0.2888050675392151,0.25,0.5,0.7499999850988388
1519,2226,0.5,0.288804829120636,0.25,0.5,0.75
1520,2225,0.5,0.28880491852760315,0.25,0.5,0.75
1521,2230,0.5,0.2888045907020569,0.2499999962747097,0.4999999850988388,0.7500000149011612
1522,2216,0.5,0.28880542516708374,0.2499999962747097,0.5,0.7499999850988388
1523,2217,0.5,0.28880536556243896,0.25,0.5,0.75
1524,2224,0.5,0.28880494832992554,0.2500000111758709,0.5000000149011612,0.7499999850988388
1525,2222,0.5,0.2888050675392151,0.25,0.5,0.7499999850988388
1526,2231,0.5,0.2888045608997345,0.2499999925494194,0.5,0.75
1527,2240,0.5,0.2888040244579315,0.2500000074505806,0.5000000149011612,0.7500000149011612
1528,2244,0.5,0.2888038158416748,0.2500000037252903,0.5,0.75
1529,2244,0.5,0.28880375623703003,0.2500000037252903,0.5,0.75
1530,2248,0.5,0.2888035774230957,0.2499999962747097,0.5,0.7499999850988388
1531,2257,0.5,0.2888030409812927,0.25,0.5,0.75
1532,2259,0.5,0.2888029217720032,0.25,0.5,0.75
1533,2255,0.5,0.2888030707836151,0.2499999925494194,0.5,0.75
1534,2241,0.5,0.28880396485328674,0.25,0.5,0.75
1535,2234,0.5,0.28880438208580017,0.2500000037252903,0.5000000149011612,0.7499999850988388
1536,2237,0.5,0.28880420327186584,0.25,0.5,0.75
1537,2238,0.5000000596046448,0.28880414366722107,0.25,0.5,0.75
1538,2234,0.5,0.28880438208580017,0.2500000037252903,0.5000000149011612,0.7499999850988388
1539,2246,0.5,0.28880369663238525,0.2500000037252903,0.5000000149011612,0.7499999850988388
1540,2255,0.5,0.2888030707836151,0.2499999925494194,0.5,0.75
1541,2242,0.5,0.28880390524864197,0.2500000074505806,0.5,0.7500000149011612
1542,2238,0.5,0.28880414366722107,0.25,0.5,0.75
1543,2240,0.5,0.2888040244579315,0.2500000074505806,0.5000000149011612,0.7500000149011612
1544,2239,0.5,0.2888040542602539,0.2500000074505806,0.5,0.75
1545,2238,0.5,0.28880414366722107,0.25,0.5,0.75
1546,2242,0.5,0.28880390524864197,0.2500000074505806,0.5,0.7500000149011612
1547,2241,0.5,0.28880390524864197,0.25,0.5,0.75
1548,2231,0.5,0.2888043224811554,0.2499999925494194,0.5,0.75
1549,2210,0.5,0.2888057827949524,0.2499999962747097,0.4999999850988388,0.7500000149011612
1550,2219,0.5,0.2888052463531494,0.25,0.5,0.75
1551,2219,0.5,0.28880515694618225,0.25,0.5,0.75
1552,2205,0.5,0.28880608081817627,0.25,0.5,0.75
1553,2201,0.5,0.2888062596321106,0.25,0.5,0.75
1554,2186,0.5,0.2888071835041046,0.2500000074505806,0.5,0.7500000149011612
1555,2180,0.5,0.2888075113296509,0.2500000037252903,0.5,0.75
1556,2183,0.5,0.28880739212036133,0.25,0.5,0.75
1557,2189,0.5,0.2888070344924927,0.25,0.5,0.75
1558,2185,0.5,0.2888071537017822,0.25,0.5,0.75
1559,2169,0.5,0.2888082265853882,0.25,0.5,0.75
1560,2175,0.5,0.2888078987598419,0.25,0.5,0.75
1561,2173,0.5,0.2888079881668091,0.25,0.5,0.75
1562,2175,0.5,0.28880786895751953,0.25,0.5,0.75
1563,2174,0.5,0.28880774974823,0.2499999962747097,0.4999999850988388,0.7499999850988388
1564,2166,0.5,0.2888084352016449,0.2500000037252903,0.5000000149011612,0.7499999850988388
1565,2177,0.5,0.28880774974823,0.25,0.5,0.75
1566,2175,0.5,0.28880783915519714,0.25,0.5,0.75
1567,2171,0.5,0.288808137178421,0.2499999925494194,0.5,0.75
1568,2177,0.5,0.28880774974823,0.25,0.5,0.75
1569,2194,0.5,0.2888067364692688,0.2500000074505806,0.5,0.7500000149011612
1570,2209,0.5,0.28880584239959717,0.25,0.5,0.75
1571,2214,0.5,0.2888055443763733,0.2500000037252903,0.5000000149011612,0.7499999850988388
1572,2224,0.5,0.28880491852760315,0.2500000111758709,0.5000000149011612,0.7499999850988388
1573,2210,0.5,0.28880545496940613,0.2499999962747097,0.4999999850988388,0.7500000149011612
1574,2188,0.5,0.28880709409713745,0.2500000074505806,0.5000000149011612,0.75
1575,2192,0.5,0.28880631923675537,0.2500000074505806,0.5000000149011612,0.7500000149011612
1576,2167,0.5,0.2888060212135315,0.2500000074505806,0.5,0.75
1577,2116,0.5,0.2888108789920807,0.2499999962747097,0.5,0.75
1578,2062,0.5,0.28880640864372253,0.25,0.5,0.75
1579,1864,0.5,0.28878650069236755,0.2500000074505806,0.5000000149011612,0.7500000149011612
1580,1326,0.5,0.2888924777507782,0.25,0.5,0.7500000149011612
1581,1208,0.5,0.28891420364379883,0.25,0.5,0.75
1582,1265,0.5,0.2889034152030945,0.25,0.5,0.75
1583,1608,0.5,0.288854718208313,0.25,0.5,0.75
1584,1851,0.5,0.28883111476898193,0.25,0.5,0.75
1585,1944,0.5,0.288823664188385,0.2499999925494194,0.4999999850988388,0.7499999850988388
1586,1960,0.5,0.2888224720954895,0.2499999962747097,0.5,0.75
1587,1999,0.4999999701976776,0.2888195812702179,0.25,0.5,0.75
1588,2064,0.5,0.2888150215148926,0.2499999962747097,0.5,0.75
1589,2088,0.5,0.28881341218948364,0.2499999888241291,0.4999999850988388,0.7499999850988388
1590,2104,0.5,0.2888123691082001,0.2500000037252903,0.5,0.7500000149011612
1591,2112,0.5,0.2888118624687195,0.2500000037252903,0.5,0.75
1592,2125,0.5,0.28881096839904785,0.25,0.5,0.75
1593,2127,0.5,0.2888108789920807,0.2499999925494194,0.5,0.75
1594,2131,0.5,0.2888106405735016,0.2500000074505806,0.5,0.75
1595,2140,0.5,0.2888100743293762,0.2500000074505806,0.5000000149011612,0.75
1596,2145,0.5,0.28880974650382996,0.25,0.5,0.75
1597,2153,0.5,0.28880923986434937,0.25,0.5,0.75
1598,2146,0.5,0.2888096570968628,0.2499999925494194,0.5,0.7499999850988388
1599,2144,0.5,0.28880980610847473,0.2499999888241291,0.4999999850988388,0.7500000149011612
1600,2148,0.5,0.28880953788757324,0.2499999962747097,0.5,0.7499999850988388
1601,2148,0.5,0.28880956768989563,0.2499999962747097,0.5,0.7499999850988388
1602,2150,0.5,0.2888094186782837,0.2499999962747097,0.4999999850988388,0.7500000149011612
1603,2147,0.5,0.2888096272945404,0.25,0.5,0.75
1604,2155,0.5,0.2888091206550598,0.25,0.5,0.75
1605,2156,0.5,0.28880906105041504,0.2500000074505806,0.5000000149011612,0.7500000149011612
1606,2160,0.5,0.28880882263183594,0.2499999925494194,0.4999999850988388,0.7499999850988388
1607,2174,0.5,0.2888079583644867,0.2499999962747097,0.4999999850988388,0.7499999850988388
1608,2186,0.5,0.288807213306427,0.2500000074505806,0.5,0.7500000149011612
1609,2187,0.5,0.2888071537017822,0.25,0.5,0.75
1610,2197,0.5,0.2888065576553345,0.25,0.5,0.75
1611,2203,0.5,0.2888062000274658,0.25,0.5,0.75
1612,2206,0.5,0.2888060212135315,0.2499999962747097,0.4999999850988388,0.7499999850988388
1613,2205,0.5,0.28880608081817627,0.25,0.5,0.75
1614,2201,0.5,0.288806289434433,0.25,0.5,0.75
1615,2189,0.5,0.28880685567855835,0.25,0.5,0.75
1616,2170,0.5,0.2888081967830658,0.2500000037252903,0.5000000149011612,0.7500000149011612
1617,2187,0.5,0.28880712389945984,0.25,0.5,0.75
1618,2201,0.5,0.28880631923675537,0.25,0.5,0.75
1619,2201,0.5,0.28880631923675537,0.25,0.5,0.75
1620,2206,0.5,0.2888060212135315,0.2499999962747097,0.4999999850988388,0.7499999850988388
1621,2199,0.5,0.2888064384460449,0.25,0.5,0.75
1622,2217,0.5,0.28880539536476135,0.25,0.5,0.75
1623,2224,0.5,0.2888049781322479,0.2500000111758709,0.5000000149011612,0.7499999850988388
1624,2230,0.5,0.2888046205043793,0.2499999962747097,0.4999999850988388,0.7500000149011612
1625,2244,0.5,0.2888037860393524,0.2500000037252903,0.5,0.75
1626,2256,0.5,0.2888031303882599,0.25,0.5,0.75
1627,2261,0.5,0.288802832365036,0.25,0.5,0.75
1628,2267,0.5,0.28880250453948975,0.25,0.5,0.75
1629,2265,0.5,0.2888026237487793,0.25,0.5,0.75
1630,2269,0.5,0.2888023853302002,0.25,0.5,0.75
1631,2273,0.5,0.2888021469116211,0.25,0.5,0.75
1632,2280,0.5,0.28880175948143005,0.2500000037252903,0.5,0.7500000149011612
1633,2265,0.5,0.2888026237487793,0.25,0.5,0.75
1634,2270,0.5,0.2888023257255554,0.25,0.5,0.7500000149011612
1635,2280,0.5,0.28880175948143005,0.2500000037252903,0.5,0.7500000149011612
1636,2282,0.5,0.2888016700744629,0.2500000037252903,0.5000000149011612,0.7500000149011612
1637,2285,0.5,0.28880149126052856,0.25,0.5,0.75
1638,2299,0.5,0.2888007164001465,0.25,0.5,0.75
1639,2308,0.5,0.2888002097606659,0.2499999962747097,0.5,0.75
1640,2316,0.5,0.28879979252815247,0.2500000074505806,0.5000000149011612,0.7499999850988388
1641,2313,0.5,0.2887999713420868,0.25,0.5,0.75
1642,2313,0.5,0.2887999713420868,0.25,0.5,0.75
1643,2317,0.5,0.2887997329235077,0.25,0.5,0.75
1644,2301,0.5,0.28880059719085693,0.25,0.5,0.75
1645,2300,0.5,0.28880059719085693,0.2500000037252903,0.5,0.7500000149011612
1646,2290,0.5,0.2888012230396271,0.2500000037252903,0.5000000149011612,0.7499999850988388
1647,2292,0.5,0.2888011038303375,0.2500000111758709,0.5000000149011612,0.7499999850988388
1648,2294,0.5,0.288800984621048,0.2499999962747097,0.4999999850988388,0.7499999850988388
1649,2306,0.5,0.28880032896995544,0.2499999962747097,0.4999999850988388,0.7500000149011612
1650,2315,0.5,0.28879985213279724,0.2499999925494194,0.5,0.75
1651,2326,0.5,0.2887992560863495,0.25,0.5,0.75
1652,2322,0.5,0.2887994945049286,0.2500000074505806,0.5,0.75
1653,2332,0.5,0.2887989580631256,0.2500000074505806,0.5000000149011612,0.7500000149011612
1654,2343,0.5,0.28879836201667786,0.2500000074505806,0.5,0.75
1655,2348,0.5,0.28879809379577637,0.2499999962747097,0.5,0.75
1656,2344,0.5,0.2887983024120331,0.2499999925494194,0.4999999850988388,0.75
1657,2348,0.5000000596046448,0.28879809379577637,0.2499999962747097,0.5,0.75
1658,2356,0.5,0.2887977063655853,0.25,0.5,0.75
1659,2362,0.5,0.28879737854003906,0.25,0.5,0.7499999850988388
1660,2358,0.5,0.2887975573539734,0.25,0.5,0.7500000149011612
1661,2372,0.5,0.2887968420982361,0.25,0.5,0.75
1662,2380,0.5,0.28879645466804504,0.2499999962747097,0.5,0.75
1663,2380,0.5,0.28879645466804504,0.2499999962747097,0.5,0.75
1664,2390,0.5,0.28879594802856445,0.2499999962747097,0.4999999850988388,0.7500000149011612
1665,2396,0.5,0.2887956202030182,0.2500000111758709,0.5000000149011612,0.7500000149011612
1666,2391,0.5,0.2887958884239197,0.25,0.5,0.75
1667,2394,0.5,0.28879573941230774,0.2499999962747097,0.4999999850988388,0.7500000149011612
1668,2404,0.5,0.28879523277282715,0.2500000037252903,0.5,0.7500000149011612
1669,2404,0.5,0.28879523277282715,0.2500000037252903,0.5,0.7500000149011612
1670,2404,0.5,0.28879523277282715,0.2500000037252903,0.5,0.7500000149011612
1671,2410,0.5,0.28879493474960327,0.2500000074505806,0.5,0.75
1672,2416,0.5,0.2887946367263794,0.2500000111758709,0.5000000149011612,0.7499999850988388
1673,2424,0.5000000596046448,0.28879424929618835,0.25,0.5,0.75
1674,2423,0.5,0.28879430890083313,0.25,0.5,0.75
1675,2423,0.5,0.28879430890083313,0.25,0.5,0.75
1676,2433,0.5,0.28879380226135254,0.25,0.5,0.75
1677,2433,0.5,0.28879380226135254,0.25,0.5,0.75
1678,2436,0.5,0.2887936532497406,0.25,0.5,0.7499999850988388
1679,2435,0.5,0.2887937128543854,0.25,0.5,0.75
1680,2438,0.5,0.28879356384277344,0.2500000074505806,0.5,0.75
1681,2444,0.5,0.28879326581954956,0.2500000074505806,0.5000000149011612,0.75
1682,2456,0.5,0.2887926995754242,0.25,0.5,0.7500000149011612
1683,2456,0.5,0.2887926995754242,0.25,0.5,0.7500000149011612
1684,2457,0.5,0.2887926399707794,0.25,0.5,0.75
1685,2455,0.5,0.2887927293777466,0.2500000074505806,0.5,0.75
1686,2460,0.5,0.28879252076148987,0.2499999925494194,0.4999999850988388,0.7499999850988388
1687,2465,0.5,0.2887922525405884,0.25,0.5,0.75
1688,2466,0.5,0.288792222738266,0.25,0.5,0.7500000149011612
1689,2460,0.5,0.28879252076148987,0.2499999925494194,0.4999999850988388,0.7499999850988388
1690,2460,0.5,0.2887924909591675,0.2499999925494194,0.4999999850988388,0.7499999850988388
1691,2460,0.5,0.28879252076148987,0.2499999925494194,0.4999999850988388,0.7499999850988388
1692,2462,0.5,0.2887924313545227,0.2500000037252903,0.5000000149011612,0.7499999850988388
1693,2465,0.5,0.2887922525405884,0.25,0.5,0.75
1694,2457,0.5,0.2887926399707794,0.25,0.5,0.75
1695,2471,0.5,0.2887919843196869,0.2499999925494194,0.5,0.75
1696,2475,0.5,0.2887917757034302,0.2499999925494194,0.5,0.75
1697,2472,0.5,0.2887919247150421,0.2500000037252903,0.5,0.7500000149011612
1698,2465,0.5,0.2887922525405884,0.25,0.5,0.75
1699,2475,0.5,0.2887917757034302,0.2499999925494194,0.5,0.75
1700,2479,0.5,0.28879159688949585,0.2499999925494194,0.5,0.75
1701,2481,0.5,0.2887915074825287,0.25,0.5,0.75
1702,2483,0.5,0.2887914180755615,0.2500000074505806,0.5,0.75
1703,2483,0.5,0.2887914180755615,0.2500000074505806,0.5,0.75
1704,2475,0.5,0.2887917757034302,0.2499999925494194,0.5,0.75
1705,2472,0.5,0.2887919247150421,0.2500000037252903,0.5,0.7500000149011612
1706,2479,0.5,0.28879159688949585,0.2499999925494194,0.5,0.75
1707,2479,0.5,0.28879159688949585,0.2499999925494194,0.5,0.75
1708,2483,0.5,0.2887914180755615,0.2500000074505806,0.5,0.75
1709,2486,0.5,0.2887912690639496,0.2500000037252903,0.5000000149011612,0.75
1710,2473,0.5,0.2887918949127197,0.25,0.5,0.75
1711,2482,0.5,0.2887914776802063,0.25,0.5,0.7500000149011612
1712,2489,0.5,0.28879112005233765,0.25,0.5,0.75
1713,2486,0.5,0.288791298866272,0.2500000037252903,0.5000000149011612,0.75
1714,2490,0.5,0.28879109025001526,0.2499999962747097,0.4999999850988388,0.75
1715,2492,0.5,0.2887910008430481,0.2500000111758709,0.5000000149011612,0.7499999850988388
1716,2489,0.5,0.28879112005233765,0.25,0.5,0.75
1717,2486,0.5,0.288791298866272,0.2500000037252903,0.5000000149011612,0.75
1718,2488,0.5,0.2887911796569824,0.25,0.5,0.7500000149011612
1719,2482,0.5,0.2887914776802063,0.25,0.5,0.7500000149011612
1720,2479,0.5,0.28879159688949585,0.2499999925494194,0.5,0.75
1721,2478,0.5,0.2887916564941406,0.2500000037252903,0.5000000149011612,0.7499999850988388
1722,2479,0.5,0.28879159688949585,0.2499999925494194,0.5,0.75
1723,2478,0.5,0.2887916564941406,0.2500000037252903,0.5000000149011612,0.7499999850988388
1724,2482,0.5,0.2887914776802063,0.25,0.5,0.7500000149011612
1725,2482,0.5,0.2887914776802063,0.25,0.5,0.7500000149011612
1726,2483,0.5,0.2887914180755615,0.2500000074505806,0.5,0.75
1727,2487,0.5,0.2887912392616272,0.2500000074505806,0.5,0.75
1728,2488,0.5,0.2887911796569824,0.25,0.5,0.7500000149011612
1729,2484,0.5,0.28879132866859436,0.2499999925494194,0.4999999850988388,0.7500000149011612
1730,2473,0.5,0.2887918949127197,0.25,0.5,0.75
1731,2473,0.5,0.2887918949127197,0.25,0.5,0.75
1732,2469,0.5,0.28879207372665405,0.25,0.5,0.75
1733,2464,0.5,0.28879231214523315,0.2500000037252903,0.5,0.75
1734,2465,0.5,0.2887922525405884,0.25,0.5,0.75
1735,2462,0.5,0.2887924313545227,0.2500000037252903,0.5000000149011612,0.7499999850988388
1736,2465,0.5,0.2887922525405884,0.25,0.5,0.75
1737,2468,0.5,0.28879213333129883,0.2499999925494194,0.4999999850988388,0.75
1738,2464,0.5,0.28879231214523315,0.2500000037252903,0.5,0.75
1739,2466,0.5,0.288792222738266,0.25,0.5,0.7500000149011612
1740,2461,0.5,0.2887924611568451,0.25,0.5,0.75
1741,2462,0.5,0.2887924313545227,0.2500000037252903,0.5000000149011612,0.7499999850988388
1742,2464,0.5,0.28879231214523315,0.2500000037252903,0.5,0.75
1743,2478,0.5,0.2887916564941406,0.2500000037252903,0.5000000149011612,0.7499999850988388
1744,2488,0.5,0.2887911796569824,0.25,0.5,0.7500000149011612
1745,2488,0.5,0.2887911796569824,0.25,0.5,0.7500000149011612
1746,2489,0.5,0.28879112005233765,0.25,0.5,0.75
1747,2493,0.5,0.2887909412384033,0.25,0.5,0.75
1748,2492,0.5,0.2887910008430481,0.2500000111758709,0.5000000149011612,0.7499999850988388
1749,2488,0.5,0.28879114985466003,0.25,0.5,0.7500000149011612
1750,2480,0.5,0.28879156708717346,0.2500000037252903,0.5,0.75
1751,2478,0.5,0.2887916564941406,0.2500000037252903,0.5000000149011612,0.7499999850988388
1752,2486,0.5,0.2887912690639496,0.2500000037252903,0.5000000149011612,0.75
1753,2477,0.5,0.288791686296463,0.25,0.5,0.75
1754,2479,0.5,0.28879156708717346,0.2499999925494194,0.5,0.75
1755,2469,0.5,0.28879207372665405,0.25,0.5,0.75
1756,2468,0.5,0.28879213333129883,0.2499999925494194,0.4999999850988388,0.75
1757,2464,0.5,0.28879231214523315,0.2500000037252903,0.5,0.75
1758,2471,0.5,0.2887919843196869,0.2499999925494194,0.5,0.75
1759,2466,0.5,0.2887921929359436,0.25,0.5,0.7500000149011612
1760,2460,0.5,0.28879252076148987,0.2499999925494194,0.4999999850988388,0.7499999850988388
1761,2456,0.5,0.2887926995754242,0.25,0.5,0.7500000149011612
1762,2459,0.5,0.28879255056381226,0.2500000074505806,0.5,0.75
1763,2464,0.5,0.2887922525405884,0.2500000037252903,0.5,0.75
1764,2453,0.5,0.28879284858703613,0.25,0.5,0.75
1765,2458,0.5,0.28879261016845703,0.2500000074505806,0.5,0.75
1766,2460,0.5,0.28879252076148987,0.2499999925494194,0.4999999850988388,0.7499999850988388
1767,2464,0.5,0.28879228234291077,0.2500000037252903,0.5,0.75
1768,2456,0.5,0.2887926995754242,0.25,0.5,0.7500000149011612
1769,2455,0.5,0.2887927293777466,0.2500000074505806,0.5,0.75
1770,2459,0.5,0.28879255056381226,0.2500000074505806,0.5,0.75
1771,2453,0.5,0.28879284858703613,0.25,0.5,0.75
1772,2456,0.5,0.2887926995754242,0.25,0.5,0.7500000149011612
1773,2459,0.5,0.28879255056381226,0.2500000074505806,0.5,0.75
1774,2458,0.5,0.28879261016845703,0.2500000074505806,0.5,0.75
1775,2456,0.5,0.2887926995754242,0.25,0.5,0.7500000149011612
1776,2460,0.5,0.28879252076148987,0.2499999925494194,0.4999999850988388,0.7499999850988388
1777,2457,0.5,0.2887926399707794,0.25,0.5,0.75
1778,2456,0.5,0.2887926995754242,0.25,0.5,0.7500000149011612
1779,2457,0.5,0.2887926697731018,0.25,0.5,0.75
1780,2463,0.5,0.28879234194755554,0.2499999925494194,0.5,0.75
1781,2463,0.5,0.28879237174987793,0.2499999925494194,0.5,0.75
1782,2468,0.5,0.28879213333129883,0.2499999925494194,0.4999999850988388,0.75
1783,2466,0.5,0.288792222738266,0.25,0.5,0.7500000149011612
1784,2467,0.5,0.2887921631336212,0.2499999925494194,0.5,0.75
1785,2470,0.5,0.28879204392433167,0.2500000037252903,0.5000000149011612,0.7500000149011612
1786,2465,0.5,0.2887922525405884,0.25,0.5,0.75
1787,2462,0.5,0.2887924015522003,0.2500000037252903,0.5000000149011612,0.7499999850988388
1788,2467,0.5,0.2887921631336212,0.2499999925494194,0.5,0.75
1789,2469,0.5000000596046448,0.28879207372665405,0.25,0.5,0.75
1790,2469,0.5,0.28879207372665405,0.25,0.5,0.75
1791,2467,0.5,0.2887921631336212,0.2499999925494194,0.5,0.75
1792,2470,0.5,0.2887919843196869,0.2500000037252903,0.5000000149011612,0.7500000149011612
1793,2465,0.5,0.2887922525405884,0.25,0.5,0.75
1794,2469,0.5,0.28879207372665405,0.25,0.5,0.75
1795,2470,0.5,0.28879204392433167,0.2500000037252903,0.5000000149011612,0.7500000149011612
1796,2473,0.5,0.2887918949127197,0.25,0.5,0.75
1797,2473,0.5,0.2887918949127197,0.25,0.5,0.75
1798,2477,0.5,0.288791686296463,0.25,0.5,0.75
1799,2477,0.5,0.288791686296463,0.25,0.5,0.75
1800,2475,0.5,0.2887917757034302,0.2499999925494194,0.5,0.75
1801,2476,0.5,0.2887917459011078,0.2499999925494194,0.4999999850988388,0.7499999850988388
1802,2481,0.5,0.2887915074825287,0.25,0.5,0.75
1803,2477,0.5,0.288791686296463,0.25,0.5,0.75
1804,2487,0.5,0.2887912094593048,0.2500000074505806,0.5,0.75
1805,2487,0.5,0.2887912094593048,0.2500000074505806,0.5,0.75
1806,2486,0.5,0.288791298866272,0.2500000037252903,0.5000000149011612,0.75
1807,2487,0.5,0.2887912392616272,0.2500000074505806,0.5,0.75
1808,2492,0.5,0.2887910008430481,0.2500000111758709,0.5000000149011612,0.7499999850988388
1809,2491,0.5,0.2887910306453705,0.25,0.5,0.75
1810,2489,0.5,0.28879112005233765,0.25,0.5,0.75
1811,2484,0.5,0.28879138827323914,0.2499999925494194,0.4999999850988388,0.7500000149011612
1812,2486,0.5,0.288791298866272,0.2500000037252903,0.5000000149011612,0.75
1813,2494,0.5,0.28879091143608093,0.25,0.5,0.7499999850988388
1814,2499,0.5,0.28879067301750183,0.2499999925494194,0.5,0.75
1815,2503,0.5,0.2887904942035675,0.2500000074505806,0.5,0.75
1816,2499,0.5,0.28879067301750183,0.2499999925494194,0.5,0.75
1817,2503,0.5,0.2887904942035675,0.2500000074505806,0.5,0.75
1818,2502,0.5,0.2887905240058899,0.25,0.5,0.75
1819,2506,0.5,0.28879034519195557,0.2500000037252903,0.5000000149011612,0.7499999850988388
1820,2513,0.5,0.2887900471687317,0.25,0.5,0.75
1821,2513,0.5,0.2887900471687317,0.25,0.5,0.75
1822,2518,0.5,0.2887898087501526,0.2499999925494194,0.5,0.7499999850988388
1823,2518,0.5,0.2887898087501526,0.2499999925494194,0.5,0.7499999850988388
1824,2519,0.5,0.2887897491455078,0.25,0.5,0.75
1825,2519,0.5,0.2887897491455078,0.25,0.5,0.75
1826,2515,0.5,0.28878992795944214,0.2500000074505806,0.5,0.75
1827,2522,0.5,0.2887896001338959,0.2499999962747097,0.4999999850988388,0.7500000149011612
1828,2518,0.5,0.2887898087501526,0.2499999925494194,0.5,0.7499999850988388
1829,2522,0.5,0.28878962993621826,0.2499999962747097,0.4999999850988388,0.7500000149011612
1830,2524,0.5,0.2887895405292511,0.2500000037252903,0.5,0.7500000149011612
1831,2529,0.5,0.288789302110672,0.25,0.5,0.75
1832,2532,0.5,0.28878918290138245,0.2499999925494194,0.4999999850988388,0.7500000149011612
1833,2532,0.5,0.28878918290138245,0.2499999925494194,0.4999999850988388,0.7500000149011612
1834,2533,0.5,0.28878912329673767,0.25,0.5,0.75
1835,2536,0.5,0.28878897428512573,0.2499999962747097,0.5,0.7499999850988388
1836,2535,0.5,0.2887890338897705,0.25,0.5,0.75
1837,2542,0.5,0.28878870606422424,0.2499999962747097,0.4999999850988388,0.7500000149011612
1838,2547,0.5,0.28878849744796753,0.2500000074505806,0.5,0.75
1839,2553,0.5,0.28878819942474365,0.25,0.5,0.75
1840,2555,0.5,0.2887881398200989,0.25,0.5,0.75
1841,2559,0.5,0.28878796100616455,0.2500000074505806,0.5,0.75
1842,2565,0.5,0.28878769278526306,0.25,0.5,0.75
1843,2562,0.5,0.288787841796875,0.2500000037252903,0.5000000149011612,0.7500000149011612
1844,2563,0.5,0.2887877821922302,0.2499999925494194,0.5,0.75
1845,2567,0.5,0.2887876331806183,0.2499999925494194,0.5,0.75
1846,2574,0.5,0.288787305355072,0.2500000074505806,0.5,0.75
1847,2577,0.5,0.2887871563434601,0.25,0.5,0.75
1848,2580,0.5,0.2887870669364929,0.2500000074505806,0.5000000149011612,0.7500000149011612
1849,2581,0.5,0.28878700733184814,0.25,0.5,0.75
1850,2586,0.5,0.28878676891326904,0.25,0.5,0.7500000149011612
1851,2583,0.5,0.288786917924881,0.25,0.5,0.75
1852,2584,0.5,0.2887868583202362,0.24995161592960358,0.5000000149011612,0.7499999850988388
1853,2587,0.5,0.28878673911094666,0.2500000074505806,0.5,0.75
1854,2588,0.5,0.2887866795063019,0.2500000074505806,0.5000000149011612,0.7500000149011612
1855,2588,0.5,0.28878670930862427,0.2500000074505806,0.5000000149011612,0.7500000149011612
1856,2591,0.5,0.2887865900993347,0.2500000074505806,0.5,0.75
1857,2590,0.5,0.2887866199016571,0.25,0.5,0.75
1858,2591,0.5,0.28878656029701233,0.2500000074505806,0.5,0.75
1859,2582,0.5,0.28878697752952576,0.25,0.5,0.75
1860,2581,0.5,0.28878697752952576,0.25,0.5,0.75
1861,2576,0.5,0.28878721594810486,0.2500000074505806,0.5000000149011612,0.75
1862,2582,0.5,0.28878697752952576,0.25,0.5,0.75
1863,2582,0.4999999403953552,0.28878697752952576,0.25,0.5,0.75
1864,2589,0.5,0.2887866497039795,0.25,0.5,0.75
1865,2588,0.5,0.2887866795063019,0.2500000074505806,0.5000000149011612,0.7500000149011612
1866,2596,0.5,0.2887863516807556,0.2500000074505806,0.5000000149011612,0.7500000149011612
1867,2595,0.5,0.288786381483078,0.2500000074505806,0.5,0.75
1868,2593,0.5,0.28878647089004517,0.25,0.5,0.75
1869,2594,0.5,0.2887864410877228,0.25,0.5,0.7500000149011612
1870,2590,0.5,0.2887866199016571,0.25,0.5,0.75
1871,2582,0.5,0.28878694772720337,0.25,0.5,0.75
1872,2580,0.5,0.28878703713417053,0.2500000074505806,0.5000000149011612,0.7500000149011612
1873,2572,0.5,0.2887873947620392,0.2500000037252903,0.5,0.7500000149011612
1874,2569,0.5,0.2887875437736511,0.25,0.5,0.75
1875,2575,0.5,0.28878724575042725,0.25,0.5,0.75
1876,2572,0.5,0.2887873947620392,0.2500000037252903,0.5,0.7500000149011612
1877,2572,0.5,0.2887873947620392,0.2500000037252903,0.5,0.7500000149011612
1878,2571,0.5,0.28878745436668396,0.25,0.5,0.75
1879,2576,0.5,0.28878721594810486,0.2500000074505806,0.5000000149011612,0.75
1880,2579,0.5,0.2887870967388153,0.25,0.5,0.75
1881,2584,0.5,0.2887868583202362,0.2500000074505806,0.5000000149011612,0.7499999850988388
1882,2584,0.5,0.2887868583202362,0.2500000074505806,0.5000000149011612,0.7499999850988388
1883,2589,0.5,0.2887866497039795,0.25,0.5,0.75
1884,2594,0.5,0.2887864410877228,0.25,0.5,0.7500000149011612
1885,2593,0.5,0.28878647089004517,0.25,0.5,0.75
1886,2607,0.5,0.2887859046459198,0.25,0.5,0.75
1887,2608,0.5,0.288785845041275,0.2500000074505806,0.5000000149011612,0.75
1888,2612,0.5,0.2887856662273407,0.2500000037252903,0.5,0.7500000149011612
1889,2614,0.5,0.28878557682037354,0.2499999962747097,0.4999999850988388,0.7499999850988388
1890,2609,0.5,0.28878581523895264,0.25,0.5,0.75
1891,2610,0.5,0.28878575563430786,0.2499999962747097,0.4999999850988388,0.7500000149011612
1892,2610,0.5,0.28878575563430786,0.2499999962747097,0.4999999850988388,0.7500000149011612
1893,2611,0.5,0.2887857258319855,0.25,0.5,0.75
1894,2617,0.5,0.288785457611084,0.25,0.5,0.75
1895,2621,0.5,0.28878530859947205,0.25,0.5,0.75
1896,2626,0.5,0.28878507018089294,0.2500000037252903,0.5000000149011612,0.7500000149011612
1897,2627,0.5,0.28878504037857056,0.25,0.5,0.75
1898,2627,0.5,0.28878504037857056,0.25,0.5,0.75
1899,2627,0.5,0.28878504037857056,0.25,0.5,0.75
1900,2629,0.5,0.2887849509716034,0.25,0.5,0.75
1901,2627,0.5,0.28878504037857056,0.25,0.5,0.75
1902,2638,0.5,0.28878459334373474,0.25,0.5,0.7500000149011612
1903,2640,0.5,0.2887845039367676,0.2500000074505806,0.5000000149011612,0.7500000149011612
1904,2638,0.5,0.28878459334373474,0.25,0.5,0.7500000149011612
1905,2639,0.5,0.28878456354141235,0.25,0.5,0.75
1906,2640,0.5,0.2887845039367676,0.2500000074505806,0.5000000149011612,0.7500000149011612
1907,2642,0.5,0.2887844145298004,0.2499999962747097,0.4999999850988388,0.75
1908,2640,0.5,0.2887845039367676,0.2500000074505806,0.5000000149011612,0.7500000149011612
1909,2641,0.5,0.2887844741344452,0.25,0.5,0.75
1910,2636,0.5,0.2887846529483795,0.2500000111758709,0.5000000149011612,0.7499999850988388
1911,2638,0.5,0.28878456354141235,0.25,0.5,0.7500000149011612
1912,2628,0.5,0.2887849807739258,0.2499999962747097,0.5,0.7499999850988388
1913,2628,0.5,0.2887849807739258,0.2499999962747097,0.5,0.7499999850988388
1914,2630,0.5,0.288784921169281,0.2499999925494194,0.5,0.7499999850988388
1915,2632,0.5,0.28878483176231384,0.2499999925494194,0.4999999850988388,0.7500000149011612
1916,2636,0.5,0.2887846529483795,0.2500000111758709,0.5000000149011612,0.7499999850988388
1917,2639,0.5,0.28878453373908997,0.25,0.5,0.75
1918,2637,0.5,0.28878462314605713,0.25,0.5,0.75
1919,2637,0.5,0.28878462314605713,0.25,0.5,0.75
1920,2639,0.5,0.28878456354141235,0.25,0.5,0.75
1921,2646,0.5,0.2887842655181885,0.2499999962747097,0.4999999850988388,0.7500000149011612
1922,2645,0.5,0.28878429532051086,0.25,0.5,0.75
1923,2649,0.5,0.28878411650657654,0.25,0.5,0.75
1924,2653,0.5,0.2887839674949646,0.25,0.5,0.75
1925,2656,0.5,0.28878384828567505,0.2500000111758709,0.5000000149011612,0.7499999850988388
1926,2656,0.5,0.28878384828567505,0.2500000111758709,0.5000000149011612,0.7499999850988388
1927,2657,0.5,0.2887837886810303,0.25,0.5,0.75
1928,2657,0.5,0.2887837886810303,0.25,0.5,0.75
1929,2655,0.5,0.28878387808799744,0.2499999925494194,0.5,0.75
1930,2656,0.5,0.28878384828567505,0.2500000111758709,0.5000000149011612,0.7499999850988388
1931,2665,0.5,0.288783460855484,0.25,0.5,0.75
1932,2656,0.5,0.28878384828567505,0.2500000111758709,0.5000000149011612,0.7499999850988388
1933,2654,0.5,0.2887839078903198,0.25,0.5,0.75
1934,2650,0.5,0.28878408670425415,0.2500000037252903,0.5000000149011612,0.7499999850988388
1935,2656,0.5,0.28878384828567505,0.2500000111758709,0.5000000149011612,0.7499999850988388
1936,2657,0.5,0.2887837886810303,0.25,0.5,0.75
1937,2653,0.5,0.2887839674949646,0.25,0.5,0.75
1938,2655,0.5,0.28878387808799744,0.2499999925494194,0.5,0.75
1939,2661,0.5,0.28878363966941833,0.25,0.5,0.75
1940,2667,0.5,0.28878340125083923,0.25,0.5,0.75
1941,2664,0.5,0.2887835204601288,0.25,0.5,0.75
1942,2664,0.5,0.2887835204601288,0.25,0.5,0.75
1943,2674,0.5,0.28878310322761536,0.2499999962747097,0.4999999850988388,0.75
1944,2673,0.5,0.28878313302993774,0.25,0.5,0.75
1945,2677,0.5,0.2887829840183258,0.25,0.5,0.7496262788772583
1946,2673,0.5,0.28878313302993774,0.25,0.5,0.75
1947,2676,0.5,0.2887830138206482,0.25,0.5,0.75
1948,2675,0.5,0.28878307342529297,0.25,0.5,0.75
1949,2675,0.5,0.28878307342529297,0.25,0.5,0.75
1950,2674,0.5,0.28878310322761536,0.2499999962747097,0.4999999850988388,0.75
1951,2677,0.5,0.2887829840183258,0.25,0.49981313943862915,0.75
1952,2684,0.5,0.2887827157974243,0.2500000111758709,0.5000000149011612,0.7500000149011612
1953,2679,0.5,0.28878289461135864,0.25,0.5,0.75
1954,2681,0.5,0.28878283500671387,0.25,0.5,0.75
1955,2686,0.5,0.28878262639045715,0.2500000074505806,0.5,0.75
1956,2684,0.5,0.2887827157974243,0.2500000111758709,0.5000000149011612,0.7500000149011612
1957,2690,0.5,0.2887824773788452,0.2500000037252903,0.5000000149011612,0.7500000149011612
1958,2696,0.5,0.2887822389602661,0.2500000074505806,0.5000000149011612,0.7500000149011612
1959,2696,0.5,0.2887822389602661,0.2500000074505806,0.5000000149011612,0.7500000149011612
1960,2697,0.5,0.28878217935562134,0.25,0.5,0.75
1961,2699,0.5,0.28878211975097656,0.2499999925494194,0.5,0.75
1962,2701,0.5,0.2887820303440094,0.25,0.5,0.75
1963,2700,0.5,0.2887820601463318,0.25,0.5,0.75
1964,2699,0.5,0.28878211975097656,0.2499999925494194,0.5,0.75
1965,2702,0.5,0.2887819707393646,0.2500000037252903,0.5000000149011612,0.75
1966,2699,0.5,0.28878211975097656,0.2499999925494194,0.5,0.75
1967,2700,0.5,0.2887820899486542,0.25,0.5,0.75
1968,2700,0.5,0.2887820601463318,0.25,0.5,0.75
1969,2700,0.5,0.2887820601463318,0.25,0.5,0.75
1970,2704,0.5,0.28878191113471985,0.2499999888241291,0.4999999850988388,0.7499999850988388
1971,2704,0.5,0.28878191113471985,0.2499999888241291,0.4999999850988388,0.7499999850988388
1972,2706,0.5,0.2887818217277527,0.25,0.5,0.7500000149011612
1973,2691,0.5,0.2887824475765228,0.25,0.5,0.75
1974,2697,0.5,0.28878217935562134,0.25,0.5,0.75
1975,2697,0.5,0.28878217935562134,0.25,0.5,0.75
1976,2702,0.5,0.288782000541687,0.2500000037252903,0.5000000149011612,0.75
1977,2704,0.5,0.28878191113471985,0.2499999888241291,0.4999999850988388,0.7499999850988388
1978,2708,0.5,0.2887817621231079,0.2500000037252903,0.5,0.7500000149011612
1979,2707,0.5,0.2887817919254303,0.25,0.5,0.75
1980,2713,0.5,0.2887815535068512,0.25,0.5,0.75
1981,2718,0.5,0.28878137469291687,0.2499999962747097,0.4999999850988388,0.7500000149011612
1982,2719,0.5,0.2887813150882721,0.2500000074505806,0.5,0.75
1983,2718,0.5,0.28878137469291687,0.2499999962747097,0.4999999850988388,0.7500000149011612
1984,2724,0.5,0.28878113627433777,0.2500000074505806,0.5000000149011612,0.7500000149011612
1985,2723,0.5,0.28878116607666016,0.2500000074505806,0.5,0.75
1986,2727,0.5,0.2887810170650482,0.2500000074505806,0.5,0.75
1987,2732,0.5,0.2887808084487915,0.2500000074505806,0.5000000149011612,0.7499999850988388
1988,2729,0.5,0.28878092765808105,0.25,0.5,0.75
1989,2735,0.5,0.28878068923950195,0.2500000074505806,0.5,0.75
1990,2737,0.5,0.2887806296348572,0.25,0.5,0.75
1991,2735,0.5,0.28878068923950195,0.2500000074505806,0.5,0.75
1992,2743,0.5,0.2887803912162781,0.2500000074505806,0.5,0.75
1993,2734,0.5,0.28878074884414673,0.2499999962747097,0.4999999850988388,0.7500000149011612
1994,2739,0.5,0.28878054022789,0.2500000074505806,0.5,0.75
1995,2744,0.5,0.2887803614139557,0.2499999962747097,0.5,0.75
1996,2748,0.5,0.28878018260002136,0.2500000074505806,0.5000000149011612,0.75
1997,2753,0.5,0.28878000378608704,0.25,0.5,0.75
1998,2752,0.5,0.2887800633907318,0.2499999925494194,0.4999999850988388,0.7499999850988388
1999,2750,0.5,0.288780152797699,0.2500000037252903,0.5000000149011612,0.7500000149011612
2000,2764,0.5,0.2887795865535736,0.25,0.5,0.75
2001,2767,0.5,0.28877946734428406,0.2500000074505806,0.5,0.75
2002,2769,0.5,0.2887793779373169,0.25,0.5007225275039673,0.75
2003,2770,0.5,0.2887793779373169,0.2499999962747097,0.4999999850988388,0.7500000149011612
2004,2770,0.5,0.2887793779373169,0.2499999962747097,0.4999999850988388,0.7500000149011612
2005,2775,0.5,0.2887791693210602,0.25,0.5,0.75
2006,2766,0.5,0.28877952694892883,0.25,0.5,0.75
2007,2766,0.5,0.28877952694892883,0.25,0.5,0.75
2008,2787,0.5,0.28877872228622437,0.25,0.5,0.75
2009,2777,0.5,0.2887791097164154,0.25,0.5,0.75
2010,2779,0.5,0.28877902030944824,0.2499999925494194,0.5,0.75
2011,2794,0.5,0.28877848386764526,0.2499999962747097,0.4999999850988388,0.7500000149011612
2012,2798,0.5,0.2887783348560333,0.25,0.5,0.7500000149011612
2013,2801,0.5,0.2887782156467438,0.25,0.5,0.75
2014,2796,0.5,0.2887783944606781,0.2499999925494194,0.4999999850988388,0.7499999850988388
2015,2799,0.5,0.28877827525138855,0.25,0.5,0.75
2016,2797,0.5,0.2887783646583557,0.25,0.5,0.75
2017,2801,0.5,0.2887782156467438,0.25,0.5,0.75
2018,2806,0.5,0.28877803683280945,0.2500000037252903,0.5000000149011612,0.7499999850988388
2019,2802,0.5,0.2887781858444214,0.25,0.5,0.7499999850988388
2020,2800,0.5,0.2887782156467438,0.25,0.5,0.7499999850988388
2021,2782,0.5,0.2887789011001587,0.2499999962747097,0.4999999850988388,0.7499999850988388
2022,2788,0.5,0.288778692483902,0.2500000037252903,0.5,0.75
2023,2785,0.5,0.28877881169319153,0.25,0.5,0.75
2024,2786,0.5,0.28877878189086914,0.25,0.5,0.75
2025,2790,0.5,0.2887786030769348,0.2500000037252903,0.5000000149011612,0.75
2026,2798,0.5,0.2887783348560333,0.25,0.5,0.7500000149011612
2027,2795,0.5000000596046448,0.2887784242630005,0.2500000074505806,0.5,0.75
2028,2801,0.5,0.2887782156467438,0.25,0.5,0.75
2029,2795,0.5,0.2887784242630005,0.2500000074505806,0.5,0.75
2030,2797,0.5,0.2887783646583557,0.25,0.5,0.75
2031,2791,0.5,0.2887786030769348,0.2499999925494194,0.5,0.75
2032,2796,0.5,0.2887783944606781,0.2499999925494194,0.4999999850988388,0.7499999850988388
2033,2803,0.5,0.2887781262397766,0.2500000074505806,0.5,0.75
2034,2810,0.5,0.2887778878211975,0.2499999962747097,0.4999999850988388,0.75
2035,2815,0.5,0.2887777090072632,0.25,0.5,0.75
2036,2819,0.5,0.28877755999565125,0.2500000074505806,0.5,0.75
2037,2820,0.5,0.28877753019332886,0.2500000074505806,0.5000000149011612,0.75
2038,2815,0.5,0.2887777090072632,0.25,0.5,0.75
2039,2814,0.5,0.28877773880958557,0.25,0.5,0.75
2040,2812,0.5,0.28877782821655273,0.2499999962747097,0.5,0.75
2041,2807,0.5,0.28877800703048706,0.25,0.5,0.75
2042,2804,0.5,0.2887780964374542,0.2500000074505806,0.5000000149011612,0.7500000149011612
2043,2800,0.5,0.28877824544906616,0.25,0.5,0.7499999850988388
2044,2798,0.5,0.2887783348560333,0.25,0.5,0.7500000149011612
2045,2805,0.5,0.28877806663513184,0.25,0.5,0.75
2046,2806,0.5,0.28877803683280945,0.2500000037252903,0.5000000149011612,0.7499999850988388
2047,2812,0.5,0.28877782821655273,0.2499999962747097,0.5,0.75
2048,2814,0.5,0.28877773880958557,0.25,0.5,0.75
2049,2813,0.5,0.28877776861190796,0.25,0.5,0.75
2050,2821,0.5,0.2887774705886841,0.25,0.5,0.75
2051,2822,0.5,0.2887774407863617,0.2500000037252903,0.5000000149011612,0.7500000149011612
2052,2831,0.5,0.28877711296081543,0.2499999925494194,0.5,0.75
2053,2834,0.5,0.28877702355384827,0.25,0.5,0.7500000149011612
2054,2840,0.5,0.28877678513526917,0.2500000037252903,0.5,0.7500000149011612
2055,2848,0.5,0.2887765169143677,0.2499999888241291,0.4999999850988388,0.7500000149011612
2056,2846,0.5,0.28877657651901245,0.2500000037252903,0.5000000149011612,0.7499999850988388
2057,2852,0.5,0.28877636790275574,0.2499999925494194,0.4999999850988388,0.7500000149011612
2058,2856,0.5,0.2887762188911438,0.2499999962747097,0.5,0.75
2059,2856,0.5,0.2887762188911438,0.2499999962747097,0.5,0.75
2060,2856,0.5,0.2887762188911438,0.2499999962747097,0.5,0.75
2061,2858,0.5,0.288776159286499,0.25,0.5,0.75
2062,2855,0.5,0.2887762784957886,0.2499999925494194,0.5,0.75
2063,2859,0.5,0.28877609968185425,0.2499999925494194,0.5,0.75
2064,2862,0.5,0.2887760102748871,0.25,0.5,0.75
2065,2865,0.5,0.2887759208679199,0.25,0.5,0.75
2066,2862,0.5,0.2887760102748871,0.25,0.5,0.75
2067,2864,0.5,0.2887759506702423,0.25,0.5,0.75
2068,2865,0.5,0.2887759208679199,0.25,0.5,0.75
2069,2868,0.5,0.28877580165863037,0.25,0.5,0.75
2070,2869,0.5,0.2887757420539856,0.25,0.5,0.7489539980888367
2071,2868,0.5,0.28877580165863037,0.25,0.5,0.75
2072,2875,0.5,0.28877556324005127,0.2500000074505806,0.5,0.75
2073,2875,0.5,0.2887755334377289,0.2500000074505806,0.5,0.75
2074,2865,0.5,0.2887759208679199,0.25,0.5,0.75
2075,2867,0.5,0.28877583146095276,0.25,0.5,0.75
2076,2866,0.5,0.28877589106559753,0.25,0.5,0.75
2077,2874,0.5,0.28877559304237366,0.2499999925494194,0.5,0.75
2078,2882,0.5,0.28877532482147217,0.2500000037252903,0.5000000149011612,0.75
2079,2881,0.5,0.28877535462379456,0.25,0.5,0.75
2080,2885,0.5,0.2887752056121826,0.25,0.5,0.75
2081,2897,0.5,0.2887747883796692,0.25,0.5,0.75
2082,2897,0.5,0.2887747883796692,0.25,0.5,0.75
2083,2894,0.5,0.28877487778663635,0.2500000037252903,0.5000000149011612,0.7500000149011612
2084,2900,0.5,0.28877466917037964,0.2500000074505806,0.5000000149011612,0.7499999850988388
2085,2908,0.5,0.28877443075180054,0.2500000074505806,0.5000000149011612,0.7499999850988388
2086,2911,0.5,0.288774311542511,0.2499999925494194,0.5,0.75
2087,2910,0.5,0.2887743413448334,0.2500000037252903,0.5000000149011612,0.75
2088,2915,0.5,0.28877419233322144,0.2499999925494194,0.5,0.75
2089,2916,0.5,0.28877413272857666,0.2500000074505806,0.5000000149011612,0.75
2090,2920,0.5,0.2887740135192871,0.2500000037252903,0.5,0.75
2091,2928,0.5000000596046448,0.2887737452983856,0.25,0.5,0.75
2092,2929,0.5,0.28877371549606323,0.25,0.5,0.75
2093,2937,0.5,0.28877341747283936,0.25,0.5,0.75
2094,2937,0.5,0.28877341747283936,0.25,0.5,0.75
2095,2943,0.5,0.28877323865890503,0.2500000074505806,0.5,0.75
2096,2939,0.5,0.28877338767051697,0.2499999925494194,0.5,0.75
2097,2945,0.4999999701976776,0.28877317905426025,0.25,0.5,0.75
2098,2953,0.5,0.28877291083335876,0.25,0.5,0.75
2099,2948,0.5000000596046448,0.2887730598449707,0.2499999888241291,0.4999999850988388,0.7500000149011612
2100,2954,0.5,0.288772851228714,0.2500000037252903,0.5000000149011612,0.7499999850988388
2101,2953,0.5,0.28877291083335876,0.25,0.5,0.75
2102,2961,0.5,0.2887726426124573,0.25,0.5,0.75
2103,2967,0.5,0.28877243399620056,0.2500000074505806,0.5,0.75
2104,2965,0.5,0.2887725234031677,0.25,0.5,0.75
2105,2964,0.5,0.2887725532054901,0.2499999962747097,0.5,0.7499999850988388
2106,2964,0.5,0.2887725532054901,0.2499999962747097,0.5,0.7499999850988388
2107,2978,0.5,0.2887720763683319,0.2499999925494194,0.5,0.75
2108,2978,0.5,0.2887720763683319,0.2499999925494194,0.5,0.75
2109,2983,0.5,0.28877192735671997,0.25,0.4998323321342468,0.75
2110,2984,0.5,0.2887718975543976,0.2499999962747097,0.5,0.75
2111,2981,0.5,0.28877198696136475,0.25,0.5,0.75
2112,2972,0.5,0.28877225518226624,0.2499999888241291,0.4999999850988388,0.7499999850988388
2113,2972,0.5,0.2887722849845886,0.2499999888241291,0.4999999850988388,0.7499999850988388
2114,2972,0.5,0.28877225518226624,0.2499999888241291,0.4999999850988388,0.7499999850988388
2115,2973,0.5,0.28877225518226624,0.25,0.5,0.75
2116,2978,0.5,0.2887721061706543,0.2499999925494194,0.5,0.75
2117,2979,0.5,0.2887720465660095,0.2500000074505806,0.5,0.75
2118,2984,0.5,0.2887718975543976,0.2499999962747097,0.5,0.75
2119,2992,0.5,0.2887716293334961,0.2500000074505806,0.5000000149011612,0.7500000149011612
2120,2995,0.5,0.28877153992652893,0.2500000074505806,0.5,0.75
2121,3001,0.5,0.2887713313102722,0.25,0.5,0.75
2122,3006,0.5,0.2887711822986603,0.2500000037252903,0.5000000149011612,0.7500000149011612
2123,3008,0.5,0.2887711226940155,0.2500000074505806,0.5000000149011612,0.75
2124,3013,0.5,0.28877097368240356,0.25,0.5,0.75
2125,3013,0.5,0.28877097368240356,0.25,0.5,0.75
2126,3020,0.5,0.28877073526382446,0.2500000074505806,0.5000000149011612,0.7500000149011612
2127,3019,0.5,0.28877076506614685,0.25,0.5,0.75
2128,3024,0.5,0.2887706160545349,0.25,0.5,0.7500000149011612
2129,3025,0.5,0.2887705862522125,0.25,0.5,0.75
2130,3027,0.5,0.28877052664756775,0.2499999925494194,0.5,0.75
2131,3031,0.5,0.2887704074382782,0.25,0.5,0.75
2132,3037,0.5,0.2887701988220215,0.25,0.5,0.75
2133,3037,0.5,0.2887701988220215,0.25,0.5,0.75
2134,3033,0.5,0.28877031803131104,0.25,0.5,0.75
2135,3035,0.5,0.28877025842666626,0.2500000074505806,0.5,0.75
2136,3033,0.5,0.28877031803131104,0.25,0.5,0.75
2137,3035,0.5,0.28877025842666626,0.2500000074505806,0.5,0.75
2138,3042,0.5,0.28877004981040955,0.2500000037252903,0.5000000149011612,0.7499999850988388
2139,3037,0.5,0.2887701988220215,0.25,0.5,0.75
2140,3040,0.5,0.2887701094150543,0.2499999925494194,0.4999999850988388,0.75
2141,3039,0.5,0.2887701392173767,0.2499999925494194,0.5,0.75
2142,3043,0.5,0.28877002000808716,0.25,0.5,0.75
2143,3049,0.5,0.28876984119415283,0.25,0.5,0.75
2144,3056,0.5,0.2887696325778961,0.2500000037252903,0.5,0.75
2145,3063,0.5,0.288769394159317,0.25,0.5,0.75
2146,3075,0.5,0.28876903653144836,0.25,0.5,0.75
2147,3080,0.5,0.2887688875198364,0.2499999888241291,0.4999999850988388,0.7500000149011612
2148,3081,0.5,0.28876885771751404,0.25,0.5,0.75
2149,3084,0.5,0.2887687385082245,0.25,0.5,0.7500000149011612
2150,3090,0.5,0.28876855969429016,0.2500000037252903,0.5000000149011612,0.7500000149011612
2151,3094,0.5,0.2887684404850006,0.25,0.5,0.75
2152,3091,0.5,0.2887685298919678,0.2500000074505806,0.5,0.75
2153,3092,0.4999999701976776,0.2887685000896454,0.2500000037252903,0.5,0.75
2154,3092,0.5,0.2887685000896454,0.2500000037252903,0.5,0.75
2155,3091,0.5,0.2887685298919678,0.2500000074505806,0.5,0.75
2156,3082,0.5,0.28876879811286926,0.2500000037252903,0.5000000149011612,0.7499999850988388
2157,3088,0.5,0.28876861929893494,0.2499999925494194,0.4999999850988388,0.7499999850988388
2158,3086,0.5,0.2887686789035797,0.25,0.5,0.7500000149011612
2159,3084,0.5,0.2887687385082245,0.25,0.5,0.7500000149011612
2160,3084,0.5,0.2887687683105469,0.25,0.5,0.7500000149011612
2161,3086,0.5,0.2887686789035797,0.25,0.5,0.7500000149011612
2162,3085,0.5,0.2887687087059021,0.25,0.5,0.75
2163,3089,0.5,0.28876858949661255,0.25,0.5,0.75
2164,3081,0.5,0.28876885771751404,0.25,0.5,0.75
2165,3084,0.5,0.2887687385082245,0.25,0.5,0.7500000149011612
2166,3080,0.5,0.28876885771751404,0.2499999888241291,0.4999999850988388,0.7500000149011612
2167,3080,0.5,0.28876885771751404,0.2499999888241291,0.4999999850988388,0.7500000149011612
2168,3076,0.5,0.288769006729126,0.25,0.5,0.75
2169,3082,0.5,0.28876879811286926,0.2500000037252903,0.5000000149011612,0.7499999850988388
2170,3083,0.5,0.2887687683105469,0.2500000074505806,0.5,0.75
2171,3077,0.5,0.2887689471244812,0.25,0.5,0.75
2172,3082,0.5,0.28876879811286926,0.2500000037252903,0.5000000149011612,0.7499999850988388
2173,3079,0.5,0.2887689173221588,0.2500000074505806,0.5,0.75
2174,3080,0.5,0.28876885771751404,0.2499999888241291,0.4999999850988388,0.7500000149011612
2175,3079,0.5,0.2887689173221588,0.2500000074505806,0.5,0.75
2176,3083,0.5,0.2887687683105469,0.2500000074505806,0.5,0.75
2177,3088,0.5,0.28876861929893494,0.2499999925494194,0.4999999850988388,0.7499999850988388
2178,3090,0.5,0.28876855969429016,0.2500000037252903,0.5000000149011612,0.7500000149011612
2179,3090,0.5,0.28876855969429016,0.2500000037252903,0.5000000149011612,0.7500000149011612
2180,3098,0.5,0.28876832127571106,0.2500000037252903,0.5000000149011612,0.7499999850988388
2181,3095,0.5,0.2887684106826782,0.2500000074505806,0.5,0.75
2182,3100,0.5,0.2887682616710663,0.2500000037252903,0.5,0.7500000149011612
2183,3105,0.5,0.28876811265945435,0.25,0.5,0.75
2184,3103,0.5,0.2887681722640991,0.2500000074505806,0.5,0.75
2185,3102,0.5,0.2887682020664215,0.25,0.5,0.7500000149011612
2186,3100,0.5,0.2887682616710663,0.2500000037252903,0.5,0.7500000149011612
2187,3103,0.5,0.2887681722640991,0.2500000074505806,0.5,0.75
2188,3106,0.5,0.28876808285713196,0.2500000037252903,0.5000000149011612,0.7500000149011612
2189,3112,0.5,0.28876790404319763,0.2499999888241291,0.4999999850988388,0.7500000149011612
2190,3109,0.5,0.2887679934501648,0.25,0.5,0.75
2191,3110,0.5,0.2887679636478424,0.2500000074505806,0.5,0.75
2192,3111,0.5,0.28876793384552,0.2500000074505806,0.5,0.75
2193,3112,0.5,0.28876790404319763,0.2499999888241291,0.4999999850988388,0.7500000149011612
2194,3113,0.5,0.28876787424087524,0.25,0.5,0.75
2195,3118,0.5,0.2887677550315857,0.2500000074505806,0.5,0.7500000149011612
2196,3117,0.5,0.2887677550315857,0.25,0.5,0.75
2197,3125,0.5,0.2887675166130066,0.25,0.5,0.75
2198,3127,0.5,0.2887674570083618,0.25,0.5,0.75
2199,3126,0.5,0.2887674868106842,0.2499999962747097,0.49991999566555023,0.7499999850988388
2200,3124,0.5,0.288767546415329,0.25,0.5,0.75
2201,3130,0.5,0.28876736760139465,0.25,0.5,0.7499999850988388
2202,3127,0.5,0.2887674570083618,0.25,0.5,0.75
2203,3128,0.5,0.28876742720603943,0.2500000074505806,0.5000000149011612,0.7500000149011612
2204,3135,0.5,0.2887672185897827,0.2499999925494194,0.5,0.75
2205,3130,0.5,0.28876736760139465,0.25,0.5,0.7499999850988388
2206,3129,0.5,0.28876739740371704,0.25,0.5,0.75
2207,3127,0.5,0.2887674570083618,0.25,0.5,0.75
2208,3126,0.5,0.2887674868106842,0.2499999962747097,0.4999999850988388,0.7499999850988388
2209,3123,0.5,0.288767546415329,0.25,0.5,0.75
2210,3119,0.5,0.28876739740371704,0.25,0.5,0.75
2211,3081,0.5,0.2887681722640991,0.25,0.5,0.75
2212,3034,0.5,0.28877028822898865,0.2499999925494194,0.5,0.75
2213,3025,0.5,0.2887705862522125,0.25,0.5,0.75
2214,3019,0.5,0.28877076506614685,0.25,0.5,0.75
2215,3012,0.5,0.28877100348472595,0.25,0.5,0.75
2216,3017,0.5,0.2887708246707916,0.25,0.5,0.75
2217,3038,0.5,0.2887701690196991,0.25,0.5,0.75
2218,3045,0.5,0.2887699604034424,0.25,0.5,0.75
2219,3059,0.5,0.28876951336860657,0.2499999925494194,0.5,0.75
2220,3080,0.4999999701976776,0.28876885771751404,0.2499999888241291,0.4999999850988388,0.7500000149011612
2221,3089,0.5,0.28876858949661255,0.25,0.5,0.75
2222,3104,0.5,0.28876814246177673,0.2499999925494194,0.4999999850988388,0.7499999850988388
2223,3112,0.5,0.28876790404319763,0.2499999888241291,0.4999999850988388,0.7500000149011612
2224,3111,0.5,0.28876793384552,0.2500000074505806,0.5,0.75
2225,3108,0.5,0.2887680232524872,0.2500000037252903,0.5,0.75
2226,3120,0.5,0.28876766562461853,0.2500000111758709,0.5000000149011612,0.7499999850988388
2227,3114,0.5,0.28876784443855286,0.2500000037252903,0.5000000149011612,0.7499999850988388
2228,3117,0.5,0.2887677848339081,0.25,0.5,0.75
2229,3121,0.5,0.28876766562461853,0.25,0.5,0.75
2230,3120,0.5,0.28876766562461853,0.2500000111758709,0.5000000149011612,0.7499999850988388
2231,3127,0.5,0.2887674570083618,0.25,0.5,0.75
2232,3130,0.5,0.28876736760139465,0.25,0.5,0.7499999850988388
2233,3127,0.5,0.2887674570083618,0.25,0.5,0.75
2234,3128,0.5,0.28876742720603943,0.2500000074505806,0.5000000149011612,0.7500000149011612
2235,3134,0.5,0.2887672483921051,0.2500000037252903,0.5000000149011612,0.7500000149011612
2236,3137,0.5,0.28876715898513794,0.25,0.5,0.75
2237,3142,0.5,0.2887670397758484,0.2500000037252903,0.5000000149011612,0.7499999850988388
2238,3139,0.5,0.28876712918281555,0.2499999925494194,0.5,0.75
2239,3142,0.5,0.2887670397758484,0.2500000037252903,0.5000000149011612,0.7499999850988388
2240,3145,0.5,0.2887669503688812,0.25,0.5,0.75
2241,3148,0.5,0.28876686096191406,0.2500000074505806,0.5000000149011612,0.7499999850988388
2242,3150,0.5,0.2887668013572693,0.25,0.5,0.75
2243,3146,0.5,0.28876689076423645,0.2499999962747097,0.4999999850988388,0.7500000149011612
2244,3145,0.5,0.2887669503688812,0.25,0.5,0.75
2245,3144,0.5,0.2887669801712036,0.25,0.5,0.7500000149011612
2246,3152,0.5,0.2887667119503021,0.2499999962747097,0.5,0.75
2247,3155,0.5,0.28876665234565735,0.2499999925494194,0.5,0.75
2248,3158,0.5,0.2887665629386902,0.25,0.5,0.7500000149011612
2249,3162,0.5,0.28876644372940063,0.2499999925494194,0.5,0.75
2250,3161,0.5,0.288766473531723,0.25,0.5,0.75
2251,3165,0.5,0.28876638412475586,0.25,0.5,0.75
2252,3168,0.5,0.2887662947177887,0.2500000037252903,0.5,0.7500000149011612
2253,3173,0.5,0.28876611590385437,0.25,0.5,0.75
2254,3175,0.5,0.288766086101532,0.25,0.5,0.75
2255,3172,0.5,0.28876614570617676,0.2499999925494194,0.4999999850988388,0.7499999850988388
2256,3172,0.5,0.28876614570617676,0.2499999925494194,0.4999999850988388,0.7499999850988388
2257,3168,0.5,0.2887662649154663,0.2500000037252903,0.5,0.7500000149011612
2258,3168,0.5,0.2887662649154663,0.2500000037252903,0.5,0.7500000149011612
2259,3166,0.5,0.2887663245201111,0.2499999962747097,0.4999999850988388,0.7499999850988388
2260,3170,0.5,0.28876620531082153,0.25,0.5,0.7500000149011612
2261,3168,0.5000000596046448,0.2887662649154663,0.2500000037252903,0.5,0.7500000149011612
2262,3172,0.5,0.28876614570617676,0.2499999925494194,0.4999999850988388,0.7499999850988388
2263,3169,0.5,0.2887662351131439,0.25,0.5,0.75
2264,3171,0.5,0.28876617550849915,0.2499999925494194,0.5,0.75
2265,3173,0.5,0.28876611590385437,0.25,0.5,0.75
2266,3175,0.5,0.288766086101532,0.25,0.5,0.75
2267,3178,0.5,0.2887659966945648,0.2499999962747097,0.4999999850988388,0.7499999850988388
2268,3187,0.5,0.28876572847366333,0.25,0.5,0.75
2269,3189,0.5,0.28876563906669617,0.25,0.5,0.75
2270,3193,0.5,0.288765549659729,0.25,0.5,0.75
2271,3196,0.4999999701976776,0.28876546025276184,0.2500000111758709,0.5000000149011612,0.7499999850988388
2272,3200,0.5,0.2887653410434723,0.2499999925494194,0.4999999850988388,0.75
2273,3205,0.5,0.28876522183418274,0.25,0.5,0.75
2274,3206,0.5,0.28876519203186035,0.2499999962747097,0.4999999850988388,0.7500000149011612
2275,3213,0.5,0.28876498341560364,0.25,0.5,0.75
2276,3216,0.5,0.28876492381095886,0.2499999962747097,0.5,0.7499999850988388
2277,3215,0.5,0.28876492381095886,0.25,0.5,0.75
2278,3211,0.5,0.2887650430202484,0.2500000074505806,0.5,0.75
2279,3211,0.5,0.2887650728225708,0.2500000074505806,0.5,0.75
2280,3212,0.5,0.288765013217926,0.2499999888241291,0.4999999850988388,0.7500000149011612
2281,3210,0.5,0.2887651026248932,0.25,0.5,0.75
2282,3212,0.5,0.288765013217926,0.2499999888241291,0.4999999850988388,0.7500000149011612
2283,3219,0.5,0.2887648344039917,0.2500000074505806,0.5,0.75
2284,3215,0.5,0.28876492381095886,0.25,0.5,0.75
2285,3209,0.5,0.2887651026248932,0.25,0.5,0.75
2286,3206,0.5,0.28876519203186035,0.2499999962747097,0.4999999850988388,0.7500000149011612
2287,3206,0.5,0.28876519203186035,0.2499999962747097,0.4999999850988388,0.7500000149011612
2288,3217,0.5,0.2887648642063141,0.25,0.5,0.75
2289,3218,0.5,0.2887648642063141,0.2500000037252903,0.5000000149011612,0.7500000149011612
2290,3215,0.5,0.28876495361328125,0.25,0.5,0.75
2291,3210,0.5,0.2887650728225708,0.25,0.5,0.75
2292,3209,0.5,0.2887651026248932,0.25,0.5,0.75
2293,3212,0.5,0.288765013217926,0.2499999888241291,0.4999999850988388,0.7500000149011612
2294,3211,0.5,0.2887650728225708,0.2500000074505806,0.5,0.75
2295,3212,0.5,0.288765013217926,0.2499999888241291,0.4999999850988388,0.7500000149011612
2296,3209,0.5,0.2887651026248932,0.25,0.5,0.75
2297,3204,0.5,0.28876519203186035,0.25,0.5,0.7500000149011612
2298,3188,0.5,0.28876569867134094,0.2499999962747097,0.5,0.75
2299,3191,0.5,0.2887656092643738,0.2499999925494194,0.5,0.75
2300,3190,0.5,0.28876563906669617,0.2499999962747097,0.4999999850988388,0.7499999850988388
2301,3193,0.5,0.288765549659729,0.25,0.5,0.75
2302,3199,0.5,0.2887653708457947,0.25,0.5,0.75
2303,3203,0.5,0.2887652516365051,0.2500000074505806,0.5,0.75
2304,3212,0.5,0.288765013217926,0.2499999888241291,0.4999999850988388,0.7500000149011612
2305,3217,0.5,0.2887648940086365,0.25,0.5,0.75
2306,3225,0.5,0.28876468539237976,0.25,0.5,0.75
2307,3236,0.5,0.2887643575668335,0.25,0.5,0.7499999850988388
2308,3245,0.5,0.2887641191482544,0.25,0.5,0.75
2309,3246,0.5,0.288764089345932,0.25,0.5,0.7500000149011612
2310,3250,0.5,0.28876397013664246,0.25,0.5,0.75
2311,3249,0.5,0.28876399993896484,0.25,0.5,0.75
2312,3256,0.5,0.2887638211250305,0.2499999962747097,0.5,0.7499999850988388
2313,3259,0.5,0.28876370191574097,0.2500000074505806,0.5,0.75
2314,3258,0.5,0.28876376152038574,0.2500000037252903,0.5000000149011612,0.7500000149011612
2315,3259,0.5,0.28876373171806335,0.2500000074505806,0.5,0.75
2316,3264,0.5,0.2887635827064514,0.2500000037252903,0.5,0.7500000149011612
2317,3273,0.5,0.2887633442878723,0.25,0.5,0.75
2318,3275,0.5,0.28876328468322754,0.2499999925494194,0.5,0.75
2319,3280,0.5,0.288763165473938,0.2499999925494194,0.4999999850988388,0.75
2320,3282,0.5,0.2887631058692932,0.2500000037252903,0.5000000149011612,0.7499999850988388
2321,3285,0.5,0.28876301646232605,0.25,0.5,0.75
2322,3287,0.5,0.2887629568576813,0.2500000074505806,0.5,0.75
2323,3286,0.5,0.28876301646232605,0.2500000037252903,0.5000000149011612,0.7500000149011612
2324,3289,0.5,0.2887629270553589,0.25,0.5,0.75
2325,3289,0.5,0.2887629270553589,0.25,0.5,0.75
2326,3290,0.5,0.2887628972530365,0.2500000037252903,0.5000000149011612,0.7499999850988388
2327,3293,0.5,0.28876280784606934,0.25,0.5,0.75
2328,3297,0.5,0.2887627184391022,0.25,0.5,0.75
2329,3301,0.5,0.2887625992298126,0.25,0.5,0.75
2330,3303,0.5,0.28876253962516785,0.25,0.5,0.75
2331,3306,0.5,0.28876248002052307,0.25,0.5,0.75
2332,3308,0.5,0.2887624204158783,0.2500000074505806,0.5000000149011612,0.7500000149011612
2333,3313,0.5,0.28876227140426636,0.25,0.5,0.75
2334,3311,0.5,0.28876233100891113,0.2500000074505806,0.5,0.75
2335,3315,0.5,0.28876224160194397,0.2500000074505806,0.5,0.75
2336,3315,0.5,0.2887622117996216,0.2500000074505806,0.5,0.75
2337,3315,0.5,0.2887622117996216,0.2500000074505806,0.5,0.75
2338,3315,0.5,0.2887622117996216,0.2500000074505806,0.5,0.75
2339,3317,0.5,0.2887621819972992,0.25,0.5,0.75
2340,3317,0.5,0.2887621819972992,0.25,0.5,0.75
2341,3322,0.5,0.28876206278800964,0.25,0.5,0.75
2342,3326,0.5,0.2887619435787201,0.25,0.5,0.7499999850988388
2343,3328,0.5,0.2887618839740753,0.2499999925494194,0.4999999850988388,0.7499999850988388
2344,3328,0.5,0.2887618839740753,0.2499999925494194,0.4999999850988388,0.7499999850988388
2345,3326,0.5,0.2887619435787201,0.25,0.5,0.7499999850988388
2346,3331,0.5,0.28876182436943054,0.25,0.5,0.75
2347,3334,0.5,0.288761705160141,0.25,0.5,0.7499999850988388
2348,3335,0.5,0.288761705160141,0.25,0.5,0.75
2349,3336,0.5,0.2887616753578186,0.2499999925494194,0.4999999850988388,0.7499999850988388
2350,3339,0.5,0.28876161575317383,0.25,0.5,0.75
2351,3341,0.5,0.28876155614852905,0.25,0.5,0.75
2352,3342,0.5,0.2887614965438843,0.2499999925494194,0.5,0.7499999850988388
2353,3343,0.5,0.2887614965438843,0.25,0.5,0.75
2354,3344,0.5,0.2887614667415619,0.2499999925494194,0.4999999850988388,0.7499999850988388
2355,3343,0.5,0.2887614965438843,0.25,0.5,0.75
2356,3340,0.5,0.28876158595085144,0.2499999925494194,0.4999999850988388,0.75
2357,3340,0.5,0.28876158595085144,0.2499999925494194,0.4999999850988388,0.75
2358,3342,0.5,0.28876152634620667,0.2499999925494194,0.5,0.7499999850988388
2359,3344,0.5,0.2887614667415619,0.2499999925494194,0.4999999850988388,0.7499999850988388
2360,3351,0.5,0.28876128792762756,0.25,0.5,0.75
2361,3353,0.5,0.2887612283229828,0.25,0.5,0.75
2362,3351,0.5,0.28876128792762756,0.25,0.5,0.75
2363,3354,0.5,0.2887612283229828,0.2499999925494194,0.5,0.75
2364,3352,0.5,0.28876128792762756,0.2499999925494194,0.4999999850988388,0.7499999850988388
2365,3354,0.5,0.2887611985206604,0.2499999925494194,0.5,0.75
2366,3357,0.5,0.2887611389160156,0.25,0.5,0.75
2367,3363,0.5,0.2887609899044037,0.25,0.5,0.75
2368,3365,0.5,0.2887609302997589,0.25,0.5,0.75
2369,3366,0.5,0.2887609004974365,0.25,0.5,0.7499999850988388
2370,3367,0.5,0.2887609004974365,0.2499999925494194,0.5,0.75
2371,3364,0.5,0.2887609601020813,0.2499999925494194,0.4999999850988388,0.7500000149011612
2372,3373,0.5,0.2887607216835022,0.25,0.5,0.75
2373,3381,0.5,0.28876054286956787,0.25,0.5,0.75
2374,3379,0.5,0.28876057267189026,0.2500000074505806,0.5,0.75
2375,3383,0.5,0.2887604832649231,0.2500000074505806,0.5,0.75
2376,3381,0.5,0.28876054286956787,0.25,0.5,0.75
2377,3384,0.5,0.2887604534626007,0.2500000074505806,0.5000000149011612,0.7499999850988388
2378,3386,0.5,0.28876039385795593,0.2500000074505806,0.5,0.75
2379,3382,0.5,0.2887605130672455,0.25,0.5,0.7500000149011612
2380,3378,0.5,0.28876060247421265,0.25,0.5,0.75
2381,3374,0.5,0.2887606918811798,0.25,0.5,0.7499999850988388
2382,3374,0.5,0.2887606918811798,0.25,0.5,0.7499999850988388
2383,3374,0.5,0.2887606918811798,0.25,0.5,0.7499999850988388
2384,3370,0.5,0.28876081109046936,0.25,0.5,0.75
2385,3372,0.5,0.2887607514858246,0.2499999888241291,0.4999999850988388,0.7500000149011612
2386,3380,0.5,0.28876054286956787,0.2500000111758709,0.5000000149011612,0.7500000149011612
2387,3384,0.5,0.2887604534626007,0.2500000074505806,0.5000000149011612,0.7499999850988388
2388,3379,0.5,0.28876057267189026,0.2500000074505806,0.5,0.75
2389,3382,0.5,0.2887604832649231,0.25,0.5,0.7500000149011612
2390,3382,0.5,0.2887605130672455,0.25,0.5,0.7500000149011612
2391,3391,0.5,0.2887602746486664,0.25,0.5,0.75
2392,3391,0.5,0.2887602746486664,0.25,0.5,0.75
2393,3395,0.5,0.28876015543937683,0.25,0.5,0.75
2394,3398,0.5,0.28876009583473206,0.2499999962747097,0.4999999850988388,0.7500000149011612
2395,3401,0.5,0.2887600362300873,0.25,0.5,0.75
2396,3406,0.5,0.28875991702079773,0.2500000037252903,0.5000000149011612,0.7500000149011612
2397,3409,0.5,0.28875982761383057,0.25,0.5,0.75
2398,3410,0.5,0.2887597978115082,0.2500000037252903,0.5000000149011612,0.7499999850988388
2399,3415,0.5,0.28875967860221863,0.25,0.5,0.75
2400,3419,0.5,0.28875958919525146,0.2499999925494194,0.5,0.75
2401,3421,0.5,0.2887595295906067,0.25,0.5,0.75
2402,3421,0.5,0.2887595295906067,0.25,0.5,0.75
2403,3422,0.4999999701976776,0.2887594997882843,0.25,0.5,0.75
2404,3427,0.5,0.28875938057899475,0.25,0.5,0.75
2405,3429,0.5,0.28875932097435,0.25,0.5,0.75
2406,3428,0.5,0.28875935077667236,0.2500000037252903,0.5,0.75
2407,3428,0.5,0.28875935077667236,0.2500000037252903,0.5,0.75
2408,3435,0.5,0.28875917196273804,0.2500000074505806,0.5,0.75
2409,3435,0.5,0.2887592017650604,0.2500000074505806,0.5,0.75
2410,3437,0.5,0.28875914216041565,0.25,0.5,0.75
2411,3440,0.5,0.2887590825557709,0.2499999925494194,0.4999999850988388,0.7499999850988388
2412,3442,0.5,0.2887590229511261,0.25,0.5,0.75
2413,3441,0.5,0.2887590527534485,0.25,0.5,0.75
2414,3442,0.5,0.2887590229511261,0.25,0.5,0.75
2415,3445,0.5,0.28875893354415894,0.25,0.5,0.75
2416,3449,0.5,0.2887588441371918,0.25,0.5,0.75
2417,3446,0.5,0.28875890374183655,0.25,0.5,0.7500000149011612
2418,3449,0.5,0.2887588441371918,0.25,0.5,0.75
2419,3450,0.5,0.2887588143348694,0.2500000074505806,0.5,0.75
2420,3450,0.5,0.2887588143348694,0.2500000074505806,0.5,0.75
2421,3449,0.5,0.2887588441371918,0.25,0.5,0.75
2422,3448,0.5,0.28875887393951416,0.2500000074505806,0.5000000149011612,0.7499999850988388
2423,3448,0.4999999701976776,0.28875887393951416,0.2500000074505806,0.5000000149011612,0.7499999850988388
2424,3453,0.5,0.2887587547302246,0.25,0.5,0.75
2425,3452,0.5,0.2887587547302246,0.25010865554213524,0.5,0.7500000149011612
2426,3453,0.5,0.2887587249279022,0.25,0.5,0.75
2427,3448,0.5,0.28875887393951416,0.2500000074505806,0.5000000149011612,0.7499999850988388
2428,3447,0.5,0.28875887393951416,0.2500000074505806,0.5,0.75
2429,3449,0.5,0.2887588441371918,0.25,0.5,0.75
2430,3453,0.5,0.2887587547302246,0.25,0.5,0.75
2431,3457,0.5,0.28875866532325745,0.25,0.5,0.75
2432,3457,0.5,0.28875863552093506,0.25,0.5,0.75
2433,3458,0.5,0.28875863552093506,0.2500000037252903,0.5000000149011612,0.7499999850988388
2434,3457,0.5,0.28875866532325745,0.25,0.5,0.75
2435,3457,0.5,0.28875866532325745,0.25,0.5,0.75
2436,3457,0.5,0.28875866532325745,0.25,0.5,0.75
2437,3459,0.5,0.28875860571861267,0.2500000074505806,0.5,0.75
2438,3459,0.5,0.28875863552093506,0.2500000074505806,0.5,0.75
2439,3457,0.5,0.28875866532325745,0.25,0.5,0.75
2440,3456,0.5,0.28875866532325745,0.25,0.5,0.75
2441,3455,0.5,0.28875869512557983,0.2499999925494194,0.5,0.75
2442,3457,0.5,0.28875866532325745,0.25,0.5,0.75
2443,3455,0.5,0.28875869512557983,0.2499999925494194,0.5,0.75
2444,3455,0.5,0.28875869512557983,0.2499999925494194,0.5,0.75
2445,3454,0.5,0.2887587249279022,0.2499999962747097,0.4999999850988388,0.7500000149011612
2446,3451,0.5,0.2887588143348694,0.25,0.5,0.75
2447,3455,0.5,0.2887587249279022,0.2499999925494194,0.5,0.75
2448,3454,0.5,0.2887587249279022,0.2499999962747097,0.4999999850988388,0.7500000149011612
2449,3456,0.5,0.28875866532325745,0.25,0.5,0.75
2450,3455,0.5,0.28875869512557983,0.2499999925494194,0.5,0.75
2451,3458,0.5,0.28875863552093506,0.2500000037252903,0.5000000149011612,0.7499999850988388
2452,3457,0.5,0.28875866532325745,0.25,0.5,0.75
2453,3458,0.5,0.28875863552093506,0.2500000037252903,0.5000000149011612,0.7499999850988388
2454,3462,0.5,0.2887585163116455,0.2499999925494194,0.5,0.75
2455,3462,0.5,0.2887585163116455,0.2499999925494194,0.5,0.75
2456,3463,0.5,0.2887585163116455,0.25,0.5,0.75
2457,3464,0.5,0.2887584865093231,0.2499999925494194,0.4999999850988388,0.7500000149011612
2458,3463,0.5,0.2887585163116455,0.25,0.5,0.75
2459,3462,0.5,0.2887585461139679,0.2499999925494194,0.5,0.75
2460,3462,0.5000000596046448,0.2887585163116455,0.2499999925494194,0.5,0.75
2461,3457,0.4999999701976776,0.28875866532325745,0.25,0.5,0.75
2462,3462,0.5,0.2887585163116455,0.2499999925494194,0.5,0.75
2463,3462,0.5,0.2887585163116455,0.2499999925494194,0.5,0.75
2464,3458,0.5,0.28875863552093506,0.2500000037252903,0.5000000149011612,0.7499999850988388
2465,3457,0.5,0.28875866532325745,0.25,0.5,0.75
2466,3456,0.5,0.28875866532325745,0.25,0.5,0.75
2467,3457,0.5,0.28875866532325745,0.25,0.5,0.75
2468,3464,0.5,0.2887584865093231,0.2499999925494194,0.4999999850988388,0.7500000149011612
2469,3464,0.5,0.2887584865093231,0.2499999925494194,0.4999999850988388,0.7500000149011612
2470,3463,0.5,0.2887584865093231,0.25,0.5,0.75
2471,3461,0.5,0.2887585461139679,0.25,0.5,0.75
2472,3465,0.5,0.28875845670700073,0.25,0.5,0.75
2473,3468,0.5,0.28875839710235596,0.2500000111758709,0.5000000149011612,0.7499999850988388
2474,3468,0.5,0.28875839710235596,0.2500000111758709,0.5000000149011612,0.7499999850988388
2475,3466,0.5,0.28875842690467834,0.25,0.5,0.7499999850988388
2476,3463,0.5,0.2887584865093231,0.25,0.5,0.75
2477,3465,0.5,0.28875842690467834,0.25,0.5,0.75
2478,3466,0.5,0.28875842690467834,0.25,0.5,0.7499999850988388
2479,3463,0.5,0.2887585163116455,0.25,0.5,0.75
2480,3463,0.5,0.2887585163116455,0.25,0.5,0.75
2481,3465,0.5,0.28875845670700073,0.25,0.5,0.75
2482,3463,0.5,0.2887585163116455,0.25,0.5,0.75
2483,3460,0.5,0.2887585759162903,0.2499999962747097,0.5,0.7499999850988388
2484,3454,0.5,0.2887587249279022,0.2499999962747097,0.4999999850988388,0.7500000149011612
2485,3452,0.5,0.2887587547302246,0.2500000037252903,0.5,0.7500000149011612
2486,3448,0.5,0.28875887393951416,0.2500000074505806,0.5000000149011612,0.7499999850988388
2487,3447,0.5,0.28875890374183655,0.2500000074505806,0.5,0.75
2488,3449,0.5,0.2887588441371918,0.25,0.5,0.75
2489,3454,0.5,0.2887587249279022,0.2499999962747097,0.4999999850988388,0.7500000149011612
2490,3458,0.5,0.28875863552093506,0.2500000037252903,0.5000000149011612,0.7499999850988388
2491,3450,0.5,0.2887588143348694,0.2500000074505806,0.5,0.75
2492,3455,0.5,0.28875869512557983,0.2499999925494194,0.5,0.75
2493,3461,0.5,0.2887585461139679,0.25,0.5,0.75
2494,3463,0.5,0.2887585163116455,0.25,0.5,0.75
2495,3464,0.5,0.2887584865093231,0.2499999925494194,0.4999999850988388,0.7500000149011612
2496,3460,0.5,0.2887585759162903,0.2499999962747097,0.5,0.7499999850988388
2497,3464,0.5,0.2887584865093231,0.2499999925494194,0.4999999850988388,0.7500000149011612
2498,3462,0.5,0.2887585163116455,0.2499999925494194,0.5,0.75
2499,3459,0.5,0.28875860571861267,0.2500000074505806,0.5,0.75
2500,3467,0.5,0.28875839710235596,0.2500000074505806,0.5,0.75
2501,3472,0.5,0.2887583076953888,0.2500000037252903,0.5,0.7500000149011612
2502,3471,0.5,0.2887583076953888,0.25,0.5,0.75
2503,3470,0.5,0.2887583374977112,0.25,0.5,0.75
2504,3472,0.5,0.2887583076953888,0.2500000037252903,0.5,0.7500000149011612
2505,3471,0.5,0.2887583076953888,0.25,0.5,0.75
2506,3466,0.5,0.28875842690467834,0.25,0.5,0.7499999850988388
2507,3457,0.5,0.28875863552093506,0.25,0.5,0.75
2508,3445,0.5,0.28875893354415894,0.25,0.5,0.75
2509,3429,0.5,0.28875932097435,0.25,0.5,0.75
2510,3429,0.5,0.28875935077667236,0.25,0.5,0.75
2511,3430,0.5,0.28875932097435,0.2499999962747097,0.4999999850988388,0.7499999850988388
2512,3430,0.5,0.28875932097435,0.2499999962747097,0.4999999850988388,0.7499999850988388
2513,3434,0.5,0.2887592017650604,0.2500000037252903,0.5000000149011612,0.7500000149011612
2514,3434,0.5,0.2887592017650604,0.2500000037252903,0.5000000149011612,0.7500000149011612
2515,3431,0.5,0.2887592911720276,0.2499999925494194,0.5,0.75
2516,3432,0.5,0.2887592911720276,0.25,0.5,0.7500000149011612
2517,3433,0.5,0.2887592315673828,0.25,0.5,0.75
2518,3434,0.5,0.2887592017650604,0.2500000037252903,0.5000000149011612,0.7500000149011612
2519,3436,0.5,0.28875917196273804,0.2499999962747097,0.5,0.75
2520,3434,0.5,0.2887592017650604,0.2500000037252903,0.5000000149011612,0.7500000149011612
2521,3436,0.5,0.28875917196273804,0.2499999962747097,0.5,0.75
2522,3436,0.5,0.28875914216041565,0.2499999962747097,0.5,0.75
2523,3437,0.5,0.28875914216041565,0.25,0.5,0.75
2524,3438,0.5,0.28875911235809326,0.2500000037252903,0.5000000149011612,0.7499999850988388
2525,3439,0.5,0.2887590825557709,0.25,0.5,0.75
2526,3437,0.5,0.28875914216041565,0.25,0.5,0.75
2527,3438,0.5,0.28875911235809326,0.2500000037252903,0.5000000149011612,0.7499999850988388
2528,3436,0.5,0.28875917196273804,0.2499999962747097,0.5,0.75
2529,3436,0.5,0.28875917196273804,0.2499999962747097,0.5,0.75
2530,3433,0.5,0.2887592315673828,0.25,0.5,0.75
2531,3433,0.5,0.2887592315673828,0.25,0.5,0.75
2532,3433,0.5,0.2887592315673828,0.25,0.5,0.75
2533,3435,0.5,0.2887592017650604,0.2500000074505806,0.5,0.75
2534,3431,0.5,0.2887592911720276,0.2499999925494194,0.5,0.75
2535,3432,0.5,0.2887592315673828,0.25,0.5,0.7500000149011612
2536,3432,0.5,0.2887592613697052,0.25,0.5,0.7500000149011612
2537,3432,0.5,0.2887592613697052,0.25,0.5,0.7500000149011612
2538,3433,0.5,0.2887592315673828,0.25,0.5,0.75
2539,3434,0.5,0.2887592017650604,0.2500000037252903,0.5000000149011612,0.7500000149011612
2540,3435,0.5,0.2887592017650604,0.2500000074505806,0.5,0.75
2541,3435,0.5,0.28875917196273804,0.2500000074505806,0.5,0.75
2542,3436,0.5,0.28875917196273804,0.2499999962747097,0.5,0.75
2543,3435,0.5,0.2887592017650604,0.2500000074505806,0.5,0.75
2544,3439,0.5,0.28875911235809326,0.25,0.5,0.75
2545,3439,0.5,0.2887590825557709,0.25,0.5,0.75
2546,3439,0.5,0.28875911235809326,0.25,0.5,0.75
2547,3442,0.5,0.2887590229511261,0.25,0.5,0.75
2548,3445,0.5,0.28875893354415894,0.25,0.5,0.75
2549,3445,0.5,0.28875893354415894,0.25,0.5,0.75
2550,3446,0.5,0.28875890374183655,0.25,0.5,0.7500000149011612
2551,3446,0.5,0.28875890374183655,0.25,0.5,0.7500000149011612
2552,3444,0.5,0.2887589633464813,0.2499999888241291,0.4999999850988388,0.7500000149011612
2553,3446,0.5,0.28875890374183655,0.25,0.5,0.7500000149011612
2554,3444,0.5,0.2887589633464813,0.2499999888241291,0.4999999850988388,0.7500000149011612
2555,3444,0.5,0.2887589633464813,0.2499999888241291,0.4999999850988388,0.7500000149011612
2556,3445,0.5,0.28875893354415894,0.25,0.5,0.75
2557,3443,0.5,0.2887589931488037,0.2499999925494194,0.5,0.75
2558,3445,0.5,0.28875893354415894,0.25,0.5,0.75
2559,3447,0.5,0.28875890374183655,0.2500000074505806,0.5,0.75
2560,3449,0.5,0.2887588441371918,0.25,0.5,0.75
2561,3450,0.5,0.2887588143348694,0.2500000074505806,0.5,0.75
2562,3451,0.5,0.288758784532547,0.25,0.5,0.75
2563,3450,0.5,0.2887588143348694,0.2500000074505806,0.5,0.75
2564,3453,0.5,0.2887587547302246,0.25,0.5,0.75
2565,3453,0.5,0.2887587249279022,0.25,0.5,0.75
2566,3450,0.5,0.2887588143348694,0.2500000074505806,0.5,0.75
2567,3452,0.5,0.2887587547302246,0.2500000037252903,0.5,0.7500000149011612
2568,3453,0.5000000596046448,0.2887587547302246,0.25,0.5,0.75
2569,3455,0.5,0.28875869512557983,0.2499999925494194,0.5,0.75
2570,3454,0.5,0.2887587249279022,0.2499999962747097,0.4999999850988388,0.7500000149011612
2571,3457,0.5,0.28875866532325745,0.25,0.5,0.75
2572,3457,0.5,0.28875866532325745,0.25,0.5,0.75
2573,3458,0.5,0.28875863552093506,0.2500000037252903,0.5000000149011612,0.7499999850988388
2574,3458,0.5,0.28875863552093506,0.2500000037252903,0.5000000149011612,0.7499999850988388
2575,3459,0.5,0.28875860571861267,0.2500000074505806,0.5,0.75
2576,3458,0.5,0.28875863552093506,0.2500000037252903,0.5000000149011612,0.7499999850988388
2577,3457,0.5,0.28875866532325745,0.25,0.5,0.75
2578,3457,0.5,0.28875866532325745,0.25,0.5,0.75
2579,3458,0.5,0.28875863552093506,0.2500000037252903,0.5000000149011612,0.7499999850988388
2580,3456,0.5,0.28875866532325745,0.25,0.5,0.75
2581,3455,0.5,0.28875869512557983,0.2499999925494194,0.5,0.75
2582,3459,0.5,0.28875860571861267,0.2500000074505806,0.5,0.75
2583,3459,0.5,0.28875860571861267,0.2500000074505806,0.5,0.75
2584,3460,0.5,0.2887585759162903,0.2499999962747097,0.5,0.7499999850988388
2585,3460,0.5,0.2887585759162903,0.2499999962747097,0.5,0.7499999850988388
2586,3460,0.5,0.2887585759162903,0.2499999962747097,0.5,0.7499999850988388
2587,3461,0.5,0.2887585461139679,0.25,0.5,0.75
2588,3463,0.5,0.2887585163116455,0.25,0.5,0.75
2589,3464,0.5,0.2887584865093231,0.2499999925494194,0.4999999850988388,0.7500000149011612
2590,3464,0.5,0.2887584865093231,0.2499999925494194,0.4999999850988388,0.7500000149011612
2591,3465,0.5,0.28875845670700073,0.25,0.5,0.75
2592,3464,0.5,0.2887584865093231,0.2499999925494194,0.4999999850988388,0.7500000149011612
2593,3466,0.5,0.28875842690467834,0.25,0.5,0.7499999850988388
2594,3468,0.5,0.28875839710235596,0.2500000111758709,0.5000000149011612,0.7499999850988388
2595,3468,0.5,0.28875836730003357,0.2500000111758709,0.5000000149011612,0.7499999850988388
2596,3467,0.5,0.28875839710235596,0.2500000074505806,0.5,0.75
2597,3468,0.5,0.28875836730003357,0.2500000111758709,0.5000000149011612,0.7499999850988388
2598,3467,0.5,0.28875839710235596,0.2500000074505806,0.5,0.75
2599,3468,0.5,0.28875839710235596,0.2500000111758709,0.5000000149011612,0.7499999850988388
2600,3465,0.5,0.2887584865093231,0.25,0.5,0.75
2601,3465,0.5,0.28875842690467834,0.25,0.5,0.75
2602,3465,0.5,0.28875845670700073,0.25,0.5,0.75
2603,3466,0.4999999701976776,0.28875842690467834,0.25,0.5,0.7499999850988388
2604,3468,0.5,0.28875839710235596,0.2500000111758709,0.5000000149011612,0.7499999850988388
2605,3467,0.5,0.28875839710235596,0.2500000074505806,0.5,0.75
2606,3466,0.5,0.28875842690467834,0.25,0.5,0.7499999850988388
2607,3470,0.5,0.2887583374977112,0.25,0.5,0.75
2608,3471,0.5,0.2887583076953888,0.25,0.5,0.75
2609,3470,0.5,0.2887583374977112,0.25,0.5,0.75
2610,3472,0.5,0.2887583076953888,0.2500000037252903,0.5,0.7500000149011612
2611,3469,0.5,0.28875836730003357,0.25,0.5,0.75
2612,3471,0.5,0.2887583076953888,0.25,0.5,0.75
2613,3477,0.5,0.28875815868377686,0.25,0.5,0.75
2614,3475,0.5,0.28875821828842163,0.2499999925494194,0.5,0.75
2615,3474,0.5,0.288758248090744,0.2499999962747097,0.4999999850988388,0.7500000149011612
2616,3475,0.4999999701976776,0.28875821828842163,0.2499999925494194,0.5,0.75
2617,3477,0.5,0.28875815868377686,0.25,0.5,0.75
2618,3478,0.5,0.28875815868377686,0.2500000037252903,0.5000000149011612,0.7499999850988388
2619,3479,0.5,0.28875812888145447,0.25,0.5,0.75
2620,3480,0.5,0.2887580990791321,0.2499999962747097,0.5,0.7499999850988388
2621,3480,0.5,0.2887580990791321,0.2499999962747097,0.5,0.7499999850988388
2622,3480,0.5,0.2887580990791321,0.2499999962747097,0.5,0.7499999850988388
2623,3478,0.5,0.28875812888145447,0.2500000037252903,0.5000000149011612,0.7499999850988388
2624,3478,0.5,0.28875815868377686,0.2500000037252903,0.5000000149011612,0.7499999850988388
2625,3505,0.5,0.2887575030326843,0.25,0.5,0.75
2626,3507,0.5,0.28875747323036194,0.2499999925494194,0.5,0.75
2627,3506,0.5,0.28875747323036194,0.2499999962747097,0.4999999850988388,0.7500000149011612
2628,3509,0.5,0.28875741362571716,0.25,0.5,0.75
2629,3509,0.5,0.28875741362571716,0.25,0.5,0.75
2630,3507,0.5,0.28875744342803955,0.2499999925494194,0.5,0.75
2631,3509,0.5,0.28875741362571716,0.25,0.5,0.75
2632,3508,0.5,0.28875744342803955,0.25,0.5,0.75
2633,3510,0.5,0.2887573838233948,0.2500000037252903,0.5000000149011612,0.7499999850988388
2634,3511,0.5,0.2887573540210724,0.25,0.5,0.75
2635,3508,0.5,0.28875744342803955,0.25,0.5,0.75
2636,3514,0.5,0.2887572944164276,0.25,0.5,0.75
2637,3514,0.5,0.2887572944164276,0.25,0.5,0.75
2638,3520,0.5,0.28875717520713806,0.2500000037252903,0.5,0.75
2639,3521,0.5,0.2887571156024933,0.25,0.5,0.75
2640,3519,0.5,0.28875717520713806,0.25,0.5,0.75
2641,3521,0.5,0.2887571156024933,0.25,0.5,0.75
2642,3520,0.5,0.28875717520713806,0.2500000037252903,0.5,0.75
2643,3523,0.5,0.2887570858001709,0.2500000074505806,0.5,0.75
2644,3522,0.5,0.2887571156024933,0.2499999962747097,0.4999999850988388,0.7499999850988388
2645,3521,0.5,0.2887571156024933,0.25,0.5,0.75
2646,3522,0.5,0.2887571156024933,0.2499999962747097,0.4999999850988388,0.7499999850988388
2647,3523,0.5,0.2887570858001709,0.2500000074505806,0.5,0.75
2648,3523,0.5,0.2887570858001709,0.2500000074505806,0.5,0.75
2649,3523,0.5,0.2887570858001709,0.2500000074505806,0.5,0.75
2650,3525,0.5,0.2887570559978485,0.25,0.5,0.75
2651,3522,0.5,0.2887571156024933,0.2499999962747097,0.4999999850988388,0.7499999850988388
2652,3525,0.5,0.2887570261955261,0.25,0.5,0.75
2653,3523,0.5,0.2887570858001709,0.2500000074505806,0.5,0.75
2654,3524,0.5,0.2887570559978485,0.2499999962747097,0.5,0.7499999850988388
2655,3520,0.5,0.2887571454048157,0.2500000037252903,0.5,0.75
2656,3522,0.5,0.2887571156024933,0.2499999962747097,0.4999999850988388,0.7499999850988388
2657,3522,0.5,0.2887570858001709,0.2499999962747097,0.4999999850988388,0.7499999850988388
2658,3523,0.5,0.2887570858001709,0.2500000074505806,0.5,0.75
2659,3522,0.5,0.2887571156024933,0.2499999962747097,0.4999999850988388,0.7499999850988388
2660,3524,0.5,0.2887570559978485,0.2499999962747097,0.5,0.7499999850988388
2661,3524,0.5,0.2887570858001709,0.2499999962747097,0.5,0.7499999850988388
2662,3527,0.5,0.28875699639320374,0.25,0.5,0.75
2663,3529,0.5,0.28875693678855896,0.25,0.5,0.75
2664,3527,0.5,0.28875699639320374,0.25,0.5,0.75
2665,3528,0.5,0.28875696659088135,0.2499999925494194,0.4999999850988388,0.7500000149011612
2666,3528,0.5,0.28875696659088135,0.2499999925494194,0.4999999850988388,0.7500000149011612
2667,3526,0.5,0.2887570261955261,0.2500000037252903,0.5000000149011612,0.75
2668,3529,0.5,0.28875693678855896,0.25,0.5,0.75
2669,3531,0.5,0.2887568771839142,0.25,0.5,0.75
2670,3528,0.5,0.28875696659088135,0.2499999925494194,0.4999999850988388,0.7500000149011612
2671,3529,0.5,0.28875696659088135,0.25,0.5,0.75
2672,3531,0.5,0.2887569069862366,0.25,0.5,0.75
2673,3532,0.5,0.2887568771839142,0.2500000074505806,0.5000000149011612,0.75
2674,3535,0.5,0.288756787776947,0.2499999925494194,0.5,0.75
2675,3534,0.5,0.2887568175792694,0.2499999962747097,0.4999999850988388,0.7499999850988388
2676,3535,0.5,0.288756787776947,0.2499999925494194,0.5,0.75
2677,3534,0.5,0.2887568175792694,0.2499999962747097,0.4999999850988388,0.7499999850988388
2678,3536,0.5,0.288756787776947,0.25,0.5,0.7499999850988388
2679,3535,0.5,0.2887568175792694,0.2499999925494194,0.5,0.75
2680,3534,0.5,0.2887568175792694,0.2499999962747097,0.4999999850988388,0.7499999850988388
2681,3532,0.5,0.2887568771839142,0.2500000074505806,0.5000000149011612,0.75
2682,3530,0.5,0.2887569069862366,0.25,0.5,0.7500000149011612
2683,3531,0.5,0.2887569069862366,0.25,0.5,0.75
2684,3530,0.5,0.2887569069862366,0.25,0.5,0.7500000149011612
2685,3531,0.5,0.2887568771839142,0.25,0.5,0.75
2686,3535,0.5,0.2887568175792694,0.2499999925494194,0.5,0.75
2687,3538,0.5,0.28875672817230225,0.2500000037252903,0.5000000149011612,0.75
2688,3537,0.5,0.28875675797462463,0.25,0.5,0.75
2689,3540,0.5,0.28875669836997986,0.2499999925494194,0.4999999850988388,0.75
2690,3541,0.5,0.28875666856765747,0.25,0.5,0.75
2691,3555,0.5,0.2887563407421112,0.2500000074505806,0.5,0.75
2692,3555,0.5,0.2887563407421112,0.2500000074505806,0.5,0.75
2693,3556,0.5,0.2887563407421112,0.2500000074505806,0.5000000149011612,0.7499999850988388
2694,3561,0.5,0.28875619173049927,0.25,0.5,0.75
2695,3566,0.5,0.2887561023235321,0.25,0.5,0.7500000149011612
2696,3569,0.5,0.28875601291656494,0.25,0.5,0.75
2697,3569,0.5,0.28875601291656494,0.25,0.5,0.75
2698,3570,0.5,0.28875601291656494,0.2499999962747097,0.4999999850988388,0.7499999850988388
2699,3570,0.5,0.28875601291656494,0.2499999962747097,0.4999999850988388,0.7499999850988388
2700,3571,0.5,0.28875598311424255,0.2500000074505806,0.5,0.75
2701,3575,0.5,0.2887558937072754,0.25,0.5,0.75
2702,3573,0.5,0.2887559235095978,0.25,0.5,0.75
2703,3577,0.5,0.288755863904953,0.25,0.5,0.75
2704,3577,0.5,0.288755863904953,0.25,0.5,0.75
2705,3578,0.5,0.2887558341026306,0.25,0.5,0.7500000149011612
2706,3581,0.5,0.28875577449798584,0.25,0.5,0.75
2707,3581,0.5,0.28875574469566345,0.25,0.5,0.75
2708,3582,0.5,0.28875571489334106,0.2500000037252903,0.5000000149011612,0.7499999850988388
2709,3583,0.5,0.28875571489334106,0.25,0.5,0.75
2710,3583,0.5,0.28875571489334106,0.25,0.5,0.75
2711,3583,0.5,0.28875571489334106,0.25,0.5,0.75
2712,3584,0.5,0.2887556850910187,0.2499999962747097,0.5,0.7499999850988388
2713,3585,0.5,0.2887556552886963,0.25,0.5,0.75
2714,3590,0.5,0.28875553607940674,0.2499999962747097,0.4999999850988388,0.7500000149011612
2715,3589,0.5,0.2887555956840515,0.25,0.5,0.75
2716,3589,0.5,0.2887555956840515,0.25,0.5,0.75
2717,3591,0.5,0.28875553607940674,0.2499999925494194,0.5,0.75
2718,3590,0.5,0.28875553607940674,0.2499999962747097,0.4999999850988388,0.7500000149011612
2719,3591,0.5,0.28875553607940674,0.2499999925494194,0.5,0.75
2720,3591,0.5,0.28875553607940674,0.2499999925494194,0.5,0.75
2721,3590,0.5,0.28875553607940674,0.2499999962747097,0.4999999850988388,0.7500000149011612
2722,3590,0.5,0.28875553607940674,0.2499999962747097,0.4999999850988388,0.7500000149011612
2723,3592,0.5,0.28875550627708435,0.25,0.5,0.75
2724,3594,0.5,0.28875547647476196,0.2500000037252903,0.5000000149011612,0.7499999850988388
2725,3598,0.5,0.2887553870677948,0.25,0.5,0.75
2726,3600,0.5,0.28875532746315,0.2500000037252903,0.5,0.7500000149011612
2727,3600,0.5,0.28875532746315,0.2500000037252903,0.5,0.7500000149011612
2728,3600,0.5,0.28875532746315,0.2500000037252903,0.5,0.7500000149011612
2729,3602,0.5,0.28875529766082764,0.2500000037252903,0.5000000149011612,0.7500000149011612
2730,3604,0.5,0.28875526785850525,0.2499999962747097,0.5,0.75
2731,3604,0.5,0.28875523805618286,0.2499999962747097,0.5,0.75
2732,3605,0.5,0.2887552082538605,0.25,0.5,0.75
2733,3606,0.5,0.2887552082538605,0.25,0.5,0.7499999850988388
2734,3606,0.5,0.2887552082538605,0.25,0.5,0.7499999850988388
2735,3606,0.5,0.2887552082538605,0.25,0.5,0.7499999850988388
2736,3605,0.5,0.2887552082538605,0.25,0.5,0.75
2737,3606,0.5,0.2887551784515381,0.25,0.5,0.7499999850988388
2738,3605,0.5,0.2887552082538605,0.25,0.5,0.75
2739,3606,0.5,0.2887552082538605,0.25,0.5,0.7499999850988388
2740,3606,0.5,0.2887552082538605,0.25,0.5,0.7499999850988388
2741,3609,0.5,0.2887551486492157,0.25,0.5,0.75
2742,3607,0.5,0.2887551784515381,0.2500000074505806,0.5,0.75
2743,3612,0.5,0.28875505924224854,0.25,0.5,0.7499999850988388
2744,3614,0.5,0.28875502943992615,0.2499999925494194,0.5,0.75
2745,3615,0.5,0.28875499963760376,0.2499999925494194,0.5,0.75
2746,3614,0.5,0.28875502943992615,0.2499999925494194,0.5,0.75
2747,3614,0.5,0.28875502943992615,0.2499999925494194,0.5,0.75
2748,3615,0.5,0.28875499963760376,0.2499999925494194,0.5,0.75
2749,3616,0.5,0.28875496983528137,0.2500000111758709,0.5000000149011612,0.7500000149011612
2750,3612,0.5,0.28875505924224854,0.25,0.5,0.7499999850988388
2751,3602,0.5,0.28875529766082764,0.2500000037252903,0.5000000149011612,0.7500000149011612
2752,3586,0.5,0.2887556552886963,0.25,0.5,0.75
2753,3559,0.5,0.28875625133514404,0.2499999925494194,0.5,0.75
2754,3556,0.5,0.2887563407421112,0.2500000074505806,0.5000000149011612,0.7499999850988388
2755,3560,0.5,0.28875622153282166,0.25,0.5,0.7499999850988388
2756,3564,0.5,0.2887561321258545,0.2499999925494194,0.4999999850988388,0.7500000149011612
2757,3563,0.5,0.2887561619281769,0.25,0.5,0.75
2758,3566,0.5,0.2887561023235321,0.25,0.5,0.7500000149011612
2759,3568,0.5,0.28875604271888733,0.2500000074505806,0.5000000149011612,0.75
2760,3572,0.5,0.28875595331192017,0.2499999962747097,0.5,0.7499999850988388
2761,3573,0.5,0.28875595331192017,0.25,0.5,0.75
2762,3570,0.5,0.28875598311424255,0.2499999962747097,0.4999999850988388,0.7499999850988388
2763,3570,0.5,0.28875598311424255,0.2499999962747097,0.4999999850988388,0.7499999850988388
2764,3572,0.5,0.28875595331192017,0.2499999962747097,0.5,0.7499999850988388
2765,3571,0.5,0.28875598311424255,0.2500000074505806,0.5,0.75
2766,3576,0.5,0.288755863904953,0.2499999888241291,0.4999999850988388,0.7500000149011612
2767,3576,0.5,0.288755863904953,0.2499999888241291,0.4999999850988388,0.7500000149011612
2768,3575,0.5,0.2887558937072754,0.25,0.5,0.75
2769,3572,0.5,0.28875595331192017,0.2499999962747097,0.5,0.7499999850988388
2770,3576,0.5,0.288755863904953,0.2499999888241291,0.4999999850988388,0.7500000149011612
2771,3575,0.5,0.2887558937072754,0.25,0.5,0.75
2772,3571,0.5,0.28875598311424255,0.2500000074505806,0.5,0.75
2773,3572,0.5,0.28875595331192017,0.2499999962747097,0.5,0.7499999850988388
2774,3575,0.5,0.2887558937072754,0.25,0.5,0.75
2775,3576,0.5,0.288755863904953,0.2499999888241291,0.4999999850988388,0.7500000149011612
2776,3576,0.5,0.288755863904953,0.2499999888241291,0.4999999850988388,0.7500000149011612
2777,3583,0.5,0.28875571489334106,0.25,0.5,0.75
2778,3583,0.5,0.28875571489334106,0.25,0.5,0.75
2779,3581,0.5,0.28875574469566345,0.25,0.5,0.75
2780,3582,0.5,0.28875571489334106,0.2500000037252903,0.5000000149011612,0.7499999850988388
2781,3581,0.5,0.28875574469566345,0.25,0.5,0.75
2782,3585,0.5,0.2887556552886963,0.25,0.5,0.75
2783,3587,0.5,0.2887556254863739,0.2500000074505806,0.5,0.75
2784,3586,0.5,0.2887556552886963,0.25,0.5,0.75
2785,3588,0.5,0.2887555956840515,0.2500000074505806,0.5000000149011612,0.7500000149011612
2786,3587,0.5,0.2887556254863739,0.2500000074505806,0.5,0.75
2787,3587,0.5,0.2887556254863739,0.2500000074505806,0.5,0.75
2788,3585,0.5,0.2887556552886963,0.25,0.5,0.75
2789,3583,0.5,0.28875571489334106,0.25,0.5,0.75
2790,3583,0.5,0.28875571489334106,0.25,0.5,0.75
2791,3577,0.5,0.288755863904953,0.25,0.5,0.75
2792,3578,0.5,0.2887558341026306,0.25,0.5,0.7500000149011612
2793,3578,0.5,0.2887558341026306,0.25,0.5,0.7500000149011612
2794,3578,0.5,0.2887558341026306,0.25,0.5,0.7500000149011612
2795,3579,0.5,0.2887558043003082,0.25,0.5,0.75
2796,3577,0.5,0.288755863904953,0.25,0.5,0.75
2797,3580,0.5,0.28875577449798584,0.2500000037252903,0.5,0.75
2798,3580,0.5,0.28875577449798584,0.2500000037252903,0.5,0.75
2799,3581,0.5,0.28875574469566345,0.25,0.5,0.75
2800,3581,0.5,0.28875574469566345,0.25,0.5,0.75
2801,3584,0.5,0.2887556850910187,0.2499999962747097,0.5,0.7499999850988388
2802,3582,0.5,0.28875571489334106,0.2500000037252903,0.5000000149011612,0.7499999850988388
2803,3585,0.5,0.2887556552886963,0.25,0.5,0.75
2804,3586,0.5,0.2887556552886963,0.25,0.5,0.75
2805,3585,0.5,0.2887556552886963,0.25,0.5,0.75
2806,3589,0.5,0.2887555956840515,0.25,0.5,0.75
2807,3590,0.5,0.28875553607940674,0.2499999962747097,0.4999999850988388,0.7500000149011612
2808,3594,0.5,0.28875547647476196,0.2500000037252903,0.5000000149011612,0.7499999850988388
2809,3594,0.5,0.28875547647476196,0.2500000037252903,0.5000000149011612,0.7499999850988388
2810,3594,0.5,0.28875547647476196,0.2500000037252903,0.5000000149011612,0.7499999850988388
2811,3593,0.5,0.28875547647476196,0.25,0.5,0.75
2812,3597,0.5,0.2887554168701172,0.25,0.5,0.75
2813,3600,0.5,0.28875532746315,0.2500000037252903,0.5,0.7500000149011612
2814,3601,0.5,0.28875532746315,0.25,0.5,0.75
2815,3601,0.5,0.28875529766082764,0.25,0.5,0.75
2816,3601,0.5,0.28875532746315,0.25,0.5,0.75
2817,3602,0.5,0.28875529766082764,0.2500000037252903,0.5000000149011612,0.7500000149011612
2818,3602,0.5,0.28875529766082764,0.2500000037252903,0.5000000149011612,0.7500000149011612
2819,3601,0.5,0.28875529766082764,0.25,0.5,0.75
2820,3609,0.5,0.2887551486492157,0.25,0.5,0.75
2821,3607,0.5,0.2887551784515381,0.2500000074505806,0.5,0.75
2822,3608,0.5,0.2887551486492157,0.2500000074505806,0.5000000149011612,0.7499999850988388
2823,3610,0.5,0.2887551188468933,0.2499999962747097,0.4999999850988388,0.7499999850988388
2824,3611,0.5,0.2887550890445709,0.2499999925494194,0.5,0.75
2825,3609,0.5,0.2887551486492157,0.25,0.5,0.75
2826,3608,0.5,0.2887551486492157,0.2500000074505806,0.5000000149011612,0.7499999850988388
2827,3610,0.5,0.2887551188468933,0.2499999962747097,0.4999999850988388,0.7499999850988388
2828,3611,0.5,0.2887550890445709,0.2499999925494194,0.5,0.75
2829,3612,0.5,0.28875505924224854,0.25,0.5,0.7499999850988388
2830,3613,0.5,0.28875505924224854,0.25,0.5,0.75
2831,3612,0.5,0.28875505924224854,0.25,0.5,0.7499999850988388
2832,3614,0.5,0.28875502943992615,0.2499999925494194,0.5,0.75
2833,3615,0.5,0.28875499963760376,0.2499999925494194,0.5,0.75
2834,3614,0.5,0.28875502943992615,0.2499999925494194,0.5,0.75
2835,3617,0.5,0.28875496983528137,0.25,0.5,0.75
2836,3615,0.5,0.28875499963760376,0.2499999925494194,0.5,0.75
2837,3617,0.5,0.28875496983528137,0.25,0.5,0.75
2838,3619,0.5,0.2887549102306366,0.25,0.5,0.75
2839,3617,0.5,0.28875496983528137,0.25,0.5,0.75
2840,3619,0.5,0.2887549102306366,0.25,0.5,0.75
2841,3621,0.5,0.2887548804283142,0.25,0.5,0.75
2842,3617,0.5,0.28875496983528137,0.25,0.5,0.75
2843,3620,0.5,0.2887548804283142,0.25,0.5,0.75
2844,3622,0.5,0.2887548506259918,0.2500000037252903,0.5000000149011612,0.7499999850988388
2845,3619,0.5000000596046448,0.2887549102306366,0.25,0.5,0.75
2846,3621,0.5,0.2887548804283142,0.25,0.5,0.75
2847,3620,0.5,0.2887548804283142,0.25,0.5,0.75
2848,3624,0.5,0.28875479102134705,0.2499999925494194,0.4999999850988388,0.7499999850988388
2849,3628,0.5,0.28875473141670227,0.2500000037252903,0.5,0.7500000149011612
2850,3629,0.5,0.2887546718120575,0.25,0.5,0.75
2851,3632,0.5,0.2887546122074127,0.2499999925494194,0.4999999850988388,0.75
2852,3631,0.4999999701976776,0.2887546420097351,0.25,0.5,0.75
2853,3633,0.5,0.2887546122074127,0.25,0.5,0.75
2854,3635,0.5,0.28875455260276794,0.2500000074505806,0.5,0.75
2855,3629,0.5,0.2887546718120575,0.25,0.5,0.75
2856,3632,0.4999999701976776,0.2887546122074127,0.2499999925494194,0.4999999850988388,0.75
2857,3633,0.5,0.28875458240509033,0.25,0.5,0.75
2858,3647,0.5,0.28875428438186646,0.2500000074505806,0.5,0.75
2859,3650,0.5,0.2887542247772217,0.25,0.5,0.7499999850988388
2860,3653,0.5,0.2887541651725769,0.25,0.5,0.75
2861,3654,0.5,0.2887541353702545,0.2499999962747097,0.4999999850988388,0.7499999850988388
2862,3655,0.5,0.2887541353702545,0.2499999925494194,0.5,0.75
2863,3656,0.5,0.28875410556793213,0.2499999962747097,0.5,0.7499999850988388
2864,3663,0.5,0.2887539267539978,0.2499999925494194,0.5,0.75
2865,3663,0.5,0.2887539565563202,0.2499999925494194,0.5,0.75
2866,3665,0.5,0.2887539267539978,0.25,0.5,0.75
2867,3668,0.5,0.28875383734703064,0.2500000074505806,0.5000000149011612,0.7499999850988388
2868,3677,0.5,0.2887536585330963,0.25,0.5,0.75
2869,3677,0.5,0.2887536585330963,0.25,0.5,0.75
2870,3677,0.5,0.2887536585330963,0.25,0.5,0.75
2871,3679,0.5,0.28875359892845154,0.2500000074505806,0.5,0.75
2872,3681,0.5,0.28875356912612915,0.25,0.5,0.75
2873,3683,0.5,0.28875353932380676,0.2500000074505806,0.5,0.75
2874,3689,0.5,0.2887533903121948,0.25,0.5,0.75
2875,3687,0.5,0.2887534499168396,0.2500000074505806,0.5,0.75
2876,3689,0.5,0.2887533903121948,0.25,0.5,0.75
2877,3690,0.5,0.2887533903121948,0.25,0.5,0.75
2878,3692,0.5,0.28875333070755005,0.2500000074505806,0.5000000149011612,0.7500000149011612
2879,3702,0.4999999701976776,0.28875312209129333,0.2500000037252903,0.5000000149011612,0.7499999850988388
2880,3702,0.5,0.28875312209129333,0.2500000037252903,0.5000000149011612,0.7499999850988388
2881,3704,0.5,0.28875306248664856,0.2499999925494194,0.4999999850988388,0.7499999850988388
2882,3707,0.5,0.28875303268432617,0.25,0.5,0.75
2883,3707,0.5,0.28875303268432617,0.25,0.5,0.75
2884,3708,0.5,0.2887529730796814,0.2500000037252903,0.5,0.7500000149011612
2885,3709,0.5,0.2887529730796814,0.25,0.5,0.75
2886,3715,0.5,0.28875285387039185,0.2499999925494194,0.5,0.75
2887,3718,0.5,0.2887527644634247,0.2499999925494194,0.5,0.7499999850988388
2888,3720,0.5,0.2887527346611023,0.2500000074505806,0.5000000149011612,0.7499999850988388
2889,3724,0.5,0.2887526750564575,0.2499999962747097,0.5,0.7499999850988388
2890,3722,0.5,0.2887527048587799,0.2499999962747097,0.4999999850988388,0.7499999850988388
2891,3740,0.5,0.28875231742858887,0.2500000111758709,0.5000000149011612,0.7499999850988388
2892,3745,0.5,0.2887522280216217,0.25,0.5,0.75
2893,3745,0.5,0.2887522280216217,0.25,0.5,0.75
2894,3748,0.5,0.28875216841697693,0.2500000037252903,0.5,0.7500000149011612
2895,3750,0.5,0.28875210881233215,0.2500000037252903,0.5000000149011612,0.7500000149011612
2896,3750,0.5,0.28875210881233215,0.2500000037252903,0.5000000149011612,0.7500000149011612
2897,3754,0.5,0.2887520492076874,0.2500000074505806,0.5,0.7500000149011612
2898,3758,0.5,0.2887519598007202,0.2499999925494194,0.5,0.7499999850988388
2899,3756,0.5,0.2887519896030426,0.25,0.5,0.75
2900,3760,0.5,0.2887519299983978,0.2500000074505806,0.5000000149011612,0.7499999850988388
2901,3762,0.5,0.28875190019607544,0.2499999962747097,0.4999999850988388,0.7499999850988388
2902,3763,0.5,0.28875187039375305,0.2500000074505806,0.5,0.75
2903,3767,0.5,0.2887517809867859,0.25,0.5,0.75
2904,3771,0.5,0.2887516915798187,0.25,0.5,0.75
2905,3771,0.5,0.2887516915798187,0.25,0.5,0.75
2906,3774,0.5,0.28875163197517395,0.2499999962747097,0.4999999850988388,0.7500000149011612
2907,3779,0.5,0.2887515425682068,0.25,0.5,0.75
2908,3783,0.5,0.2887514531612396,0.25,0.5,0.75
2909,3785,0.5,0.28875142335891724,0.25,0.5,0.75
2910,3787,0.5,0.28875139355659485,0.2499999925494194,0.5,0.75
2911,3792,0.5,0.2887512743473053,0.2500000037252903,0.5,0.7500000149011612
2912,3793,0.5,0.2887512445449829,0.25,0.5,0.75
2913,3796,0.4999999701976776,0.2887512147426605,0.2499999888241291,0.4999999850988388,0.7500000149011612
2914,3800,0.5,0.28875112533569336,0.2499999962747097,0.5,0.75
2915,3811,0.5,0.28875091671943665,0.2499999925494194,0.5,0.75
2916,3812,0.5,0.28875085711479187,0.2499999962747097,0.5,0.7499999850988388
2917,3815,0.5,0.2887508273124695,0.25,0.5,0.75
2918,3818,0.5,0.2887507379055023,0.2500000037252903,0.5000000149011612,0.75
2919,3819,0.5,0.2887507379055023,0.25,0.5,0.75
2920,3818,0.5,0.2887507379055023,0.2500000037252903,0.5000000149011612,0.75
2921,3819,0.5,0.2887507379055023,0.25,0.5,0.75
2922,3820,0.5,0.2887507379055023,0.2500000111758709,0.5000000149011612,0.7500000149011612
2923,3815,0.5,0.2887508273124695,0.25,0.5,0.75
2924,3815,0.5,0.2887508273124695,0.25,0.5,0.75
2925,3817,0.5,0.2887507677078247,0.25,0.5,0.75
2926,3816,0.5,0.2887507975101471,0.2500000037252903,0.5,0.7500000149011612
2927,3813,0.5,0.2887508273124695,0.25,0.5,0.75
2928,3819,0.5,0.2887507379055023,0.25,0.5,0.75
2929,3820,0.5,0.2887507379055023,0.2500000111758709,0.5000000149011612,0.7500000149011612
2930,3819,0.5,0.2887507379055023,0.25,0.5,0.75
2931,3820,0.5,0.28875070810317993,0.2500000111758709,0.5000000149011612,0.7500000149011612
2932,3824,0.5,0.28875064849853516,0.2499999962747097,0.5,0.75
2933,3825,0.5,0.28875061869621277,0.25,0.5,0.75
2934,3825,0.5,0.28875061869621277,0.25,0.5,0.75
2935,3829,0.5,0.288750559091568,0.25,0.5,0.75
2936,3833,0.5,0.28875043988227844,0.25,0.5,0.75
2937,3835,0.5,0.28875041007995605,0.25,0.5,0.75
2938,3843,0.5,0.2887502610683441,0.25,0.5,0.75
2939,3842,0.5,0.2887502610683441,0.25,0.5,0.75
2940,3843,0.5,0.2887502610683441,0.25,0.5,0.75
2941,3842,0.5,0.2887502610683441,0.25,0.5,0.75
2942,3840,0.5,0.2887503206729889,0.2499999962747097,0.5,0.7499999850988388
2943,3843,0.5,0.2887502610683441,0.25,0.5,0.75
2944,3844,0.5,0.2887502610683441,0.2500000037252903,0.5,0.7500000149011612
2945,3848,0.5,0.28875017166137695,0.2500000111758709,0.5000000149011612,0.7500000149011612
2946,3849,0.5,0.28875014185905457,0.25,0.5,0.75
2947,3853,0.5,0.2887500822544098,0.25,0.5,0.75
2948,3853,0.5,0.2887500822544098,0.25,0.5,0.75
2949,3853,0.5,0.2887500822544098,0.25,0.5,0.75
2950,3856,0.5,0.2887499928474426,0.25,0.5,0.75
2951,3858,0.5,0.28874996304512024,0.25,0.5,0.7499999850988388
2952,3857,0.5,0.2887499928474426,0.25,0.5,0.75
2953,3857,0.5,0.2887499928474426,0.25,0.5,0.75
2954,3858,0.5,0.28874996304512024,0.25,0.5,0.7499999850988388
2955,3861,0.5,0.28874990344047546,0.25,0.5,0.75
2956,3862,0.5,0.28874990344047546,0.2500000037252903,0.5000000149011612,0.7499999850988388
2957,3866,0.5,0.2887498140335083,0.2499999962747097,0.4999999850988388,0.7499999850988388
2958,3869,0.5,0.2887497544288635,0.25,0.5,0.75
2959,3870,0.5,0.2887497544288635,0.25,0.5,0.75
2960,3870,0.5,0.2887497544288635,0.25,0.5,0.75
2961,3871,0.5,0.28874972462654114,0.25,0.5,0.75
2962,3875,0.5,0.288749635219574,0.2500000074505806,0.5,0.75
2963,3877,0.5,0.2887496054172516,0.25,0.5,0.75
2964,3881,0.5,0.2887495160102844,0.25,0.5,0.75
2965,3883,0.5,0.28874948620796204,0.25,0.5,0.75
2966,3883,0.5,0.28874948620796204,0.25,0.5,0.75
2967,3886,0.5,0.28874942660331726,0.2500000074505806,0.5,0.7500000149011612
2968,3894,0.5,0.2887492775917053,0.2499999925494194,0.5,0.7499999850988388
2969,3899,0.5,0.28874918818473816,0.25,0.5,0.75
2970,3900,0.5,0.28874915838241577,0.2499999888241291,0.4999999850988388,0.7499999850988388
2971,3905,0.5,0.2887490689754486,0.25,0.5,0.75
2972,3909,0.5,0.28874900937080383,0.25,0.5,0.75
2973,3912,0.5,0.28874894976615906,0.2500000037252903,0.5,0.7500000149011612
2974,3914,0.5,0.2887488901615143,0.2499999925494194,0.5,0.75
2975,3915,0.5,0.2887488901615143,0.2499999925494194,0.5,0.75
2976,3922,0.5,0.28874874114990234,0.2499999962747097,0.4999999850988388,0.7500000149011612
2977,3923,0.5,0.28874871134757996,0.2500000074505806,0.5,0.75
2978,3926,0.5,0.28874868154525757,0.2500000074505806,0.5,0.7500000149011612
2979,3926,0.5,0.28874868154525757,0.2500000074505806,0.5,0.7500000149011612
2980,3930,0.5,0.2887485921382904,0.25,0.5,0.7500000149011612
2981,3931,0.5,0.2887485921382904,0.25,0.5,0.75
2982,3934,0.5,0.28874853253364563,0.25,0.5,0.7499999850988388
2983,3936,0.5,0.28874847292900085,0.2500000037252903,0.5,0.75
2984,3938,0.5,0.28874844312667847,0.2500000037252903,0.5000000149011612,0.7499999850988388
2985,3937,0.5,0.28874847292900085,0.25,0.5,0.75
2986,3942,0.5,0.2887483537197113,0.2500000037252903,0.5000000149011612,0.7499999850988388
2987,3946,0.5,0.2887483239173889,0.2499999962747097,0.4999999850988388,0.7499999850988388
2988,3947,0.5,0.28874829411506653,0.2500000074505806,0.5,0.75
2989,3952,0.5,0.288748174905777,0.2499999962747097,0.5,0.7499999850988388
2990,3954,0.5,0.2887481451034546,0.25,0.5,0.75
2991,3952,0.5,0.28874820470809937,0.2499999962747097,0.5,0.7499999850988388
2992,3951,0.5,0.28874820470809937,0.2499999925494194,0.5,0.75
2993,3942,0.5,0.2887483537197113,0.2500000037252903,0.5000000149011612,0.7499999850988388
2994,3945,0.5,0.2887483239173889,0.25,0.5,0.75
2995,3935,0.5,0.28874850273132324,0.2500000074505806,0.5,0.75
2996,3914,0.5,0.2887488901615143,0.2499999925494194,0.5,0.75
2997,3920,0.5,0.2887488007545471,0.2499999888241291,0.4999999850988388,0.7500000149011612
2998,3921,0.5,0.28874874114990234,0.25,0.5,0.75
2999,3934,0.5,0.28874853253364563,0.25,0.5,0.7499999850988388
3000,3942,0.5,0.2887483537197113,0.2500000037252903,0.5000000149011612,0.7499999850988388
3001,3945,0.5,0.2887483239173889,0.25,0.5,0.75
3002,3950,0.4999999701976776,0.28874823451042175,0.2500000074505806,0.5,0.75
3003,3950,0.5,0.28874823451042175,0.2500000074505806,0.5,0.75
3004,3953,0.5,0.288748174905777,0.25,0.5,0.75
3005,3952,0.5,0.28874820470809937,0.2499999962747097,0.5,0.7499999850988388
3006,3958,0.5,0.2887480854988098,0.25,0.5,0.75
3007,3964,0.5,0.28874796628952026,0.2500000074505806,0.5000000149011612,0.7500000149011612
3008,3964,0.5,0.28874796628952026,0.2500000074505806,0.5000000149011612,0.7500000149011612
3009,3964,0.5,0.28874796628952026,0.2500000074505806,0.5000000149011612,0.7500000149011612
3010,3969,0.5,0.2887478470802307,0.25,0.5,0.75
3011,3975,0.5,0.28874775767326355,0.2500000074505806,0.5,0.75
3012,3979,0.5,0.2887476980686188,0.2500000074505806,0.5,0.75
3013,3978,0.5,0.2887476980686188,0.2499999962747097,0.4999999850988388,0.7500000149011612
3014,3980,0.5,0.2887476682662964,0.2499999962747097,0.5,0.75
3015,3979,0.5,0.2887476980686188,0.2500000074505806,0.5,0.75
3016,3981,0.5,0.2887476682662964,0.25,0.5,0.75
3017,3985,0.5,0.2887475788593292,0.25,0.5,0.75
3018,3988,0.5,0.28874754905700684,0.25,0.5,0.75
3019,3987,0.5,0.28874754905700684,0.25,0.5,0.75
3020,3988,0.5,0.28874754905700684,0.25,0.5,0.75
3021,3990,0.5,0.28874748945236206,0.25,0.5,0.7499999850988388
3022,3991,0.5,0.28874748945236206,0.25,0.5,0.75
3023,3995,0.5,0.2887474000453949,0.2500000074505806,0.5,0.75
3024,3995,0.5,0.2887474000453949,0.2500000074505806,0.5,0.75
3025,3993,0.5,0.2887474298477173,0.25,0.5,0.75
3026,3997,0.5,0.2887473702430725,0.25,0.5,0.75
3027,3996,0.4999999701976776,0.2887473702430725,0.2500000037252903,0.5,0.75
3028,3996,0.5,0.2887473702430725,0.2500000037252903,0.5,0.75
3029,4002,0.5,0.28874728083610535,0.2500000037252903,0.5000000149011612,0.7499999850988388
3030,4006,0.5,0.2887471914291382,0.2500000037252903,0.5000000149011612,0.7499999850988388
3031,4007,0.5,0.2887471914291382,0.25,0.5,0.75
3032,4013,0.5,0.28874707221984863,0.25,0.5,0.75
3033,4019,0.5,0.28874698281288147,0.2500000074505806,0.5,0.75
3034,4022,0.5,0.2887469232082367,0.2500000074505806,0.5,0.75
3035,4024,0.5,0.2887468934059143,0.2499999962747097,0.5,0.7499999850988388
3036,4029,0.4999999701976776,0.28874677419662476,0.25,0.5,0.75
3037,4030,0.5,0.28874677419662476,0.25,0.5,0.75
3038,4031,0.5,0.28874674439430237,0.25,0.5,0.75
3039,4033,0.4999999701976776,0.28874671459198,0.25,0.5,0.75
3040,4036,0.5,0.2887466847896576,0.25,0.5,0.7500000149011612
3041,4039,0.5,0.2887466251850128,0.25,0.5,0.75
3042,4041,0.5,0.28874656558036804,0.25,0.5,0.75
3043,4044,0.5,0.28874653577804565,0.2500000037252903,0.5,0.7500000149011612
3044,4048,0.5,0.2887464761734009,0.2500000037252903,0.5,0.7500000149011612
3045,4050,0.5,0.2887464165687561,0.2499999925494194,0.5,0.75
3046,4051,0.5,0.2887464165687561,0.2500000074505806,0.5,0.75
3047,4057,0.5,0.28874632716178894,0.25,0.5,0.75
3048,4056,0.5,0.28874632716178894,0.2500000074505806,0.5000000149011612,0.7500000149011612
3049,4060,0.5,0.2887462377548218,0.2500000074505806,0.5000000149011612,0.7500000149011612
3050,4064,0.5,0.288746178150177,0.2500000074505806,0.5000000149011612,0.7500000149011612
3051,4069,0.5,0.28874608874320984,0.25,0.5,0.75
3052,4070,0.5,0.28874605894088745,0.2500000037252903,0.5000000149011612,0.7500000149011612
3053,4070,0.5,0.28874605894088745,0.2500000037252903,0.5000000149011612,0.7500000149011612
3054,4074,0.5,0.2887459993362427,0.2500000037252903,0.5000000149011612,0.7500000149011612
3055,4078,0.5,0.2887459397315979,0.2500000037252903,0.5000000149011612,0.7500000149011612
3056,4081,0.5,0.2887458801269531,0.25,0.5,0.75
3057,4084,0.5000000596046448,0.28874582052230835,0.2500000111758709,0.5000000149011612,0.7500000149011612
3058,4086,0.5,0.28874579071998596,0.2500000037252903,0.5000000149011612,0.7500000149011612
3059,4087,0.5,0.2887457609176636,0.25,0.5,0.75
3060,4090,0.5,0.2887457311153412,0.2500000037252903,0.5000000149011612,0.7500000149011612
3061,4089,0.5,0.2887457311153412,0.25,0.5,0.75
3062,4090,0.4999999701976776,0.2887457311153412,0.2500000037252903,0.5000000149011612,0.7500000149011612
3063,4096,0.5,0.288745641708374,0.2500000111758709,0.5000000149011612,0.7500000149011612
3064,4099,0.5,0.28874558210372925,0.25,0.5,0.75
3065,4097,0.5,0.28874561190605164,0.25,0.5,0.75
3066,4101,0.5,0.28874555230140686,0.25,0.5,0.75
3067,4107,0.5,0.2887454330921173,0.25,0.5,0.75
3068,4110,0.5,0.28874537348747253,0.2500000037252903,0.5000000149011612,0.7500000149011612
3069,4110,0.5,0.28874537348747253,0.2500000037252903,0.5000000149011612,0.7500000149011612
3070,4110,0.5,0.28874537348747253,0.2500000037252903,0.5000000149011612,0.7500000149011612
3071,4114,0.5,0.28874531388282776,0.2500000037252903,0.5000000149011612,0.7500000149011612
3072,4117,0.5,0.288745254278183,0.25,0.5,0.75
3073,4120,0.5,0.2887452244758606,0.2500000111758709,0.5000000149011612,0.7500000149011612
3074,4119,0.5,0.2887452244758606,0.25,0.5,0.75
3075,4119,0.5,0.2887452244758606,0.25,0.5,0.75
3076,4125,0.5,0.28874510526657104,0.25,0.5,0.75
3077,4126,0.5,0.28874510526657104,0.2500000037252903,0.5000000149011612,0.7500000149011612
3078,4133,0.5,0.2887449860572815,0.25,0.5,0.75
3079,4131,0.5,0.2887450158596039,0.2499999925494194,0.5,0.75
3080,4131,0.5,0.2887450158596039,0.2499999925494194,0.5,0.75
3081,4131,0.5,0.2887450158596039,0.2499999925494194,0.5,0.75
3082,4133,0.5,0.2887449860572815,0.25,0.5,0.75
3083,4134,0.5,0.2887449562549591,0.2500000037252903,0.5000000149011612,0.7500000149011612
3084,4135,0.5,0.2887449562549591,0.2499999925494194,0.5,0.75
3085,4139,0.5,0.28874489665031433,0.2499999925494194,0.5,0.75
3086,4142,0.5,0.28874483704566956,0.2500000037252903,0.5000000149011612,0.75
3087,4144,0.5,0.28874480724334717,0.2500000037252903,0.5,0.7500000149011612
3088,4149,0.5,0.28874471783638,0.25,0.5,0.75
3089,4150,0.5,0.2887446880340576,0.25,0.5,0.75
3090,4148,0.5,0.2887447476387024,0.2500000037252903,0.5,0.7500000149011612
3091,4148,0.5,0.2887447476387024,0.2500000037252903,0.5,0.7500000149011612
3092,4150,0.5,0.28874471783638,0.25,0.5,0.75
3093,4155,0.5,0.28874462842941284,0.25,0.5,0.75
3094,4157,0.5,0.28874459862709045,0.25,0.5,0.75
3095,4158,0.5,0.28874456882476807,0.25,0.5,0.75
3096,4161,0.5,0.2887445092201233,0.25,0.5,0.75
3097,4163,0.5,0.2887444794178009,0.25,0.5,0.75
3098,4166,0.5,0.2887444496154785,0.25,0.5,0.75
3099,4167,0.5,0.28874441981315613,0.25,0.5,0.75
3100,4184,0.5,0.28874412178993225,0.2499999925494194,0.4999999850988388,0.7499999850988388
3101,4189,0.5,0.2887440621852875,0.25,0.5,0.75
3102,4191,0.5,0.2887440025806427,0.25,0.5,0.75
3103,4192,0.5,0.2887440025806427,0.2500000111758709,0.5000000149011612,0.7499999850988388
3104,4194,0.5,0.2887439727783203,0.2500000037252903,0.5000000149011612,0.7499999850988388
3105,4194,0.5,0.2887439727783203,0.2500000037252903,0.5000000149011612,0.7499999850988388
3106,4201,0.5,0.28874385356903076,0.25,0.5,0.75
3107,4200,0.5,0.28874385356903076,0.2500000037252903,0.5,0.75
3108,4200,0.5,0.28874385356903076,0.2500000037252903,0.5,0.75
3109,4204,0.5,0.2887438237667084,0.2500000037252903,0.5,0.75
3110,4204,0.5,0.2887438237667084,0.2500000037252903,0.5,0.75
3111,4208,0.5,0.2887437343597412,0.25,0.5,0.75
3112,4208,0.5,0.2887437343597412,0.25,0.5,0.75
3113,4212,0.5,0.28874367475509644,0.25,0.5,0.75
3114,4217,0.5,0.28874361515045166,0.25,0.5,0.75
3115,4220,0.5,0.2887435555458069,0.2499999925494194,0.4999999850988388,0.75
3116,4225,0.5,0.2887434661388397,0.25,0.5,0.75
3117,4226,0.5,0.28874343633651733,0.2499999962747097,0.4999999850988388,0.7500000149011612
3118,4227,0.5,0.28874343633651733,0.25,0.5,0.75
3119,4229,0.5,0.28874340653419495,0.25,0.5,0.75
3120,4232,0.5,0.28874334692955017,0.2500000074505806,0.5000000149011612,0.7500000149011612
3121,4238,0.5,0.288743257522583,0.25,0.5,0.75
3122,4236,0.5,0.2887432873249054,0.2500000037252903,0.5,0.7500000149011612
3123,4235,0.5,0.2887433171272278,0.2499999925494194,0.5,0.75
3124,4233,0.5,0.28874334692955017,0.25,0.5,0.75
3125,4237,0.5,0.2887432873249054,0.25,0.5,0.75
3126,4244,0.5,0.28874316811561584,0.25,0.5,0.7499999850988388
3127,4244,0.5,0.28874316811561584,0.25,0.5,0.7499999850988388
3128,4248,0.5,0.28874310851097107,0.2499999962747097,0.5,0.7499999850988388
3129,4251,0.5,0.2887430489063263,0.2500000074505806,0.5,0.75
3130,4254,0.5,0.2887429893016815,0.2499999962747097,0.4999999850988388,0.7499999850988388
3131,4256,0.5,0.28874295949935913,0.2499999888241291,0.4999999850988388,0.7499999850988388
3132,4257,0.5,0.28874295949935913,0.25,0.5,0.75
3133,4257,0.5,0.28874295949935913,0.25,0.5,0.75
3134,4261,0.5,0.28874289989471436,0.25,0.5,0.75
3135,4259,0.5,0.28874292969703674,0.25,0.5,0.75
3136,4261,0.5,0.28874287009239197,0.25,0.5,0.75
3137,4261,0.5,0.28874287009239197,0.25,0.5,0.75
3138,4263,0.5,0.28874287009239197,0.2499999925494194,0.5,0.75
3139,4267,0.5,0.2887427806854248,0.25,0.5,0.75
3140,4267,0.5,0.2887427806854248,0.25,0.5,0.75
3141,4268,0.5,0.2887427806854248,0.25,0.5,0.75
3142,4270,0.5,0.2887427508831024,0.25,0.5,0.7500000149011612
3143,4272,0.5,0.28874272108078003,0.2499999962747097,0.5,0.75
3144,4274,0.5,0.28874269127845764,0.25,0.5,0.7500000149011612
3145,4278,0.5,0.2887426018714905,0.2499999962747097,0.4999999850988388,0.7500000149011612
3146,4279,0.5,0.2887426018714905,0.2500000074505806,0.5,0.75
3147,4283,0.5,0.2887425422668457,0.25,0.5,0.75
3148,4282,0.5,0.2887425720691681,0.2499999962747097,0.4999999850988388,0.7500000149011612
3149,4284,0.5,0.2887425124645233,0.2500000111758709,0.5000000149011612,0.7500000149011612
3150,4287,0.5000000596046448,0.2887424826622009,0.2499999925494194,0.5,0.75
3151,4290,0.5,0.28874242305755615,0.25,0.5,0.75
3152,4291,0.5,0.28874242305755615,0.25,0.5,0.75
3153,4291,0.5,0.28874242305755615,0.25,0.5,0.75
3154,4297,0.5,0.2887423038482666,0.25,0.5,0.75
3155,4298,0.5,0.2887423038482666,0.2500000074505806,0.5,0.75
3156,4300,0.5,0.2887422740459442,0.2499999925494194,0.4999999850988388,0.7499999850988388
3157,4300,0.5,0.2887422740459442,0.2499999925494194,0.4999999850988388,0.7499999850988388
3158,4302,0.5,0.2887422442436218,0.2499999962747097,0.4999999850988388,0.7499999850988388
3159,4306,0.5,0.28874218463897705,0.2500000037252903,0.5000000149011612,0.7499999850988388
3160,4307,0.5,0.28874218463897705,0.25,0.5,0.75
