window,split,time,baseline,method,baseline_ic,correction_ic,candidate_ic,delta,confidence,mean_neighbor_distance,fingerprint_std,min_library_time,max_library_time,library_cutoff_exclusive
fold_1,train,1459,exp016_static_strict_oof_proxy,retrieval,0.13392218305935608,0.059432291451308156,0.13194335569608842,-0.0019788273632676545,-3.489370808005333,3.4058914184570312,0.0834793895483017,1135,1458,1459
fold_1,train,1459,exp016_static_strict_oof_proxy,recent,0.13392218305935608,-0.04505705069172233,0.12798046397906326,-0.005941719080292812,nan,nan,0.0938834473490715,1427,1458,1459
fold_1,train,1459,exp016_static_strict_oof_proxy,random,0.13392218305935608,0.08770357904899682,0.13493866388133413,0.0010164808219780552,nan,nan,0.08714628219604492,502,1443,1459
fold_1,train,1460,exp016_static_strict_oof_proxy,retrieval,0.07061800417429077,0.037345314589718404,0.07064970677622279,3.1702601932012686e-05,-3.950179360806942,3.875023126602173,0.07515623420476913,541,1452,1459
fold_1,train,1460,exp016_static_strict_oof_proxy,recent,0.07061800417429077,-0.2866929351968213,0.03925530296869474,-0.03136270120559603,nan,nan,0.0938834473490715,1427,1458,1459
fold_1,train,1460,exp016_static_strict_oof_proxy,random,0.07061800417429077,0.1824372087552846,0.08551085354763327,0.014892849373342495,nan,nan,0.08486498892307281,495,1450,1459
fold_1,train,1461,exp016_static_strict_oof_proxy,retrieval,0.0713222172137768,0.19308300955186336,0.08841040551876184,0.01708818830498504,-4.580600179731846,4.494307518005371,0.08629266172647476,542,1454,1459
fold_1,train,1461,exp016_static_strict_oof_proxy,recent,0.0713222172137768,-0.37346839725294767,0.031598578113320404,-0.03972363910045639,nan,nan,0.0938834473490715,1427,1458,1459
fold_1,train,1461,exp016_static_strict_oof_proxy,random,0.0713222172137768,0.3171164404169785,0.10167462634504372,0.030352409131266925,nan,nan,0.08394524455070496,489,1446,1459
fold_1,train,1462,exp016_static_strict_oof_proxy,retrieval,-0.0700034482669515,-0.07307574231798407,-0.07308168392098359,-0.003078235654032091,-2.927460603415966,2.849575996398926,0.07788460701704025,486,1451,1459
fold_1,train,1462,exp016_static_strict_oof_proxy,recent,-0.0700034482669515,-0.36321818101974135,-0.10761269420854368,-0.03760924594159218,nan,nan,0.0938834473490715,1427,1458,1459
fold_1,train,1462,exp016_static_strict_oof_proxy,random,-0.0700034482669515,0.06334919313399526,-0.05995677207685494,0.010046676190096561,nan,nan,0.07050459086894989,528,1351,1459
fold_1,train,1463,exp016_static_strict_oof_proxy,retrieval,-0.015877558070779257,0.01040818061804592,-0.013034454903843124,0.002843103166936133,-2.756452888250351,2.6801955699920654,0.07625731825828552,976,1422,1459
fold_1,train,1463,exp016_static_strict_oof_proxy,recent,-0.015877558070779257,-0.26547747725055953,-0.04358629004949072,-0.02770873197871146,nan,nan,0.0938834473490715,1427,1458,1459
fold_1,train,1463,exp016_static_strict_oof_proxy,random,-0.015877558070779257,-0.062317300329380695,-0.020341347035826057,-0.004463788965046799,nan,nan,0.08569293469190598,496,1428,1459
fold_1,train,1464,exp016_static_strict_oof_proxy,retrieval,0.11128109475496713,0.09809804032680045,0.11583805100142058,0.004556956246453456,-2.9591278359293938,2.8743176460266113,0.08481018990278244,794,1452,1459
fold_1,train,1464,exp016_static_strict_oof_proxy,recent,0.11128109475496713,-0.39471600800061185,0.06936334189955566,-0.041917752855411466,nan,nan,0.0938834473490715,1427,1458,1459
fold_1,train,1464,exp016_static_strict_oof_proxy,random,0.11128109475496713,0.25289066959179207,0.13125725462196194,0.019976159866994816,nan,nan,0.07598043978214264,493,1436,1459
fold_1,train,1465,exp016_static_strict_oof_proxy,retrieval,0.045402505147181894,0.029978388289900453,0.04471522518491287,-0.0006872799622690273,-3.0427482575178146,2.9666361808776855,0.07611207664012909,984,1452,1459
fold_1,train,1465,exp016_static_strict_oof_proxy,recent,0.045402505147181894,-0.20379967502705545,0.022947920243338006,-0.02245458490384389,nan,nan,0.0938834473490715,1427,1458,1459
fold_1,train,1465,exp016_static_strict_oof_proxy,random,0.045402505147181894,0.1065287984646716,0.05304000141551394,0.007637496268332045,nan,nan,0.08186181634664536,505,1398,1459
fold_1,train,1466,exp016_static_strict_oof_proxy,retrieval,0.20173704789785943,0.25916922213838645,0.21368122235244066,0.011944174454581236,-9.995635598897934,9.899932861328125,0.09570273756980896,582,1457,1459
fold_1,train,1466,exp016_static_strict_oof_proxy,recent,0.20173704789785943,-0.04760616113321877,0.1931875512230793,-0.008549496674780138,nan,nan,0.0938834473490715,1427,1458,1459
fold_1,train,1466,exp016_static_strict_oof_proxy,random,0.20173704789785943,0.14816386072887822,0.20358515906716307,0.00184811116930364,nan,nan,0.06962656229734421,493,1417,1459
fold_1,train,1467,exp016_static_strict_oof_proxy,retrieval,0.24862827368986057,0.16456605979559705,0.2501642566444152,0.0015359829545546488,-5.825178042054176,5.7273759841918945,0.0978020578622818,486,1458,1459
fold_1,train,1467,exp016_static_strict_oof_proxy,recent,0.24862827368986057,0.006199565212030009,0.24406375698129867,-0.004564516708561894,nan,nan,0.0938834473490715,1427,1458,1459
fold_1,train,1467,exp016_static_strict_oof_proxy,random,0.24862827368986057,0.1976968865402424,0.25187158329483317,0.0032433096049725996,nan,nan,0.08120501786470413,495,1426,1459
fold_1,train,1468,exp016_static_strict_oof_proxy,retrieval,0.21253995204643145,0.10405449977891568,0.21075591436218968,-0.0017840376842417627,-3.9248271211981773,3.8463478088378906,0.07847931236028671,688,1452,1459
fold_1,train,1468,exp016_static_strict_oof_proxy,recent,0.21253995204643145,-0.11569494233214428,0.1966447564245226,-0.01589519562190886,nan,nan,0.0938834473490715,1427,1458,1459
fold_1,train,1468,exp016_static_strict_oof_proxy,random,0.21253995204643145,0.18060425865873478,0.2174309267606725,0.004890974714241048,nan,nan,0.08769955486059189,489,1437,1459
fold_1,train,1469,exp016_static_strict_oof_proxy,retrieval,0.25703781818351434,0.1904553174449576,0.25880603792761886,0.0017682197441045155,-3.4017189219594,3.3224167823791504,0.07930213958024979,980,1458,1459
fold_1,train,1469,exp016_static_strict_oof_proxy,recent,0.25703781818351434,-0.021934839971891204,0.24746760544352941,-0.009570212739984929,nan,nan,0.0938834473490715,1427,1458,1459
fold_1,train,1469,exp016_static_strict_oof_proxy,random,0.25703781818351434,0.2064464522902867,0.2631804091534654,0.006142590969951067,nan,nan,0.07366254180669785,499,1426,1459
fold_1,train,1470,exp016_static_strict_oof_proxy,retrieval,0.25873764146493167,0.23245856259461964,0.26485039538214783,0.006112753917216163,-3.126612149178982,3.051987648010254,0.07462450116872787,1140,1458,1459
fold_1,train,1470,exp016_static_strict_oof_proxy,recent,0.25873764146493167,-0.08387068241200851,0.24296815545797135,-0.01576948600696032,nan,nan,0.0938834473490715,1427,1458,1459
fold_1,train,1470,exp016_static_strict_oof_proxy,random,0.25873764146493167,0.2965173668805703,0.2716106323114257,0.012872990846494015,nan,nan,0.08142808079719543,528,1456,1459
fold_1,train,1471,exp016_static_strict_oof_proxy,retrieval,0.15577965590920484,-0.05179439699105102,0.1426569856686612,-0.013122670240543644,-3.486721023917198,3.4092509746551514,0.07747004926204681,510,1458,1459
fold_1,train,1471,exp016_static_strict_oof_proxy,recent,0.15577965590920484,-0.20128297359368147,0.1307553886525865,-0.025024267256618327,nan,nan,0.0938834473490715,1427,1458,1459
fold_1,train,1471,exp016_static_strict_oof_proxy,random,0.15577965590920484,0.24156906187448574,0.1699599510105441,0.014180295101339252,nan,nan,0.08591479063034058,492,1448,1459
fold_1,train,1472,exp016_static_strict_oof_proxy,retrieval,0.10366285210316364,0.07099549644719844,0.10427916573605958,0.0006163136328959373,-3.928135208785534,3.8525590896606445,0.07557611912488937,981,1458,1459
fold_1,train,1472,exp016_static_strict_oof_proxy,recent,0.10366285210316364,-0.053311906711507304,0.09529501575369312,-0.008367836349470525,nan,nan,0.0938834473490715,1427,1458,1459
fold_1,train,1472,exp016_static_strict_oof_proxy,random,0.10366285210316364,0.10617459769109004,0.10800582050891235,0.004342968405748701,nan,nan,0.07776577770709991,533,1427,1459
fold_1,train,1473,exp016_static_strict_oof_proxy,retrieval,0.08031064666404168,0.00338149786832212,0.07572482044717205,-0.0045858262168696345,-3.378731891512871,3.2991435527801514,0.07958833873271942,1128,1458,1459
fold_1,train,1473,exp016_static_strict_oof_proxy,recent,0.08031064666404168,-0.070108610270701,0.07106568665638292,-0.009244960007658759,nan,nan,0.0938834473490715,1427,1458,1459
fold_1,train,1473,exp016_static_strict_oof_proxy,random,0.08031064666404168,0.04222634527707719,0.0800770281375977,-0.00023361852644397663,nan,nan,0.08730565756559372,549,1410,1459
fold_1,train,1474,exp016_static_strict_oof_proxy,retrieval,0.05113882033275059,0.04151502424847421,0.05322892275577106,0.0020901024230204693,-4.032755181193352,3.944766044616699,0.08798913657665253,530,1458,1459
fold_1,train,1474,exp016_static_strict_oof_proxy,recent,0.05113882033275059,-0.18449352346330986,0.032545613601351754,-0.01859320673139884,nan,nan,0.0938834473490715,1427,1458,1459
fold_1,train,1474,exp016_static_strict_oof_proxy,random,0.05113882033275059,0.0751272148674511,0.0558847018236063,0.004745881490855711,nan,nan,0.08324600011110306,487,1445,1459
fold_1,train,1475,exp016_static_strict_oof_proxy,retrieval,0.0944982891469608,0.08281785938291827,0.09666798115896165,0.0021696920120008456,-3.515887163579464,3.4466309547424316,0.06925620883703232,542,1430,1459
fold_1,train,1475,exp016_static_strict_oof_proxy,recent,0.0944982891469608,-0.05952674859580667,0.08609770914861617,-0.008400579998344634,nan,nan,0.0938834473490715,1427,1458,1459
fold_1,train,1475,exp016_static_strict_oof_proxy,random,0.0944982891469608,0.0918491537201548,0.09781987735144405,0.00332158820448325,nan,nan,0.06983260810375214,497,1414,1459
fold_1,train,1476,exp016_static_strict_oof_proxy,retrieval,0.08131799738811157,0.009375768538461686,0.07623422723603526,-0.005083770152076311,-5.958300404250622,5.863608360290527,0.09469204396009445,496,1457,1459
fold_1,train,1476,exp016_static_strict_oof_proxy,recent,0.08131799738811157,-0.006085296677414447,0.07875625350008238,-0.002561743888029197,nan,nan,0.0938834473490715,1427,1458,1459
fold_1,train,1476,exp016_static_strict_oof_proxy,random,0.08131799738811157,0.01726404993081323,0.07778140284040398,-0.0035365945477075916,nan,nan,0.08420947194099426,562,1448,1459
fold_1,train,1477,exp016_static_strict_oof_proxy,retrieval,0.022914693382804614,-0.08330705492522784,0.012714477692512851,-0.010200215690291763,-3.0302468985319138,2.953193187713623,0.07705371081829071,486,1451,1459
fold_1,train,1477,exp016_static_strict_oof_proxy,recent,0.022914693382804614,-0.05195841290080542,0.016696567013502972,-0.006218126369301642,nan,nan,0.0938834473490715,1427,1458,1459
fold_1,train,1477,exp016_static_strict_oof_proxy,random,0.022914693382804614,-0.08922244297363639,0.012075251820652864,-0.01083944156215175,nan,nan,0.0949932187795639,572,1451,1459
fold_1,train,1478,exp016_static_strict_oof_proxy,retrieval,-0.019604475796580558,-0.01476138487749282,-0.02088159520136442,-0.0012771194047838628,-2.681228570640087,2.6117711067199707,0.06945746392011642,984,1430,1459
fold_1,train,1478,exp016_static_strict_oof_proxy,recent,-0.019604475796580558,-0.04192890092085809,-0.024626293909540548,-0.005021818112959989,nan,nan,0.0938834473490715,1427,1458,1459
fold_1,train,1478,exp016_static_strict_oof_proxy,random,-0.019604475796580558,0.04818899055233253,-0.013707421923782572,0.005897053872797986,nan,nan,0.07788855582475662,520,1452,1459
fold_1,train,1479,exp016_static_strict_oof_proxy,retrieval,0.042815372624866295,-0.026539509709821087,0.03669612809963105,-0.006119244525235247,-4.272675961256027,4.188584804534912,0.08409115672111511,1129,1458,1459
fold_1,train,1479,exp016_static_strict_oof_proxy,recent,0.042815372624866295,-0.005401585764397228,0.0414821439493149,-0.0013332286755513983,nan,nan,0.0938834473490715,1427,1458,1459
fold_1,train,1479,exp016_static_strict_oof_proxy,random,0.042815372624866295,-0.026603792354635024,0.03678263396261208,-0.006032738662254213,nan,nan,0.06998372822999954,492,1427,1459
fold_1,train,1480,exp016_static_strict_oof_proxy,retrieval,0.1311254353483678,0.04870681469952435,0.12576318483178434,-0.0053622505165834555,-3.6633756905794144,3.591458320617676,0.07191736996173859,541,1454,1459
fold_1,train,1480,exp016_static_strict_oof_proxy,recent,0.1311254353483678,0.0916872499787721,0.13543054881258956,0.0043051134642217714,nan,nan,0.0938834473490715,1427,1458,1459
fold_1,train,1480,exp016_static_strict_oof_proxy,random,0.1311254353483678,0.043838937631860066,0.12550189482911764,-0.005623540519250153,nan,nan,0.07681496441364288,508,1456,1459
fold_1,train,1481,exp016_static_strict_oof_proxy,retrieval,-0.016040272757883424,-0.06399900803624282,-0.022276598544117863,-0.0062363257862344396,-3.336088612675667,3.2448787689208984,0.09120984375476837,803,1452,1459
fold_1,train,1481,exp016_static_strict_oof_proxy,recent,-0.016040272757883424,-0.04801548801425543,-0.021633534405795227,-0.005593261647911803,nan,nan,0.0938834473490715,1427,1458,1459
fold_1,train,1481,exp016_static_strict_oof_proxy,random,-0.016040272757883424,-0.050888652703693825,-0.020885346936333194,-0.00484507417844977,nan,nan,0.07819981127977371,499,1455,1459
fold_1,train,1482,exp016_static_strict_oof_proxy,retrieval,-0.013392611843914631,-0.033376006877003976,-0.015909978529357972,-0.002517366685443341,-2.8972406834363937,2.816283702850342,0.08095698058605194,504,1420,1459
fold_1,train,1482,exp016_static_strict_oof_proxy,recent,-0.013392611843914631,-0.11706491423925727,-0.02461384854277297,-0.011221236698858338,nan,nan,0.0938834473490715,1427,1458,1459
fold_1,train,1482,exp016_static_strict_oof_proxy,random,-0.013392611843914631,-0.03161477624595495,-0.015617548685234777,-0.0022249368413201458,nan,nan,0.07832779735326767,491,1444,1459
fold_1,train,1483,exp016_static_strict_oof_proxy,retrieval,0.08198260440717767,0.0649030851154714,0.08306347505525366,0.0010808706480759933,-2.596850246191025,2.5180935859680176,0.0787566602230072,794,1427,1459
fold_1,train,1483,exp016_static_strict_oof_proxy,recent,0.08198260440717767,-0.008683961345753484,0.0784225604813279,-0.0035600439258497707,nan,nan,0.0938834473490715,1427,1458,1459
fold_1,train,1483,exp016_static_strict_oof_proxy,random,0.08198260440717767,0.06472571192251728,0.08325347892381314,0.0012708745166354757,nan,nan,0.08710240572690964,516,1452,1459
fold_1,train,1484,exp016_static_strict_oof_proxy,retrieval,0.13069449015057208,0.1338813440920529,0.13523101323136524,0.0045365230807931645,-2.6278359815478325,2.5559134483337402,0.07192253321409225,984,1429,1459
fold_1,train,1484,exp016_static_strict_oof_proxy,recent,0.13069449015057208,0.08535120257806662,0.1360976379490865,0.005403147798514418,nan,nan,0.0938834473490715,1427,1458,1459
fold_1,train,1484,exp016_static_strict_oof_proxy,random,0.13069449015057208,0.05748292995157547,0.12864336931735862,-0.00205112083321346,nan,nan,0.08438149839639664,510,1448,1459
fold_1,train,1485,exp016_static_strict_oof_proxy,retrieval,0.08264419681981483,0.14116207825664373,0.0903656738728955,0.007721477053080669,-3.145906984806061,3.0782244205474854,0.06768256425857544,980,1434,1459
fold_1,train,1485,exp016_static_strict_oof_proxy,recent,0.08264419681981483,0.05995473470027589,0.08577748443819183,0.003133287618377001,nan,nan,0.0938834473490715,1427,1458,1459
fold_1,train,1485,exp016_static_strict_oof_proxy,random,0.08264419681981483,0.10589664013479011,0.08746758166609934,0.004823384846284515,nan,nan,0.07939743250608444,538,1429,1459
fold_1,train,1486,exp016_static_strict_oof_proxy,retrieval,0.014253218342801447,0.0487671600674156,0.018176187528574115,0.003922969185772668,-2.9438725262880325,2.8810315132141113,0.0628410130739212,1011,1429,1459
fold_1,train,1486,exp016_static_strict_oof_proxy,recent,0.014253218342801447,0.025611783756441905,0.016890034691123677,0.0026368163483222306,nan,nan,0.0938834473490715,1427,1458,1459
fold_1,train,1486,exp016_static_strict_oof_proxy,random,0.014253218342801447,0.03308794085316917,0.01659533156298301,0.002342113220181562,nan,nan,0.077664315700531,535,1438,1459
fold_1,train,1487,exp016_static_strict_oof_proxy,retrieval,0.08724158988160297,0.15583254238590216,0.09659727718310177,0.0093556873014988,-2.820417195558548,2.7524805068969727,0.06793668866157532,980,1429,1459
fold_1,train,1487,exp016_static_strict_oof_proxy,recent,0.08724158988160297,-0.013848134713177232,0.08409865681960003,-0.003142933062002931,nan,nan,0.0938834473490715,1427,1458,1459
fold_1,train,1487,exp016_static_strict_oof_proxy,random,0.08724158988160297,0.1325276418346371,0.09465952047450545,0.00741793059290248,nan,nan,0.08186562359333038,526,1435,1459
fold_1,train,1488,exp016_static_strict_oof_proxy,retrieval,0.03139232194339638,0.10377295702954976,0.04016500898987874,0.008772687046482354,-3.168880596756935,3.097040891647339,0.07183970510959625,1059,1452,1459
fold_1,train,1488,exp016_static_strict_oof_proxy,recent,0.03139232194339638,-0.06345103227626986,0.025497687665787624,-0.005894634277608758,nan,nan,0.0938834473490715,1427,1458,1459
fold_1,train,1488,exp016_static_strict_oof_proxy,random,0.03139232194339638,0.10228986099164752,0.039122152014668315,0.007729830071271933,nan,nan,0.0790373831987381,501,1403,1459
fold_1,train,1489,exp016_static_strict_oof_proxy,retrieval,0.051482849027951895,0.1159864389564118,0.05934697169674902,0.007864122668797123,-2.9054410606622696,2.8401646614074707,0.06527639925479889,540,1434,1459
fold_1,train,1489,exp016_static_strict_oof_proxy,recent,0.051482849027951895,-0.1030044691207092,0.039632969242355584,-0.011849879785596311,nan,nan,0.0938834473490715,1427,1458,1459
fold_1,train,1489,exp016_static_strict_oof_proxy,random,0.051482849027951895,0.1804993154983733,0.06728092555848182,0.015798076530529927,nan,nan,0.08666453510522842,487,1430,1459
fold_1,train,1490,exp016_static_strict_oof_proxy,retrieval,0.15005512639296137,0.19270659472816096,0.15861733453660973,0.008562208143648359,-2.6604252830147743,2.59592866897583,0.06449661403894424,1350,1434,1459
fold_1,train,1490,exp016_static_strict_oof_proxy,recent,0.15005512639296137,-0.11532186234523595,0.13309534558489078,-0.01695978080807059,nan,nan,0.0938834473490715,1427,1458,1459
fold_1,train,1490,exp016_static_strict_oof_proxy,random,0.15005512639296137,0.24085961608614467,0.16519173699563602,0.015136610602674655,nan,nan,0.07853693515062332,506,1441,1459
fold_1,train,1491,exp016_static_strict_oof_proxy,retrieval,0.19161004883546698,0.0980874573012924,0.19093194276365213,-0.0006781060718148435,-4.722789034247398,4.641510009765625,0.08127902448177338,1136,1456,1459
fold_1,train,1491,exp016_static_strict_oof_proxy,recent,0.19161004883546698,-0.02971102331475221,0.18301332377370544,-0.00859672506176154,nan,nan,0.0938834473490715,1427,1458,1459
fold_1,train,1491,exp016_static_strict_oof_proxy,random,0.19161004883546698,0.1998635589049335,0.2010566148414736,0.00944656600600663,nan,nan,0.0796152725815773,501,1415,1459
fold_1,train,1492,exp016_static_strict_oof_proxy,retrieval,0.23542841807990755,0.13016669493202676,0.2327860828042373,-0.00264233527567026,-4.11316691339016,4.028646945953369,0.08451996743679047,1136,1458,1459
fold_1,train,1492,exp016_static_strict_oof_proxy,recent,0.23542841807990755,-0.03874019517097689,0.22380105178449408,-0.011627366295413472,nan,nan,0.0938834473490715,1427,1458,1459
fold_1,train,1492,exp016_static_strict_oof_proxy,random,0.23542841807990755,0.23103588313472503,0.2427884475186226,0.0073600294387150544,nan,nan,0.08746757358312607,514,1456,1459
fold_1,train,1493,exp016_static_strict_oof_proxy,retrieval,0.23191993263353056,0.11379200430728567,0.22998687015841077,-0.00193306247511979,-3.5323326364159584,3.45292592048645,0.07940671592950821,980,1458,1459
fold_1,train,1493,exp016_static_strict_oof_proxy,recent,0.23191993263353056,0.04557634437856506,0.22752614100378996,-0.004393791629740601,nan,nan,0.0938834473490715,1427,1458,1459
fold_1,train,1493,exp016_static_strict_oof_proxy,random,0.23191993263353056,0.1469049696649281,0.23172446519971723,-0.00019546743381332332,nan,nan,0.080523282289505,488,1409,1459
fold_1,train,1494,exp016_static_strict_oof_proxy,retrieval,0.2605237985085388,0.14851855849973955,0.26078234755160407,0.0002585490430652704,-3.756393626332283,3.6646578311920166,0.09173579514026642,1139,1458,1459
fold_1,train,1494,exp016_static_strict_oof_proxy,recent,0.2605237985085388,0.08201950354617753,0.2588297597769195,-0.001694038731619274,nan,nan,0.0938834473490715,1427,1458,1459
fold_1,train,1494,exp016_static_strict_oof_proxy,random,0.2605237985085388,0.18801240098339295,0.2630546307362306,0.0025308322276917927,nan,nan,0.07695630937814713,498,1435,1459
fold_1,train,1495,exp016_static_strict_oof_proxy,retrieval,0.13750476954922836,0.05515821471288032,0.13551280587254338,-0.0019919636766849713,-3.582517310976982,3.495143413543701,0.08737389743328094,1152,1458,1459
fold_1,train,1495,exp016_static_strict_oof_proxy,recent,0.13750476954922836,0.06313323966367071,0.1407265910375962,0.003221821488367832,nan,nan,0.0938834473490715,1427,1458,1459
fold_1,train,1495,exp016_static_strict_oof_proxy,random,0.13750476954922836,0.058638405738285576,0.1363199850680107,-0.0011847844812176433,nan,nan,0.08313155174255371,510,1442,1459
fold_1,train,1496,exp016_static_strict_oof_proxy,retrieval,0.10307546175212279,-0.0078642681630041,0.09728292280038033,-0.0057925389517424625,-4.434378869831562,4.338052749633789,0.09632612019777298,530,1458,1459
fold_1,train,1496,exp016_static_strict_oof_proxy,recent,0.10307546175212279,-0.013888895900544625,0.09800892228821449,-0.005066539463908296,nan,nan,0.0938834473490715,1427,1458,1459
fold_1,train,1496,exp016_static_strict_oof_proxy,random,0.10307546175212279,0.008427341844216006,0.09809635656050361,-0.004979105191619176,nan,nan,0.07687731087207794,517,1453,1459
fold_1,train,1497,exp016_static_strict_oof_proxy,retrieval,0.09647535735763918,0.13588838856125912,0.10388452881288014,0.007409171455240962,-3.373652718961239,3.298124313354492,0.07552840560674667,980,1452,1459
fold_1,train,1497,exp016_static_strict_oof_proxy,recent,0.09647535735763918,0.10158567339283081,0.10195677319420217,0.005481415836562989,nan,nan,0.0938834473490715,1427,1458,1459
fold_1,train,1497,exp016_static_strict_oof_proxy,random,0.09647535735763918,0.06604470365596753,0.0977904994551469,0.0013151420975077155,nan,nan,0.08457831293344498,512,1454,1459
fold_1,train,1498,exp016_static_strict_oof_proxy,retrieval,0.12864503051964749,0.16679424650831307,0.1379143885215315,0.009269358001884026,-3.014240637421608,2.9354851245880127,0.07875551283359528,1155,1458,1459
fold_1,train,1498,exp016_static_strict_oof_proxy,recent,0.12864503051964749,0.13565636081501517,0.13700606932800222,0.008361038808354732,nan,nan,0.0938834473490715,1427,1458,1459
fold_1,train,1498,exp016_static_strict_oof_proxy,random,0.12864503051964749,0.08825164556147039,0.13108026550310092,0.002435234983453438,nan,nan,0.07849469780921936,524,1431,1459
fold_1,train,1499,exp016_static_strict_oof_proxy,retrieval,0.05990300942862555,0.046966182082749254,0.0611411954497315,0.0012381860211059456,-3.6605358570814133,3.5720973014831543,0.08843855559825897,1155,1458,1459
fold_1,train,1499,exp016_static_strict_oof_proxy,recent,0.05990300942862555,0.060175962905620814,0.06432015806026882,0.004417148631643268,nan,nan,0.0938834473490715,1427,1458,1459
fold_1,train,1499,exp016_static_strict_oof_proxy,random,0.05990300942862555,0.08781431917961151,0.06486745459497648,0.004964445166350924,nan,nan,0.08104773610830307,497,1445,1459
fold_1,train,1500,exp016_static_strict_oof_proxy,retrieval,0.14010757198252424,0.163686181755525,0.14866396616423802,0.008556394181713778,-3.235852286219597,3.1627612113952637,0.07309107482433319,1383,1458,1459
fold_1,train,1500,exp016_static_strict_oof_proxy,recent,0.14010757198252424,0.12513578466344133,0.14796862901405625,0.007861057031532004,nan,nan,0.0938834473490715,1427,1458,1459
fold_1,train,1500,exp016_static_strict_oof_proxy,random,0.14010757198252424,0.09459581614354118,0.1420795327029772,0.00197196072045297,nan,nan,0.08647347241640091,501,1436,1459
fold_1,train,1501,exp016_static_strict_oof_proxy,retrieval,0.012300320725806705,0.05507626214480265,0.017157690377212306,0.004857369651405602,-5.930445991456509,5.841848850250244,0.0885971412062645,510,1457,1459
fold_1,train,1501,exp016_static_strict_oof_proxy,recent,0.012300320725806705,0.011291077236983998,0.012719737862829277,0.00041941713702257216,nan,nan,0.0938834473490715,1427,1458,1459
fold_1,train,1501,exp016_static_strict_oof_proxy,random,0.012300320725806705,0.02623504588219954,0.014565233448042014,0.002264912722235309,nan,nan,0.07096148282289505,542,1411,1459
fold_1,train,1502,exp016_static_strict_oof_proxy,retrieval,-0.05049872144336541,-0.06314550236206488,-0.0550184396359283,-0.004519718192562888,-5.167084231972694,5.07744836807251,0.08963586390018463,1383,1458,1459
fold_1,train,1502,exp016_static_strict_oof_proxy,recent,-0.05049872144336541,-0.04386230191043374,-0.054029532984432554,-0.0035308115410671442,nan,nan,0.0938834473490715,1427,1458,1459
fold_1,train,1502,exp016_static_strict_oof_proxy,random,-0.05049872144336541,-0.04749018673608073,-0.051990349534947834,-0.001491628091582424,nan,nan,0.08628032356500626,493,1421,1459
fold_1,train,1503,exp016_static_strict_oof_proxy,retrieval,-0.07079113698286135,-0.13182516346587728,-0.0812407202929996,-0.010449583310138247,-6.178373776376247,6.090041160583496,0.08833261579275131,1383,1458,1459
fold_1,train,1503,exp016_static_strict_oof_proxy,recent,-0.07079113698286135,-0.12162403299348577,-0.08158729745009104,-0.010796160467229685,nan,nan,0.0938834473490715,1427,1458,1459
fold_1,train,1503,exp016_static_strict_oof_proxy,random,-0.07079113698286135,0.03657965234537525,-0.06379286929909697,0.006998267683764381,nan,nan,0.08473667502403259,573,1440,1459
fold_1,train,1504,exp016_static_strict_oof_proxy,retrieval,0.08984208786760182,0.03798597610602776,0.09008224880208184,0.0002401609344800104,-4.9947716519236565,4.904877662658691,0.08989398926496506,1385,1458,1459
fold_1,train,1504,exp016_static_strict_oof_proxy,recent,0.08984208786760182,0.025814159933457537,0.09014278743341153,0.00030069956580970614,nan,nan,0.0938834473490715,1427,1458,1459
fold_1,train,1504,exp016_static_strict_oof_proxy,random,0.08984208786760182,0.08396755594828982,0.09355322469966688,0.0037111368320650595,nan,nan,0.07999497652053833,509,1437,1459
fold_1,train,1505,exp016_static_strict_oof_proxy,retrieval,0.10694681899904639,0.052413721126861025,0.10809176059373143,0.0011449415946850477,-4.519153483211994,4.427921295166016,0.09123218804597855,1383,1458,1459
fold_1,train,1505,exp016_static_strict_oof_proxy,recent,0.10694681899904639,0.01589806484433418,0.10560127650672417,-0.001345542492322216,nan,nan,0.0938834473490715,1427,1458,1459
fold_1,train,1505,exp016_static_strict_oof_proxy,random,0.10694681899904639,0.11587886431066036,0.11482305586453447,0.007876236865488079,nan,nan,0.08472548425197601,493,1458,1459
fold_1,train,1506,exp016_static_strict_oof_proxy,retrieval,0.25780043692809124,0.17066033350524806,0.26821745548751613,0.010417018559424895,-6.260841548442841,6.167801856994629,0.09303969144821167,1238,1458,1459
fold_1,train,1506,exp016_static_strict_oof_proxy,recent,0.25780043692809124,0.1670965021248735,0.2676499393664521,0.009849502438360858,nan,nan,0.0938834473490715,1427,1458,1459
fold_1,train,1506,exp016_static_strict_oof_proxy,random,0.25780043692809124,0.1424099754600288,0.25979190391057233,0.0019914669824810938,nan,nan,0.07826076447963715,495,1416,1459
fold_1,train,1507,exp016_static_strict_oof_proxy,retrieval,0.342828024353925,0.28592563150232253,0.35430846904952107,0.01148044469559606,-7.683044977486134,7.587305545806885,0.09573943167924881,801,1457,1459
fold_1,train,1507,exp016_static_strict_oof_proxy,recent,0.342828024353925,0.10126916647699093,0.3442529017398041,0.0014248773858790975,nan,nan,0.0938834473490715,1427,1458,1459
fold_1,train,1507,exp016_static_strict_oof_proxy,random,0.342828024353925,0.3868815909484099,0.3611177322839352,0.01828970793001017,nan,nan,0.08855713903903961,537,1450,1459
fold_1,train,1508,exp016_static_strict_oof_proxy,retrieval,0.24825783948382865,0.13231190952800062,0.2500757601963561,0.0018179207125274266,-6.4052919670939445,6.308994293212891,0.09629767388105392,1131,1458,1459
fold_1,train,1508,exp016_static_strict_oof_proxy,recent,0.24825783948382865,0.09990026574752321,0.24909490969892978,0.0008370702151011267,nan,nan,0.0938834473490715,1427,1458,1459
fold_1,train,1508,exp016_static_strict_oof_proxy,random,0.24825783948382865,0.20517396578444871,0.2562868473523499,0.00802900786852126,nan,nan,0.0790957510471344,554,1444,1459
fold_1,train,1509,exp016_static_strict_oof_proxy,retrieval,0.08891893371193717,0.11753560195933942,0.09638921746667607,0.0074702837547389045,-6.813898667693138,6.709108829498291,0.1047898381948471,1009,1458,1459
fold_1,train,1509,exp016_static_strict_oof_proxy,recent,0.08891893371193717,-0.019763297664580976,0.08325848602888483,-0.005660447683052336,nan,nan,0.0938834473490715,1427,1458,1459
fold_1,train,1509,exp016_static_strict_oof_proxy,random,0.08891893371193717,0.1759791690308549,0.10172178609075502,0.012802852378817856,nan,nan,0.08106490969657898,506,1444,1459
fold_1,train,1510,exp016_static_strict_oof_proxy,retrieval,0.06659982813534125,-0.05178385331102265,0.05871209581929228,-0.007887732316048973,-5.051451854407787,4.955552101135254,0.09589975327253342,1138,1458,1459
fold_1,train,1510,exp016_static_strict_oof_proxy,recent,0.06659982813534125,-0.08538294328250184,0.05606918148604952,-0.01053064664929173,nan,nan,0.0938834473490715,1427,1458,1459
fold_1,train,1510,exp016_static_strict_oof_proxy,random,0.06659982813534125,0.1285049473380766,0.0762009381160017,0.009601109980660452,nan,nan,0.08688611537218094,495,1423,1459
fold_1,train,1511,exp016_static_strict_oof_proxy,retrieval,0.024882743065981525,-0.08793412541782329,0.01636419965192046,-0.008518543414061063,-6.422647126019001,6.327280044555664,0.09536708146333694,1138,1458,1459
fold_1,train,1511,exp016_static_strict_oof_proxy,recent,0.024882743065981525,-0.12922281636756572,0.012456289840284147,-0.012426453225697378,nan,nan,0.0938834473490715,1427,1458,1459
fold_1,train,1511,exp016_static_strict_oof_proxy,random,0.024882743065981525,0.20204642522401178,0.046090634726519954,0.02120789166053843,nan,nan,0.08435937762260437,527,1439,1459
fold_1,train,1512,exp016_static_strict_oof_proxy,retrieval,0.16694172193453852,0.05857135043901769,0.16499434694741763,-0.0019473749871208867,-5.989049345254898,5.895081520080566,0.09396782517433167,1385,1458,1459
fold_1,train,1512,exp016_static_strict_oof_proxy,recent,0.16694172193453852,0.04147554570941189,0.16442515815233494,-0.002516563782203579,nan,nan,0.0938834473490715,1427,1458,1459
fold_1,train,1512,exp016_static_strict_oof_proxy,random,0.16694172193453852,0.13430069954851906,0.17208783225858026,0.005146110324041747,nan,nan,0.07694084197282791,518,1451,1459
fold_1,train,1513,exp016_static_strict_oof_proxy,retrieval,0.20067483894251792,0.04101934368552088,0.19505819480816927,-0.005616644134348647,-4.906513720750809,4.815217018127441,0.09129670262336731,1383,1458,1459
fold_1,train,1513,exp016_static_strict_oof_proxy,recent,0.20067483894251792,-0.00351280366019568,0.1930445305303103,-0.0076303084122076315,nan,nan,0.0938834473490715,1427,1458,1459
fold_1,train,1513,exp016_static_strict_oof_proxy,random,0.20067483894251792,0.09085232989220206,0.19915117763024565,-0.001523661312272273,nan,nan,0.08342456072568893,500,1415,1459
fold_1,train,1514,exp016_static_strict_oof_proxy,retrieval,0.18204907729164183,0.08410390817681299,0.1827958991953057,0.0007468219036638746,-5.927629038691521,5.834280014038086,0.09334902465343475,1137,1458,1459
fold_1,train,1514,exp016_static_strict_oof_proxy,recent,0.18204907729164183,0.04390437320969496,0.17979060081127074,-0.0022584764803710855,nan,nan,0.0938834473490715,1427,1458,1459
fold_1,train,1514,exp016_static_strict_oof_proxy,random,0.18204907729164183,0.16804653286512397,0.1907630626414741,0.008713985349832282,nan,nan,0.08095400035381317,513,1441,1459
fold_1,train,1515,exp016_static_strict_oof_proxy,retrieval,0.1746284503365436,0.07659381334563692,0.17311841535510927,-0.0015100349814343161,-6.358341567218304,6.261682987213135,0.09665858000516891,1138,1458,1459
fold_1,train,1515,exp016_static_strict_oof_proxy,recent,0.1746284503365436,0.0371619093353815,0.1704229681194017,-0.004205482217141898,nan,nan,0.0938834473490715,1427,1458,1459
fold_1,train,1515,exp016_static_strict_oof_proxy,random,0.1746284503365436,0.15985008632273517,0.18129974058576143,0.006671290249217837,nan,nan,0.07318025827407837,512,1441,1459
fold_1,train,1516,exp016_static_strict_oof_proxy,retrieval,0.17469439030913636,-0.004581182492615068,0.16767152980960673,-0.007022860499529632,-8.327060349285603,8.231466293334961,0.09559405595064163,1131,1458,1459
fold_1,train,1516,exp016_static_strict_oof_proxy,recent,0.17469439030913636,-4.5653157343503505e-06,0.16877606081718596,-0.005918329491950397,nan,nan,0.0938834473490715,1427,1458,1459
fold_1,train,1516,exp016_static_strict_oof_proxy,random,0.17469439030913636,0.1153695781504726,0.17854620361948217,0.003851813310345814,nan,nan,0.0791235938668251,509,1433,1459
fold_1,train,1517,exp016_static_strict_oof_proxy,retrieval,0.21199650360755237,0.12755324024767797,0.21297664607629843,0.0009801424687460591,-7.011864550411701,6.914671897888184,0.09719265252351761,1138,1458,1459
fold_1,train,1517,exp016_static_strict_oof_proxy,recent,0.21199650360755237,0.006573825885371116,0.20447553812163746,-0.00752096548591491,nan,nan,0.0938834473490715,1427,1458,1459
fold_1,train,1517,exp016_static_strict_oof_proxy,random,0.21199650360755237,0.22497018297540977,0.22444463530725897,0.0124481316997066,nan,nan,0.08020032197237015,509,1452,1459
fold_1,train,1518,exp016_static_strict_oof_proxy,retrieval,0.2692053093989532,0.2369004170871007,0.2760267052097693,0.006821395810816089,-8.657354302704334,8.556926727294922,0.10042757540941238,801,1457,1459
fold_1,train,1518,exp016_static_strict_oof_proxy,recent,0.2692053093989532,0.08326469675768605,0.2690967771774546,-0.00010853222149859176,nan,nan,0.0938834473490715,1427,1458,1459
fold_1,train,1518,exp016_static_strict_oof_proxy,random,0.2692053093989532,0.2250888551932029,0.2777266327402011,0.008521323341247888,nan,nan,0.0803290456533432,529,1427,1459
fold_1,train,1519,exp016_static_strict_oof_proxy,retrieval,0.3483335919430268,0.31489226046193647,0.3624582054206142,0.014124613477587367,-7.081510469317436,6.980713844299316,0.10079662501811981,530,1458,1459
fold_1,train,1519,exp016_static_strict_oof_proxy,recent,0.3483335919430268,0.20079649536415226,0.3563413055402858,0.008007713597258992,nan,nan,0.0938834473490715,1427,1458,1459
fold_1,train,1519,exp016_static_strict_oof_proxy,random,0.3483335919430268,0.1533811627817491,0.3520424657428765,0.003708873799849688,nan,nan,0.07743167132139206,546,1426,1459
fold_1,train,1520,exp016_static_strict_oof_proxy,retrieval,0.3014203509646235,0.23479726990895752,0.3152454114683214,0.013825060503697917,-8.35593055933714,8.260931015014648,0.09499954432249069,1131,1458,1459
fold_1,train,1520,exp016_static_strict_oof_proxy,recent,0.3014203509646235,0.24077022696218328,0.31600738092872416,0.014587029964100662,nan,nan,0.0938834473490715,1427,1458,1459
fold_1,train,1520,exp016_static_strict_oof_proxy,random,0.3014203509646235,0.09146134896116058,0.2988703245109376,-0.002550026453685905,nan,nan,0.09686438739299774,496,1456,1459
fold_1,train,1521,exp016_static_strict_oof_proxy,retrieval,0.22864615826871879,0.2036971196695035,0.2376769546657637,0.009030796397044905,-7.135422609746456,7.032154083251953,0.10326852649450302,1138,1458,1459
fold_1,train,1521,exp016_static_strict_oof_proxy,recent,0.22864615826871879,0.18321615104499706,0.23809608752561756,0.009449929256898776,nan,nan,0.0938834473490715,1427,1458,1459
fold_1,train,1521,exp016_static_strict_oof_proxy,random,0.22864615826871879,0.14793456408443398,0.23171650958182616,0.0030703513131073723,nan,nan,0.0892726480960846,487,1456,1459
fold_1,train,1522,exp016_static_strict_oof_proxy,retrieval,0.20275511168236937,0.24728529943970537,0.21542274390340577,0.012667632221036396,-8.458196185529232,8.355775833129883,0.10242035239934921,801,1457,1459
fold_1,train,1522,exp016_static_strict_oof_proxy,recent,0.20275511168236937,0.18460830305513723,0.21495601269065237,0.012200901008283,nan,nan,0.0938834473490715,1427,1458,1459
fold_1,train,1522,exp016_static_strict_oof_proxy,random,0.20275511168236937,0.1725045950208426,0.2098228248597428,0.007067713177373425,nan,nan,0.08029816299676895,503,1453,1459
fold_1,train,1523,exp016_static_strict_oof_proxy,retrieval,0.1731370084346214,0.13037675384706007,0.1770967777678921,0.003959769333270691,-10.208337441086769,10.101436614990234,0.10690082609653473,582,1457,1459
fold_1,train,1523,exp016_static_strict_oof_proxy,recent,0.1731370084346214,0.06976035920363634,0.17355883559980664,0.0004218271651852401,nan,nan,0.0938834473490715,1427,1458,1459
fold_1,train,1523,exp016_static_strict_oof_proxy,random,0.1731370084346214,0.15326398460018661,0.17916679337260843,0.006029784937987032,nan,nan,0.08460108935832977,495,1412,1459
fold_1,train,1524,exp016_static_strict_oof_proxy,retrieval,0.09264605063985054,0.034937985297001185,0.09148608644845739,-0.0011599641913931508,-7.21939841657877,7.122199535369873,0.09719888120889664,1138,1458,1459
fold_1,train,1524,exp016_static_strict_oof_proxy,recent,0.09264605063985054,0.007906905811689633,0.08886031924872584,-0.0037857313911247026,nan,nan,0.0938834473490715,1427,1458,1459
fold_1,train,1524,exp016_static_strict_oof_proxy,random,0.09264605063985054,0.11826433084256215,0.10124981569494833,0.008603765055097787,nan,nan,0.0770142674446106,495,1446,1459
fold_1,train,1525,exp016_static_strict_oof_proxy,retrieval,0.1629828290652525,0.11492131648944574,0.16556013479600587,0.0025773057307533764,-9.514641374349594,9.411153793334961,0.10348758101463318,801,1458,1459
fold_1,train,1525,exp016_static_strict_oof_proxy,recent,0.1629828290652525,0.005678149823001628,0.15797575273328937,-0.005007076331963123,nan,nan,0.0938834473490715,1427,1458,1459
fold_1,train,1525,exp016_static_strict_oof_proxy,random,0.1629828290652525,0.14535164534825656,0.1679584849730406,0.004975655907788118,nan,nan,0.0921628549695015,524,1445,1459
fold_1,train,1526,exp016_static_strict_oof_proxy,retrieval,0.18994771819732909,0.06740698303165356,0.18995464872755052,6.9305302214384135e-06,-7.185675762593746,7.092662811279297,0.09301295131444931,530,1458,1459
fold_1,train,1526,exp016_static_strict_oof_proxy,recent,0.18994771819732909,0.04557895620040771,0.18871019703965533,-0.0012375211576737544,nan,nan,0.0938834473490715,1427,1458,1459
fold_1,train,1526,exp016_static_strict_oof_proxy,random,0.18994771819732909,0.1156972611051203,0.1941841997436313,0.004236481546302212,nan,nan,0.07405207306146622,486,1455,1459
fold_1,train,1527,exp016_static_strict_oof_proxy,retrieval,0.13908725497921415,0.07349656888934135,0.14024981909210868,0.0011625641128945319,-8.544444896280766,8.448385238647461,0.0960596576333046,688,1458,1459
fold_1,train,1527,exp016_static_strict_oof_proxy,recent,0.13908725497921415,0.0447446676511554,0.1383495610257155,-0.0007376939534986526,nan,nan,0.0938834473490715,1427,1458,1459
fold_1,train,1527,exp016_static_strict_oof_proxy,random,0.13908725497921415,0.10455272890628112,0.143371741914748,0.004284486935533849,nan,nan,0.09411899745464325,487,1456,1459
fold_1,train,1528,exp016_static_strict_oof_proxy,retrieval,0.14833099172073308,0.09242354616352651,0.15047384350632334,0.0021428517855902607,-7.111422188580036,7.0125017166137695,0.09892047196626663,1138,1458,1459
fold_1,train,1528,exp016_static_strict_oof_proxy,recent,0.14833099172073308,0.055428463228925196,0.1478171632960718,-0.0005138284246612723,nan,nan,0.0938834473490715,1427,1458,1459
fold_1,train,1528,exp016_static_strict_oof_proxy,random,0.14833099172073308,0.1181602072765551,0.15345215594747696,0.005121164226743885,nan,nan,0.07134628295898438,508,1417,1459
fold_1,train,1529,exp016_static_strict_oof_proxy,retrieval,0.19367013451657947,0.1591941732754846,0.19838289407332582,0.004712759556746354,-8.310298286378384,8.20458984375,0.10570844262838364,1009,1458,1459
fold_1,train,1529,exp016_static_strict_oof_proxy,recent,0.19367013451657947,0.046010723775367045,0.19098504944714226,-0.0026850850694372097,nan,nan,0.0938834473490715,1427,1458,1459
fold_1,train,1529,exp016_static_strict_oof_proxy,random,0.19367013451657947,0.20743899639718202,0.20386750957210859,0.010197375055529118,nan,nan,0.07870424538850784,534,1444,1459
fold_1,train,1530,exp016_static_strict_oof_proxy,retrieval,0.004677854814898343,-0.05304344017168217,-0.0009279046844162834,-0.005605759499314626,-8.071436792612076,7.973666191101074,0.09777060151100159,1138,1458,1459
fold_1,train,1530,exp016_static_strict_oof_proxy,recent,0.004677854814898343,-0.09733802120953439,-0.005188732816703065,-0.009866587631601408,nan,nan,0.0938834473490715,1427,1458,1459
fold_1,train,1530,exp016_static_strict_oof_proxy,random,0.004677854814898343,0.11323395261303966,0.016302671362484738,0.011624816547586396,nan,nan,0.08021716773509979,531,1434,1459
fold_1,train,1531,exp016_static_strict_oof_proxy,retrieval,-0.03039165445629166,0.0026373677371582774,-0.028921636144997376,0.0014700183112942855,-8.793306916952133,8.692188262939453,0.10111865401268005,801,1458,1459
fold_1,train,1531,exp016_static_strict_oof_proxy,recent,-0.03039165445629166,-0.1983165886293637,-0.049827956826625316,-0.019436302370333655,nan,nan,0.0938834473490715,1427,1458,1459
fold_1,train,1531,exp016_static_strict_oof_proxy,random,-0.03039165445629166,0.12824840661945286,-0.01660191582782166,0.013789738628470001,nan,nan,0.06432288885116577,505,1446,1459
fold_1,train,1532,exp016_static_strict_oof_proxy,retrieval,-0.008329108779900602,-0.14977010921348086,-0.023209085538064597,-0.014879976758163995,-7.725927799940109,7.622211456298828,0.10371634364128113,530,1458,1459
fold_1,train,1532,exp016_static_strict_oof_proxy,recent,-0.008329108779900602,-0.21970787899975627,-0.03136843037468174,-0.023039321594781136,nan,nan,0.0938834473490715,1427,1458,1459
fold_1,train,1532,exp016_static_strict_oof_proxy,random,-0.008329108779900602,0.15078995924112928,0.0061833701052069305,0.014512478885107533,nan,nan,0.07390875369310379,510,1441,1459
fold_1,train,1533,exp016_static_strict_oof_proxy,retrieval,-0.12085881156791561,-0.19660027548490022,-0.1357419372183071,-0.014883125650391488,-6.414904929697514,6.318406581878662,0.09649834781885147,1136,1458,1459
fold_1,train,1533,exp016_static_strict_oof_proxy,recent,-0.12085881156791561,-0.23026840066530213,-0.14075339589825994,-0.019894584330344328,nan,nan,0.0938834473490715,1427,1458,1459
fold_1,train,1533,exp016_static_strict_oof_proxy,random,-0.12085881156791561,0.08658431965822029,-0.10667972798217934,0.014179083585736274,nan,nan,0.0825345441699028,497,1400,1459
fold_1,train,1534,exp016_static_strict_oof_proxy,retrieval,-0.09203251624316883,-0.18544733997378093,-0.10777039316253768,-0.015737876919368857,-8.665015533566475,8.563980102539062,0.10103543102741241,1131,1458,1459
fold_1,train,1534,exp016_static_strict_oof_proxy,recent,-0.09203251624316883,-0.21911654837044495,-0.11251564157860793,-0.020483125335439098,nan,nan,0.0938834473490715,1427,1458,1459
fold_1,train,1534,exp016_static_strict_oof_proxy,random,-0.09203251624316883,0.15598620491987125,-0.07282211012907748,0.019210406114091347,nan,nan,0.0802733302116394,514,1372,1459
fold_1,train,1535,exp016_static_strict_oof_proxy,retrieval,-0.1249819208294218,-0.15801281736650413,-0.1333712166709977,-0.008389295841575883,-7.269302912056446,7.170559883117676,0.0987430289387703,801,1458,1459
fold_1,train,1535,exp016_static_strict_oof_proxy,recent,-0.1249819208294218,-0.22372032461473268,-0.14274449223261387,-0.017762571403192068,nan,nan,0.0938834473490715,1427,1458,1459
fold_1,train,1535,exp016_static_strict_oof_proxy,random,-0.1249819208294218,-0.00577596276419406,-0.11874097668134054,0.006240944148081268,nan,nan,0.08010857552289963,494,1427,1459
fold_1,train,1536,exp016_static_strict_oof_proxy,retrieval,-0.222954912964669,-0.2823699268489682,-0.23595972981214736,-0.013004816847478368,-8.002175837755203,7.904452323913574,0.09772351384162903,801,1457,1459
fold_1,train,1536,exp016_static_strict_oof_proxy,recent,-0.222954912964669,-0.30720018229941926,-0.24594087708655643,-0.022985964121887442,nan,nan,0.0938834473490715,1427,1458,1459
fold_1,train,1536,exp016_static_strict_oof_proxy,random,-0.222954912964669,-0.06894077480510485,-0.21667438666547809,0.006280526299190903,nan,nan,0.08570244163274765,551,1412,1459
fold_1,train,1537,exp016_static_strict_oof_proxy,retrieval,-0.04671212947756673,-0.01258254646097772,-0.04727772617239442,-0.00056559669482769,-7.524559684097767,7.417247772216797,0.10731191188097,740,1457,1459
fold_1,train,1537,exp016_static_strict_oof_proxy,recent,-0.04671212947756673,-0.1938227168083904,-0.06414847132209356,-0.01743634184452683,nan,nan,0.0938834473490715,1427,1458,1459
fold_1,train,1537,exp016_static_strict_oof_proxy,random,-0.04671212947756673,0.04622459577924488,-0.04117430986252087,0.005537819615045854,nan,nan,0.08507426828145981,539,1455,1459
fold_1,train,1538,exp016_static_strict_oof_proxy,retrieval,-0.10671065151952108,-0.20235083110461632,-0.12240262334435174,-0.01569197182483066,-7.812941089272499,7.71272087097168,0.1002202183008194,688,1458,1459
fold_1,train,1538,exp016_static_strict_oof_proxy,recent,-0.10671065151952108,-0.2695291969783385,-0.13038925076524235,-0.02367859924572127,nan,nan,0.0938834473490715,1427,1458,1459
fold_1,train,1538,exp016_static_strict_oof_proxy,random,-0.10671065151952108,0.030464955460320426,-0.09827153109800298,0.008439120421518106,nan,nan,0.08947081118822098,486,1455,1459
fold_1,train,1539,exp016_static_strict_oof_proxy,retrieval,-0.056418378006781116,-0.1770939320670863,-0.07163708734934615,-0.015218709342565036,-9.107722632586956,9.007286071777344,0.10043656080961227,1131,1458,1459
fold_1,train,1539,exp016_static_strict_oof_proxy,recent,-0.056418378006781116,-0.2342477758343088,-0.07879060676101163,-0.022372228754230512,nan,nan,0.0938834473490715,1427,1458,1459
fold_1,train,1539,exp016_static_strict_oof_proxy,random,-0.056418378006781116,0.21476004248699476,-0.03291467595477246,0.023503702052008656,nan,nan,0.08133163303136826,499,1429,1459
fold_1,train,1540,exp016_static_strict_oof_proxy,retrieval,-0.1428478557741016,-0.18734847215951142,-0.1551335095948655,-0.012285653820763881,-7.227032855153084,7.131435394287109,0.09559746086597443,1131,1458,1459
fold_1,train,1540,exp016_static_strict_oof_proxy,recent,-0.1428478557741016,-0.20252798490874405,-0.15766482009601732,-0.014816964321915704,nan,nan,0.0938834473490715,1427,1458,1459
fold_1,train,1540,exp016_static_strict_oof_proxy,random,-0.1428478557741016,0.0917398920516988,-0.12706541376615668,0.01578244200794493,nan,nan,0.07707878202199936,554,1430,1459
fold_1,train,1541,exp016_static_strict_oof_proxy,retrieval,-0.03682084299284335,-0.15332154207532575,-0.049852836867767585,-0.013031993874924236,-9.182637371122837,9.07988452911377,0.10275284200906754,1131,1458,1459
fold_1,train,1541,exp016_static_strict_oof_proxy,recent,-0.03682084299284335,-0.19206325789655473,-0.05423004493224271,-0.017409201939399363,nan,nan,0.0938834473490715,1427,1458,1459
fold_1,train,1541,exp016_static_strict_oof_proxy,random,-0.03682084299284335,-0.031108225870520805,-0.03881770423835345,-0.001996861245510101,nan,nan,0.09295405447483063,495,1345,1459
fold_1,train,1542,exp016_static_strict_oof_proxy,retrieval,-0.08330224010888164,-0.11769331598950657,-0.09269953847412331,-0.009397298365241669,-7.70781022310257,7.607448577880859,0.1003616452217102,1131,1458,1459
fold_1,train,1542,exp016_static_strict_oof_proxy,recent,-0.08330224010888164,-0.1562137959216866,-0.09649108540003198,-0.013188845291150345,nan,nan,0.0938834473490715,1427,1458,1459
fold_1,train,1542,exp016_static_strict_oof_proxy,random,-0.08330224010888164,0.12681682277971548,-0.06827013513567548,0.015032104973206159,nan,nan,0.09406541287899017,500,1427,1459
fold_1,train,1543,exp016_static_strict_oof_proxy,retrieval,0.18275277591909322,0.2358110973371127,0.19645978286528634,0.013707006946193118,-7.591147191822529,7.484963417053223,0.10618377476930618,1009,1458,1459
fold_1,train,1543,exp016_static_strict_oof_proxy,recent,0.18275277591909322,0.08796335930938001,0.1864414067161564,0.0036886307970631638,nan,nan,0.0938834473490715,1427,1458,1459
fold_1,train,1543,exp016_static_strict_oof_proxy,random,0.18275277591909322,0.26463401338858417,0.19805066359387036,0.015297887674777133,nan,nan,0.08595782518386841,627,1458,1459
fold_1,train,1544,exp016_static_strict_oof_proxy,retrieval,0.0872630870949836,0.14415127807398131,0.0965724359879701,0.009309348892986513,-8.594523504376411,8.489184379577637,0.10533912479877472,802,1458,1459
fold_1,train,1544,exp016_static_strict_oof_proxy,recent,0.0872630870949836,0.04782073820686064,0.08921292200390751,0.0019498349089239198,nan,nan,0.0938834473490715,1427,1458,1459
fold_1,train,1544,exp016_static_strict_oof_proxy,random,0.0872630870949836,0.1839750882189366,0.10026191130248684,0.012998824207503243,nan,nan,0.07168523222208023,508,1421,1459
fold_1,train,1545,exp016_static_strict_oof_proxy,retrieval,0.04556133682656999,0.051629339307795744,0.04896940030899704,0.0034080634824270525,-8.74876818805933,8.642488479614258,0.10627970844507217,802,1458,1459
fold_1,train,1545,exp016_static_strict_oof_proxy,recent,0.04556133682656999,-0.04806558035457498,0.040036745760592816,-0.0055245910659771705,nan,nan,0.0938834473490715,1427,1458,1459
fold_1,train,1545,exp016_static_strict_oof_proxy,random,0.04556133682656999,0.15594742903938164,0.05801454353557781,0.012453206709007826,nan,nan,0.08036372065544128,492,1445,1459
fold_1,train,1546,exp016_static_strict_oof_proxy,retrieval,0.16215687537621712,0.09105160998039193,0.16255938193644093,0.0004025065602238087,-9.956798039376736,9.854774475097656,0.10202356427907944,802,1457,1459
fold_1,train,1546,exp016_static_strict_oof_proxy,recent,0.16215687537621712,0.022273969850111146,0.15719797868752164,-0.00495889668869548,nan,nan,0.0938834473490715,1427,1458,1459
fold_1,train,1546,exp016_static_strict_oof_proxy,random,0.16215687537621712,0.2212981115905146,0.1766105012302529,0.014453625854035784,nan,nan,0.07724440842866898,562,1446,1459
fold_1,train,1547,exp016_static_strict_oof_proxy,retrieval,0.13143142461842078,0.08910698078857046,0.13323263330340357,0.0018012086849827913,-10.083467572927475,9.976800918579102,0.10666665434837341,802,1458,1459
fold_1,train,1547,exp016_static_strict_oof_proxy,recent,0.13143142461842078,-0.009530886193400074,0.1254435607857378,-0.005987863832682988,nan,nan,0.0938834473490715,1427,1458,1459
fold_1,train,1547,exp016_static_strict_oof_proxy,random,0.13143142461842078,0.20585475172639447,0.14495366122832679,0.013522236609906008,nan,nan,0.08043389022350311,488,1421,1459
fold_1,train,1548,exp016_static_strict_oof_proxy,retrieval,-0.024630653683384685,-0.04856079023682095,-0.028565053234680577,-0.0039343995512958925,-12.105063483119011,12.005535125732422,0.09952835738658905,1131,1458,1459
fold_1,train,1548,exp016_static_strict_oof_proxy,recent,-0.024630653683384685,-0.11556494945656029,-0.035818296047040156,-0.011187642363655471,nan,nan,0.0938834473490715,1427,1458,1459
fold_1,train,1548,exp016_static_strict_oof_proxy,random,-0.024630653683384685,0.05827570348586117,-0.018337707402794057,0.006292946280590628,nan,nan,0.07660817354917526,510,1457,1459
fold_1,train,1549,exp016_static_strict_oof_proxy,retrieval,0.016708802939747372,-0.058720198719833694,0.008793530921764584,-0.007915272017982788,-12.67178824543953,12.567203521728516,0.1045847237110138,582,1457,1459
fold_1,train,1549,exp016_static_strict_oof_proxy,recent,0.016708802939747372,-0.16959529457748862,-0.002141927150895869,-0.01885073009064324,nan,nan,0.0938834473490715,1427,1458,1459
fold_1,train,1549,exp016_static_strict_oof_proxy,random,0.016708802939747372,0.18048729612822456,0.03379430353743651,0.017085500597689138,nan,nan,0.07555519789457321,490,1297,1459
fold_1,train,1550,exp016_static_strict_oof_proxy,retrieval,0.06807041289014817,-0.10318220623744037,0.0539077342531161,-0.014162678637032071,-9.838746897876263,9.74237060546875,0.09637629240751266,1131,1458,1459
fold_1,train,1550,exp016_static_strict_oof_proxy,recent,0.06807041289014817,-0.09118151630400478,0.055283344746572385,-0.012787068143575789,nan,nan,0.0938834473490715,1427,1458,1459
fold_1,train,1550,exp016_static_strict_oof_proxy,random,0.06807041289014817,0.08505451032155337,0.0716677398899105,0.0035973269997623264,nan,nan,0.08550073206424713,567,1386,1459
fold_1,train,1551,exp016_static_strict_oof_proxy,retrieval,0.12331898375397735,0.09024255818914251,0.12680119656160252,0.0034822128076251735,-10.379183799028397,10.276216506958008,0.1029672920703888,1009,1458,1459
fold_1,train,1551,exp016_static_strict_oof_proxy,recent,0.12331898375397735,0.03288775647705844,0.1227679664077647,-0.0005510173462126428,nan,nan,0.0938834473490715,1427,1458,1459
fold_1,train,1551,exp016_static_strict_oof_proxy,random,0.12331898375397735,0.09217447896109081,0.12540072362211432,0.002081739868136978,nan,nan,0.07621383666992188,486,1375,1459
fold_1,train,1552,exp016_static_strict_oof_proxy,retrieval,0.08350191406060516,0.10083633067922897,0.08858500440894242,0.00508309034833726,-14.430651314556599,14.330055236816406,0.10059607774019241,801,1457,1459
fold_1,train,1552,exp016_static_strict_oof_proxy,recent,0.08350191406060516,0.06501356819931967,0.08864714753371801,0.0051452334731128535,nan,nan,0.0938834473490715,1427,1458,1459
fold_1,train,1552,exp016_static_strict_oof_proxy,random,0.08350191406060516,0.09241995290263487,0.08696280602650928,0.003460891965904128,nan,nan,0.0791807472705841,486,1414,1459
fold_1,train,1553,exp016_static_strict_oof_proxy,retrieval,0.2800050909264327,0.27344333120903386,0.29352968382373956,0.013524592897306842,-20.376236341893673,20.27475357055664,0.10148277133703232,582,1457,1459
fold_1,train,1553,exp016_static_strict_oof_proxy,recent,0.2800050909264327,0.16478982833229136,0.28986771728023125,0.009862626353798531,nan,nan,0.0938834473490715,1427,1458,1459
fold_1,train,1553,exp016_static_strict_oof_proxy,random,0.2800050909264327,0.18194116043857864,0.2835510476310944,0.003545956704661679,nan,nan,0.07951336354017258,486,1437,1459
fold_1,train,1554,exp016_static_strict_oof_proxy,retrieval,0.24067668627604683,0.3123826873354705,0.2621715309101035,0.021494844634056653,-13.305072046816349,13.198582649230957,0.106489397585392,802,1458,1459
fold_1,train,1554,exp016_static_strict_oof_proxy,recent,0.24067668627604683,0.2432062827308813,0.26000358941744417,0.019326903141397345,nan,nan,0.0938834473490715,1427,1458,1459
fold_1,train,1554,exp016_static_strict_oof_proxy,random,0.24067668627604683,0.08569461991959046,0.23677160475081166,-0.0039050815252351656,nan,nan,0.07814224809408188,538,1386,1459
fold_1,train,1555,exp016_static_strict_oof_proxy,retrieval,0.2066172726115921,0.2825126526084098,0.2289527555173392,0.022335482905747106,-10.989823713898659,10.889323234558105,0.10050047934055328,1131,1458,1459
fold_1,train,1555,exp016_static_strict_oof_proxy,recent,0.2066172726115921,0.2771852097904793,0.22997898504740003,0.023361712435807924,nan,nan,0.0938834473490715,1427,1458,1459
fold_1,train,1555,exp016_static_strict_oof_proxy,random,0.2066172726115921,0.010126975063942664,0.19731489142692377,-0.009302381184668335,nan,nan,0.07053026556968689,505,1436,1459
fold_1,train,1556,exp016_static_strict_oof_proxy,retrieval,0.1829979073766644,0.28840230190651844,0.20408822741651406,0.021090320039849647,-13.03697358071804,12.932043075561523,0.10493050515651703,1009,1457,1459
fold_1,train,1556,exp016_static_strict_oof_proxy,recent,0.1829979073766644,0.22494747813395236,0.20221549849438006,0.01921759111771565,nan,nan,0.0938834473490715,1427,1458,1459
fold_1,train,1556,exp016_static_strict_oof_proxy,random,0.1829979073766644,0.10079397986422564,0.18278161748321986,-0.00021628989344454896,nan,nan,0.08149930834770203,489,1456,1459
fold_1,train,1557,exp016_static_strict_oof_proxy,retrieval,0.24924796053144388,0.27802837379154016,0.2601630681339136,0.01091510760246972,-14.844961635768414,14.746253967285156,0.0987076684832573,631,1457,1459
fold_1,train,1557,exp016_static_strict_oof_proxy,recent,0.24924796053144388,0.11194663159729273,0.25419669481346124,0.004948734282017364,nan,nan,0.0938834473490715,1427,1458,1459
fold_1,train,1557,exp016_static_strict_oof_proxy,random,0.24924796053144388,0.24777560829328382,0.2572568596955924,0.008008899164148542,nan,nan,0.08232168108224869,496,1449,1459
fold_1,train,1558,exp016_static_strict_oof_proxy,retrieval,0.13276869388181298,0.06201000642103813,0.13397250672065286,0.001203812838839885,-12.009031012654305,11.909055709838867,0.09997530281543732,1131,1458,1459
fold_1,train,1558,exp016_static_strict_oof_proxy,recent,0.13276869388181298,0.014410492838075092,0.1310313922590357,-0.0017373016227772708,nan,nan,0.0938834473490715,1427,1458,1459
fold_1,train,1558,exp016_static_strict_oof_proxy,random,0.13276869388181298,0.1419791462669963,0.13975599029856212,0.006987296416749139,nan,nan,0.07893133908510208,518,1424,1459
fold_1,train,1559,exp016_static_strict_oof_proxy,retrieval,0.03597108210397212,0.057546405895695485,0.040840619026224566,0.004869536922252449,-13.09246052801609,12.990272521972656,0.10218800604343414,1009,1458,1459
fold_1,train,1559,exp016_static_strict_oof_proxy,recent,0.03597108210397212,0.05691851269099281,0.04121621078674034,0.005245128682768226,nan,nan,0.0938834473490715,1427,1458,1459
fold_1,train,1559,exp016_static_strict_oof_proxy,random,0.03597108210397212,0.06228808438689481,0.03965996130594283,0.00368887920197071,nan,nan,0.08576103299856186,502,1361,1459
fold_1,train,1560,exp016_static_strict_oof_proxy,retrieval,0.1636721118129505,0.13598088736389932,0.1700623431186294,0.006390231305678895,-10.197868883609772,10.094685554504395,0.1031833291053772,1131,1458,1459
fold_1,train,1560,exp016_static_strict_oof_proxy,recent,0.1636721118129505,0.09459411580519307,0.16855555559312405,0.004883443780173552,nan,nan,0.0938834473490715,1427,1458,1459
fold_1,train,1560,exp016_static_strict_oof_proxy,random,0.1636721118129505,0.12256000962279738,0.16673567585946927,0.0030635640465187797,nan,nan,0.07849699258804321,525,1422,1459
fold_1,train,1561,exp016_static_strict_oof_proxy,retrieval,0.13763383839813778,0.06572785777417496,0.13772712775742052,9.328935928273885e-05,-9.610262408852577,9.50488567352295,0.10537673532962799,1138,1458,1459
fold_1,train,1561,exp016_static_strict_oof_proxy,recent,0.13763383839813778,0.0545692776976299,0.1386686247241871,0.0010347863260493084,nan,nan,0.0938834473490715,1427,1458,1459
fold_1,train,1561,exp016_static_strict_oof_proxy,random,0.13763383839813778,0.036530727670937596,0.13550716634335105,-0.002126672054786727,nan,nan,0.08277610689401627,560,1449,1459
fold_1,train,1562,exp016_static_strict_oof_proxy,retrieval,0.18098929757343918,0.08418795488796732,0.1808397177171607,-0.0001495798562784756,-8.107887871563435,8.006607055664062,0.1012808158993721,802,1458,1459
fold_1,train,1562,exp016_static_strict_oof_proxy,recent,0.18098929757343918,0.09716438139821425,0.1840652619349893,0.0030759643615501098,nan,nan,0.0938834473490715,1427,1458,1459
fold_1,train,1562,exp016_static_strict_oof_proxy,random,0.18098929757343918,0.055958411136631046,0.17662582945347396,-0.004363468119965214,nan,nan,0.08298346400260925,495,1438,1459
fold_1,train,1563,exp016_static_strict_oof_proxy,retrieval,0.22201783985922519,0.09615435815901367,0.22251611732454318,0.0004982774653179978,-9.379512593150139,9.27849006652832,0.10102252662181854,802,1458,1459
fold_1,train,1563,exp016_static_strict_oof_proxy,recent,0.22201783985922519,0.08566390491755929,0.22245276998813904,0.00043493012891385185,nan,nan,0.0938834473490715,1427,1458,1459
fold_1,train,1563,exp016_static_strict_oof_proxy,random,0.22201783985922519,0.0551077080427347,0.21708062334356465,-0.004937216515660536,nan,nan,0.06869698315858841,532,1412,1459
fold_1,train,1564,exp016_static_strict_oof_proxy,retrieval,0.2380175362118686,0.11214513243693147,0.23579351223257722,-0.0022240239792913896,-10.443683095276356,10.34244155883789,0.10124153643846512,1009,1457,1459
fold_1,train,1564,exp016_static_strict_oof_proxy,recent,0.2380175362118686,-0.009632042731577792,0.23023019859116042,-0.007787337620708185,nan,nan,0.0938834473490715,1427,1458,1459
fold_1,train,1564,exp016_static_strict_oof_proxy,random,0.2380175362118686,0.1702289617407559,0.2419634369173514,0.0039459007054827855,nan,nan,0.08188142627477646,542,1324,1459
fold_1,train,1565,exp016_static_strict_oof_proxy,retrieval,0.24445332908179399,0.19381769883375236,0.24762588275747713,0.003172553675683143,-12.839502148330212,12.73669719696045,0.10280495136976242,631,1457,1459
fold_1,train,1565,exp016_static_strict_oof_proxy,recent,0.24445332908179399,0.11111866759189327,0.24835330268075057,0.00389997359895658,nan,nan,0.0938834473490715,1427,1458,1459
fold_1,train,1565,exp016_static_strict_oof_proxy,random,0.24445332908179399,0.1310895512642057,0.2442360847924992,-0.0002172442892947879,nan,nan,0.08471503108739853,517,1433,1459
fold_1,train,1566,exp016_static_strict_oof_proxy,retrieval,0.2183668435040042,0.14205675176007515,0.21806503387758475,-0.0003018096264194581,-11.424722157418728,11.32232666015625,0.10239549726247787,776,1457,1459
fold_1,train,1566,exp016_static_strict_oof_proxy,recent,0.2183668435040042,0.08180029967655593,0.2216571159606056,0.0032902724566014063,nan,nan,0.0938834473490715,1427,1458,1459
fold_1,train,1566,exp016_static_strict_oof_proxy,random,0.2183668435040042,0.059376343866113845,0.21010997175022367,-0.008256871753780537,nan,nan,0.08544730395078659,556,1458,1459
fold_1,train,1567,exp016_static_strict_oof_proxy,retrieval,0.18551799671639388,0.15014423609962943,0.18826271789825036,0.00274472118185648,-10.774088256061077,10.669549942016602,0.10453831404447556,740,1457,1459
fold_1,train,1567,exp016_static_strict_oof_proxy,recent,0.18551799671639388,0.14788653209710037,0.19377304158874165,0.008255044872347767,nan,nan,0.0938834473490715,1427,1458,1459
fold_1,train,1567,exp016_static_strict_oof_proxy,random,0.18551799671639388,0.0936341716543829,0.18229039670008884,-0.003227600016305038,nan,nan,0.07764159888029099,545,1400,1459
fold_1,train,1568,exp016_static_strict_oof_proxy,retrieval,0.23997399603349434,0.17209009374825363,0.24362122565346986,0.003647229619975517,-18.202002957463264,18.110536575317383,0.09146638214588165,581,1454,1459
fold_1,train,1568,exp016_static_strict_oof_proxy,recent,0.23997399603349434,0.25848668602944025,0.25524090332532673,0.015266907291832388,nan,nan,0.0938834473490715,1427,1458,1459
fold_1,train,1568,exp016_static_strict_oof_proxy,random,0.23997399603349434,0.08689247539861439,0.2357263968556926,-0.004247599177801736,nan,nan,0.08224662393331528,512,1418,1459
fold_1,train,1569,exp016_static_strict_oof_proxy,retrieval,0.16940937249993324,0.11778587510497715,0.16998960374566008,0.0005802312457268421,-17.60205888748169,17.499507904052734,0.10255098342895508,632,1457,1459
fold_1,train,1569,exp016_static_strict_oof_proxy,recent,0.16940937249993324,0.18914141346969693,0.18113267308505096,0.011723300585117724,nan,nan,0.0938834473490715,1427,1458,1459
fold_1,train,1569,exp016_static_strict_oof_proxy,random,0.16940937249993324,0.052756207451006114,0.16633783261298055,-0.00307153988695269,nan,nan,0.07811741530895233,516,1439,1459
fold_1,train,1570,exp016_static_strict_oof_proxy,retrieval,0.12646699240664808,0.15654051728318844,0.13821781667913982,0.011750824272491744,-10.881834968924522,10.78036880493164,0.10146616399288177,776,1458,1459
fold_1,train,1570,exp016_static_strict_oof_proxy,recent,0.12646699240664808,0.1797641825228546,0.14384472216581035,0.01737772975916227,nan,nan,0.0938834473490715,1427,1458,1459
fold_1,train,1570,exp016_static_strict_oof_proxy,random,0.12646699240664808,-0.03068084017935612,0.11658742505126032,-0.009879567355387753,nan,nan,0.07537533342838287,550,1388,1459
fold_1,train,1571,exp016_static_strict_oof_proxy,retrieval,0.11070456544003786,0.13894107780871587,0.11734882738304034,0.00664426194300248,-11.972461618483067,11.877732276916504,0.09472934156656265,581,1457,1459
fold_1,train,1571,exp016_static_strict_oof_proxy,recent,0.11070456544003786,0.14461454600200632,0.12009100213443875,0.009386436694400896,nan,nan,0.0938834473490715,1427,1458,1459
fold_1,train,1571,exp016_static_strict_oof_proxy,random,0.11070456544003786,0.13569029840221117,0.11787743689620697,0.007172871456169114,nan,nan,0.0820908471941948,499,1431,1459
fold_1,train,1572,exp016_static_strict_oof_proxy,retrieval,0.2163538305394289,0.19791075488162968,0.220619176583518,0.004265346044089124,-24.593259446322918,24.498483657836914,0.09477578848600388,582,1453,1459
fold_1,train,1572,exp016_static_strict_oof_proxy,recent,0.2163538305394289,0.17386219811419804,0.21973753063911813,0.0033837000996892463,nan,nan,0.0938834473490715,1427,1458,1459
fold_1,train,1572,exp016_static_strict_oof_proxy,random,0.2163538305394289,0.0005584484259642387,0.2126677163263476,-0.003686114213081293,nan,nan,0.07446517795324326,508,1425,1459
fold_1,train,1573,exp016_static_strict_oof_proxy,retrieval,0.18394322512620315,0.11293532619566854,0.1852529915181283,0.001309766391925149,-36.14592786133289,36.05107498168945,0.09485287964344025,581,1456,1459
fold_1,train,1573,exp016_static_strict_oof_proxy,recent,0.18394322512620315,0.18680629995677786,0.19123710749024558,0.007293882364042437,nan,nan,0.0938834473490715,1427,1458,1459
fold_1,train,1573,exp016_static_strict_oof_proxy,random,0.18394322512620315,0.05563793318574839,0.1815394579522829,-0.0024037671739202404,nan,nan,0.07374560087919235,514,1449,1459
fold_1,train,1574,exp016_static_strict_oof_proxy,retrieval,0.13624450152661785,0.11197485282721244,0.1385970648455708,0.0023525633189529493,-30.65156188607216,30.558006286621094,0.09355559945106506,582,1456,1459
fold_1,train,1574,exp016_static_strict_oof_proxy,recent,0.13624450152661785,0.1676862253902522,0.14655013435716707,0.010305632830549222,nan,nan,0.0938834473490715,1427,1458,1459
fold_1,train,1574,exp016_static_strict_oof_proxy,random,0.13624450152661785,-0.009206048575684092,0.1295510707454431,-0.006693430781174764,nan,nan,0.08161037415266037,505,1439,1459
fold_1,train,1575,exp016_static_strict_oof_proxy,retrieval,-0.08997243309222719,-0.21136404809601145,-0.10591696431018281,-0.015944531217955624,-19.46318529546261,19.37091064453125,0.09227465093135834,581,1454,1459
fold_1,train,1575,exp016_static_strict_oof_proxy,recent,-0.08997243309222719,0.0659179418943677,-0.0821571573869512,0.007815275705275987,nan,nan,0.0938834473490715,1427,1458,1459
fold_1,train,1575,exp016_static_strict_oof_proxy,random,-0.08997243309222719,-0.172662124301583,-0.1049356948279169,-0.014963261735689709,nan,nan,0.07933272421360016,487,1439,1459
fold_1,train,1576,exp016_static_strict_oof_proxy,retrieval,0.19904566847289593,0.16132519039252402,0.20174159942598455,0.002695930953088621,-35.56961487978697,35.479286193847656,0.09032868593931198,581,1454,1459
fold_1,train,1576,exp016_static_strict_oof_proxy,recent,0.19904566847289593,0.2901075738636797,0.21645852558488612,0.0174128571119902,nan,nan,0.0938834473490715,1427,1458,1459
fold_1,train,1576,exp016_static_strict_oof_proxy,random,0.19904566847289593,-0.20771871104605277,0.1761546348701246,-0.022891033602771338,nan,nan,0.08128979802131653,553,1434,1459
fold_1,train,1577,exp016_static_strict_oof_proxy,retrieval,0.18974626355646945,0.18804024467431707,0.1944871446468667,0.004740881090397248,-38.892671555280685,38.80046081542969,0.09221073985099792,581,1453,1459
fold_1,train,1577,exp016_static_strict_oof_proxy,recent,0.18974626355646945,0.18926320040612266,0.19577490091560937,0.006028637359139916,nan,nan,0.0938834473490715,1427,1458,1459
fold_1,train,1577,exp016_static_strict_oof_proxy,random,0.18974626355646945,0.07084567884421698,0.18462232696085476,-0.005123936595614692,nan,nan,0.08465175330638885,493,1457,1459
fold_1,train,1578,exp016_static_strict_oof_proxy,retrieval,0.0004656809293828175,0.08290766810838147,0.006687292614022995,0.006221611684640177,-45.50416547805071,45.40443801879883,0.09972745925188065,581,1456,1459
fold_1,train,1578,exp016_static_strict_oof_proxy,recent,0.0004656809293828175,-0.042522097593475784,-0.007508164983249796,-0.007973845912632614,nan,nan,0.0938834473490715,1427,1458,1459
fold_1,train,1578,exp016_static_strict_oof_proxy,random,0.0004656809293828175,0.1037371110836966,0.00970470215842222,0.009239021229039404,nan,nan,0.08075562119483948,538,1452,1459
fold_1,train,1579,exp016_static_strict_oof_proxy,retrieval,-0.018154266867493656,-0.07096056209929504,-0.023477432509199304,-0.005323165641705648,-82.0894015878439,81.99728393554688,0.09211765229701996,630,1449,1459
fold_1,train,1579,exp016_static_strict_oof_proxy,recent,-0.018154266867493656,-0.11475956390867745,-0.028125203885362705,-0.00997093701786905,nan,nan,0.0938834473490715,1427,1458,1459
fold_1,train,1579,exp016_static_strict_oof_proxy,random,-0.018154266867493656,-0.16945102231689316,-0.03395829518584455,-0.015804028318350892,nan,nan,0.08475945889949799,513,1434,1459
fold_1,train,1580,exp016_static_strict_oof_proxy,retrieval,-0.13835929874556516,-0.1812458820429783,-0.1487879857603835,-0.010428687014818333,-63.128036826848984,63.03865432739258,0.08938249945640564,582,1449,1459
fold_1,train,1580,exp016_static_strict_oof_proxy,recent,-0.13835929874556516,-0.05446532589444676,-0.13684312662469947,0.0015161721208656886,nan,nan,0.0938834473490715,1427,1458,1459
fold_1,train,1580,exp016_static_strict_oof_proxy,random,-0.13835929874556516,0.1821527715898121,-0.11766139396138087,0.02069790478418429,nan,nan,0.08949534595012665,496,1435,1459
fold_1,train,1581,exp016_static_strict_oof_proxy,retrieval,-0.023071257378365902,-0.05642876471133341,-0.02717773124114164,-0.004106473862775739,-48.91841471940279,48.823570251464844,0.09484446793794632,582,1453,1459
fold_1,train,1581,exp016_static_strict_oof_proxy,recent,-0.023071257378365902,-0.4270954250841584,-0.06433802778521464,-0.04126677040684873,nan,nan,0.0938834473490715,1427,1458,1459
fold_1,train,1581,exp016_static_strict_oof_proxy,random,-0.023071257378365902,0.39201981877064757,0.017857182787868072,0.040928440166233974,nan,nan,0.0838332399725914,509,1440,1459
fold_1,train,1582,exp016_static_strict_oof_proxy,retrieval,-0.2686702710272671,-0.6285080476178588,-0.3250140584848649,-0.05634378745759783,-215.30722265690565,215.2241973876953,0.08302526921033859,582,1449,1459
fold_1,train,1582,exp016_static_strict_oof_proxy,recent,-0.2686702710272671,-0.499758925777046,-0.3025699950385738,-0.0338997240113067,nan,nan,0.0938834473490715,1427,1458,1459
fold_1,train,1582,exp016_static_strict_oof_proxy,random,-0.2686702710272671,0.5842114743745283,-0.20697591046629396,0.06169436056097313,nan,nan,0.09043469280004501,489,1437,1459
fold_1,train,1583,exp016_static_strict_oof_proxy,retrieval,0.13983258816565117,-0.4482501247364552,0.0914463025045072,-0.048386285661143974,-62.48691659420729,62.394615173339844,0.09230142086744308,582,1449,1459
fold_1,train,1583,exp016_static_strict_oof_proxy,recent,0.13983258816565117,-0.2324854704635126,0.10972506694410608,-0.030107521221545086,nan,nan,0.0938834473490715,1427,1458,1459
fold_1,train,1583,exp016_static_strict_oof_proxy,random,0.13983258816565117,0.5530735251865844,0.19612099306256597,0.056288404896914807,nan,nan,0.07464749366044998,491,1448,1459
fold_1,train,1584,exp016_static_strict_oof_proxy,retrieval,0.11525920823143102,0.04192245331442692,0.11271911323469642,-0.0025400949967345904,-50.86019845306873,50.76708984375,0.09310860931873322,582,1456,1459
fold_1,train,1584,exp016_static_strict_oof_proxy,recent,0.11525920823143102,-0.27826814801821503,0.08345909543856886,-0.031800112792862156,nan,nan,0.0938834473490715,1427,1458,1459
fold_1,train,1584,exp016_static_strict_oof_proxy,random,0.11525920823143102,0.3996569538394507,0.1490119606221642,0.03375275239073319,nan,nan,0.0738149955868721,497,1355,1459
fold_1,train,1585,exp016_static_strict_oof_proxy,retrieval,-0.2246180399773156,-0.24089080808816526,-0.23694594481603293,-0.012327904838717318,-38.0620548799634,37.964019775390625,0.09803510457277298,582,1456,1459
fold_1,train,1585,exp016_static_strict_oof_proxy,recent,-0.2246180399773156,-0.20740511111490395,-0.23294704858374823,-0.008329008606432625,nan,nan,0.0938834473490715,1427,1458,1459
fold_1,train,1585,exp016_static_strict_oof_proxy,random,-0.2246180399773156,-0.07815394522368274,-0.22051031272505994,0.004107727252255666,nan,nan,0.0880611315369606,495,1454,1459
fold_1,train,1586,exp016_static_strict_oof_proxy,retrieval,-0.22307371097518733,-0.0466312179192657,-0.2168268069760469,0.006246903999140435,-36.384693160653114,36.2888298034668,0.09586335718631744,582,1456,1459
fold_1,train,1586,exp016_static_strict_oof_proxy,recent,-0.22307371097518733,-0.17347182104039033,-0.22977608815210493,-0.006702377176917601,nan,nan,0.0938834473490715,1427,1458,1459
fold_1,train,1586,exp016_static_strict_oof_proxy,random,-0.22307371097518733,-0.3242087562780867,-0.24222605445516768,-0.01915234347998035,nan,nan,0.09168487042188644,580,1458,1459
fold_1,train,1587,exp016_static_strict_oof_proxy,retrieval,0.08331527204330144,-0.19030140135615994,0.05957604257970849,-0.02373922946359295,-12.027056239545345,11.923553466796875,0.1035027727484703,802,1457,1459
fold_1,train,1587,exp016_static_strict_oof_proxy,recent,0.08331527204330144,-0.2035535915371414,0.06018247085002629,-0.023132801193275154,nan,nan,0.0938834473490715,1427,1458,1459
fold_1,train,1587,exp016_static_strict_oof_proxy,random,0.08331527204330144,0.08852688745784183,0.08795839867852667,0.004643126635225231,nan,nan,0.07801464200019836,505,1432,1459
fold_1,train,1588,exp016_static_strict_oof_proxy,retrieval,0.15576316123322548,0.08886539164177702,0.15580629104442487,4.31298111993883e-05,-14.519052512943745,14.412348747253418,0.10670376569032669,1009,1457,1459
fold_1,train,1588,exp016_static_strict_oof_proxy,recent,0.15576316123322548,-0.030536527267490357,0.14907933915257826,-0.006683822080647217,nan,nan,0.0938834473490715,1427,1458,1459
fold_1,train,1588,exp016_static_strict_oof_proxy,random,0.15576316123322548,0.17026410983060386,0.16244885549062,0.006685694257394514,nan,nan,0.08116398751735687,490,1445,1459
fold_1,train,1589,exp016_static_strict_oof_proxy,retrieval,0.2298122539220168,0.13162964372091907,0.22904946388924763,-0.0007627900327691617,-14.924508683383465,14.818723678588867,0.10578500479459763,632,1457,1459
fold_1,train,1589,exp016_static_strict_oof_proxy,recent,0.2298122539220168,0.012664556319090333,0.22419190587560642,-0.005620348046410373,nan,nan,0.0938834473490715,1427,1458,1459
fold_1,train,1589,exp016_static_strict_oof_proxy,random,0.2298122539220168,0.2037196619022946,0.2370111313305018,0.007198877408485016,nan,nan,0.08097643405199051,495,1440,1459
fold_1,train,1590,exp016_static_strict_oof_proxy,retrieval,0.14444249717447208,0.0010681637221454886,0.13457596034084354,-0.009866536833628536,-12.39975207298994,12.296594619750977,0.10315745323896408,1009,1457,1459
fold_1,train,1590,exp016_static_strict_oof_proxy,recent,0.14444249717447208,-0.08605386145890782,0.12972304131035126,-0.014719455864120823,nan,nan,0.0938834473490715,1427,1458,1459
fold_1,train,1590,exp016_static_strict_oof_proxy,random,0.14444249717447208,0.13823312950710553,0.1483795918330998,0.00393709465862771,nan,nan,0.07445574551820755,553,1431,1459
fold_1,train,1591,exp016_static_strict_oof_proxy,retrieval,0.1566347716220845,0.057986057762080094,0.15614973439798796,-0.0004850372240965406,-10.472317025065422,10.368900299072266,0.10341672599315643,802,1458,1459
fold_1,train,1591,exp016_static_strict_oof_proxy,recent,0.1566347716220845,0.023170353158979022,0.15435601918846067,-0.0022787524336238263,nan,nan,0.0938834473490715,1427,1458,1459
fold_1,train,1591,exp016_static_strict_oof_proxy,random,0.1566347716220845,0.07729890861731879,0.15477659049386586,-0.0018581811282186445,nan,nan,0.08601310849189758,487,1455,1459
fold_1,train,1592,exp016_static_strict_oof_proxy,retrieval,0.24065795237873666,0.18798794847528913,0.245067359534947,0.0044094071562103265,-11.792356252670288,11.69528579711914,0.09707045555114746,801,1457,1459
fold_1,train,1592,exp016_static_strict_oof_proxy,recent,0.24065795237873666,0.1273215337135894,0.24492803378867514,0.004270081409938481,nan,nan,0.0938834473490715,1427,1458,1459
fold_1,train,1592,exp016_static_strict_oof_proxy,random,0.24065795237873666,0.23437163256218826,0.24842597520696472,0.007768022828228055,nan,nan,0.08563108742237091,537,1426,1459
fold_1,train,1593,exp016_static_strict_oof_proxy,retrieval,0.3738868987154189,0.3055645952898865,0.38008623762962085,0.006199338914201935,-17.095810249447823,17.00629425048828,0.08951599895954132,581,1454,1459
fold_1,train,1593,exp016_static_strict_oof_proxy,recent,0.3738868987154189,0.25817974953252054,0.3857136615510677,0.011826762835648763,nan,nan,0.0938834473490715,1427,1458,1459
fold_1,train,1593,exp016_static_strict_oof_proxy,random,0.3738868987154189,0.23721802249212673,0.37356284958402386,-0.0003240491313950544,nan,nan,0.07230205088853836,497,1435,1459
fold_1,train,1594,exp016_static_strict_oof_proxy,retrieval,0.3782362971460765,0.39929090764689457,0.392762714855312,0.014526417709235517,-34.893463879823685,34.80036926269531,0.09309461712837219,631,1453,1459
fold_1,train,1594,exp016_static_strict_oof_proxy,recent,0.3782362971460765,0.23453559114026545,0.39003426094034843,0.011797963794271948,nan,nan,0.0938834473490715,1427,1458,1459
fold_1,train,1594,exp016_static_strict_oof_proxy,random,0.3782362971460765,0.2729944572342314,0.3808870695533897,0.0026507724073132066,nan,nan,0.08733825385570526,563,1448,1459
fold_1,train,1595,exp016_static_strict_oof_proxy,retrieval,0.20855801011171382,0.22135530507102597,0.21672205829851338,0.008164048186799555,-18.818557247519493,18.7178897857666,0.10066746175289154,723,1457,1459
fold_1,train,1595,exp016_static_strict_oof_proxy,recent,0.20855801011171382,0.015354365903450434,0.20839378578708714,-0.00016422432462667724,nan,nan,0.0938834473490715,1427,1458,1459
fold_1,train,1595,exp016_static_strict_oof_proxy,random,0.20855801011171382,0.29093739178214056,0.2237568131969167,0.015198803085202883,nan,nan,0.08982013911008835,501,1366,1459
fold_1,train,1596,exp016_static_strict_oof_proxy,retrieval,0.22842458817279102,0.270733696300028,0.24403364776535658,0.01560905959256556,-14.684777237474918,14.58416748046875,0.10060975700616837,740,1457,1459
fold_1,train,1596,exp016_static_strict_oof_proxy,recent,0.22842458817279102,0.03342456973776094,0.22715649289223733,-0.0012680952805536883,nan,nan,0.0938834473490715,1427,1458,1459
fold_1,train,1596,exp016_static_strict_oof_proxy,random,0.22842458817279102,0.2390733662442441,0.2418512038799315,0.013426615707140488,nan,nan,0.08617493510246277,631,1417,1459
fold_1,train,1597,exp016_static_strict_oof_proxy,retrieval,0.12129930588209771,0.15302406319576475,0.12891516421554583,0.0076158583334481195,-16.720365568995476,16.624990463256836,0.09537510573863983,723,1454,1459
fold_1,train,1597,exp016_static_strict_oof_proxy,recent,0.12129930588209771,-0.06637591153548196,0.11227623302228003,-0.009023072859817682,nan,nan,0.0938834473490715,1427,1458,1459
fold_1,train,1597,exp016_static_strict_oof_proxy,random,0.12129930588209771,0.1145674234599897,0.12496914084564548,0.003669834963547766,nan,nan,0.079497329890728,509,1438,1459
fold_1,train,1598,exp016_static_strict_oof_proxy,retrieval,0.32406406070146054,0.3477661590226473,0.33332224020739076,0.00925817950593022,-14.760384425520897,14.663274765014648,0.09710966050624847,581,1456,1459
fold_1,train,1598,exp016_static_strict_oof_proxy,recent,0.32406406070146054,-0.08130079642655431,0.3022571893888193,-0.02180687131264125,nan,nan,0.0938834473490715,1427,1458,1459
fold_1,train,1598,exp016_static_strict_oof_proxy,random,0.32406406070146054,0.4037273624212056,0.34596959506843805,0.021905534366977508,nan,nan,0.07658194750547409,500,1418,1459
fold_1,train,1599,exp016_static_strict_oof_proxy,retrieval,0.2610160988877,-0.18031644506892142,0.235119251401851,-0.025896847485849,-11.059609360992908,10.955371856689453,0.10423750430345535,739,1457,1459
fold_1,train,1599,exp016_static_strict_oof_proxy,recent,0.2610160988877,-0.23898301935404676,0.2343874368829853,-0.026628662004714698,nan,nan,0.0938834473490715,1427,1458,1459
fold_1,train,1599,exp016_static_strict_oof_proxy,random,0.2610160988877,0.07669112936764623,0.25432938332030447,-0.006686715567395529,nan,nan,0.08152837306261063,489,1431,1459
fold_1,train,1600,exp016_static_strict_oof_proxy,retrieval,0.14320086328888698,0.0007208866340454159,0.1347206962467238,-0.008480167042163173,-13.606650277972221,13.503951072692871,0.10269920527935028,740,1457,1459
fold_1,train,1600,exp016_static_strict_oof_proxy,recent,0.14320086328888698,0.012171797585653394,0.14277187004068803,-0.00042899324819895,nan,nan,0.0938834473490715,1427,1458,1459
fold_1,train,1600,exp016_static_strict_oof_proxy,random,0.14320086328888698,0.08401217570749517,0.14313148631006214,-6.937697882483662e-05,nan,nan,0.07373185455799103,533,1422,1459
fold_1,train,1601,exp016_static_strict_oof_proxy,retrieval,0.07350346521778181,-0.015676353689747093,0.0667868895170881,-0.006716575700693714,-12.03639005124569,11.935003280639648,0.10138677060604095,776,1457,1459
fold_1,train,1601,exp016_static_strict_oof_proxy,recent,0.07350346521778181,-0.05617511171212068,0.06623415167218934,-0.0072693135455924734,nan,nan,0.0938834473490715,1427,1458,1459
fold_1,train,1601,exp016_static_strict_oof_proxy,random,0.07350346521778181,0.07665878461999337,0.07566701553667642,0.0021635503188946054,nan,nan,0.08370420336723328,486,1407,1459
fold_1,train,1602,exp016_static_strict_oof_proxy,retrieval,0.09026944479341453,-0.014450973716918858,0.08594752499094198,-0.004321919802472554,-8.560269266366959,8.460509300231934,0.09975996613502502,688,1457,1459
fold_1,train,1602,exp016_static_strict_oof_proxy,recent,0.09026944479341453,-0.04380406516239939,0.08415831519188267,-0.006111129601531859,nan,nan,0.0938834473490715,1427,1458,1459
fold_1,train,1602,exp016_static_strict_oof_proxy,random,0.09026944479341453,0.001135747714930188,0.08694652353473593,-0.003322921258678599,nan,nan,0.07609899342060089,522,1419,1459
fold_1,train,1603,exp016_static_strict_oof_proxy,retrieval,0.20935932496586437,0.020029576915103486,0.2050693185947488,-0.004290006371115568,-9.330486424267292,9.231207847595215,0.09927857667207718,688,1458,1459
fold_1,train,1603,exp016_static_strict_oof_proxy,recent,0.20935932496586437,0.030341188785635034,0.20788797094259323,-0.001471354023271143,nan,nan,0.0938834473490715,1427,1458,1459
fold_1,train,1603,exp016_static_strict_oof_proxy,random,0.20935932496586437,0.05601006333896699,0.20597906433898328,-0.0033802606268810986,nan,nan,0.08176039159297943,486,1434,1459
fold_1,train,1604,exp016_static_strict_oof_proxy,retrieval,0.17048054116218428,0.12401359557539678,0.1757483621125468,0.005267820950362517,-10.586458206176758,10.484565734863281,0.10189247131347656,1130,1458,1459
fold_1,train,1604,exp016_static_strict_oof_proxy,recent,0.17048054116218428,0.14732561697305252,0.18113630694509927,0.010655765782914994,nan,nan,0.0938834473490715,1427,1458,1459
fold_1,train,1604,exp016_static_strict_oof_proxy,random,0.17048054116218428,0.07786320598118032,0.16978499746802608,-0.0006955436941581961,nan,nan,0.0824771299958229,496,1329,1459
fold_1,train,1605,exp016_static_strict_oof_proxy,retrieval,0.10608941890644581,0.05116177154678856,0.104624430151485,-0.0014649887549608165,-16.99498149007559,16.885265350341797,0.10971613973379135,610,1457,1459
fold_1,train,1605,exp016_static_strict_oof_proxy,recent,0.10608941890644581,0.09911364018973773,0.11226662421960183,0.00617720531315602,nan,nan,0.0938834473490715,1427,1458,1459
fold_1,train,1605,exp016_static_strict_oof_proxy,random,0.10608941890644581,-0.01494541638829844,0.0984159754523198,-0.007673443454126017,nan,nan,0.07558093965053558,529,1438,1459
fold_1,train,1606,exp016_static_strict_oof_proxy,retrieval,0.1387621862786964,0.09607409261092517,0.14090946319424086,0.0021472769155444493,-9.448433950543404,9.347275733947754,0.10115821659564972,801,1458,1459
fold_1,train,1606,exp016_static_strict_oof_proxy,recent,0.1387621862786964,0.05812935385006772,0.14111019420994192,0.0023480079312455104,nan,nan,0.0938834473490715,1427,1458,1459
fold_1,train,1606,exp016_static_strict_oof_proxy,random,0.1387621862786964,0.1251048975500878,0.1421271223055898,0.0033649360268933892,nan,nan,0.0854240208864212,505,1452,1459
fold_1,train,1607,exp016_static_strict_oof_proxy,retrieval,0.23754863554064193,0.13468190814830763,0.2426206118933112,0.005071976352669261,-8.978982515633106,8.881572723388672,0.09740979224443436,1138,1458,1459
fold_1,train,1607,exp016_static_strict_oof_proxy,recent,0.23754863554064193,0.09558420517313923,0.24034312360217264,0.002794488061530709,nan,nan,0.0938834473490715,1427,1458,1459
fold_1,train,1607,exp016_static_strict_oof_proxy,random,0.23754863554064193,0.20739483642277273,0.24457472766950766,0.007026092128865735,nan,nan,0.08673849701881409,532,1456,1459
fold_1,train,1608,exp016_static_strict_oof_proxy,retrieval,0.15662948954707723,0.07259469653715889,0.15796110132522578,0.001331611778148556,-9.072807781398296,8.970029830932617,0.10277795046567917,1131,1458,1459
fold_1,train,1608,exp016_static_strict_oof_proxy,recent,0.15662948954707723,0.022721411295550123,0.15537446087068138,-0.0012550286763958474,nan,nan,0.0938834473490715,1427,1458,1459
fold_1,train,1608,exp016_static_strict_oof_proxy,random,0.15662948954707723,0.11797257299306922,0.15849374810112862,0.0018642585540513956,nan,nan,0.09207510203123093,486,1444,1459
fold_1,train,1609,exp016_static_strict_oof_proxy,retrieval,0.24857271138065362,0.1978567221521919,0.25039705456187616,0.001824343181222543,-12.247843869030476,12.155345916748047,0.09249795228242874,581,1456,1459
fold_1,train,1609,exp016_static_strict_oof_proxy,recent,0.24857271138065362,0.014222800195263358,0.24584295856922062,-0.002729752811433006,nan,nan,0.0938834473490715,1427,1458,1459
fold_1,train,1609,exp016_static_strict_oof_proxy,random,0.24857271138065362,0.18664563746927976,0.25104023907805584,0.0024675276974022164,nan,nan,0.08560182899236679,541,1434,1459
fold_1,train,1610,exp016_static_strict_oof_proxy,retrieval,0.35443466498844167,0.36373726528286965,0.36713916239622174,0.012704497407780069,-22.113053530454636,22.012826919555664,0.10022661089897156,631,1457,1459
fold_1,train,1610,exp016_static_strict_oof_proxy,recent,0.35443466498844167,0.006309387772483471,0.35218570845179975,-0.0022489565366419217,nan,nan,0.0938834473490715,1427,1458,1459
fold_1,train,1610,exp016_static_strict_oof_proxy,random,0.35443466498844167,0.3852752331439256,0.36702598342376264,0.012591318435320964,nan,nan,0.08000479638576508,511,1381,1459
fold_1,train,1611,exp016_static_strict_oof_proxy,retrieval,0.262681955008784,0.3009854875403505,0.27347357005226197,0.010791615043477976,-13.49241478741169,13.395824432373047,0.09659035503864288,723,1457,1459
fold_1,train,1611,exp016_static_strict_oof_proxy,recent,0.262681955008784,0.06122469301845902,0.2598830397549414,-0.002798915253842571,nan,nan,0.0938834473490715,1427,1458,1459
fold_1,train,1611,exp016_static_strict_oof_proxy,random,0.262681955008784,0.2729185702763463,0.27146708132136066,0.008785126312576663,nan,nan,0.07020768523216248,520,1438,1459
fold_1,train,1612,exp016_static_strict_oof_proxy,retrieval,0.2404574820765159,0.24079631742833962,0.24619715267104697,0.0057396705945310655,-17.7417047098279,17.644657135009766,0.09704757481813431,723,1454,1459
fold_1,train,1612,exp016_static_strict_oof_proxy,recent,0.2404574820765159,0.0420216045002217,0.23704954984306204,-0.0034079322334538698,nan,nan,0.0938834473490715,1427,1458,1459
fold_1,train,1612,exp016_static_strict_oof_proxy,random,0.2404574820765159,0.2497804518677821,0.2494072659300352,0.0089497838535193,nan,nan,0.08999036252498627,488,1450,1459
fold_1,train,1613,exp016_static_strict_oof_proxy,retrieval,0.30983001920214814,0.3796191483118522,0.3268142504516658,0.016984231249517645,-64.16550891846418,64.07220458984375,0.09330432862043381,630,1448,1459
fold_1,train,1613,exp016_static_strict_oof_proxy,recent,0.30983001920214814,0.34000256580552407,0.3329609786398006,0.023130959437652476,nan,nan,0.0938834473490715,1427,1458,1459
fold_1,train,1613,exp016_static_strict_oof_proxy,random,0.30983001920214814,-0.21005310435134733,0.27867430644821295,-0.031155712753935194,nan,nan,0.07842577248811722,561,1440,1459
fold_1,train,1614,exp016_static_strict_oof_proxy,retrieval,0.4003004189994228,0.3399008211204441,0.40443309674656025,0.0041326777471374365,-40.435451328754425,40.33811950683594,0.09733182191848755,582,1449,1459
fold_1,train,1614,exp016_static_strict_oof_proxy,recent,0.4003004189994228,0.34445284350823574,0.4126186395856065,0.012318220586183704,nan,nan,0.0938834473490715,1427,1458,1459
fold_1,train,1614,exp016_static_strict_oof_proxy,random,0.4003004189994228,-0.22262181773427525,0.36518801382993377,-0.03511240516948905,nan,nan,0.08462738245725632,552,1447,1459
fold_1,train,1615,exp016_static_strict_oof_proxy,retrieval,0.22610274637377784,0.25794807930412,0.2410592535961165,0.014956507222338655,-34.75916672497988,34.66547775268555,0.0936889722943306,581,1456,1459
fold_1,train,1615,exp016_static_strict_oof_proxy,recent,0.22610274637377784,0.3468044448048284,0.25995879131620725,0.033856044942429414,nan,nan,0.0938834473490715,1427,1458,1459
fold_1,train,1615,exp016_static_strict_oof_proxy,random,0.22610274637377784,0.29333474190637876,0.24376666839330796,0.017663922019530126,nan,nan,0.0880112424492836,531,1452,1459
fold_1,train,1616,exp016_static_strict_oof_proxy,retrieval,0.17668409271590474,0.009751357809930286,0.168656181908034,-0.008027910807870742,-23.706129916012287,23.606975555419922,0.09915436059236526,581,1456,1459
fold_1,train,1616,exp016_static_strict_oof_proxy,recent,0.17668409271590474,0.11319019968425864,0.18793669956947076,0.011252606853566022,nan,nan,0.0938834473490715,1427,1458,1459
fold_1,train,1616,exp016_static_strict_oof_proxy,random,0.17668409271590474,0.07507757168112321,0.17322617134853477,-0.0034579213673699705,nan,nan,0.08107798546552658,536,1432,1459
fold_1,train,1617,exp016_static_strict_oof_proxy,retrieval,0.10457168000119095,0.19809677466370795,0.1228911990266327,0.018319519025441752,-12.449966944754124,12.347227096557617,0.1027398481965065,1083,1457,1459
fold_1,train,1617,exp016_static_strict_oof_proxy,recent,0.10457168000119095,0.18529589009610367,0.12448142245060491,0.01990974244941396,nan,nan,0.0938834473490715,1427,1458,1459
fold_1,train,1617,exp016_static_strict_oof_proxy,random,0.10457168000119095,-0.021457979452849912,0.09694130653890874,-0.007630373462282208,nan,nan,0.08659717440605164,501,1442,1459
fold_1,train,1618,exp016_static_strict_oof_proxy,retrieval,0.09253514577782905,0.14224026425422137,0.10076567859111675,0.0082305328132877,-14.885198421776295,14.790313720703125,0.09488470107316971,723,1454,1459
fold_1,train,1618,exp016_static_strict_oof_proxy,recent,0.09253514577782905,-0.013471575876616055,0.0909733229729422,-0.001561822804886856,nan,nan,0.0938834473490715,1427,1458,1459
fold_1,train,1618,exp016_static_strict_oof_proxy,random,0.09253514577782905,0.133743306464706,0.10010934928365497,0.007574203505825924,nan,nan,0.07887093722820282,535,1450,1459
fold_1,train,1619,exp016_static_strict_oof_proxy,retrieval,0.09269874107085764,0.2286977474271478,0.10800388424256521,0.015305143171707572,-18.23121827840805,18.1370792388916,0.09413903951644897,581,1454,1459
fold_1,train,1619,exp016_static_strict_oof_proxy,recent,0.09269874107085764,-0.12718008218631607,0.07557274515453671,-0.017125995916320927,nan,nan,0.0938834473490715,1427,1458,1459
fold_1,train,1619,exp016_static_strict_oof_proxy,random,0.09269874107085764,0.23292171790745853,0.11145550334727852,0.018756762276420882,nan,nan,0.07598603516817093,529,1441,1459
fold_1,train,1620,exp016_static_strict_oof_proxy,retrieval,0.2392291390779814,0.2911922772371751,0.24949201693068365,0.010262877852702246,-26.515013694763184,26.42318344116211,0.09183025360107422,631,1454,1459
fold_1,train,1620,exp016_static_strict_oof_proxy,recent,0.2392291390779814,-0.042498138336921704,0.22830470074276418,-0.010924438335217224,nan,nan,0.0938834473490715,1427,1458,1459
fold_1,train,1620,exp016_static_strict_oof_proxy,random,0.2392291390779814,0.2205229644709172,0.24373384798063794,0.004504708902656529,nan,nan,0.0831468403339386,529,1366,1459
fold_1,train,1621,exp016_static_strict_oof_proxy,retrieval,0.018323635057404506,-0.0004851303770219911,0.016874464202587543,-0.0014491708548169634,-15.738103337585926,15.634625434875488,0.10347790271043777,732,1457,1459
fold_1,train,1621,exp016_static_strict_oof_proxy,recent,0.018323635057404506,-0.007252283284031125,0.01709311577324296,-0.0012305192841615444,nan,nan,0.0938834473490715,1427,1458,1459
fold_1,train,1621,exp016_static_strict_oof_proxy,random,0.018323635057404506,-0.01977094134181165,0.014100547215025046,-0.00422308784237946,nan,nan,0.08085218816995621,495,1421,1459
fold_1,train,1622,exp016_static_strict_oof_proxy,retrieval,0.1863654985936904,0.12338479635131558,0.18730607705489444,0.0009405784612040446,-14.471173748373985,14.367292404174805,0.1038813441991806,723,1457,1459
fold_1,train,1622,exp016_static_strict_oof_proxy,recent,0.1863654985936904,-0.07274490725333241,0.17471460337836603,-0.011650895215324364,nan,nan,0.0938834473490715,1427,1458,1459
fold_1,train,1622,exp016_static_strict_oof_proxy,random,0.1863654985936904,0.16981463301235702,0.1898694392553892,0.003503940661698818,nan,nan,0.0736808031797409,517,1440,1459
fold_1,train,1623,exp016_static_strict_oof_proxy,retrieval,0.09921257380346778,0.010279398369950397,0.09595115451587354,-0.0032614192875942416,-11.956434704363346,11.8558349609375,0.1005997434258461,776,1457,1459
fold_1,train,1623,exp016_static_strict_oof_proxy,recent,0.09921257380346778,0.004574746622313706,0.09737747783641389,-0.0018350959670538902,nan,nan,0.0938834473490715,1427,1458,1459
fold_1,train,1623,exp016_static_strict_oof_proxy,random,0.09921257380346778,0.04280500075230812,0.09763393548005017,-0.0015786383234176055,nan,nan,0.08528097718954086,525,1436,1459
fold_1,train,1624,exp016_static_strict_oof_proxy,retrieval,0.1527653668067047,0.13880876281071305,0.1561428384959352,0.003377471689230499,-10.55252456665039,10.459213256835938,0.09331130981445312,776,1457,1459
fold_1,train,1624,exp016_static_strict_oof_proxy,recent,0.1527653668067047,-0.008322680441685035,0.14745768857865604,-0.005307678228048646,nan,nan,0.0938834473490715,1427,1458,1459
fold_1,train,1624,exp016_static_strict_oof_proxy,random,0.1527653668067047,0.1502240855331464,0.15756583538149538,0.0048004685747906894,nan,nan,0.08912260085344315,487,1454,1459
fold_1,train,1625,exp016_static_strict_oof_proxy,retrieval,0.044013237109732865,0.03433523589924687,0.04505956901409074,0.0010463319043578778,-8.340056046843529,8.23832893371582,0.10172711312770844,740,1457,1459
fold_1,train,1625,exp016_static_strict_oof_proxy,recent,0.044013237109732865,-0.045504289257901565,0.03857274864706321,-0.005440488462669653,nan,nan,0.0938834473490715,1427,1458,1459
fold_1,train,1625,exp016_static_strict_oof_proxy,random,0.044013237109732865,0.04724679485771223,0.04526167646186487,0.001248439352132008,nan,nan,0.08507982641458511,527,1444,1459
fold_1,train,1626,exp016_static_strict_oof_proxy,retrieval,-0.11018220111156747,-0.05845910057067089,-0.10988335021699065,0.0002988508945768187,-12.629988849163055,12.534223556518555,0.09576529264450073,501,1454,1459
fold_1,train,1626,exp016_static_strict_oof_proxy,recent,-0.11018220111156747,-0.21895484179674005,-0.13203509434686622,-0.02185289323529875,nan,nan,0.0938834473490715,1427,1458,1459
fold_1,train,1626,exp016_static_strict_oof_proxy,random,-0.11018220111156747,-0.014585028175152403,-0.10494060282389034,0.005241598287677132,nan,nan,0.08883676677942276,517,1442,1459
fold_1,train,1627,exp016_static_strict_oof_proxy,retrieval,0.018934343247673183,0.05770243803858366,0.020375145756777534,0.0014408025091043504,-18.199792101979256,18.107667922973633,0.09212417900562286,581,1454,1459
fold_1,train,1627,exp016_static_strict_oof_proxy,recent,0.018934343247673183,-0.07476946202986373,0.007822389485103519,-0.011111953762569664,nan,nan,0.0938834473490715,1427,1458,1459
fold_1,train,1627,exp016_static_strict_oof_proxy,random,0.018934343247673183,-0.10513312357541588,0.004490524660489041,-0.014443818587184142,nan,nan,0.07975155860185623,550,1444,1459
fold_1,train,1628,exp016_static_strict_oof_proxy,retrieval,0.18773598339187897,0.13056075355663052,0.19409848191120604,0.0063624985193270756,-14.191011242568493,14.088109970092773,0.10290127247571945,719,1457,1459
fold_1,train,1628,exp016_static_strict_oof_proxy,recent,0.18773598339187897,-0.1269333471555951,0.17442542575888506,-0.013310557632993908,nan,nan,0.0938834473490715,1427,1458,1459
fold_1,train,1628,exp016_static_strict_oof_proxy,random,0.18773598339187897,0.36058821754698567,0.2116802025802299,0.023944219188350935,nan,nan,0.07552557438611984,522,1449,1459
fold_1,train,1629,exp016_static_strict_oof_proxy,retrieval,-0.057174264733134104,-0.07910101391595654,-0.06293841233448322,-0.005764147601349114,-13.68625782430172,13.588645935058594,0.09761188924312592,776,1457,1459
fold_1,train,1629,exp016_static_strict_oof_proxy,recent,-0.057174264733134104,-0.07970812081452333,-0.06436806545918852,-0.007193800726054418,nan,nan,0.0938834473490715,1427,1458,1459
fold_1,train,1629,exp016_static_strict_oof_proxy,random,-0.057174264733134104,-0.035366379355513206,-0.05862061239360667,-0.0014463476604725661,nan,nan,0.07132270932197571,533,1440,1459
fold_1,train,1630,exp016_static_strict_oof_proxy,retrieval,-0.058566977268126603,-0.0019256000173331193,-0.05487183525152171,0.0036951420166048965,-12.190352693200111,12.089069366455078,0.10128332674503326,739,1457,1459
fold_1,train,1630,exp016_static_strict_oof_proxy,recent,-0.058566977268126603,-0.03547470467595723,-0.06265629404714468,-0.004089316779018075,nan,nan,0.0938834473490715,1427,1458,1459
fold_1,train,1630,exp016_static_strict_oof_proxy,random,-0.058566977268126603,0.009590931540598433,-0.05370255801024974,0.0048644192578768605,nan,nan,0.08837368339300156,569,1434,1459
fold_1,train,1631,exp016_static_strict_oof_proxy,retrieval,0.047842842358460466,-0.0337698296272006,0.04003059578693888,-0.007812246571521589,-9.340489618480206,9.237300872802734,0.10318874567747116,739,1457,1459
fold_1,train,1631,exp016_static_strict_oof_proxy,recent,0.047842842358460466,-0.11839011286027327,0.03377619179709927,-0.014066650561361194,nan,nan,0.0938834473490715,1427,1458,1459
fold_1,train,1631,exp016_static_strict_oof_proxy,random,0.047842842358460466,0.11789021602487149,0.055284084425332294,0.007441242066871828,nan,nan,0.08154661953449249,487,1373,1459
fold_1,train,1632,exp016_static_strict_oof_proxy,retrieval,-0.007451672613528592,0.019937147123327097,-0.00550711664110955,0.0019445559724190417,-8.994570396840572,8.89253044128418,0.10203995555639267,1083,1457,1459
fold_1,train,1632,exp016_static_strict_oof_proxy,recent,-0.007451672613528592,-0.02410075678575443,-0.009744322132624897,-0.002292649519096305,nan,nan,0.0938834473490715,1427,1458,1459
fold_1,train,1632,exp016_static_strict_oof_proxy,random,-0.007451672613528592,0.06535857764595888,-0.0006169451102768847,0.006834727503251707,nan,nan,0.08504901826381683,489,1386,1459
fold_1,train,1633,exp016_static_strict_oof_proxy,retrieval,0.0923858343074059,0.13233972288755008,0.09813999782971715,0.0057541635223112425,-9.686660572886467,9.595439910888672,0.0912206619977951,776,1457,1459
fold_1,train,1633,exp016_static_strict_oof_proxy,recent,0.0923858343074059,-0.12167813056195459,0.0775816737537807,-0.014804160553625212,nan,nan,0.0938834473490715,1427,1458,1459
fold_1,train,1633,exp016_static_strict_oof_proxy,random,0.0923858343074059,0.16284125554676707,0.10177164098732511,0.0093858066799192,nan,nan,0.08633892983198166,646,1451,1459
fold_1,train,1634,exp016_static_strict_oof_proxy,retrieval,-0.04573598711893605,-0.01510387493033928,-0.04480468053630326,0.000931306582632789,-7.116713181138039,7.016592025756836,0.1001211553812027,1138,1458,1459
fold_1,train,1634,exp016_static_strict_oof_proxy,recent,-0.04573598711893605,-0.0669369065153537,-0.05232759024296977,-0.006591603124033722,nan,nan,0.0938834473490715,1427,1458,1459
fold_1,train,1634,exp016_static_strict_oof_proxy,random,-0.04573598711893605,0.010627844143384033,-0.041373623358979914,0.004362363759956134,nan,nan,0.07674164324998856,526,1450,1459
fold_1,train,1635,exp016_static_strict_oof_proxy,retrieval,-0.05126586481142041,-0.10191944621494504,-0.0579290809543236,-0.006663216142903189,-9.26434887945652,9.174819946289062,0.08952893316745758,740,1454,1459
fold_1,train,1635,exp016_static_strict_oof_proxy,recent,-0.05126586481142041,-0.05199443669044913,-0.05580774852947642,-0.004541883718056007,nan,nan,0.0938834473490715,1427,1458,1459
fold_1,train,1635,exp016_static_strict_oof_proxy,random,-0.05126586481142041,-0.1561503327277154,-0.06379439834434862,-0.01252853353292821,nan,nan,0.08985331654548645,500,1434,1459
fold_1,train,1636,exp016_static_strict_oof_proxy,retrieval,-0.10604738348723704,-0.06819296089740612,-0.10577280175014209,0.0002745817370949505,-7.388029173016548,7.280418395996094,0.1076107770204544,740,1457,1459
fold_1,train,1636,exp016_static_strict_oof_proxy,recent,-0.10604738348723704,-0.0016725067080457876,-0.10456362978474536,0.0014837537024916803,nan,nan,0.0938834473490715,1427,1458,1459
fold_1,train,1636,exp016_static_strict_oof_proxy,random,-0.10604738348723704,-0.06828933082985629,-0.10610059898362241,-5.3215496385372596e-05,nan,nan,0.08041463047266006,528,1432,1459
fold_1,train,1637,exp016_static_strict_oof_proxy,retrieval,-0.012919479260255889,-0.06791287571176985,-0.02003476778923821,-0.007115288528982322,-7.541437812149525,7.455329895019531,0.08610791712999344,776,1457,1459
fold_1,train,1637,exp016_static_strict_oof_proxy,recent,-0.012919479260255889,0.038877188637818055,-0.00852779628506867,0.004391682975187218,nan,nan,0.0938834473490715,1427,1458,1459
fold_1,train,1637,exp016_static_strict_oof_proxy,random,-0.012919479260255889,-0.03986530417650582,-0.017109485623471716,-0.004190006363215827,nan,nan,0.08013077825307846,558,1430,1459
fold_1,train,1638,exp016_static_strict_oof_proxy,retrieval,-0.05067902616797465,-0.059210907198972144,-0.05334505479678459,-0.0026660286288099425,-5.18270905315876,5.088798522949219,0.09391053020954132,803,1455,1459
fold_1,train,1638,exp016_static_strict_oof_proxy,recent,-0.05067902616797465,0.0010971825632266237,-0.04932463576260467,0.0013543904053699776,nan,nan,0.0938834473490715,1427,1458,1459
fold_1,train,1638,exp016_static_strict_oof_proxy,random,-0.05067902616797465,-0.04092487442979204,-0.051090166440752295,-0.00041114027277764503,nan,nan,0.0793619304895401,533,1428,1459
fold_1,train,1639,exp016_static_strict_oof_proxy,retrieval,-0.00811016068398635,-0.027499438040448534,-0.010328425170880303,-0.0022182644868939533,-11.183445379137993,11.091078758239746,0.09236662089824677,633,1456,1459
fold_1,train,1639,exp016_static_strict_oof_proxy,recent,-0.00811016068398635,-0.04064054315623433,-0.01215389565045338,-0.00404373496646703,nan,nan,0.0938834473490715,1427,1458,1459
fold_1,train,1639,exp016_static_strict_oof_proxy,random,-0.00811016068398635,0.04426883011594743,-0.003399708936134825,0.004710451747851525,nan,nan,0.08436955511569977,486,1456,1459
fold_1,train,1640,exp016_static_strict_oof_proxy,retrieval,-0.08203381902617514,-0.0036989612013592485,-0.07694608147754287,0.0050877375486322735,-5.23008418828249,5.132134914398193,0.09794927388429642,802,1458,1459
fold_1,train,1640,exp016_static_strict_oof_proxy,recent,-0.08203381902617514,0.07703775559442333,-0.07079351132454452,0.01124030770163062,nan,nan,0.0938834473490715,1427,1458,1459
fold_1,train,1640,exp016_static_strict_oof_proxy,random,-0.08203381902617514,-0.08100042900368394,-0.08454161886616054,-0.0025077998399854057,nan,nan,0.06842613220214844,497,1426,1459
fold_1,train,1641,exp016_static_strict_oof_proxy,retrieval,-0.08276778417596299,-0.1010177507222139,-0.08867391479593652,-0.005906130619973526,-8.48271482437849,8.381460189819336,0.10125463455915451,802,1457,1459
fold_1,train,1641,exp016_static_strict_oof_proxy,recent,-0.08276778417596299,0.02395221190840341,-0.07737959461996104,0.005388189556001954,nan,nan,0.0938834473490715,1427,1458,1459
fold_1,train,1641,exp016_static_strict_oof_proxy,random,-0.08276778417596299,-0.15676449314329227,-0.09415209075015235,-0.01138430657418936,nan,nan,0.07758432626724243,488,1446,1459
fold_1,train,1642,exp016_static_strict_oof_proxy,retrieval,-0.05747099141058782,-0.0654415949588318,-0.060320230759553714,-0.0028492393489658943,-6.659106999635696,6.558128356933594,0.10097864270210266,1155,1458,1459
fold_1,train,1642,exp016_static_strict_oof_proxy,recent,-0.05747099141058782,-0.0022354942774613223,-0.055350602939035286,0.002120388471552534,nan,nan,0.0938834473490715,1427,1458,1459
fold_1,train,1642,exp016_static_strict_oof_proxy,random,-0.05747099141058782,-0.13038710738885295,-0.06671936906148392,-0.009248377650896096,nan,nan,0.07078586518764496,532,1436,1459
fold_1,train,1643,exp016_static_strict_oof_proxy,retrieval,0.06265016142153677,0.10281897615886065,0.06819151687410613,0.005541355452569355,-6.373479373753071,6.275059223175049,0.098420150578022,801,1458,1459
fold_1,train,1643,exp016_static_strict_oof_proxy,recent,0.06265016142153677,0.11633954853081198,0.07232768745916084,0.009677526037624062,nan,nan,0.0938834473490715,1427,1458,1459
fold_1,train,1643,exp016_static_strict_oof_proxy,random,0.06265016142153677,0.08161007258759492,0.0668112919295636,0.004161130508026828,nan,nan,0.07348085194826126,569,1411,1459
fold_1,train,1644,exp016_static_strict_oof_proxy,retrieval,0.09071616852669522,0.02792679541949446,0.08802129814659916,-0.002694870380096054,-6.266972251236439,6.164050579071045,0.10292167216539383,802,1458,1459
fold_1,train,1644,exp016_static_strict_oof_proxy,recent,0.09071616852669522,-0.0014529993239300013,0.08696319770720612,-0.003752970819489096,nan,nan,0.0938834473490715,1427,1458,1459
fold_1,train,1644,exp016_static_strict_oof_proxy,random,0.09071616852669522,0.04893804868312625,0.0886342974446307,-0.002081871082064521,nan,nan,0.0715227946639061,490,1394,1459
fold_1,train,1645,exp016_static_strict_oof_proxy,retrieval,0.036688784701119685,0.000523354940062074,0.0352436426393055,-0.0014451420618141822,-7.423191525042057,7.321817874908447,0.10137365013360977,1138,1458,1459
fold_1,train,1645,exp016_static_strict_oof_proxy,recent,0.036688784701119685,-0.022515541828876596,0.033223243568806154,-0.0034655411323135307,nan,nan,0.0938834473490715,1427,1458,1459
fold_1,train,1645,exp016_static_strict_oof_proxy,random,0.036688784701119685,0.03089929051904039,0.037131420326361984,0.00044263562524229916,nan,nan,0.07769245654344559,487,1371,1459
fold_1,train,1646,exp016_static_strict_oof_proxy,retrieval,0.12908558153472427,0.14549451576407255,0.1352329440374702,0.006147362502745918,-7.764241613447666,7.662806510925293,0.1014351025223732,1138,1458,1459
fold_1,train,1646,exp016_static_strict_oof_proxy,recent,0.12908558153472427,0.0067463065904724,0.12538384823932167,-0.003701733295402604,nan,nan,0.0938834473490715,1427,1458,1459
fold_1,train,1646,exp016_static_strict_oof_proxy,random,0.12908558153472427,0.19464442817476474,0.1397876098137219,0.010702028278997633,nan,nan,0.07931968569755554,496,1354,1459
fold_1,train,1647,exp016_static_strict_oof_proxy,retrieval,0.09863789176907319,-0.12712760545936744,0.0827047076235425,-0.015933184145530688,-6.310086287558079,6.208114147186279,0.10197214037179947,1138,1458,1459
fold_1,train,1647,exp016_static_strict_oof_proxy,recent,0.09863789176907319,-0.15713599264255046,0.08013012288482915,-0.018507768884244033,nan,nan,0.0938834473490715,1427,1458,1459
fold_1,train,1647,exp016_static_strict_oof_proxy,random,0.09863789176907319,0.05101755011218252,0.09803749782959843,-0.0006003939394747526,nan,nan,0.0817963182926178,504,1442,1459
fold_1,train,1648,exp016_static_strict_oof_proxy,retrieval,0.1440468488249041,0.15334910069249894,0.1485336494023008,0.004486800577396699,-11.899286776781082,11.811569213867188,0.08771756291389465,581,1456,1459
fold_1,train,1648,exp016_static_strict_oof_proxy,recent,0.1440468488249041,-0.12508773223188618,0.12960803564565787,-0.014438813179246224,nan,nan,0.0938834473490715,1427,1458,1459
fold_1,train,1648,exp016_static_strict_oof_proxy,random,0.1440468488249041,0.11274518008026507,0.14522670901341422,0.001179860188510129,nan,nan,0.08443918824195862,522,1426,1459
fold_1,train,1649,exp016_static_strict_oof_proxy,retrieval,0.31011605008848214,0.17816977182372756,0.31093062155264634,0.0008145714641641932,-10.474840447306633,10.368492126464844,0.10634832084178925,734,1457,1459
fold_1,train,1649,exp016_static_strict_oof_proxy,recent,0.31011605008848214,-0.03223162445680751,0.3012092524607434,-0.008906797627738716,nan,nan,0.0938834473490715,1427,1458,1459
fold_1,train,1649,exp016_static_strict_oof_proxy,random,0.31011605008848214,0.2934649415749868,0.31972880414015187,0.009612754051669725,nan,nan,0.08508754521608353,577,1429,1459
fold_1,train,1650,exp016_static_strict_oof_proxy,retrieval,0.2495926274004327,0.07075427984449614,0.25032380015016503,0.0007311727497323339,-9.909879423677921,9.810705184936523,0.09917423874139786,1131,1458,1459
fold_1,train,1650,exp016_static_strict_oof_proxy,recent,0.2495926274004327,-0.004738089362689148,0.24574821528096613,-0.003844412119466567,nan,nan,0.0938834473490715,1427,1458,1459
fold_1,train,1650,exp016_static_strict_oof_proxy,random,0.2495926274004327,0.226617790059585,0.2570668738832322,0.007474246482799485,nan,nan,0.08631368726491928,493,1407,1459
fold_1,train,1651,exp016_static_strict_oof_proxy,retrieval,0.2496882029138912,0.021171892696762194,0.24038322295356332,-0.009304979960327892,-10.741449512541294,10.643792152404785,0.09765736013650894,1131,1457,1459
fold_1,train,1651,exp016_static_strict_oof_proxy,recent,0.2496882029138912,-0.10810818176731053,0.23263444787565077,-0.017053755038240442,nan,nan,0.0938834473490715,1427,1458,1459
fold_1,train,1651,exp016_static_strict_oof_proxy,random,0.2496882029138912,0.30045167195876227,0.26275287328485214,0.013064670370960929,nan,nan,0.07662433385848999,525,1424,1459
fold_1,train,1652,exp016_static_strict_oof_proxy,retrieval,0.22781216423705272,0.18885106085273995,0.23168901426109864,0.003876850024045919,-10.552942335605621,10.451606750488281,0.10133558511734009,776,1457,1459
fold_1,train,1652,exp016_static_strict_oof_proxy,recent,0.22781216423705272,-0.11899083232165718,0.2108781018327086,-0.016934062404344113,nan,nan,0.0938834473490715,1427,1458,1459
fold_1,train,1652,exp016_static_strict_oof_proxy,random,0.22781216423705272,0.2979136496030749,0.24126230983407676,0.013450145597024038,nan,nan,0.09032516181468964,489,1314,1459
fold_1,train,1653,exp016_static_strict_oof_proxy,retrieval,0.1635061655102296,0.18413857593884408,0.17052573847167146,0.007019572961441872,-9.125014826655388,9.027261734008789,0.09775309264659882,776,1457,1459
fold_1,train,1653,exp016_static_strict_oof_proxy,recent,0.1635061655102296,-0.08213206352550184,0.15065783604237373,-0.012848329467855857,nan,nan,0.0938834473490715,1427,1458,1459
fold_1,train,1653,exp016_static_strict_oof_proxy,random,0.1635061655102296,0.22462719050625699,0.17483418258827826,0.011328017078048674,nan,nan,0.08689984679222107,506,1451,1459
fold_1,train,1654,exp016_static_strict_oof_proxy,retrieval,0.10829086480291646,0.07394210945511295,0.10938266849199405,0.001091803689077589,-7.4429585337638855,7.342835426330566,0.10012310743331909,1083,1458,1459
fold_1,train,1654,exp016_static_strict_oof_proxy,recent,0.10829086480291646,-0.04724965099417426,0.1013001102970281,-0.006990754505888361,nan,nan,0.0938834473490715,1427,1458,1459
fold_1,train,1654,exp016_static_strict_oof_proxy,random,0.10829086480291646,0.11983790980602636,0.11308242888051383,0.004791564077597371,nan,nan,0.08559668809175491,532,1325,1459
fold_1,train,1655,exp016_static_strict_oof_proxy,retrieval,0.11499054502162319,0.15632070868725487,0.12294904653174252,0.007958501510119328,-7.245729178190231,7.147907257080078,0.0978219211101532,801,1457,1459
fold_1,train,1655,exp016_static_strict_oof_proxy,recent,0.11499054502162319,-0.013909926352311766,0.11056877220184783,-0.004421772819775363,nan,nan,0.0938834473490715,1427,1458,1459
fold_1,train,1655,exp016_static_strict_oof_proxy,random,0.11499054502162319,0.17712757678168886,0.12463285303374141,0.009642308012118225,nan,nan,0.08775585144758224,487,1450,1459
fold_1,train,1656,exp016_static_strict_oof_proxy,retrieval,0.03615666715191558,-0.022369177664512397,0.030379864534942905,-0.005776802616972675,-11.19307378679514,11.093618392944336,0.09945539385080338,632,1457,1459
fold_1,train,1656,exp016_static_strict_oof_proxy,recent,0.03615666715191558,-0.025138081413513723,0.03170921090933134,-0.00444745624258424,nan,nan,0.0938834473490715,1427,1458,1459
fold_1,train,1656,exp016_static_strict_oof_proxy,random,0.03615666715191558,-0.08077042148352265,0.02519803848095929,-0.010958628670956292,nan,nan,0.0769888386130333,558,1454,1459
fold_1,train,1657,exp016_static_strict_oof_proxy,retrieval,0.08527230734389649,0.03368220526560563,0.08180264960954224,-0.003469657734354245,-6.753133237361908,6.654150009155273,0.09898322820663452,740,1457,1459
fold_1,train,1657,exp016_static_strict_oof_proxy,recent,0.08527230734389649,0.013433377031420371,0.08307594072083684,-0.0021963666230596507,nan,nan,0.0938834473490715,1427,1458,1459
fold_1,train,1657,exp016_static_strict_oof_proxy,random,0.08527230734389649,0.020037448663372592,0.080610948391013,-0.004661358952883485,nan,nan,0.07522178441286087,495,1438,1459
fold_1,train,1658,exp016_static_strict_oof_proxy,retrieval,-0.011088975858055562,-0.05493636513706487,-0.016445110741876053,-0.005356134883820491,-6.647522173821926,6.547319412231445,0.1002027615904808,734,1458,1459
fold_1,train,1658,exp016_static_strict_oof_proxy,recent,-0.011088975858055562,-0.07942899906938924,-0.01921432777235818,-0.00812535191430262,nan,nan,0.0938834473490715,1427,1458,1459
fold_1,train,1658,exp016_static_strict_oof_proxy,random,-0.011088975858055562,0.1441714918869601,0.004844971581903152,0.015933947439958712,nan,nan,0.07876709848642349,500,1440,1459
fold_1,train,1659,exp016_static_strict_oof_proxy,retrieval,-0.08281476253211727,-0.03934576470787553,-0.08419445125809909,-0.0013796887259818202,-8.683159701526165,8.58580207824707,0.0973576232790947,1138,1458,1459
fold_1,train,1659,exp016_static_strict_oof_proxy,recent,-0.08281476253211727,-0.15735030886405857,-0.09752654381803987,-0.014711781285922598,nan,nan,0.0938834473490715,1427,1458,1459
fold_1,train,1659,exp016_static_strict_oof_proxy,random,-0.08281476253211727,0.03309454696594018,-0.07540907639923769,0.007405686132879577,nan,nan,0.07966962456703186,486,1440,1459
fold_1,train,1660,exp016_static_strict_oof_proxy,retrieval,-0.13423670479883942,-0.16164663187681025,-0.14318612572579884,-0.008949420926959412,-6.623180627822876,6.527073383331299,0.09610724449157715,980,1458,1459
fold_1,train,1660,exp016_static_strict_oof_proxy,recent,-0.13423670479883942,-0.19504234155439362,-0.14894804425411123,-0.01471133945527181,nan,nan,0.0938834473490715,1427,1458,1459
fold_1,train,1660,exp016_static_strict_oof_proxy,random,-0.13423670479883942,0.041940670488788946,-0.12120912645565297,0.01302757834318645,nan,nan,0.06858423352241516,491,1418,1459
fold_1,train,1661,exp016_static_strict_oof_proxy,retrieval,-0.07685702817695257,-0.1048380810942315,-0.08385123777288842,-0.006994209595935844,-9.05860873311758,8.955080032348633,0.1035287007689476,1131,1458,1459
fold_1,train,1661,exp016_static_strict_oof_proxy,recent,-0.07685702817695257,-0.12016281924905367,-0.08560291210036795,-0.008745883923415382,nan,nan,0.0938834473490715,1427,1458,1459
fold_1,train,1661,exp016_static_strict_oof_proxy,random,-0.07685702817695257,0.01338893200918293,-0.07057779687043653,0.006279231306516045,nan,nan,0.08215849101543427,492,1450,1459
fold_1,train,1662,exp016_static_strict_oof_proxy,retrieval,-0.020570685252641295,-0.00040816898418119914,-0.019044771838518555,0.0015259134141227398,-7.943300381302834,7.840618133544922,0.10268224775791168,1138,1458,1459
fold_1,train,1662,exp016_static_strict_oof_proxy,recent,-0.020570685252641295,-0.053488173802655345,-0.02427683318954105,-0.0037061479368997556,nan,nan,0.0938834473490715,1427,1458,1459
fold_1,train,1662,exp016_static_strict_oof_proxy,random,-0.020570685252641295,0.13053960292723785,-0.005686091685830806,0.014884593566810489,nan,nan,0.08617747575044632,499,1432,1459
fold_1,train,1663,exp016_static_strict_oof_proxy,retrieval,0.1551731811135296,0.12127450792085302,0.15970327594437442,0.004530094830844822,-6.729204170405865,6.626806735992432,0.10239743441343307,1137,1458,1459
fold_1,train,1663,exp016_static_strict_oof_proxy,recent,0.1551731811135296,0.08623056423555045,0.15877509179474664,0.003601910681217041,nan,nan,0.0938834473490715,1427,1458,1459
fold_1,train,1663,exp016_static_strict_oof_proxy,random,0.1551731811135296,0.1032580118993113,0.15515708323528382,-1.6097878245774355e-05,nan,nan,0.09166397899389267,573,1453,1459
fold_1,train,1664,exp016_static_strict_oof_proxy,retrieval,0.13758249872050313,0.18819380714521722,0.14866552727244928,0.01108302855194615,-7.924848787486553,7.82398796081543,0.1008608266711235,1138,1458,1459
fold_1,train,1664,exp016_static_strict_oof_proxy,recent,0.13758249872050313,0.11549561637750656,0.14490139891870651,0.0073189001982033874,nan,nan,0.0938834473490715,1427,1458,1459
fold_1,train,1664,exp016_static_strict_oof_proxy,random,0.13758249872050313,0.1788138230266371,0.14671625204450459,0.009133753324001459,nan,nan,0.0844532921910286,488,1452,1459
fold_1,train,1665,exp016_static_strict_oof_proxy,retrieval,0.062190901649219206,0.16042740832173225,0.074709413296869,0.012518511647649798,-8.723453938961029,8.623956680297852,0.09949725866317749,776,1457,1459
fold_1,train,1665,exp016_static_strict_oof_proxy,recent,0.062190901649219206,0.03044788543308045,0.06448799657312364,0.0022970949239044317,nan,nan,0.0938834473490715,1427,1458,1459
fold_1,train,1665,exp016_static_strict_oof_proxy,random,0.062190901649219206,0.16078833169127188,0.07499827996342345,0.012807378314204247,nan,nan,0.08127325028181076,538,1457,1459
fold_1,train,1666,exp016_static_strict_oof_proxy,retrieval,0.09198764685823264,0.1063599758062377,0.09668247712544573,0.004694830267213082,-9.229933895170689,9.123323440551758,0.10661045461893082,634,1458,1459
fold_1,train,1666,exp016_static_strict_oof_proxy,recent,0.09198764685823264,-0.030844279296632977,0.08607284000629703,-0.005914806851935614,nan,nan,0.0938834473490715,1427,1458,1459
fold_1,train,1666,exp016_static_strict_oof_proxy,random,0.09198764685823264,0.17383046153753354,0.10287437406664388,0.010886727208411232,nan,nan,0.0729147344827652,488,1445,1459
fold_1,train,1667,exp016_static_strict_oof_proxy,retrieval,-0.039064944700602885,-0.013787102709303587,-0.03867523742484969,0.00038970727575319414,-7.728758320212364,7.634383678436279,0.0943746417760849,1161,1457,1459
fold_1,train,1667,exp016_static_strict_oof_proxy,recent,-0.039064944700602885,-0.10556356825569732,-0.04825753255834335,-0.009192587857740464,nan,nan,0.0938834473490715,1427,1458,1459
fold_1,train,1667,exp016_static_strict_oof_proxy,random,-0.039064944700602885,0.09946268300595475,-0.0265434759461081,0.012521468754494787,nan,nan,0.07309513539075851,534,1441,1459
fold_1,train,1668,exp016_static_strict_oof_proxy,retrieval,-0.02730419083676007,-0.08899270958061578,-0.0355237911376998,-0.008219600300939732,-6.715655490756035,6.621908664703369,0.09374682605266571,801,1457,1459
fold_1,train,1668,exp016_static_strict_oof_proxy,recent,-0.02730419083676007,-0.16580917707870663,-0.04316867648676923,-0.015864485650009162,nan,nan,0.0938834473490715,1427,1458,1459
fold_1,train,1668,exp016_static_strict_oof_proxy,random,-0.02730419083676007,0.056587223248963855,-0.021490094316461896,0.005814096520298174,nan,nan,0.08588854223489761,513,1434,1459
fold_1,train,1669,exp016_static_strict_oof_proxy,retrieval,0.00804219660935745,-0.11794646259983473,-0.003845171095538169,-0.011887367704895619,-5.8219428807497025,5.724676132202148,0.09726674854755402,980,1458,1459
fold_1,train,1669,exp016_static_strict_oof_proxy,recent,0.00804219660935745,-0.18851458010903185,-0.011545454938028861,-0.01958765154738631,nan,nan,0.0938834473490715,1427,1458,1459
fold_1,train,1669,exp016_static_strict_oof_proxy,random,0.00804219660935745,0.1341790312640763,0.020609117051556623,0.012566920442199174,nan,nan,0.07570730149745941,551,1428,1459
fold_1,train,1670,exp016_static_strict_oof_proxy,retrieval,0.152747362607018,0.030647086605698558,0.14711109804774164,-0.005636264559276349,-6.345444813370705,6.248676300048828,0.09676851332187653,1136,1458,1459
fold_1,train,1670,exp016_static_strict_oof_proxy,recent,0.152747362607018,-0.0844436898089106,0.1380735689694632,-0.014673793637554777,nan,nan,0.0938834473490715,1427,1458,1459
fold_1,train,1670,exp016_static_strict_oof_proxy,random,0.152747362607018,0.20762555131618102,0.1627928418233439,0.010045479216325898,nan,nan,0.08524604886770248,518,1424,1459
fold_1,train,1671,exp016_static_strict_oof_proxy,retrieval,0.04133987656643051,-0.12190771222970069,0.025035107858264585,-0.016304768708165926,-6.868051417171955,6.766495704650879,0.1015557125210762,1130,1457,1459
fold_1,train,1671,exp016_static_strict_oof_proxy,recent,0.04133987656643051,-0.18230019718169585,0.019432933820943292,-0.02190694274548722,nan,nan,0.0938834473490715,1427,1458,1459
fold_1,train,1671,exp016_static_strict_oof_proxy,random,0.04133987656643051,0.11750206181792039,0.04930262538637397,0.007962748819943459,nan,nan,0.08403817564249039,523,1411,1459
fold_1,train,1672,exp016_static_strict_oof_proxy,retrieval,0.2676211855977189,0.0692930706313602,0.25586448502353143,-0.011756700574187484,-5.627649813890457,5.528390884399414,0.09925892949104309,1138,1458,1459
fold_1,train,1672,exp016_static_strict_oof_proxy,recent,0.2676211855977189,-0.06390450414938989,0.2503560594478479,-0.017265126149871024,nan,nan,0.0938834473490715,1427,1458,1459
fold_1,train,1672,exp016_static_strict_oof_proxy,random,0.2676211855977189,0.21338837147020284,0.26978582612726565,0.0021646405295467352,nan,nan,0.07269860804080963,492,1406,1459
fold_1,train,1673,exp016_static_strict_oof_proxy,retrieval,0.32699941887797646,0.2147905256701642,0.3261515450261941,-0.0008478738517823659,-5.820508748292923,5.724197864532471,0.09631088376045227,980,1458,1459
fold_1,train,1673,exp016_static_strict_oof_proxy,recent,0.32699941887797646,0.12399798415297911,0.32444397987996587,-0.002555438998010584,nan,nan,0.0938834473490715,1427,1458,1459
fold_1,train,1673,exp016_static_strict_oof_proxy,random,0.32699941887797646,0.23129662798960596,0.3287436787311485,0.0017442598531720588,nan,nan,0.0769881084561348,508,1355,1459
fold_1,train,1674,exp016_static_strict_oof_proxy,retrieval,0.22489857330504476,0.09203291438141561,0.2218777231326392,-0.0030208501724055536,-6.378016851842403,6.282075881958008,0.0959409698843956,1138,1458,1459
fold_1,train,1674,exp016_static_strict_oof_proxy,recent,0.22489857330504476,0.000546389284595868,0.21695889053896242,-0.00793968276608234,nan,nan,0.0938834473490715,1427,1458,1459
fold_1,train,1674,exp016_static_strict_oof_proxy,random,0.22489857330504476,0.20537136139442289,0.22969709740995697,0.004798524104912216,nan,nan,0.08214922249317169,491,1434,1459
fold_1,train,1675,exp016_static_strict_oof_proxy,retrieval,0.2564747692319484,0.1799060408429739,0.2550422435083847,-0.0014325257235636712,-10.77946012467146,10.695609092712402,0.08385103195905685,495,1454,1459
fold_1,train,1675,exp016_static_strict_oof_proxy,recent,0.2564747692319484,-0.036822015533512255,0.24899928946888364,-0.007475479763064757,nan,nan,0.0938834473490715,1427,1458,1459
fold_1,train,1675,exp016_static_strict_oof_proxy,random,0.2564747692319484,0.1756011413307315,0.25451966030572853,-0.0019551089262198618,nan,nan,0.08875493705272675,493,1439,1459
fold_1,train,1676,exp016_static_strict_oof_proxy,retrieval,0.2860020578341886,0.22461592484868834,0.2859619868310486,-4.0071003139963146e-05,-11.613666377961636,11.513620376586914,0.10004600137472153,723,1457,1459
fold_1,train,1676,exp016_static_strict_oof_proxy,recent,0.2860020578341886,0.04163610930225831,0.28377043010955016,-0.0022316277246384186,nan,nan,0.0938834473490715,1427,1458,1459
fold_1,train,1676,exp016_static_strict_oof_proxy,random,0.2860020578341886,0.24044962350415167,0.28763492520883355,0.001632867374644964,nan,nan,0.08337157219648361,519,1450,1459
fold_1,train,1677,exp016_static_strict_oof_proxy,retrieval,0.10789081118180577,0.07694403621637776,0.10817538666095904,0.00028457547915326786,-8.432701513171196,8.330652236938477,0.10204927623271942,776,1457,1459
fold_1,train,1677,exp016_static_strict_oof_proxy,recent,0.10789081118180577,-0.0450272586832895,0.10074696122444589,-0.00714384995735988,nan,nan,0.0938834473490715,1427,1458,1459
fold_1,train,1677,exp016_static_strict_oof_proxy,random,0.10789081118180577,0.11633534495098628,0.1112487454553114,0.003357934273505628,nan,nan,0.09302785992622375,496,1434,1459
fold_1,train,1678,exp016_static_strict_oof_proxy,retrieval,0.0788507433964562,0.02773212966894456,0.07607113560774453,-0.002779607788711669,-9.379326976835728,9.282175064086914,0.09715191274881363,776,1457,1459
fold_1,train,1678,exp016_static_strict_oof_proxy,recent,0.0788507433964562,-0.10147446165013259,0.06581577031406313,-0.01303497308239307,nan,nan,0.0938834473490715,1427,1458,1459
fold_1,train,1678,exp016_static_strict_oof_proxy,random,0.0788507433964562,0.07974093887288651,0.08175099128966369,0.0029002478932074888,nan,nan,0.08372354507446289,486,1456,1459
fold_1,train,1679,exp016_static_strict_oof_proxy,retrieval,0.10494030168618594,-0.0493167003942069,0.09437154540905084,-0.010568756277135105,-5.8530100882053375,5.75283670425415,0.10017338395118713,688,1458,1459
fold_1,train,1679,exp016_static_strict_oof_proxy,recent,0.10494030168618594,-0.10178788609110256,0.0919418383292965,-0.012998463356889436,nan,nan,0.0938834473490715,1427,1458,1459
fold_1,train,1679,exp016_static_strict_oof_proxy,random,0.10494030168618594,0.07865429835941003,0.10690931459559877,0.001969012909412829,nan,nan,0.08446054905653,507,1458,1459
fold_1,train,1680,exp016_static_strict_oof_proxy,retrieval,0.15055130788443546,0.07953611825102747,0.14732331940442214,-0.003227988480013322,-6.2909353375434875,6.193211555480957,0.09772378206253052,776,1458,1459
fold_1,train,1680,exp016_static_strict_oof_proxy,recent,0.15055130788443546,0.04283738489648966,0.14755068070690588,-0.00300062717752958,nan,nan,0.0938834473490715,1427,1458,1459
fold_1,train,1680,exp016_static_strict_oof_proxy,random,0.15055130788443546,0.0436292548899541,0.1457741448857352,-0.004777162998700263,nan,nan,0.07883359491825104,496,1442,1459
fold_1,train,1681,exp016_static_strict_oof_proxy,retrieval,0.16621619196929643,0.08120385713053117,0.1639499721966375,-0.002266219772658923,-4.716210871934891,4.622352123260498,0.0938587486743927,1154,1458,1459
fold_1,train,1681,exp016_static_strict_oof_proxy,recent,0.16621619196929643,0.008980801305596173,0.16032853085079873,-0.0058876611184977,nan,nan,0.0938834473490715,1427,1458,1459
fold_1,train,1681,exp016_static_strict_oof_proxy,random,0.16621619196929643,0.10674885452598275,0.1646610158916728,-0.0015551760776236212,nan,nan,0.08027556538581848,491,1326,1459
fold_1,train,1682,exp016_static_strict_oof_proxy,retrieval,0.17331520748094928,0.13958711668071705,0.1737540648956129,0.0004388574146636237,-5.9485766142606735,5.855834484100342,0.09274213016033173,531,1458,1459
fold_1,train,1682,exp016_static_strict_oof_proxy,recent,0.17331520748094928,0.05348041577913418,0.17345705577414697,0.00014184829319768832,nan,nan,0.0938834473490715,1427,1458,1459
fold_1,train,1682,exp016_static_strict_oof_proxy,random,0.17331520748094928,0.13810595304963724,0.17367491840138777,0.0003597109204384885,nan,nan,0.06676506996154785,487,1448,1459
fold_1,train,1683,exp016_static_strict_oof_proxy,retrieval,0.09216773431453168,0.09172530881378739,0.09555847561996382,0.0033907413054321406,-5.37202712148428,5.275988578796387,0.09603854268789291,1128,1458,1459
fold_1,train,1683,exp016_static_strict_oof_proxy,recent,0.09216773431453168,-0.07108087854826758,0.08348838872591453,-0.008679345588617146,nan,nan,0.0938834473490715,1427,1458,1459
fold_1,train,1683,exp016_static_strict_oof_proxy,random,0.09216773431453168,0.20253111361509957,0.10519577972274304,0.013028045408211356,nan,nan,0.07914289087057114,546,1414,1459
fold_1,train,1684,exp016_static_strict_oof_proxy,retrieval,0.05023949712321034,0.03709603884340596,0.05126203540418126,0.0010225382809709235,-4.75284481048584,4.655575752258301,0.09726905822753906,981,1458,1459
fold_1,train,1684,exp016_static_strict_oof_proxy,recent,0.05023949712321034,-0.06901319243956253,0.042653364125795415,-0.007586132997414924,nan,nan,0.0938834473490715,1427,1458,1459
fold_1,train,1684,exp016_static_strict_oof_proxy,random,0.05023949712321034,0.0910311333827162,0.05598597053399056,0.005746473410780224,nan,nan,0.07335759699344635,489,1452,1459
fold_1,train,1685,exp016_static_strict_oof_proxy,retrieval,0.04067440554460699,0.07619340244439284,0.04585515380210958,0.0051807482575025945,-5.1552033722400665,5.0635504722595215,0.09165289998054504,776,1458,1459
fold_1,train,1685,exp016_static_strict_oof_proxy,recent,0.04067440554460699,-0.06857772490147407,0.0339566554800686,-0.00671775006453839,nan,nan,0.0938834473490715,1427,1458,1459
fold_1,train,1685,exp016_static_strict_oof_proxy,random,0.04067440554460699,0.08952275035095662,0.047402980594627615,0.006728575050020627,nan,nan,0.07563214749097824,495,1360,1459
fold_1,train,1686,exp016_static_strict_oof_proxy,retrieval,0.09256008049706989,0.031283285996535605,0.09076239049067204,-0.0017976900063978452,-6.182329684495926,6.079824447631836,0.10250523686408997,1138,1458,1459
fold_1,train,1686,exp016_static_strict_oof_proxy,recent,0.09256008049706989,-0.10188419423946946,0.07912952736147227,-0.013430553135597614,nan,nan,0.0938834473490715,1427,1458,1459
fold_1,train,1686,exp016_static_strict_oof_proxy,random,0.09256008049706989,0.1266229523603299,0.10152056507218447,0.008960484575114586,nan,nan,0.07588024437427521,534,1444,1459
fold_1,train,1687,exp016_static_strict_oof_proxy,retrieval,0.17510259168556813,0.09270486064291136,0.1741605491737199,-0.0009420425118482345,-4.32885005325079,4.23870325088501,0.09014680236577988,688,1458,1459
fold_1,train,1687,exp016_static_strict_oof_proxy,recent,0.17510259168556813,-0.0249583598444289,0.1656476617118134,-0.009454929973754744,nan,nan,0.0938834473490715,1427,1458,1459
fold_1,train,1687,exp016_static_strict_oof_proxy,random,0.17510259168556813,0.19538723364257662,0.18513172529628377,0.01002913361071564,nan,nan,0.08956170082092285,510,1433,1459
fold_1,train,1688,exp016_static_strict_oof_proxy,retrieval,0.31680339927382856,0.23503059489430225,0.31797396219882507,0.00117056292499651,-3.8628758639097214,3.7854666709899902,0.07740919291973114,980,1458,1459
fold_1,train,1688,exp016_static_strict_oof_proxy,recent,0.31680339927382856,0.08636100140817667,0.3112491055908312,-0.005554293682997369,nan,nan,0.0938834473490715,1427,1458,1459
fold_1,train,1688,exp016_static_strict_oof_proxy,random,0.31680339927382856,0.21713310971202537,0.3191988279367959,0.002395428662967325,nan,nan,0.0823596864938736,487,1440,1459
fold_1,train,1689,exp016_static_strict_oof_proxy,retrieval,0.23175257624970017,0.08552159754422271,0.22733494231078835,-0.0044176339389118136,-5.569139704108238,5.480654716491699,0.088484987616539,688,1457,1459
fold_1,train,1689,exp016_static_strict_oof_proxy,recent,0.23175257624970017,-0.003232053294043069,0.22212991825928233,-0.009622657990417838,nan,nan,0.0938834473490715,1427,1458,1459
fold_1,train,1689,exp016_static_strict_oof_proxy,random,0.23175257624970017,0.12083745920244574,0.22984678375754608,-0.0019057924921540847,nan,nan,0.09237705171108246,564,1450,1459
fold_1,train,1690,exp016_static_strict_oof_proxy,retrieval,0.2034697681527617,0.15329912048890282,0.20748752004376364,0.004017751891001953,-10.30199009925127,10.197562217712402,0.10442788153886795,610,1458,1459
fold_1,train,1690,exp016_static_strict_oof_proxy,recent,0.2034697681527617,0.004388319570758385,0.19641275077925094,-0.007057017373510749,nan,nan,0.0938834473490715,1427,1458,1459
fold_1,train,1690,exp016_static_strict_oof_proxy,random,0.2034697681527617,0.259130639642114,0.21756243946951584,0.014092671316754152,nan,nan,0.08667778968811035,486,1455,1459
fold_1,train,1691,exp016_static_strict_oof_proxy,retrieval,0.19706420016886336,-0.031021230183809045,0.18485980158640897,-0.012204398582454395,-4.582475297152996,4.490719795227051,0.09175550192594528,1385,1458,1459
fold_1,train,1691,exp016_static_strict_oof_proxy,recent,0.19706420016886336,-0.11295276848752688,0.1794501856589157,-0.01761401450994765,nan,nan,0.0938834473490715,1427,1458,1459
fold_1,train,1691,exp016_static_strict_oof_proxy,random,0.19706420016886336,0.16682039565090703,0.20364155643234097,0.006577356263477607,nan,nan,0.08916942775249481,491,1433,1459
fold_1,train,1692,exp016_static_strict_oof_proxy,retrieval,0.11412062542721095,-0.011915118229101612,0.1072171359635105,-0.006903489463700452,-4.406512096524239,4.317749977111816,0.08876211941242218,1383,1458,1459
fold_1,train,1692,exp016_static_strict_oof_proxy,recent,0.11412062542721095,-0.06082663948231835,0.10355432719875521,-0.010566298228455742,nan,nan,0.0938834473490715,1427,1458,1459
fold_1,train,1692,exp016_static_strict_oof_proxy,random,0.11412062542721095,0.14702963138645372,0.12305648705432232,0.008935861627111366,nan,nan,0.08412908017635345,490,1428,1459
fold_1,train,1693,exp016_static_strict_oof_proxy,retrieval,0.051872473761595074,0.011737745178787838,0.050587960130136486,-0.0012845136314585878,-4.656209744513035,4.56723165512085,0.08897808939218521,1155,1458,1459
fold_1,train,1693,exp016_static_strict_oof_proxy,recent,0.051872473761595074,-0.05569366729695113,0.044069103732967796,-0.007803370028627278,nan,nan,0.0938834473490715,1427,1458,1459
fold_1,train,1693,exp016_static_strict_oof_proxy,random,0.051872473761595074,0.13104437045902195,0.06236065467185148,0.010488180910256405,nan,nan,0.07899834215641022,496,1410,1459
fold_1,train,1694,exp016_static_strict_oof_proxy,retrieval,0.2956188472762597,0.28778560808405723,0.30313835657067667,0.007519509294416971,-5.461383022367954,5.365358352661133,0.09602466970682144,531,1458,1459
fold_1,train,1694,exp016_static_strict_oof_proxy,recent,0.2956188472762597,0.07028103396745285,0.2903658306780643,-0.005253016598195381,nan,nan,0.0938834473490715,1427,1458,1459
fold_1,train,1694,exp016_static_strict_oof_proxy,random,0.2956188472762597,0.29726990451258567,0.3046029447241237,0.008984097447863992,nan,nan,0.08982907980680466,492,1455,1459
fold_1,train,1695,exp016_static_strict_oof_proxy,retrieval,0.2819541670744276,0.15442606185896585,0.27918767893294444,-0.00276648814148317,-4.411701217293739,4.326253890991211,0.08544732630252838,981,1458,1459
fold_1,train,1695,exp016_static_strict_oof_proxy,recent,0.2819541670744276,0.05308443063379438,0.2748678653874227,-0.0070863016870049145,nan,nan,0.0938834473490715,1427,1458,1459
fold_1,train,1695,exp016_static_strict_oof_proxy,random,0.2819541670744276,0.20156899125776925,0.2850706969491318,0.003116529874704177,nan,nan,0.07553649693727493,568,1453,1459
fold_1,train,1696,exp016_static_strict_oof_proxy,retrieval,0.2324457509146996,0.17921578450505035,0.23281447570916575,0.0003687247944661465,-6.148536756634712,6.069414138793945,0.0791226178407669,541,1454,1459
fold_1,train,1696,exp016_static_strict_oof_proxy,recent,0.2324457509146996,0.09290364908084346,0.23026124576795304,-0.0021845051467465626,nan,nan,0.0938834473490715,1427,1458,1459
fold_1,train,1696,exp016_static_strict_oof_proxy,random,0.2324457509146996,0.19339774096764997,0.2342694127994758,0.001823661884776201,nan,nan,0.07863445580005646,487,1454,1459
fold_1,train,1697,exp016_static_strict_oof_proxy,retrieval,0.40001484613121385,0.3156520467444829,0.403618499098492,0.003603652967278159,-4.719910569489002,4.628674030303955,0.09123653918504715,778,1458,1459
fold_1,train,1697,exp016_static_strict_oof_proxy,recent,0.40001484613121385,0.14426124211368924,0.39869190954605216,-0.0013229365851616937,nan,nan,0.0938834473490715,1427,1458,1459
fold_1,train,1697,exp016_static_strict_oof_proxy,random,0.40001484613121385,0.17064682631548428,0.3963620134287747,-0.003652832702439157,nan,nan,0.09136299043893814,487,1457,1459
fold_1,train,1698,exp016_static_strict_oof_proxy,retrieval,0.4335657435910928,0.2785941039203572,0.43155545736159545,-0.002010286229497338,-4.1346452832221985,4.055353164672852,0.07929211854934692,513,1458,1459
fold_1,train,1698,exp016_static_strict_oof_proxy,recent,0.4335657435910928,0.1586463846716394,0.4308367843795869,-0.002728959211505899,nan,nan,0.0938834473490715,1427,1458,1459
fold_1,train,1698,exp016_static_strict_oof_proxy,random,0.4335657435910928,0.18807688415842463,0.4274087476083322,-0.006156995982760594,nan,nan,0.07451412081718445,503,1407,1459
fold_1,train,1699,exp016_static_strict_oof_proxy,retrieval,0.33445612359136434,0.20720321246092754,0.33369098073922954,-0.0007651428521348036,-4.755070775747299,4.689937591552734,0.06513318419456482,516,1447,1459
fold_1,train,1699,exp016_static_strict_oof_proxy,recent,0.33445612359136434,0.08357956618789739,0.33203106617266,-0.002425057418704357,nan,nan,0.0938834473490715,1427,1458,1459
fold_1,train,1699,exp016_static_strict_oof_proxy,random,0.33445612359136434,0.22752627765469755,0.33928423295965726,0.004828109368292921,nan,nan,0.07112796604633331,494,1417,1459
fold_1,train,1700,exp016_static_strict_oof_proxy,retrieval,0.2985407533284398,-0.04907286504533709,0.2876785457879823,-0.010862207540457525,-31.02710086107254,30.936084747314453,0.09101611375808716,631,1091,1459
fold_1,train,1700,exp016_static_strict_oof_proxy,recent,0.2985407533284398,0.20142547071389674,0.3118422249360696,0.013301471607629789,nan,nan,0.0938834473490715,1427,1458,1459
fold_1,train,1700,exp016_static_strict_oof_proxy,random,0.2985407533284398,0.2671466988763418,0.305214498608856,0.006673745280416199,nan,nan,0.08235856890678406,531,1453,1459
fold_1,train,1701,exp016_static_strict_oof_proxy,retrieval,0.23379066651920108,0.15110123192606792,0.2349775084642716,0.0011868419450705159,-23.941943123936653,23.846927642822266,0.09501548111438751,582,1453,1459
fold_1,train,1701,exp016_static_strict_oof_proxy,recent,0.23379066651920108,0.1579721260667456,0.24095206997857707,0.007161403459375992,nan,nan,0.0938834473490715,1427,1458,1459
fold_1,train,1701,exp016_static_strict_oof_proxy,random,0.23379066651920108,0.35304023851294936,0.2571919493674632,0.023401282848262123,nan,nan,0.08444340527057648,539,1409,1459
fold_1,train,1702,exp016_static_strict_oof_proxy,retrieval,0.257004245328604,0.19472376698211058,0.264371363001777,0.007367117673172996,-7.245215006172657,7.144138336181641,0.10107666999101639,688,1457,1459
fold_1,train,1702,exp016_static_strict_oof_proxy,recent,0.257004245328604,0.06583773923926851,0.25858975871040213,0.0015855133817981315,nan,nan,0.0938834473490715,1427,1458,1459
fold_1,train,1702,exp016_static_strict_oof_proxy,random,0.257004245328604,0.22488939688147058,0.2622775744619896,0.005273329133385629,nan,nan,0.072940394282341,496,1379,1459
fold_1,train,1703,exp016_static_strict_oof_proxy,retrieval,0.2110519975735393,0.11675690497666967,0.21334309713219166,0.0022910995586523653,-158.8979815915227,158.80828857421875,0.08969301730394363,670,1074,1459
fold_1,train,1703,exp016_static_strict_oof_proxy,recent,0.2110519975735393,0.08745576687749683,0.22032696029060198,0.009274962717062685,nan,nan,0.0938834473490715,1427,1458,1459
fold_1,train,1703,exp016_static_strict_oof_proxy,random,0.2110519975735393,0.2260868992640283,0.22618842941024944,0.015136431836710151,nan,nan,0.08626600354909897,499,1416,1459
fold_1,train,1704,exp016_static_strict_oof_proxy,retrieval,0.13542662493434435,0.03321039031021961,0.13432730571218762,-0.001099319222156725,-25.154363550245762,25.05668830871582,0.09767524152994156,582,1456,1459
fold_1,train,1704,exp016_static_strict_oof_proxy,recent,0.13542662493434435,0.014517501905558032,0.13172331282161814,-0.0037033121127262036,nan,nan,0.0938834473490715,1427,1458,1459
fold_1,train,1704,exp016_static_strict_oof_proxy,random,0.13542662493434435,0.1109289006883374,0.1394766474606808,0.004050022526336461,nan,nan,0.08183255046606064,516,1427,1459
fold_1,train,1705,exp016_static_strict_oof_proxy,retrieval,0.11840617961999751,0.14545602587142847,0.12496868844464219,0.0065625088246446805,-14.957721717655659,14.866783142089844,0.09093857556581497,581,1454,1459
fold_1,train,1705,exp016_static_strict_oof_proxy,recent,0.11840617961999751,-0.10277558229840567,0.10508974861524194,-0.013316431004755575,nan,nan,0.0938834473490715,1427,1458,1459
fold_1,train,1705,exp016_static_strict_oof_proxy,random,0.11840617961999751,0.13752118738601288,0.12406219230913242,0.005656012689134904,nan,nan,0.09126870334148407,533,1437,1459
fold_1,train,1706,exp016_static_strict_oof_proxy,retrieval,-0.04668979892881029,-0.08874249667899554,-0.05247714557174155,-0.0057873466429312626,-13.683534786105156,13.579309463500977,0.10422532260417938,723,1457,1459
fold_1,train,1706,exp016_static_strict_oof_proxy,recent,-0.04668979892881029,-0.14687589190955275,-0.05969973939773055,-0.013009940468920261,nan,nan,0.0938834473490715,1427,1458,1459
fold_1,train,1706,exp016_static_strict_oof_proxy,random,-0.04668979892881029,-0.057175476044894695,-0.04934929169534159,-0.002659492766531303,nan,nan,0.07998546212911606,516,1428,1459
fold_1,train,1707,exp016_static_strict_oof_proxy,retrieval,0.008575373858318362,0.05356101296936414,0.013132313681004948,0.004556939822686587,-10.670672088861465,10.589621543884277,0.08105054497718811,581,1454,1459
fold_1,train,1707,exp016_static_strict_oof_proxy,recent,0.008575373858318362,-0.13540765998584342,-0.005446730130519212,-0.014022103988837574,nan,nan,0.0938834473490715,1427,1458,1459
fold_1,train,1707,exp016_static_strict_oof_proxy,random,0.008575373858318362,-0.09775634143102585,-0.0027301027674742516,-0.011305476625792614,nan,nan,0.07415056228637695,503,1425,1459
fold_1,train,1708,exp016_static_strict_oof_proxy,retrieval,0.10488553508143299,0.03865655463724097,0.10094758666163406,-0.003937948419798928,-15.941502310335636,15.846578598022461,0.0949237123131752,632,1457,1459
fold_1,train,1708,exp016_static_strict_oof_proxy,recent,0.10488553508143299,-0.09145508730067525,0.09578696848753315,-0.009098566593899834,nan,nan,0.0938834473490715,1427,1458,1459
fold_1,train,1708,exp016_static_strict_oof_proxy,random,0.10488553508143299,0.07850978170232624,0.1058638936333148,0.0009783585518818166,nan,nan,0.08291781693696976,492,1409,1459
fold_1,train,1709,exp016_static_strict_oof_proxy,retrieval,0.10652694444071809,0.05278496322120684,0.10453335401009649,-0.0019935904306215974,-10.791115425527096,10.705282211303711,0.08583321422338486,495,1454,1459
fold_1,train,1709,exp016_static_strict_oof_proxy,recent,0.10652694444071809,-0.12545454623163282,0.09286231240007971,-0.013664632040638378,nan,nan,0.0938834473490715,1427,1458,1459
fold_1,train,1709,exp016_static_strict_oof_proxy,random,0.10652694444071809,0.020016920582010503,0.10227363015090012,-0.004253314289817969,nan,nan,0.07774338126182556,537,1452,1459
fold_1,train,1710,exp016_static_strict_oof_proxy,retrieval,0.10502513475562779,0.04381294424149947,0.10249409782934284,-0.002531036926284952,-11.55126316845417,11.450054168701172,0.10120899975299835,634,1457,1459
fold_1,train,1710,exp016_static_strict_oof_proxy,recent,0.10502513475562779,-0.07670297001926966,0.09567256209975898,-0.009352572655868807,nan,nan,0.0938834473490715,1427,1458,1459
fold_1,train,1710,exp016_static_strict_oof_proxy,random,0.10502513475562779,0.029767678596060686,0.1017086681648582,-0.00331646659076959,nan,nan,0.08561550080776215,487,1432,1459
fold_1,train,1711,exp016_static_strict_oof_proxy,retrieval,0.21358148098399524,0.15458581279576233,0.21767283740368568,0.0040913564196904395,-7.095272220671177,6.987337112426758,0.1079351082444191,682,1458,1459
fold_1,train,1711,exp016_static_strict_oof_proxy,recent,0.21358148098399524,-0.006969602958554409,0.2084301043345074,-0.005151376649487838,nan,nan,0.0938834473490715,1427,1458,1459
fold_1,train,1711,exp016_static_strict_oof_proxy,random,0.21358148098399524,0.19105467667277015,0.22024694991988278,0.006665468935887542,nan,nan,0.08232644945383072,500,1446,1459
fold_1,train,1712,exp016_static_strict_oof_proxy,retrieval,0.1518806074438561,0.134250186259436,0.15354582289872193,0.001665215454865837,-7.920952394604683,7.826910972595215,0.09404142200946808,531,1457,1459
fold_1,train,1712,exp016_static_strict_oof_proxy,recent,0.1518806074438561,-0.0547500019407802,0.14031945502337329,-0.011561152420482806,nan,nan,0.0938834473490715,1427,1458,1459
fold_1,train,1712,exp016_static_strict_oof_proxy,random,0.1518806074438561,0.12409566828232585,0.15287559044862975,0.0009949830047736585,nan,nan,0.07813993841409683,521,1445,1459
fold_1,train,1713,exp016_static_strict_oof_proxy,retrieval,0.12655866727662757,0.08998523667897086,0.12629134536030198,-0.0002673219163255858,-10.022825956344604,9.934087753295898,0.08873820304870605,495,1454,1459
fold_1,train,1713,exp016_static_strict_oof_proxy,recent,0.12655866727662757,0.022611419849347343,0.12439242715403674,-0.002166240122590826,nan,nan,0.0938834473490715,1427,1458,1459
fold_1,train,1713,exp016_static_strict_oof_proxy,random,0.12655866727662757,0.1322287299251192,0.13190187774752604,0.005343210470898474,nan,nan,0.08059848845005035,488,1434,1459
fold_1,train,1714,exp016_static_strict_oof_proxy,retrieval,0.13223440325889405,0.11480586534095026,0.13480712606930764,0.002572722810413597,-9.383826099336147,9.286581993103027,0.09724410623311996,739,1454,1459
fold_1,train,1714,exp016_static_strict_oof_proxy,recent,0.13223440325889405,-0.06017387387242001,0.12397776901568752,-0.008256634243206523,nan,nan,0.0938834473490715,1427,1458,1459
fold_1,train,1714,exp016_static_strict_oof_proxy,random,0.13223440325889405,0.14575286361238102,0.13786020346033107,0.00562580020143702,nan,nan,0.08281823247671127,550,1416,1459
fold_1,train,1715,exp016_static_strict_oof_proxy,retrieval,0.05491809428953689,0.024922961750809876,0.05445047203305852,-0.0004676222564783672,-6.399446293711662,6.308666229248047,0.09078006446361542,688,1451,1459
fold_1,train,1715,exp016_static_strict_oof_proxy,recent,0.05491809428953689,-0.008551617345867726,0.053304497051433315,-0.001613597238103573,nan,nan,0.0938834473490715,1427,1458,1459
fold_1,train,1715,exp016_static_strict_oof_proxy,random,0.05491809428953689,0.025193271125799332,0.05388392197428588,-0.0010341723152510057,nan,nan,0.08497433364391327,529,1394,1459
fold_1,train,1716,exp016_static_strict_oof_proxy,retrieval,0.13476009126088642,0.04080266671757703,0.12758116777722606,-0.0071789234836603655,-10.985216721892357,10.894830703735352,0.09038601815700531,495,1454,1459
fold_1,train,1716,exp016_static_strict_oof_proxy,recent,0.13476009126088642,-0.09973003483142844,0.12275278648373378,-0.012007304777152644,nan,nan,0.0938834473490715,1427,1458,1459
fold_1,train,1716,exp016_static_strict_oof_proxy,random,0.13476009126088642,0.03096491557724941,0.1282586149244688,-0.006501476336417622,nan,nan,0.07880233228206635,519,1427,1459
fold_1,train,1717,exp016_static_strict_oof_proxy,retrieval,0.07945385247674634,0.05840213806367971,0.0777221729313608,-0.0017316795453855421,-17.33634737879038,17.243040084838867,0.09330729395151138,581,1454,1459
fold_1,train,1717,exp016_static_strict_oof_proxy,recent,0.07945385247674634,-0.1047539176535987,0.06746623566098775,-0.011987616815758592,nan,nan,0.0938834473490715,1427,1458,1459
fold_1,train,1717,exp016_static_strict_oof_proxy,random,0.07945385247674634,0.02475129204028802,0.07464374554750557,-0.004810106929240776,nan,nan,0.08319097757339478,509,1334,1459
fold_1,train,1718,exp016_static_strict_oof_proxy,retrieval,0.1569049877114085,0.17353526438842312,0.16281617633153977,0.0059111886201312636,-12.538246534764767,12.446611404418945,0.09163513034582138,581,1454,1459
fold_1,train,1718,exp016_static_strict_oof_proxy,recent,0.1569049877114085,-0.12298589138113682,0.14165948741860698,-0.015245500292801528,nan,nan,0.0938834473490715,1427,1458,1459
fold_1,train,1718,exp016_static_strict_oof_proxy,random,0.1569049877114085,-0.04801869801666683,0.14175745583822597,-0.015147531873182546,nan,nan,0.08653243631124496,534,1445,1459
fold_1,train,1719,exp016_static_strict_oof_proxy,retrieval,0.12279540011924504,0.07456641849005166,0.12081953561277411,-0.0019758645064709285,-9.5137153044343,9.407096862792969,0.10661844164133072,733,1457,1459
fold_1,train,1719,exp016_static_strict_oof_proxy,recent,0.12279540011924504,-0.07643326432316278,0.11142456188739078,-0.011370838231854266,nan,nan,0.0938834473490715,1427,1458,1459
fold_1,train,1719,exp016_static_strict_oof_proxy,random,0.12279540011924504,0.08478762552610965,0.12202766900517847,-0.0007677311140665694,nan,nan,0.08420897275209427,495,1451,1459
fold_1,train,1720,exp016_static_strict_oof_proxy,retrieval,0.032063287661847156,-0.03283265879128555,0.024910677895811063,-0.007152609766036093,-8.793842315673828,8.711273193359375,0.08256912231445312,737,1454,1459
fold_1,train,1720,exp016_static_strict_oof_proxy,recent,0.032063287661847156,-0.10963085398578205,0.020779871545855557,-0.0112834161159916,nan,nan,0.0938834473490715,1427,1458,1459
fold_1,train,1720,exp016_static_strict_oof_proxy,random,0.032063287661847156,-0.03802903218444941,0.024583646034881352,-0.007479641626965804,nan,nan,0.0788048803806305,507,1442,1459
fold_1,train,1721,exp016_static_strict_oof_proxy,retrieval,-0.02959175879342012,-0.11148328438248249,-0.04095588794326396,-0.011364129149843843,-6.494531087577343,6.396308422088623,0.09822266548871994,682,1457,1459
fold_1,train,1721,exp016_static_strict_oof_proxy,recent,-0.02959175879342012,-0.11431623358087999,-0.03834514248745651,-0.00875338369403639,nan,nan,0.0938834473490715,1427,1458,1459
fold_1,train,1721,exp016_static_strict_oof_proxy,random,-0.02959175879342012,-0.11548176888319413,-0.04134585486773052,-0.0117540960743104,nan,nan,0.08034111559391022,499,1436,1459
fold_1,train,1722,exp016_static_strict_oof_proxy,retrieval,-0.030483323557580884,-0.10208208795010895,-0.038476374814824306,-0.007993051257243422,-7.304923616349697,7.216459274291992,0.08846434205770493,735,1457,1459
fold_1,train,1722,exp016_static_strict_oof_proxy,recent,-0.030483323557580884,0.01290834696885458,-0.026825566470702496,0.0036577570868783875,nan,nan,0.0938834473490715,1427,1458,1459
fold_1,train,1722,exp016_static_strict_oof_proxy,random,-0.030483323557580884,-0.09348155125291434,-0.03785438674856256,-0.007371063190981679,nan,nan,0.08664366602897644,513,1456,1459
fold_1,train,1723,exp016_static_strict_oof_proxy,retrieval,-0.09637781544518749,-0.1103405966723293,-0.10091766893275188,-0.004539853487564388,-5.568675704300404,5.472938060760498,0.09573764353990555,688,1457,1459
fold_1,train,1723,exp016_static_strict_oof_proxy,recent,-0.09637781544518749,0.050268676540112564,-0.08829728906919014,0.008080526375997349,nan,nan,0.0938834473490715,1427,1458,1459
fold_1,train,1723,exp016_static_strict_oof_proxy,random,-0.09637781544518749,-0.12145441340549669,-0.10313115338780646,-0.006753337942618967,nan,nan,0.08344970643520355,507,1456,1459
fold_1,train,1724,exp016_static_strict_oof_proxy,retrieval,-0.03254333624871255,-0.07622809835261815,-0.038449563621138536,-0.005906227372425986,-4.697570413351059,4.624464988708496,0.07310542464256287,776,1447,1459
fold_1,train,1724,exp016_static_strict_oof_proxy,recent,-0.03254333624871255,0.0593666631432831,-0.025640857420213943,0.006902478828498607,nan,nan,0.0938834473490715,1427,1458,1459
fold_1,train,1724,exp016_static_strict_oof_proxy,random,-0.03254333624871255,-0.061988857094228376,-0.03747423843149979,-0.004930902182787238,nan,nan,0.08203122764825821,547,1454,1459
fold_1,train,1725,exp016_static_strict_oof_proxy,retrieval,0.0661750389829111,0.02963212910677016,0.06378573983382578,-0.002389299149085325,-11.46164420992136,11.366402626037598,0.09524158388376236,533,1457,1459
fold_1,train,1725,exp016_static_strict_oof_proxy,recent,0.0661750389829111,0.06976168976713489,0.07259870861852431,0.006423669635613208,nan,nan,0.0938834473490715,1427,1458,1459
fold_1,train,1725,exp016_static_strict_oof_proxy,random,0.0661750389829111,-0.002691569831234141,0.06062324990523562,-0.0055517890776754855,nan,nan,0.07771848887205124,489,1453,1459
fold_1,train,1726,exp016_static_strict_oof_proxy,retrieval,0.0952031124169696,0.05371533478315264,0.09341090806539569,-0.0017922043515739144,-6.217070713639259,6.118406295776367,0.09866441786289215,688,1457,1459
fold_1,train,1726,exp016_static_strict_oof_proxy,recent,0.0952031124169696,0.03040410898493285,0.09343598069831574,-0.0017671317186538638,nan,nan,0.0938834473490715,1427,1458,1459
fold_1,train,1726,exp016_static_strict_oof_proxy,random,0.0952031124169696,-0.0032427260333811716,0.08890450214981829,-0.006298610267151311,nan,nan,0.08587418496608734,510,1450,1459
fold_1,train,1727,exp016_static_strict_oof_proxy,retrieval,0.13436559126639225,0.08857045921245366,0.13630582262220212,0.0019402313558098683,-5.216036736965179,5.120994567871094,0.0950421690940857,980,1458,1459
fold_1,train,1727,exp016_static_strict_oof_proxy,recent,0.13436559126639225,0.05907290461313056,0.1370890549031,0.0027234636367077514,nan,nan,0.0938834473490715,1427,1458,1459
fold_1,train,1727,exp016_static_strict_oof_proxy,random,0.13436559126639225,0.07842558672638134,0.13260728438295288,-0.0017583068834393645,nan,nan,0.0829852968454361,491,1444,1459
fold_1,train,1728,exp016_static_strict_oof_proxy,retrieval,0.25273652460437185,0.14952395020757997,0.2519606428826838,-0.0007758817216880209,-5.359254293143749,5.2693586349487305,0.08989565819501877,1129,1458,1459
fold_1,train,1728,exp016_static_strict_oof_proxy,recent,0.25273652460437185,0.06491910272127828,0.2522418549563205,-0.000494669648051338,nan,nan,0.0938834473490715,1427,1458,1459
fold_1,train,1728,exp016_static_strict_oof_proxy,random,0.25273652460437185,0.11554215995326284,0.24696543466109017,-0.005771089943281682,nan,nan,0.08727642148733139,550,1449,1459
fold_1,train,1729,exp016_static_strict_oof_proxy,retrieval,0.3482553924442457,0.33202345373460185,0.3549609268308853,0.006705534386639622,-5.179552830755711,5.102305889129639,0.07724694162607193,764,1432,1459
fold_1,train,1729,exp016_static_strict_oof_proxy,recent,0.3482553924442457,0.10256277945301182,0.34565145301746086,-0.0026039394267848293,nan,nan,0.0938834473490715,1427,1458,1459
fold_1,train,1729,exp016_static_strict_oof_proxy,random,0.3482553924442457,0.30923802013497664,0.353434072970549,0.005178680526303325,nan,nan,0.08259180933237076,507,1448,1459
fold_1,train,1730,exp016_static_strict_oof_proxy,retrieval,0.41165736284403576,0.24156907815065273,0.4117875359849662,0.00013017314093044519,-4.915778368711472,4.829463958740234,0.08631440997123718,688,1458,1459
fold_1,train,1730,exp016_static_strict_oof_proxy,recent,0.41165736284403576,0.0867575880557139,0.40934642166571633,-0.0023109411783194256,nan,nan,0.0938834473490715,1427,1458,1459
fold_1,train,1730,exp016_static_strict_oof_proxy,random,0.41165736284403576,0.2312383402064488,0.4080237322654117,-0.0036336305786240364,nan,nan,0.07602658122777939,543,1411,1459
fold_1,train,1731,exp016_static_strict_oof_proxy,retrieval,0.3445068209782558,0.17483684499556604,0.33580216818139447,-0.008704652796861334,-5.239377170801163,5.163389205932617,0.07598796486854553,516,1458,1459
fold_1,train,1731,exp016_static_strict_oof_proxy,recent,0.3445068209782558,0.1442489915880645,0.346411336674954,0.0019045156966981946,nan,nan,0.0938834473490715,1427,1458,1459
fold_1,train,1731,exp016_static_strict_oof_proxy,random,0.3445068209782558,0.1277635412630867,0.3333791798356463,-0.011127641142609501,nan,nan,0.08617772161960602,517,1458,1459
fold_1,train,1732,exp016_static_strict_oof_proxy,retrieval,0.26888004116012915,0.17372242230863313,0.26699177473562036,-0.0018882664245087888,-5.9364083632826805,5.845378398895264,0.09102996438741684,981,1458,1459
fold_1,train,1732,exp016_static_strict_oof_proxy,recent,0.26888004116012915,0.05828862366607731,0.2670849061790573,-0.0017951349810718664,nan,nan,0.0938834473490715,1427,1458,1459
fold_1,train,1732,exp016_static_strict_oof_proxy,random,0.26888004116012915,0.11047368866123278,0.26104464289850027,-0.007835398261628879,nan,nan,0.08099054545164108,488,1378,1459
fold_1,train,1733,exp016_static_strict_oof_proxy,retrieval,0.30933229869382883,0.1273096840147738,0.30022520903968464,-0.009107089654144196,-9.200263902544975,9.116337776184082,0.08392612636089325,495,1454,1459
fold_1,train,1733,exp016_static_strict_oof_proxy,recent,0.30933229869382883,0.2385579659832058,0.3300577500325125,0.020725451338683643,nan,nan,0.0938834473490715,1427,1458,1459
fold_1,train,1733,exp016_static_strict_oof_proxy,random,0.30933229869382883,0.10061089739494125,0.298172008747076,-0.011160289946752833,nan,nan,0.08649920672178268,500,1406,1459
fold_1,train,1734,exp016_static_strict_oof_proxy,retrieval,0.18066788470480633,0.1324266522412223,0.1818525947370718,0.0011847100322654736,-10.084668479859829,9.987794876098633,0.09687360376119614,581,1454,1459
fold_1,train,1734,exp016_static_strict_oof_proxy,recent,0.18066788470480633,0.20050114135977,0.19915256378637994,0.018484679081573613,nan,nan,0.0938834473490715,1427,1458,1459
fold_1,train,1734,exp016_static_strict_oof_proxy,random,0.18066788470480633,0.09646655740463075,0.17738838340534424,-0.0032795012994620842,nan,nan,0.07720326632261276,493,1455,1459
fold_1,train,1735,exp016_static_strict_oof_proxy,retrieval,0.24935138804580476,-0.018266171929164753,0.2379798835380518,-0.011371504507752955,-17.620013400912285,17.525440216064453,0.09457318484783173,501,1453,1459
fold_1,train,1735,exp016_static_strict_oof_proxy,recent,0.24935138804580476,0.32027675983161946,0.27628115054374597,0.026929762497941212,nan,nan,0.0938834473490715,1427,1458,1459
fold_1,train,1735,exp016_static_strict_oof_proxy,random,0.24935138804580476,0.024963064537527915,0.23615756554700493,-0.013193822498799829,nan,nan,0.08354736119508743,487,1450,1459
fold_1,train,1736,exp016_static_strict_oof_proxy,retrieval,0.15070759727361904,0.17281529519871525,0.1571615714432857,0.006453974169666671,-9.006016470491886,8.90056037902832,0.10545609146356583,739,1457,1459
fold_1,train,1736,exp016_static_strict_oof_proxy,recent,0.15070759727361904,0.09884452332636269,0.1572787952941464,0.006571198020527358,nan,nan,0.0938834473490715,1427,1458,1459
fold_1,train,1736,exp016_static_strict_oof_proxy,random,0.15070759727361904,0.1665759014347733,0.15620001023810368,0.005492412964484633,nan,nan,0.08087055385112762,516,1424,1459
fold_1,train,1737,exp016_static_strict_oof_proxy,retrieval,0.2831059503280049,0.2859770993952474,0.29663704225633303,0.013531091928328132,-7.150180548429489,7.047824382781982,0.10235616564750671,734,1457,1459
fold_1,train,1737,exp016_static_strict_oof_proxy,recent,0.2831059503280049,0.11533710309538905,0.28860188043877344,0.005495930110768543,nan,nan,0.0938834473490715,1427,1458,1459
fold_1,train,1737,exp016_static_strict_oof_proxy,random,0.2831059503280049,0.21179990073370825,0.2881239164798351,0.0050179661518302,nan,nan,0.0890197902917862,502,1443,1459
fold_1,train,1738,exp016_static_strict_oof_proxy,retrieval,0.2699754518107354,0.2295710553526336,0.27710447898589663,0.007129027175161229,-6.840820662677288,6.741305828094482,0.09951483458280563,1160,1458,1459
fold_1,train,1738,exp016_static_strict_oof_proxy,recent,0.2699754518107354,0.011695749596945349,0.26314135992363286,-0.006834091887102545,nan,nan,0.0938834473490715,1427,1458,1459
fold_1,train,1738,exp016_static_strict_oof_proxy,random,0.2699754518107354,0.32278203436010433,0.28689410295070555,0.016918651139970153,nan,nan,0.08544155210256577,504,1364,1459
fold_1,train,1739,exp016_static_strict_oof_proxy,retrieval,0.19395772761544888,0.26138391700165947,0.20557237199542022,0.01161464437997134,-9.463512159883976,9.376508712768555,0.0870034471154213,495,1454,1459
fold_1,train,1739,exp016_static_strict_oof_proxy,recent,0.19395772761544888,-0.14310294278905758,0.17632981070044165,-0.01762791691500723,nan,nan,0.0938834473490715,1427,1458,1459
fold_1,train,1739,exp016_static_strict_oof_proxy,random,0.19395772761544888,0.29044794854486977,0.20940433109772494,0.015446603482276056,nan,nan,0.07842183858156204,494,1438,1459
fold_1,train,1740,exp016_static_strict_oof_proxy,retrieval,0.11314173807760904,0.0313742435692698,0.10859781064710747,-0.004543927430501568,-7.599368251860142,7.494156837463379,0.10521141439676285,688,1458,1459
fold_1,train,1740,exp016_static_strict_oof_proxy,recent,0.11314173807760904,-0.2488081842461867,0.08416209184730179,-0.028979646230307243,nan,nan,0.0938834473490715,1427,1458,1459
fold_1,train,1740,exp016_static_strict_oof_proxy,random,0.11314173807760904,0.3452195553333402,0.14062288654403812,0.027481148466429087,nan,nan,0.07790771871805191,519,1388,1459
fold_1,train,1741,exp016_static_strict_oof_proxy,retrieval,0.17084835709871157,0.10895698500270591,0.16827546086330666,-0.002572896235404909,-10.421095356345177,10.322912216186523,0.09818314015865326,631,1456,1459
fold_1,train,1741,exp016_static_strict_oof_proxy,recent,0.17084835709871157,-0.19958530173769748,0.14675558084808818,-0.024092776250623393,nan,nan,0.0938834473490715,1427,1458,1459
fold_1,train,1741,exp016_static_strict_oof_proxy,random,0.17084835709871157,0.12571238831997,0.17032628401981537,-0.0005220730788962069,nan,nan,0.07620412111282349,493,1455,1459
fold_1,train,1742,exp016_static_strict_oof_proxy,retrieval,0.15281337278043147,0.07788336676125797,0.14855815626435676,-0.004255216516074717,-9.358379639685154,9.268823623657227,0.0895560160279274,634,1457,1459
fold_1,train,1742,exp016_static_strict_oof_proxy,recent,0.15281337278043147,-0.11399841596203393,0.1357568749386978,-0.01705649784173366,nan,nan,0.0938834473490715,1427,1458,1459
fold_1,train,1742,exp016_static_strict_oof_proxy,random,0.15281337278043147,0.10437815521859106,0.15122141937441325,-0.001591953406018226,nan,nan,0.08420118689537048,536,1446,1459
fold_1,train,1743,exp016_static_strict_oof_proxy,retrieval,-0.1273824185986104,-0.18101823437452624,-0.1368019580728941,-0.0094195394742837,-5.931954205036163,5.852878570556641,0.0790756344795227,500,1447,1459
fold_1,train,1743,exp016_static_strict_oof_proxy,recent,-0.1273824185986104,-0.13679361793502837,-0.1390483788323584,-0.011665960233747996,nan,nan,0.0938834473490715,1427,1458,1459
fold_1,train,1743,exp016_static_strict_oof_proxy,random,-0.1273824185986104,-0.1490349844301453,-0.1346386339976469,-0.007256215399036481,nan,nan,0.07922282069921494,504,1446,1459
fold_1,train,1744,exp016_static_strict_oof_proxy,retrieval,-0.15664330926639913,-0.12395440273361114,-0.15891449034194335,-0.0022711810755442208,-6.89896047860384,6.8163604736328125,0.08260000497102737,740,1447,1459
fold_1,train,1744,exp016_static_strict_oof_proxy,recent,-0.15664330926639913,-0.12260190014540917,-0.16389341403325774,-0.007250104766858612,nan,nan,0.0938834473490715,1427,1458,1459
fold_1,train,1744,exp016_static_strict_oof_proxy,random,-0.15664330926639913,-0.17737537472105205,-0.1639916903920464,-0.0073483811256472575,nan,nan,0.08372964709997177,508,1450,1459
fold_1,train,1745,exp016_static_strict_oof_proxy,retrieval,-0.16223097455932445,-0.2469177160130167,-0.17675491130194015,-0.014523936742615706,-6.750249549746513,6.666091442108154,0.08415810763835907,486,1451,1459
fold_1,train,1745,exp016_static_strict_oof_proxy,recent,-0.16223097455932445,-0.19476405592087356,-0.17772851286911215,-0.0154975383097877,nan,nan,0.0938834473490715,1427,1458,1459
fold_1,train,1745,exp016_static_strict_oof_proxy,random,-0.16223097455932445,-0.22712254892698855,-0.17682511911959747,-0.014594144560273026,nan,nan,0.07956700026988983,512,1442,1459
fold_1,train,1746,exp016_static_strict_oof_proxy,retrieval,-0.21016794978991227,-0.19893494457784341,-0.21570625062712187,-0.005538300837209603,-5.0834366381168365,5.012036323547363,0.07140031456947327,513,1432,1459
fold_1,train,1746,exp016_static_strict_oof_proxy,recent,-0.21016794978991227,0.025594414851888233,-0.20222545171739278,0.007942498072519483,nan,nan,0.0938834473490715,1427,1458,1459
fold_1,train,1746,exp016_static_strict_oof_proxy,random,-0.21016794978991227,-0.13816180689356836,-0.2104390326855837,-0.00027108289567143173,nan,nan,0.083194799721241,534,1403,1459
fold_1,train,1747,exp016_static_strict_oof_proxy,retrieval,-0.22695477114385113,-0.1908145085039448,-0.23127305022788064,-0.004318279084029514,-5.971483424305916,5.901627063751221,0.06985636055469513,513,1447,1459
fold_1,train,1747,exp016_static_strict_oof_proxy,recent,-0.22695477114385113,-0.03257112324222617,-0.22562109386870632,0.0013336772751448012,nan,nan,0.0938834473490715,1427,1458,1459
fold_1,train,1747,exp016_static_strict_oof_proxy,random,-0.22695477114385113,-0.181013257953026,-0.23151218064281917,-0.004557409498968046,nan,nan,0.07536275684833527,570,1445,1459
fold_1,train,1748,exp016_static_strict_oof_proxy,retrieval,-0.12200594293474862,-0.09894262018559485,-0.12346934656946047,-0.0014634036347118545,-6.028565272688866,5.953159332275391,0.07540594041347504,600,1451,1459
fold_1,train,1748,exp016_static_strict_oof_proxy,recent,-0.12200594293474862,-0.13571439620566483,-0.13229968585743573,-0.010293742922687116,nan,nan,0.0938834473490715,1427,1458,1459
fold_1,train,1748,exp016_static_strict_oof_proxy,random,-0.12200594293474862,0.022024049694804163,-0.11354830114058878,0.008457641794159837,nan,nan,0.06971170008182526,492,1416,1459
fold_1,train,1749,exp016_static_strict_oof_proxy,retrieval,-0.10777121360055422,-0.13302786603921143,-0.1136220006926424,-0.0058507870920881805,-5.959910653531551,5.87168550491333,0.08822514861822128,688,1457,1459
fold_1,train,1749,exp016_static_strict_oof_proxy,recent,-0.10777121360055422,-0.2154799828166445,-0.12489830858409409,-0.01712709498353987,nan,nan,0.0938834473490715,1427,1458,1459
fold_1,train,1749,exp016_static_strict_oof_proxy,random,-0.10777121360055422,0.022828812168490052,-0.09936555919083959,0.008405654409714636,nan,nan,0.07462862879037857,508,1440,1459
fold_1,train,1750,exp016_static_strict_oof_proxy,retrieval,0.13633219843799416,0.04297342383720681,0.13330419127862433,-0.003028007159369822,-6.477199010550976,6.379693984985352,0.09750502556562424,688,1458,1459
fold_1,train,1750,exp016_static_strict_oof_proxy,recent,0.13633219843799416,-0.04578260826278646,0.12719797310392306,-0.0091342253340711,nan,nan,0.0938834473490715,1427,1458,1459
fold_1,train,1750,exp016_static_strict_oof_proxy,random,0.13633219843799416,0.20862986194414723,0.1497426684596111,0.013410470021616938,nan,nan,0.08631747215986252,497,1456,1459
fold_1,train,1751,exp016_static_strict_oof_proxy,retrieval,0.1795997847732986,0.10815244246890574,0.17711636310513645,-0.00248342166816215,-5.276217386126518,5.181100368499756,0.09511701762676239,1128,1458,1459
fold_1,train,1751,exp016_static_strict_oof_proxy,recent,0.1795997847732986,-0.025745311406165497,0.16906369807273103,-0.010536086700567576,nan,nan,0.0938834473490715,1427,1458,1459
fold_1,train,1751,exp016_static_strict_oof_proxy,random,0.1795997847732986,0.17386069318029843,0.1870115412589862,0.007411756485687593,nan,nan,0.07814028114080429,523,1422,1459
fold_1,train,1752,exp016_static_strict_oof_proxy,retrieval,0.10554437071943706,0.0753689085517157,0.10508438279719849,-0.0004599879222385722,-5.098676331341267,5.0094170570373535,0.08925927430391312,513,1458,1459
fold_1,train,1752,exp016_static_strict_oof_proxy,recent,0.10554437071943706,-0.10457900237534247,0.09208441170633118,-0.013459959013105885,nan,nan,0.0938834473490715,1427,1458,1459
fold_1,train,1752,exp016_static_strict_oof_proxy,random,0.10554437071943706,0.14040893001826155,0.11152415036338029,0.005979779643943223,nan,nan,0.06858126074075699,488,1401,1459
fold_1,train,1753,exp016_static_strict_oof_proxy,retrieval,0.25856895951744785,0.21982345289385308,0.26099186477710545,0.002422905259657604,-6.430123493075371,6.3415117263793945,0.08861176669597626,533,1457,1459
fold_1,train,1753,exp016_static_strict_oof_proxy,recent,0.25856895951744785,0.02433124372879098,0.25110165867520357,-0.007467300842244284,nan,nan,0.0938834473490715,1427,1458,1459
fold_1,train,1753,exp016_static_strict_oof_proxy,random,0.25856895951744785,0.22974590434844402,0.26270723714100025,0.0041382776235524,nan,nan,0.0762467235326767,507,1430,1459
fold_1,train,1754,exp016_static_strict_oof_proxy,retrieval,0.2566348886256612,0.2012975238741279,0.25693380908710506,0.0002989204614438634,-5.218256704509258,5.12668514251709,0.09157156199216843,981,1458,1459
fold_1,train,1754,exp016_static_strict_oof_proxy,recent,0.2566348886256612,0.09277651968051813,0.25689385864205083,0.0002589700163896369,nan,nan,0.0938834473490715,1427,1458,1459
fold_1,train,1754,exp016_static_strict_oof_proxy,random,0.2566348886256612,0.17949201025720293,0.2583449309032902,0.001710042277628998,nan,nan,0.08391446620225906,501,1449,1459
fold_1,train,1755,exp016_static_strict_oof_proxy,retrieval,0.04687654971461208,-0.0439780991680373,0.03908466370263676,-0.007791886011975321,-5.502340249717236,5.421806335449219,0.08053391426801682,763,1451,1459
fold_1,train,1755,exp016_static_strict_oof_proxy,recent,0.04687654971461208,-0.07937847945181112,0.03735382645596887,-0.009522723258643208,nan,nan,0.0938834473490715,1427,1458,1459
fold_1,train,1755,exp016_static_strict_oof_proxy,random,0.04687654971461208,-0.003766617177240738,0.04306028939169381,-0.0038162603229182704,nan,nan,0.07934130728244781,515,1428,1459
fold_1,train,1756,exp016_static_strict_oof_proxy,retrieval,0.13484694436254588,0.08923441599299192,0.13224212532188198,-0.002604819040663897,-6.586701110005379,6.5101776123046875,0.07652349770069122,495,1447,1459
fold_1,train,1756,exp016_static_strict_oof_proxy,recent,0.13484694436254588,-0.12965800471816188,0.11952152982768557,-0.015325414534860304,nan,nan,0.0938834473490715,1427,1458,1459
fold_1,train,1756,exp016_static_strict_oof_proxy,random,0.13484694436254588,0.103183672838656,0.13415127447490638,-0.0006956698876394996,nan,nan,0.07991870492696762,505,1404,1459
fold_1,train,1757,exp016_static_strict_oof_proxy,retrieval,0.2133079082542572,0.1469414627535582,0.21445643391757474,0.0011485256633175511,-5.821916736662388,5.7489213943481445,0.07299534231424332,512,1451,1459
fold_1,train,1757,exp016_static_strict_oof_proxy,recent,0.2133079082542572,-0.10259878542947368,0.19897261898872803,-0.014335289265529155,nan,nan,0.0938834473490715,1427,1458,1459
fold_1,train,1757,exp016_static_strict_oof_proxy,random,0.2133079082542572,0.1957180252487735,0.219378837643622,0.006070929389364821,nan,nan,0.09128676354885101,504,1406,1459
fold_1,train,1758,exp016_static_strict_oof_proxy,retrieval,0.057715970133183206,0.06052291990290926,0.05963093282717094,0.0019149626939877346,-5.087368510663509,5.008144378662109,0.0792241320014,688,1458,1459
fold_1,train,1758,exp016_static_strict_oof_proxy,recent,0.057715970133183206,-0.02592361806598765,0.0521278257939395,-0.005588144339243706,nan,nan,0.0938834473490715,1427,1458,1459
fold_1,train,1758,exp016_static_strict_oof_proxy,random,0.057715970133183206,0.06992076218664549,0.06091066053214,0.0031946903989567912,nan,nan,0.08145246654748917,488,1442,1459
fold_1,train,1759,exp016_static_strict_oof_proxy,retrieval,0.17878170727547135,0.20364320985013937,0.18686606873817624,0.008084361462704887,-5.965339213609695,5.890348434448242,0.07499077916145325,513,1458,1459
fold_1,train,1759,exp016_static_strict_oof_proxy,recent,0.17878170727547135,-0.061878675469613294,0.16734292761837607,-0.011438779657095277,nan,nan,0.0938834473490715,1427,1458,1459
fold_1,train,1759,exp016_static_strict_oof_proxy,random,0.17878170727547135,0.20930691062927648,0.18756830923436807,0.008786601958896717,nan,nan,0.0768408328294754,506,1415,1459
fold_1,train,1760,exp016_static_strict_oof_proxy,retrieval,0.21078478765420133,0.106369179330934,0.20804936471106258,-0.002735422943138749,-4.951928868889809,4.864460468292236,0.08746840059757233,734,1458,1459
fold_1,train,1760,exp016_static_strict_oof_proxy,recent,0.21078478765420133,-0.03616332557185708,0.1992133685109071,-0.011571419143294237,nan,nan,0.0938834473490715,1427,1458,1459
fold_1,train,1760,exp016_static_strict_oof_proxy,random,0.21078478765420133,0.1365347783022634,0.21235118449470775,0.0015663968405064121,nan,nan,0.08918647468090057,531,1435,1459
fold_1,train,1761,exp016_static_strict_oof_proxy,retrieval,0.21381626047860058,0.12794093000870202,0.211793041110311,-0.002023219368289586,-4.578607298433781,4.505244255065918,0.0733630433678627,980,1458,1459
fold_1,train,1761,exp016_static_strict_oof_proxy,recent,0.21381626047860058,0.0052756141094630095,0.2060543603008545,-0.007761900177746084,nan,nan,0.0938834473490715,1427,1458,1459
fold_1,train,1761,exp016_static_strict_oof_proxy,random,0.21381626047860058,0.14634405713948048,0.21355614222718147,-0.0002601182514191114,nan,nan,0.07156482338905334,488,1340,1459
fold_1,train,1762,exp016_static_strict_oof_proxy,retrieval,0.13327439839430374,0.11157790715546159,0.13561146759585993,0.0023370692015561856,-5.3386805802583694,5.268857002258301,0.06982357800006866,513,1447,1459
fold_1,train,1762,exp016_static_strict_oof_proxy,recent,0.13327439839430374,-0.025236701458612565,0.1278764914356531,-0.005397906958650639,nan,nan,0.0938834473490715,1427,1458,1459
fold_1,train,1762,exp016_static_strict_oof_proxy,random,0.13327439839430374,0.13429003246632135,0.13779947917388513,0.004525080779581386,nan,nan,0.08834380656480789,606,1457,1459
fold_1,train,1763,exp016_static_strict_oof_proxy,retrieval,0.17812200424218202,0.19904129847542273,0.18445017165831262,0.006328167416130598,-6.063497148454189,5.989412784576416,0.07408436387777328,516,1447,1459
fold_1,train,1763,exp016_static_strict_oof_proxy,recent,0.17812200424218202,-0.07046080755220484,0.1645682905156191,-0.013553713726562916,nan,nan,0.0938834473490715,1427,1458,1459
fold_1,train,1763,exp016_static_strict_oof_proxy,random,0.17812200424218202,0.19769249719453613,0.18461511282606843,0.006493108583886409,nan,nan,0.07526121288537979,530,1428,1459
fold_1,train,1764,exp016_static_strict_oof_proxy,retrieval,0.15024237778530636,0.12633105518482146,0.15295955225428007,0.00271717446897371,-5.041674807667732,4.965862274169922,0.07581253349781036,688,1451,1459
fold_1,train,1764,exp016_static_strict_oof_proxy,recent,0.15024237778530636,-0.07064365245656908,0.13741525113202568,-0.012827126653280674,nan,nan,0.0938834473490715,1427,1458,1459
fold_1,train,1764,exp016_static_strict_oof_proxy,random,0.15024237778530636,0.1481450178482578,0.15692659984030888,0.00668422205500252,nan,nan,0.07771768420934677,519,1351,1459
fold_1,train,1765,exp016_static_strict_oof_proxy,retrieval,0.07840061246713304,0.0867644300861423,0.08132391261109545,0.002923300143962415,-5.112088114023209,5.0380706787109375,0.07401743531227112,513,1458,1459
fold_1,train,1765,exp016_static_strict_oof_proxy,recent,0.07840061246713304,-0.036285136778973485,0.07144066865330895,-0.006959943813824088,nan,nan,0.0938834473490715,1427,1458,1459
fold_1,train,1765,exp016_static_strict_oof_proxy,random,0.07840061246713304,0.11322845599721335,0.0837614279590339,0.005360815491900858,nan,nan,0.07226812094449997,531,1402,1459
fold_1,train,1766,exp016_static_strict_oof_proxy,retrieval,0.2808371482311452,0.12744166216890504,0.27573997285377927,-0.005097175377365926,-4.9374223202466965,4.864809989929199,0.07261233031749725,688,1451,1459
fold_1,train,1766,exp016_static_strict_oof_proxy,recent,0.2808371482311452,-0.025667924957487365,0.2669812818841128,-0.013855866347032397,nan,nan,0.0938834473490715,1427,1458,1459
fold_1,train,1766,exp016_static_strict_oof_proxy,random,0.2808371482311452,0.11586503467792322,0.2821731969097634,0.0013360486786181958,nan,nan,0.07838106155395508,510,1437,1459
fold_1,train,1767,exp016_static_strict_oof_proxy,retrieval,0.28736755819026394,0.14377303314731,0.28281274472899376,-0.00455481346127018,-5.1787731647491455,5.109341621398926,0.06943154335021973,513,1458,1459
fold_1,train,1767,exp016_static_strict_oof_proxy,recent,0.28736755819026394,0.010068825668677485,0.2780395171717642,-0.009328041018499711,nan,nan,0.0938834473490715,1427,1458,1459
fold_1,train,1767,exp016_static_strict_oof_proxy,random,0.28736755819026394,0.13285566734243157,0.28434250287012,-0.0030250553201439656,nan,nan,0.07751233130693436,491,1425,1459
fold_1,train,1768,exp016_static_strict_oof_proxy,retrieval,0.30319459859275294,0.16087066674240183,0.2986891134672827,-0.004505485125470221,-4.063773572444916,3.999162197113037,0.06461137533187866,513,1432,1459
fold_1,train,1768,exp016_static_strict_oof_proxy,recent,0.30319459859275294,-0.011360014649411491,0.29026246690132007,-0.012932131691432869,nan,nan,0.0938834473490715,1427,1458,1459
fold_1,train,1768,exp016_static_strict_oof_proxy,random,0.30319459859275294,0.1682466774132439,0.30128245066391424,-0.0019121479288387033,nan,nan,0.09166757762432098,517,1448,1459
fold_1,train,1769,exp016_static_strict_oof_proxy,retrieval,0.28951108187371655,0.21440201101704448,0.29078644840334367,0.00127536652962712,-5.548362344503403,5.468975067138672,0.07938727736473083,533,1458,1459
fold_1,train,1769,exp016_static_strict_oof_proxy,recent,0.28951108187371655,0.11949188054067286,0.29054692556400374,0.001035843690287197,nan,nan,0.0938834473490715,1427,1458,1459
fold_1,train,1769,exp016_static_strict_oof_proxy,random,0.28951108187371655,0.1984529339977443,0.2915632735855264,0.00205219171180987,nan,nan,0.09203322976827621,497,1447,1459
fold_1,train,1770,exp016_static_strict_oof_proxy,retrieval,0.2728361616178222,0.1626754889293789,0.27046781757141103,-0.002368344046411175,-4.3597123473882675,4.290332794189453,0.06937955319881439,513,1431,1459
fold_1,train,1770,exp016_static_strict_oof_proxy,recent,0.2728361616178222,-0.015055830846325932,0.2624343586741726,-0.010401802943649618,nan,nan,0.0938834473490715,1427,1458,1459
fold_1,train,1770,exp016_static_strict_oof_proxy,random,0.2728361616178222,0.1480488463944446,0.27149553020378336,-0.0013406314140388398,nan,nan,0.08539457619190216,498,1435,1459
fold_1,train,1771,exp016_static_strict_oof_proxy,retrieval,0.1768886270291624,0.17687753685801047,0.18054888770286454,0.003660260673702148,-8.003535218536854,7.924584865570068,0.07895035296678543,495,1447,1459
fold_1,train,1771,exp016_static_strict_oof_proxy,recent,0.1768886270291624,-0.14001834265189034,0.1609597666454942,-0.015928860383668197,nan,nan,0.0938834473490715,1427,1458,1459
fold_1,train,1771,exp016_static_strict_oof_proxy,random,0.1768886270291624,0.1979513406149496,0.1826013753580883,0.005712748328925904,nan,nan,0.08429356664419174,507,1404,1459
fold_1,train,1772,exp016_static_strict_oof_proxy,retrieval,0.06680368087531328,0.06641875658396859,0.0675383020992518,0.0007346212239385114,-6.140979506075382,6.0608367919921875,0.08014271408319473,533,1454,1459
fold_1,train,1772,exp016_static_strict_oof_proxy,recent,0.06680368087531328,-0.1005583369685305,0.05419351279411514,-0.012610168081198143,nan,nan,0.0938834473490715,1427,1458,1459
fold_1,train,1772,exp016_static_strict_oof_proxy,random,0.06680368087531328,0.06295664584267135,0.06783082951541126,0.0010271486400979801,nan,nan,0.08547768741846085,488,1454,1459
fold_1,train,1773,exp016_static_strict_oof_proxy,retrieval,0.003897302681399719,0.003288647052986052,0.003984116999775613,8.681431837589439e-05,-5.304584130644798,5.206128120422363,0.098456010222435,688,1458,1459
fold_1,train,1773,exp016_static_strict_oof_proxy,recent,0.003897302681399719,-0.10452012174432568,-0.005280825300569118,-0.009178127981968837,nan,nan,0.0938834473490715,1427,1458,1459
fold_1,train,1773,exp016_static_strict_oof_proxy,random,0.003897302681399719,0.02533537083520198,0.005788460642881211,0.0018911579614814926,nan,nan,0.08431065827608109,547,1458,1459
fold_1,train,1774,exp016_static_strict_oof_proxy,retrieval,-0.0571088240837278,-0.0033720067847931197,-0.053520899250979935,0.003587924832747863,-4.6842676773667336,4.610983848571777,0.07328382879495621,533,1447,1459
fold_1,train,1774,exp016_static_strict_oof_proxy,recent,-0.0571088240837278,-0.20730624947015353,-0.0740692355017833,-0.01696041141805551,nan,nan,0.0938834473490715,1427,1458,1459
fold_1,train,1774,exp016_static_strict_oof_proxy,random,-0.0571088240837278,0.04278649221552412,-0.05025583218036321,0.006852991903364587,nan,nan,0.06916751712560654,527,1449,1459
fold_1,train,1775,exp016_static_strict_oof_proxy,retrieval,-0.041989916445404875,-0.003446046227817872,-0.03937915128347311,0.0026107651619317676,-4.514951571822166,4.444963455200195,0.06998811662197113,512,1430,1459
fold_1,train,1775,exp016_static_strict_oof_proxy,recent,-0.041989916445404875,-0.08672911010279197,-0.04815384156184213,-0.006163925116437256,nan,nan,0.0938834473490715,1427,1458,1459
fold_1,train,1775,exp016_static_strict_oof_proxy,random,-0.041989916445404875,-0.00856356423717795,-0.03984335168181213,0.002146564763592748,nan,nan,0.08663398772478104,501,1446,1459
fold_1,train,1776,exp016_static_strict_oof_proxy,retrieval,-0.16594777854503906,-0.04103215940438309,-0.1592116747230447,0.006736103821994355,-3.7989255860447884,3.7245426177978516,0.0743829682469368,609,1430,1459
fold_1,train,1776,exp016_static_strict_oof_proxy,recent,-0.16594777854503906,-0.07586187573835806,-0.16805523240259518,-0.0021074538575561186,nan,nan,0.0938834473490715,1427,1458,1459
fold_1,train,1776,exp016_static_strict_oof_proxy,random,-0.16594777854503906,0.0719161546305012,-0.15055120036155048,0.01539657818348858,nan,nan,0.07589396089315414,509,1445,1459
fold_1,train,1777,exp016_static_strict_oof_proxy,retrieval,0.08258452842989761,0.16863754924276983,0.09382077086010404,0.011236242430206433,-5.350101470947266,5.282201766967773,0.06789970397949219,513,1421,1459
fold_1,train,1777,exp016_static_strict_oof_proxy,recent,0.08258452842989761,-0.04111713953318672,0.07425520450971469,-0.008329323920182916,nan,nan,0.0938834473490715,1427,1458,1459
fold_1,train,1777,exp016_static_strict_oof_proxy,random,0.08258452842989761,0.18074271266832426,0.09533277300127217,0.012748244571374565,nan,nan,0.07887335121631622,513,1420,1459
fold_1,train,1778,exp016_static_strict_oof_proxy,retrieval,0.15810756084609656,0.19255440427214585,0.1669664672526929,0.00885890640659634,-3.8343740925192833,3.761371612548828,0.07300247997045517,512,1424,1459
fold_1,train,1778,exp016_static_strict_oof_proxy,recent,0.15810756084609656,-0.004801376270814223,0.1512424790631954,-0.006865081782901156,nan,nan,0.0938834473490715,1427,1458,1459
fold_1,train,1778,exp016_static_strict_oof_proxy,random,0.15810756084609656,0.19098260707067063,0.16820394608126235,0.010096385235165789,nan,nan,0.0847640186548233,499,1452,1459
fold_1,train,1779,exp016_static_strict_oof_proxy,retrieval,0.2525722519863126,0.2324065218580249,0.25742421168147606,0.004851959695163444,-4.4823557659983635,4.4154953956604,0.0668603703379631,486,1430,1459
fold_1,train,1779,exp016_static_strict_oof_proxy,recent,0.2525722519863126,0.11145269408128898,0.2524789161719013,-9.333581441128835e-05,nan,nan,0.0938834473490715,1427,1458,1459
fold_1,train,1779,exp016_static_strict_oof_proxy,random,0.2525722519863126,0.19572806145170335,0.258232730447548,0.0056604784612354075,nan,nan,0.08370500802993774,496,1433,1459
fold_1,train,1780,exp016_static_strict_oof_proxy,retrieval,0.29907671195786145,0.21576376188621615,0.30072151446723694,0.001644802509375487,-3.935758724808693,3.8709471225738525,0.0648116022348404,760,1431,1459
fold_1,train,1780,exp016_static_strict_oof_proxy,recent,0.29907671195786145,0.10631230685724002,0.29828111978582944,-0.0007955921720320114,nan,nan,0.0938834473490715,1427,1458,1459
fold_1,train,1780,exp016_static_strict_oof_proxy,random,0.29907671195786145,0.09540635664478021,0.2944043988066977,-0.004672313151163732,nan,nan,0.0841846838593483,503,1421,1459
fold_1,train,1781,exp016_static_strict_oof_proxy,retrieval,0.28008127266616856,0.20938184557595108,0.2818986443956816,0.0018173717295130176,-3.963229291141033,3.895632743835449,0.06759654730558395,512,1430,1459
fold_1,train,1781,exp016_static_strict_oof_proxy,recent,0.28008127266616856,0.11165861287340492,0.28043895497445837,0.0003576823082898084,nan,nan,0.0938834473490715,1427,1458,1459
fold_1,train,1781,exp016_static_strict_oof_proxy,random,0.28008127266616856,0.2126822466753011,0.2815796438692393,0.0014983712030707252,nan,nan,0.07767429202795029,486,1454,1459
fold_1,train,1782,exp016_static_strict_oof_proxy,retrieval,0.16858389505894233,0.13967201263837267,0.1701839324402112,0.0016000373812688762,-6.481411620974541,6.407313346862793,0.07409827411174774,498,1447,1459
fold_1,train,1782,exp016_static_strict_oof_proxy,recent,0.16858389505894233,0.005656583426162826,0.16721403509587318,-0.0013698599630691533,nan,nan,0.0938834473490715,1427,1458,1459
fold_1,train,1782,exp016_static_strict_oof_proxy,random,0.16858389505894233,0.1679899106903405,0.17326379431733946,0.004679899258397124,nan,nan,0.09498201310634613,536,1432,1459
fold_1,train,1783,exp016_static_strict_oof_proxy,retrieval,0.14797596959441456,0.0736653130626289,0.1456485726985298,-0.0023273968958847646,-8.465269424021244,8.376853942871094,0.0884154811501503,631,1454,1459
fold_1,train,1783,exp016_static_strict_oof_proxy,recent,0.14797596959441456,0.13505241935501217,0.15689055255398068,0.008914582959566125,nan,nan,0.0938834473490715,1427,1458,1459
fold_1,train,1783,exp016_static_strict_oof_proxy,random,0.14797596959441456,0.10143400230198066,0.14780520041684383,-0.00017076917757072319,nan,nan,0.07893071323633194,489,1352,1459
fold_1,train,1784,exp016_static_strict_oof_proxy,retrieval,0.13896041673575585,0.06215137626471239,0.13561098457606077,-0.003349432159695076,-4.429114334285259,4.351982116699219,0.0771322175860405,778,1422,1459
fold_1,train,1784,exp016_static_strict_oof_proxy,recent,0.13896041673575585,0.09390417829119814,0.14339161096284517,0.004431194227089319,nan,nan,0.0938834473490715,1427,1458,1459
fold_1,train,1784,exp016_static_strict_oof_proxy,random,0.13896041673575585,0.08432023594725097,0.13721164851900433,-0.0017487682167515173,nan,nan,0.08588944375514984,500,1445,1459
fold_1,train,1785,exp016_static_strict_oof_proxy,retrieval,-0.030270093643978317,0.000960789460672051,-0.028878450368078967,0.00139164327589935,-4.450976707041264,4.381076812744141,0.06989989429712296,516,1421,1459
fold_1,train,1785,exp016_static_strict_oof_proxy,recent,-0.030270093643978317,0.032787957371046526,-0.02649175260772106,0.003778341036257255,nan,nan,0.0938834473490715,1427,1458,1459
fold_1,train,1785,exp016_static_strict_oof_proxy,random,-0.030270093643978317,0.03620689676175954,-0.02554621834149775,0.004723875302480567,nan,nan,0.0750633180141449,507,1437,1459
fold_1,train,1786,exp016_static_strict_oof_proxy,retrieval,0.04802518898507058,-0.022947650373396085,0.041531429309774555,-0.006493759675296022,-8.601686879992485,8.507822036743164,0.09386484324932098,533,1453,1459
fold_1,train,1786,exp016_static_strict_oof_proxy,recent,0.04802518898507058,0.07299358448825105,0.05360041597905099,0.0055752269939804144,nan,nan,0.0938834473490715,1427,1458,1459
fold_1,train,1786,exp016_static_strict_oof_proxy,random,0.04802518898507058,0.02817007206360873,0.04636341849981366,-0.001661770485256918,nan,nan,0.08837857097387314,510,1457,1459
fold_1,train,1787,exp016_static_strict_oof_proxy,retrieval,-0.09451161279459974,-0.05963897687534153,-0.09493758904610894,-0.00042597625150919693,-4.209666468203068,4.133547782897949,0.07611868530511856,514,1424,1459
fold_1,train,1787,exp016_static_strict_oof_proxy,recent,-0.09451161279459974,0.031159215482839946,-0.08668663141801115,0.007824981376588588,nan,nan,0.0938834473490715,1427,1458,1459
fold_1,train,1787,exp016_static_strict_oof_proxy,random,-0.09451161279459974,-0.02593374795426146,-0.09299996194101844,0.0015116508535813061,nan,nan,0.08489121496677399,504,1458,1459
fold_1,train,1788,exp016_static_strict_oof_proxy,retrieval,-0.0778794298125049,-0.08156438823886981,-0.08095003406033902,-0.003070604247834119,-3.999858595430851,3.9256093502044678,0.07424924522638321,513,1430,1459
fold_1,train,1788,exp016_static_strict_oof_proxy,recent,-0.0778794298125049,-0.07706730333306198,-0.08309467553257721,-0.005215245720072315,nan,nan,0.0938834473490715,1427,1458,1459
fold_1,train,1788,exp016_static_strict_oof_proxy,random,-0.0778794298125049,-0.06196495606920287,-0.07931327073960222,-0.0014338409270973212,nan,nan,0.08791732788085938,508,1404,1459
fold_1,train,1789,exp016_static_strict_oof_proxy,retrieval,-0.20374801493626943,-0.20819187880393497,-0.21095825102449975,-0.007210236088230321,-4.210492663085461,4.13562536239624,0.07486730068922043,756,1458,1459
fold_1,train,1789,exp016_static_strict_oof_proxy,recent,-0.20374801493626943,-0.04828072140830756,-0.20194558015623038,0.0018024347800390528,nan,nan,0.0938834473490715,1427,1458,1459
fold_1,train,1789,exp016_static_strict_oof_proxy,random,-0.20374801493626943,-0.18910677738320655,-0.21101029277057132,-0.007262277834301889,nan,nan,0.08027791976928711,495,1453,1459
fold_1,train,1790,exp016_static_strict_oof_proxy,retrieval,0.06185700407800165,0.07581125333738672,0.06431416933232305,0.0024571652543214015,-6.274677909910679,6.195707321166992,0.07897058874368668,495,1447,1459
fold_1,train,1790,exp016_static_strict_oof_proxy,recent,0.06185700407800165,-0.09186312785668976,0.05079416611865201,-0.01106283795934964,nan,nan,0.0938834473490715,1427,1458,1459
fold_1,train,1790,exp016_static_strict_oof_proxy,random,0.06185700407800165,0.11774145481218459,0.06884156499468352,0.006984560916681877,nan,nan,0.09226903319358826,504,1458,1459
fold_1,train,1791,exp016_static_strict_oof_proxy,retrieval,-0.060204258379655366,-0.0419578130185932,-0.0612375788445338,-0.0010333204648784317,-4.3897350281476974,4.309304237365723,0.08043079078197479,751,1420,1459
fold_1,train,1791,exp016_static_strict_oof_proxy,recent,-0.060204258379655366,-0.17098907627153875,-0.07541376125521933,-0.015209502875563961,nan,nan,0.0938834473490715,1427,1458,1459
fold_1,train,1791,exp016_static_strict_oof_proxy,random,-0.060204258379655366,-0.03672319751807927,-0.06259866625399212,-0.00239440787433675,nan,nan,0.07747696340084076,518,1438,1459
fold_1,train,1792,exp016_static_strict_oof_proxy,retrieval,0.12894823127088315,0.13882203298309942,0.13316825578314806,0.004220024512264914,-4.393913060426712,4.317821979522705,0.07609108090400696,753,1458,1459
fold_1,train,1792,exp016_static_strict_oof_proxy,recent,0.12894823127088315,-0.11184018593321067,0.11330829474960892,-0.015639936521274225,nan,nan,0.0938834473490715,1427,1458,1459
fold_1,train,1792,exp016_static_strict_oof_proxy,random,0.12894823127088315,0.12995937010938727,0.1333436168966802,0.004395385625797055,nan,nan,0.08082658797502518,513,1432,1459
fold_1,train,1793,exp016_static_strict_oof_proxy,retrieval,0.11305632490032515,0.12715465396846085,0.11689783813006216,0.003841513229737012,-3.2512007355690002,3.181213617324829,0.06998711824417114,980,1430,1459
fold_1,train,1793,exp016_static_strict_oof_proxy,recent,0.11305632490032515,-0.04321406331177203,0.10612140436486453,-0.0069349205354606175,nan,nan,0.0938834473490715,1427,1458,1459
fold_1,train,1793,exp016_static_strict_oof_proxy,random,0.11305632490032515,0.15906646687740653,0.12041743842748687,0.0073611135271617195,nan,nan,0.08032199740409851,499,1419,1459
fold_1,train,1794,exp016_static_strict_oof_proxy,retrieval,-0.060351022087741506,-0.013238883847916121,-0.05813975587149387,0.0022112662162476343,-3.9335074350237846,3.865361213684082,0.0681462213397026,513,1421,1459
fold_1,train,1794,exp016_static_strict_oof_proxy,recent,-0.060351022087741506,-0.1414529871137751,-0.07194062377501942,-0.011589601687277913,nan,nan,0.0938834473490715,1427,1458,1459
fold_1,train,1794,exp016_static_strict_oof_proxy,random,-0.060351022087741506,-0.019926049333719754,-0.05867820500819225,0.0016728170795492561,nan,nan,0.08204521983861923,498,1423,1459
fold_1,train,1795,exp016_static_strict_oof_proxy,retrieval,-0.2702003729641531,-0.27950936930246223,-0.2788373129087869,-0.00863693994463377,-4.301640830934048,4.225682735443115,0.07595809549093246,513,1424,1459
fold_1,train,1795,exp016_static_strict_oof_proxy,recent,-0.2702003729641531,-0.1137684486015511,-0.2713566222452012,-0.0011562492810480718,nan,nan,0.0938834473490715,1427,1458,1459
fold_1,train,1795,exp016_static_strict_oof_proxy,random,-0.2702003729641531,-0.19329451727986371,-0.27464259488536513,-0.0044422219212120195,nan,nan,0.08459927886724472,511,1456,1459
fold_1,train,1796,exp016_static_strict_oof_proxy,retrieval,-0.1993806290844588,-0.1635171752801026,-0.20177558826953476,-0.0023949591850759566,-5.216572120785713,5.148118495941162,0.06845362484455109,513,1421,1459
fold_1,train,1796,exp016_static_strict_oof_proxy,recent,-0.1993806290844588,-0.11926236484646144,-0.2031842131076122,-0.0038035840231533946,nan,nan,0.0938834473490715,1427,1458,1459
fold_1,train,1796,exp016_static_strict_oof_proxy,random,-0.1993806290844588,-0.1718973455898434,-0.2046875124501411,-0.005306883365682302,nan,nan,0.0778631940484047,528,1388,1459
fold_1,train,1797,exp016_static_strict_oof_proxy,retrieval,-0.23539586866668674,-0.2031793213110622,-0.23808388270578906,-0.002688014039102321,-3.213878594338894,3.1424007415771484,0.07147785276174545,760,1427,1459
fold_1,train,1797,exp016_static_strict_oof_proxy,recent,-0.23539586866668674,-0.04136302486811799,-0.23161844359994527,0.0037774250667414744,nan,nan,0.0938834473490715,1427,1458,1459
fold_1,train,1797,exp016_static_strict_oof_proxy,random,-0.23539586866668674,-0.13219579292447908,-0.23266364063755549,0.002732228029131256,nan,nan,0.08619359135627747,544,1440,1459
fold_1,train,1798,exp016_static_strict_oof_proxy,retrieval,-0.15418625459044416,-0.1166902595547249,-0.15579696290315917,-0.001610708312715009,-4.899554938077927,4.823115348815918,0.07643958926200867,533,1423,1459
fold_1,train,1798,exp016_static_strict_oof_proxy,recent,-0.15418625459044416,-0.08650149381942535,-0.15726669375609864,-0.0030804391656544805,nan,nan,0.0938834473490715,1427,1458,1459
fold_1,train,1798,exp016_static_strict_oof_proxy,random,-0.15418625459044416,0.011740213149919767,-0.14560878213492992,0.00857747245551424,nan,nan,0.0768161490559578,534,1458,1459
fold_1,train,1799,exp016_static_strict_oof_proxy,retrieval,-0.11424713109615357,-0.05165569802772366,-0.11048161974293076,0.0037655113532228113,-5.108967147767544,5.035569190979004,0.07339795678853989,510,1430,1459
fold_1,train,1799,exp016_static_strict_oof_proxy,recent,-0.11424713109615357,-0.05494473007917738,-0.11574869800785399,-0.0015015669117004193,nan,nan,0.0938834473490715,1427,1458,1459
fold_1,train,1799,exp016_static_strict_oof_proxy,random,-0.11424713109615357,0.0819399595549596,-0.09967947908195263,0.014567652014200946,nan,nan,0.08067634701728821,488,1455,1459
fold_1,train,1800,exp016_static_strict_oof_proxy,retrieval,-0.005614728273856687,0.034102433163163165,-0.001259106064437962,0.0043556222094187245,-3.654218725860119,3.5907106399536133,0.06350808590650558,763,1434,1459
fold_1,train,1800,exp016_static_strict_oof_proxy,recent,-0.005614728273856687,-0.043776620119700745,-0.008937653980715093,-0.003322925706858406,nan,nan,0.0938834473490715,1427,1458,1459
fold_1,train,1800,exp016_static_strict_oof_proxy,random,-0.005614728273856687,0.08951631863557359,0.003423703713720627,0.009038431987577315,nan,nan,0.08136366307735443,486,1452,1459
fold_1,train,1801,exp016_static_strict_oof_proxy,retrieval,0.32733864050666656,0.31524623563208176,0.3350264985933956,0.00768785808672906,-3.4114766269922256,3.3462977409362793,0.06517888605594635,980,1431,1459
fold_1,train,1801,exp016_static_strict_oof_proxy,recent,0.32733864050666656,0.12651610647736458,0.328164158063376,0.0008255175567094541,nan,nan,0.0938834473490715,1427,1458,1459
fold_1,train,1801,exp016_static_strict_oof_proxy,random,0.32733864050666656,0.29947484815854913,0.3356728770254167,0.008334236518750149,nan,nan,0.08531996607780457,503,1454,1459
fold_1,train,1802,exp016_static_strict_oof_proxy,retrieval,0.2432772402948477,0.18741155269036955,0.24475586923170542,0.0014786289368577121,-3.5042778626084328,3.4405272006988525,0.06375066190958023,1011,1432,1459
fold_1,train,1802,exp016_static_strict_oof_proxy,recent,0.2432772402948477,0.06608652883991561,0.24102991195801587,-0.002247328336831833,nan,nan,0.0938834473490715,1427,1458,1459
fold_1,train,1802,exp016_static_strict_oof_proxy,random,0.2432772402948477,0.16807203615524385,0.2451738832947201,0.0018966429998723833,nan,nan,0.0808962881565094,507,1423,1459
fold_1,train,1803,exp016_static_strict_oof_proxy,retrieval,0.053114669943122535,0.020637206501354644,0.05113792298905825,-0.0019767469540642874,-3.569837436079979,3.5032970905303955,0.06654034554958344,984,1431,1459
fold_1,train,1803,exp016_static_strict_oof_proxy,recent,0.053114669943122535,-0.04316792269240034,0.04703818952654409,-0.0060764804165784475,nan,nan,0.0938834473490715,1427,1458,1459
fold_1,train,1803,exp016_static_strict_oof_proxy,random,0.053114669943122535,0.029834495852323124,0.05238824341157644,-0.0007264265315460941,nan,nan,0.07177063077688217,490,1410,1459
fold_1,train,1804,exp016_static_strict_oof_proxy,retrieval,0.05111970682769728,-0.01865754384954378,0.045140726779951776,-0.005978980047745504,-3.0958924368023872,3.0263519287109375,0.06954050809144974,975,1430,1459
fold_1,train,1804,exp016_static_strict_oof_proxy,recent,0.05111970682769728,-0.06284003554618367,0.042725944485360955,-0.008393762342336325,nan,nan,0.0938834473490715,1427,1458,1459
fold_1,train,1804,exp016_static_strict_oof_proxy,random,0.05111970682769728,-0.001304227045359133,0.046811475314410184,-0.004308231513287096,nan,nan,0.09008367359638214,500,1400,1459
fold_1,train,1805,exp016_static_strict_oof_proxy,retrieval,0.044095041492866784,0.0008421506601913279,0.04061211302841823,-0.0034829284644485523,-3.4689965918660164,3.4004950523376465,0.0685015395283699,975,1430,1459
fold_1,train,1805,exp016_static_strict_oof_proxy,recent,0.044095041492866784,0.046973737316307884,0.045954466010068466,0.0018594245172016827,nan,nan,0.0938834473490715,1427,1458,1459
fold_1,train,1805,exp016_static_strict_oof_proxy,random,0.044095041492866784,-0.022091864328094644,0.03814764387921918,-0.005947397613647605,nan,nan,0.09174037724733353,525,1458,1459
fold_1,train,1806,exp016_static_strict_oof_proxy,retrieval,-0.20236869620118048,-0.0014616820410502443,-0.19222562712377136,0.010143069077409111,-9.032922267913818,8.952123641967773,0.08079862594604492,533,1422,1459
fold_1,train,1806,exp016_static_strict_oof_proxy,recent,-0.20236869620118048,-0.10260076429660973,-0.20806286895902343,-0.005694172757842952,nan,nan,0.0938834473490715,1427,1458,1459
fold_1,train,1806,exp016_static_strict_oof_proxy,random,-0.20236869620118048,-0.23344996260577378,-0.21160909192820077,-0.00924039572702029,nan,nan,0.08304044604301453,509,1448,1459
fold_1,train,1807,exp016_static_strict_oof_proxy,retrieval,0.08312917617501427,0.07933516878049941,0.08479816125838525,0.0016689850833709885,-5.011703424155712,4.927464008331299,0.0842394158244133,778,1458,1459
fold_1,train,1807,exp016_static_strict_oof_proxy,recent,0.08312917617501427,-0.0158105381629399,0.08048077790715186,-0.002648398267862409,nan,nan,0.0938834473490715,1427,1458,1459
fold_1,train,1807,exp016_static_strict_oof_proxy,random,0.08312917617501427,0.09149815901562537,0.08590489301327936,0.0027757168382650937,nan,nan,0.07895001769065857,488,1434,1459
fold_1,train,1808,exp016_static_strict_oof_proxy,retrieval,0.07027266489203118,0.12337542933684185,0.07811440084110544,0.007841735949074252,-6.278032824397087,6.186014652252197,0.09201817214488983,600,1457,1459
fold_1,train,1808,exp016_static_strict_oof_proxy,recent,0.07027266489203118,-0.026274777409797192,0.06482433886296234,-0.005448326029068848,nan,nan,0.0938834473490715,1427,1458,1459
fold_1,train,1808,exp016_static_strict_oof_proxy,random,0.07027266489203118,0.1328198642544379,0.07938229972494193,0.009109634832910746,nan,nan,0.0817541629076004,508,1453,1459
fold_1,train,1809,exp016_static_strict_oof_proxy,retrieval,0.1573932942262881,0.22698775272676194,0.16902518487540857,0.011631890649120485,-4.230424672365189,4.153704643249512,0.07672002911567688,975,1458,1459
fold_1,train,1809,exp016_static_strict_oof_proxy,recent,0.1573932942262881,0.06548521315497358,0.15861080950186912,0.0012175152755810326,nan,nan,0.0938834473490715,1427,1458,1459
fold_1,train,1809,exp016_static_strict_oof_proxy,random,0.1573932942262881,0.24353964315073995,0.17154173035425882,0.014148436127970732,nan,nan,0.06765516102313995,580,1413,1459
fold_1,train,1810,exp016_static_strict_oof_proxy,retrieval,0.04681953559522824,0.05250022941572175,0.04901620890523506,0.002196673310006822,-3.4173890948295593,3.3438432216644287,0.07354587316513062,980,1451,1459
fold_1,train,1810,exp016_static_strict_oof_proxy,recent,0.04681953559522824,-0.09008039207043742,0.03791585179684402,-0.008903683798384215,nan,nan,0.0938834473490715,1427,1458,1459
fold_1,train,1810,exp016_static_strict_oof_proxy,random,0.04681953559522824,0.10973283473323463,0.05421899483855718,0.007399459243328944,nan,nan,0.07974059879779816,494,1425,1459
fold_1,train,1811,exp016_static_strict_oof_proxy,retrieval,-0.03841231049913095,0.006397465827720947,-0.034983160286017036,0.0034291502131139143,-3.8853343799710274,3.8066370487213135,0.0786973312497139,981,1458,1459
fold_1,train,1811,exp016_static_strict_oof_proxy,recent,-0.03841231049913095,-0.15398646380971623,-0.052741814475303496,-0.014329503976172546,nan,nan,0.0938834473490715,1427,1458,1459
fold_1,train,1811,exp016_static_strict_oof_proxy,random,-0.03841231049913095,0.013381833854075726,-0.03447709331830881,0.00393521718082214,nan,nan,0.08419887721538544,539,1456,1459
fold_1,train,1812,exp016_static_strict_oof_proxy,retrieval,-0.15415397165672798,-0.04528037134651086,-0.14891266857740357,0.005241303079324411,-4.296382427215576,4.224577903747559,0.07180452346801758,981,1432,1459
fold_1,train,1812,exp016_static_strict_oof_proxy,recent,-0.15415397165672798,-0.06957598923402332,-0.1573887975809596,-0.0032348259242316324,nan,nan,0.0938834473490715,1427,1458,1459
fold_1,train,1812,exp016_static_strict_oof_proxy,random,-0.15415397165672798,-0.025937579386291633,-0.1469517674229648,0.007202204233763165,nan,nan,0.07811471819877625,500,1385,1459
fold_1,train,1813,exp016_static_strict_oof_proxy,retrieval,-0.12073337402112196,-0.07658728859302576,-0.11961164017794314,0.0011217338431788182,-3.998462349176407,3.922738552093506,0.075723797082901,794,1458,1459
fold_1,train,1813,exp016_static_strict_oof_proxy,recent,-0.12073337402112196,-0.14248612891780452,-0.13020080776375842,-0.009467433742636464,nan,nan,0.0938834473490715,1427,1458,1459
fold_1,train,1813,exp016_static_strict_oof_proxy,random,-0.12073337402112196,-0.08475121155898704,-0.12109604880783037,-0.000362674786708414,nan,nan,0.07747989892959595,506,1448,1459
fold_1,train,1814,exp016_static_strict_oof_proxy,retrieval,-0.14316948899327386,-0.04079836143852672,-0.1366384566513213,0.0065310323419525695,-3.744913287460804,3.6690948009490967,0.0758184865117073,975,1458,1459
fold_1,train,1814,exp016_static_strict_oof_proxy,recent,-0.14316948899327386,-0.08224392470323894,-0.14550660792260878,-0.0023371189293349137,nan,nan,0.0938834473490715,1427,1458,1459
fold_1,train,1814,exp016_static_strict_oof_proxy,random,-0.14316948899327386,-0.030563468379944274,-0.13545577274284115,0.007713716250432712,nan,nan,0.0881151482462883,566,1451,1459
fold_1,train,1815,exp016_static_strict_oof_proxy,retrieval,0.12947416243464108,0.2607866839824725,0.1451455888116832,0.015671426377042136,-8.553960032761097,8.471101760864258,0.08285827189683914,533,1456,1459
fold_1,train,1815,exp016_static_strict_oof_proxy,recent,0.12947416243464108,-0.13352682237984873,0.11319040927717801,-0.01628375315746307,nan,nan,0.0938834473490715,1427,1458,1459
fold_1,train,1815,exp016_static_strict_oof_proxy,random,0.12947416243464108,0.2221812328255335,0.14153440034377085,0.012060237909129773,nan,nan,0.08054006844758987,537,1449,1459
fold_1,train,1816,exp016_static_strict_oof_proxy,retrieval,0.2733573605754271,0.29639789021942065,0.2828767516539728,0.009519391078545714,-4.997321806848049,4.913232326507568,0.0840894803404808,979,1457,1459
fold_1,train,1816,exp016_static_strict_oof_proxy,recent,0.2733573605754271,-0.018927652282297702,0.26581702173240407,-0.00754033884302302,nan,nan,0.0938834473490715,1427,1458,1459
fold_1,train,1816,exp016_static_strict_oof_proxy,random,0.2733573605754271,0.2842473434936288,0.28306738653686037,0.009710025961433277,nan,nan,0.08884779363870621,506,1417,1459
fold_1,train,1817,exp016_static_strict_oof_proxy,retrieval,0.2501218361478211,0.2113872850578862,0.2541409323872038,0.004019096239382736,-3.8795024380087852,3.808339834213257,0.07116260379552841,980,1458,1459
fold_1,train,1817,exp016_static_strict_oof_proxy,recent,0.2501218361478211,0.00799511742576498,0.2436329720814109,-0.006488864066410166,nan,nan,0.0938834473490715,1427,1458,1459
fold_1,train,1817,exp016_static_strict_oof_proxy,random,0.2501218361478211,0.23064821064396293,0.25653725191128113,0.006415415763460053,nan,nan,0.09155897051095963,489,1456,1459
fold_1,train,1818,exp016_static_strict_oof_proxy,retrieval,0.2628900728208294,0.24555454798677656,0.2690144489188295,0.006124376098000095,-3.8755971789360046,3.811185598373413,0.06441158056259155,980,1458,1459
fold_1,train,1818,exp016_static_strict_oof_proxy,recent,0.2628900728208294,0.021242367161105967,0.25753112071101825,-0.005358952109811133,nan,nan,0.0938834473490715,1427,1458,1459
fold_1,train,1818,exp016_static_strict_oof_proxy,random,0.2628900728208294,0.2476993108179726,0.2702231002988795,0.007333027478050147,nan,nan,0.09373536705970764,489,1429,1459
fold_1,train,1819,exp016_static_strict_oof_proxy,retrieval,0.23330446128382007,0.21783394730624428,0.2378483515286944,0.004543890244874338,-3.2712452858686447,3.2078857421875,0.06335954368114471,1011,1431,1459
fold_1,train,1819,exp016_static_strict_oof_proxy,recent,0.23330446128382007,0.05877332330788059,0.23116600489020378,-0.0021384563936162893,nan,nan,0.0938834473490715,1427,1458,1459
fold_1,train,1819,exp016_static_strict_oof_proxy,random,0.23330446128382007,0.20170781874183963,0.23744764080697459,0.0041431795231545165,nan,nan,0.08597541600465775,536,1447,1459
fold_1,train,1820,exp016_static_strict_oof_proxy,retrieval,0.17467918268522603,0.15806490167400786,0.17724675683538096,0.002567574150154933,-3.324938625097275,3.257878303527832,0.06706032156944275,762,1430,1459
fold_1,train,1820,exp016_static_strict_oof_proxy,recent,0.17467918268522603,0.0035075200631549176,0.16893824112774153,-0.005740941557484502,nan,nan,0.0938834473490715,1427,1458,1459
fold_1,train,1820,exp016_static_strict_oof_proxy,random,0.17467918268522603,0.1599838825313086,0.17748512644193368,0.002805943756707646,nan,nan,0.08686162531375885,488,1440,1459
fold_1,train,1821,exp016_static_strict_oof_proxy,retrieval,0.35262826530004665,0.23765170599303514,0.3524270262584198,-0.00020123904162683282,-4.009154923260212,3.9396770000457764,0.06947792321443558,979,1436,1459
fold_1,train,1821,exp016_static_strict_oof_proxy,recent,0.35262826530004665,0.059555418282920984,0.348032315298597,-0.0045959500014496335,nan,nan,0.0938834473490715,1427,1458,1459
fold_1,train,1821,exp016_static_strict_oof_proxy,random,0.35262826530004665,0.14232887603395789,0.34856858640703986,-0.004059678893006791,nan,nan,0.07895734161138535,491,1449,1459
fold_1,train,1822,exp016_static_strict_oof_proxy,retrieval,0.3000605482634194,0.17825815023528976,0.2968221998921959,-0.0032383483712234984,-3.3272438757121563,3.266740322113037,0.060503553599119186,1355,1436,1459
fold_1,train,1822,exp016_static_strict_oof_proxy,recent,0.3000605482634194,0.12273923168619938,0.3017223966275495,0.0016618483641301363,nan,nan,0.0938834473490715,1427,1458,1459
fold_1,train,1822,exp016_static_strict_oof_proxy,random,0.3000605482634194,0.1707773116757828,0.29755430028579255,-0.00250624797762683,nan,nan,0.07699675858020782,573,1439,1459
fold_1,train,1823,exp016_static_strict_oof_proxy,retrieval,0.31141686026761894,0.22915919252213582,0.3144956110100362,0.0030787507424172578,-3.6249764189124107,3.561366081237793,0.06361033767461777,1355,1436,1459
fold_1,train,1823,exp016_static_strict_oof_proxy,recent,0.31141686026761894,0.17594852867763253,0.31755309594062753,0.006136235673008583,nan,nan,0.0938834473490715,1427,1458,1459
fold_1,train,1823,exp016_static_strict_oof_proxy,random,0.31141686026761894,0.18602753757232923,0.31119957046593544,-0.00021728980168350676,nan,nan,0.08519454300403595,493,1435,1459
fold_1,train,1824,exp016_static_strict_oof_proxy,retrieval,0.35742515545951836,0.28204902036490515,0.3636984302913752,0.0062732748318568565,-3.6529097482562065,3.5808804035186768,0.07202934473752975,981,1458,1459
fold_1,train,1824,exp016_static_strict_oof_proxy,recent,0.35742515545951836,0.17320454449698397,0.3644004492867122,0.0069752938271938625,nan,nan,0.0938834473490715,1427,1458,1459
fold_1,train,1824,exp016_static_strict_oof_proxy,random,0.35742515545951836,0.28063060890599506,0.3627811546425201,0.005355999183001725,nan,nan,0.08159109950065613,534,1440,1459
fold_1,train,1825,exp016_static_strict_oof_proxy,retrieval,0.38730079318673566,0.35587522317491443,0.39536133616554614,0.008060542978810481,-3.265861891210079,3.2065396308898926,0.059322260320186615,1355,1431,1459
fold_1,train,1825,exp016_static_strict_oof_proxy,recent,0.38730079318673566,0.18336629721953202,0.38958250610110745,0.002281712914371792,nan,nan,0.0938834473490715,1427,1458,1459
fold_1,train,1825,exp016_static_strict_oof_proxy,random,0.38730079318673566,0.3439457122386265,0.3956216917041806,0.008320898517444941,nan,nan,0.07589522004127502,579,1446,1459
fold_1,train,1826,exp016_static_strict_oof_proxy,retrieval,0.22249413658850875,0.1917736830734422,0.22838980178458324,0.005895665196074484,-3.726935438811779,3.659665584564209,0.06726985424757004,976,1434,1459
fold_1,train,1826,exp016_static_strict_oof_proxy,recent,0.22249413658850875,0.017029897368351622,0.2133804159399736,-0.009113720648535162,nan,nan,0.0938834473490715,1427,1458,1459
fold_1,train,1826,exp016_static_strict_oof_proxy,random,0.22249413658850875,0.22532033873734064,0.23142961360049613,0.00893547701198738,nan,nan,0.08123446255922318,548,1447,1459
fold_1,train,1827,exp016_static_strict_oof_proxy,retrieval,0.1211511814283094,0.21740627873450108,0.13626067815209586,0.015109496723786461,-4.305110961198807,4.233463764190674,0.07164719700813293,981,1458,1459
fold_1,train,1827,exp016_static_strict_oof_proxy,recent,0.1211511814283094,-0.02965378192777104,0.11446138272856704,-0.006689798699742358,nan,nan,0.0938834473490715,1427,1458,1459
fold_1,train,1827,exp016_static_strict_oof_proxy,random,0.1211511814283094,0.24601190944756296,0.13938466686297427,0.018233485434664867,nan,nan,0.07196264714002609,494,1369,1459
fold_1,train,1828,exp016_static_strict_oof_proxy,retrieval,0.18733423444374958,0.16302665335223432,0.19292009371328703,0.0055858592695374465,-3.473381206393242,3.4095726013183594,0.06380860507488251,1364,1436,1459
fold_1,train,1828,exp016_static_strict_oof_proxy,recent,0.18733423444374958,-0.023245802009493936,0.1802131034211562,-0.007121131022593374,nan,nan,0.0938834473490715,1427,1458,1459
fold_1,train,1828,exp016_static_strict_oof_proxy,random,0.18733423444374958,0.18377991133699859,0.19628580278915797,0.00895156834540839,nan,nan,0.08083026856184006,492,1453,1459
fold_1,train,1829,exp016_static_strict_oof_proxy,retrieval,0.15230025370665773,0.06595751654770068,0.14899471614439666,-0.0033055375622610683,-3.4484452307224274,3.3907504081726074,0.057694822549819946,1355,1431,1459
fold_1,train,1829,exp016_static_strict_oof_proxy,recent,0.15230025370665773,-0.04739764005635615,0.14243018067659607,-0.009870073030061655,nan,nan,0.0938834473490715,1427,1458,1459
fold_1,train,1829,exp016_static_strict_oof_proxy,random,0.15230025370665773,0.09196636280438501,0.1521986039965616,-0.00010164971009613,nan,nan,0.08477543294429779,520,1437,1459
fold_1,train,1830,exp016_static_strict_oof_proxy,retrieval,0.12015936723140284,0.1019716400568146,0.12209905843720195,0.0019396912057991073,-3.5248474217951298,3.4652411937713623,0.05960622802376747,1351,1431,1459
fold_1,train,1830,exp016_static_strict_oof_proxy,recent,0.12015936723140284,0.007652036205653913,0.1169462665327117,-0.003213100698691143,nan,nan,0.0938834473490715,1427,1458,1459
fold_1,train,1830,exp016_static_strict_oof_proxy,random,0.12015936723140284,0.09680008146159094,0.12288078998215414,0.0027214227507512956,nan,nan,0.07365085929632187,560,1440,1459
fold_1,train,1831,exp016_static_strict_oof_proxy,retrieval,0.12904142243405026,0.19167664925066155,0.14035419646545086,0.011312774031400602,-3.3349407240748405,3.273977279663086,0.06096344441175461,763,1430,1459
fold_1,train,1831,exp016_static_strict_oof_proxy,recent,0.12904142243405026,0.033065836106168464,0.12711694836088344,-0.0019244740731668153,nan,nan,0.0938834473490715,1427,1458,1459
fold_1,train,1831,exp016_static_strict_oof_proxy,random,0.12904142243405026,0.15603529807965716,0.13967052100864144,0.010629098574591184,nan,nan,0.09297351539134979,503,1457,1459
fold_1,train,1832,exp016_static_strict_oof_proxy,retrieval,0.29949102287713253,0.19301426603059554,0.29800378977140213,-0.0014872331057304011,-3.5675025656819344,3.5008606910705566,0.06664187461137772,527,1430,1459
fold_1,train,1832,exp016_static_strict_oof_proxy,recent,0.29949102287713253,0.1075054442457085,0.2995293702560306,3.8347378898073714e-05,nan,nan,0.0938834473490715,1427,1458,1459
fold_1,train,1832,exp016_static_strict_oof_proxy,random,0.29949102287713253,0.16868578226783756,0.29738958908495927,-0.0021014337921732573,nan,nan,0.07471305876970291,501,1419,1459
fold_1,train,1833,exp016_static_strict_oof_proxy,retrieval,0.4278213324890907,0.23932708971513592,0.42390447703717477,-0.003916855451915946,-3.109652664512396,3.0534398555755615,0.056212808936834335,1008,1427,1459
fold_1,train,1833,exp016_static_strict_oof_proxy,recent,0.4278213324890907,0.08635961091413731,0.4205650917254325,-0.007256240763658217,nan,nan,0.0938834473490715,1427,1458,1459
fold_1,train,1833,exp016_static_strict_oof_proxy,random,0.4278213324890907,0.187240683803287,0.4253523470258199,-0.0024689854632707897,nan,nan,0.07444055378437042,555,1427,1459
fold_1,train,1834,exp016_static_strict_oof_proxy,retrieval,0.43885266214706475,0.20222928298967097,0.43065070858225607,-0.008201953564808684,-3.4163196347653866,3.3594017028808594,0.056917931884527206,1275,1427,1459
fold_1,train,1834,exp016_static_strict_oof_proxy,recent,0.43885266214706475,0.08441203586953025,0.4299964626972138,-0.008856199449850943,nan,nan,0.0938834473490715,1427,1458,1459
fold_1,train,1834,exp016_static_strict_oof_proxy,random,0.43885266214706475,0.13965948995287308,0.42934055452553144,-0.009512107621533317,nan,nan,0.08188851922750473,492,1444,1459
fold_1,train,1835,exp016_static_strict_oof_proxy,retrieval,0.5285450603479245,0.35668841627455167,0.5305877910972306,0.0020427307493061653,-3.9830483570694923,3.912719488143921,0.07032886892557144,521,1424,1459
fold_1,train,1835,exp016_static_strict_oof_proxy,recent,0.5285450603479245,0.2380305165805584,0.530669849054179,0.0021247887062545434,nan,nan,0.0938834473490715,1427,1458,1459
fold_1,train,1835,exp016_static_strict_oof_proxy,random,0.5285450603479245,0.33207897463889274,0.5290594231495352,0.0005143628016107682,nan,nan,0.07865006476640701,498,1418,1459
fold_1,train,1836,exp016_static_strict_oof_proxy,retrieval,0.46294319275101375,0.32862364518650267,0.4658469586949036,0.0029037659438898578,-3.4483484253287315,3.3801255226135254,0.06822290271520615,976,1427,1459
fold_1,train,1836,exp016_static_strict_oof_proxy,recent,0.46294319275101375,0.17720139305839908,0.4622733318683755,-0.0006698608826382624,nan,nan,0.0938834473490715,1427,1458,1459
fold_1,train,1836,exp016_static_strict_oof_proxy,random,0.46294319275101375,0.3012096634811547,0.4658045389957179,0.0028613462447041327,nan,nan,0.08761776983737946,532,1443,1459
fold_1,train,1837,exp016_static_strict_oof_proxy,retrieval,0.43054171048385803,0.21393744824506958,0.42441290245724705,-0.006128808026610977,-3.8143091537058353,3.75732421875,0.05698493495583534,762,1427,1459
fold_1,train,1837,exp016_static_strict_oof_proxy,recent,0.43054171048385803,0.13176555532026524,0.42554362266875007,-0.0049980878151079655,nan,nan,0.0938834473490715,1427,1458,1459
fold_1,train,1837,exp016_static_strict_oof_proxy,random,0.43054171048385803,0.14333299777876224,0.4227484076099874,-0.0077933028738706445,nan,nan,0.07873360067605972,497,1399,1459
fold_1,train,1838,exp016_static_strict_oof_proxy,retrieval,0.30557488942387595,0.1280957655116652,0.30272065613344656,-0.0028542332904293866,-8.524315655231476,8.452251434326172,0.07206422090530396,495,1454,1459
fold_1,train,1838,exp016_static_strict_oof_proxy,recent,0.30557488942387595,-0.02591154812598239,0.29785135362463266,-0.007723535799243286,nan,nan,0.0938834473490715,1427,1458,1459
fold_1,train,1838,exp016_static_strict_oof_proxy,random,0.30557488942387595,0.16578993212065796,0.3084014632626057,0.002826573838729751,nan,nan,0.08675485104322433,516,1450,1459
fold_1,train,1839,exp016_static_strict_oof_proxy,retrieval,0.12141718657658251,0.11519102862639538,0.12414585763085731,0.002728671054274795,-4.791691452264786,4.71872615814209,0.07296529412269592,516,1447,1459
fold_1,train,1839,exp016_static_strict_oof_proxy,recent,0.12141718657658251,-0.006274310440739198,0.1161029328248848,-0.005314253751697709,nan,nan,0.0938834473490715,1427,1458,1459
fold_1,train,1839,exp016_static_strict_oof_proxy,random,0.12141718657658251,0.12320408846334412,0.12806239185629967,0.0066452052797171535,nan,nan,0.09188492596149445,498,1440,1459
fold_1,train,1840,exp016_static_strict_oof_proxy,retrieval,0.15224494982730225,0.17401213812224767,0.16142130230160742,0.009176352474305177,-4.357489928603172,4.287403583526611,0.07008634507656097,513,1424,1459
fold_1,train,1840,exp016_static_strict_oof_proxy,recent,0.15224494982730225,-0.02058007106090094,0.1461290203615173,-0.006115929465784958,nan,nan,0.0938834473490715,1427,1458,1459
fold_1,train,1840,exp016_static_strict_oof_proxy,random,0.15224494982730225,0.17207373742808724,0.16266785135803835,0.010422901530736106,nan,nan,0.0971895232796669,580,1409,1459
fold_1,train,1841,exp016_static_strict_oof_proxy,retrieval,0.14631873887507207,0.05404772618842569,0.14188190439407788,-0.0044368344809941895,-6.718714952468872,6.634757995605469,0.08395695686340332,558,1454,1459
fold_1,train,1841,exp016_static_strict_oof_proxy,recent,0.14631873887507207,0.044523615874479915,0.14498565150369225,-0.0013330873713798264,nan,nan,0.0938834473490715,1427,1458,1459
fold_1,train,1841,exp016_static_strict_oof_proxy,random,0.14631873887507207,0.01160325744906137,0.13859510986580625,-0.00772362900926582,nan,nan,0.07268118858337402,487,1417,1459
fold_1,train,1842,exp016_static_strict_oof_proxy,retrieval,0.06189699451256126,0.06966025330543034,0.06382698536123076,0.0019299908486694953,-3.141974054276943,3.0716042518615723,0.07036980241537094,512,1427,1459
fold_1,train,1842,exp016_static_strict_oof_proxy,recent,0.06189699451256126,0.03539396047550438,0.06459880785658027,0.002701813344019012,nan,nan,0.0938834473490715,1427,1458,1459
fold_1,train,1842,exp016_static_strict_oof_proxy,random,0.06189699451256126,0.05399962870655274,0.06288937821667635,0.000992383704115092,nan,nan,0.07907840609550476,540,1458,1459
fold_1,train,1843,exp016_static_strict_oof_proxy,retrieval,0.23144778558487972,0.12616589195329064,0.2300031950418277,-0.0014445905430520156,-2.9256671592593193,2.8536696434020996,0.0719975158572197,760,1427,1459
fold_1,train,1843,exp016_static_strict_oof_proxy,recent,0.23144778558487972,0.10026239889700185,0.2327550465294378,0.0013072609445580752,nan,nan,0.0938834473490715,1427,1458,1459
fold_1,train,1843,exp016_static_strict_oof_proxy,random,0.23144778558487972,0.12399231723476078,0.2293137072860993,-0.0021340782987804285,nan,nan,0.07426780462265015,500,1448,1459
fold_1,train,1844,exp016_static_strict_oof_proxy,retrieval,0.28426745770825385,0.21375971672734684,0.2886628725591916,0.004395414850937751,-3.129206247627735,3.0566084384918213,0.07259780913591385,527,1427,1459
fold_1,train,1844,exp016_static_strict_oof_proxy,recent,0.28426745770825385,0.11949395193765656,0.28609042412440655,0.0018229664161527048,nan,nan,0.0938834473490715,1427,1458,1459
fold_1,train,1844,exp016_static_strict_oof_proxy,random,0.28426745770825385,0.19500155441506722,0.28828184329369266,0.004014385585438818,nan,nan,0.08302196860313416,502,1445,1459
fold_1,train,1845,exp016_static_strict_oof_proxy,retrieval,0.1699789180423213,0.12195402565132583,0.17103087939706843,0.0010519613547471385,-3.2253777980804443,3.1563305854797363,0.06904721260070801,527,1427,1459
fold_1,train,1845,exp016_static_strict_oof_proxy,recent,0.1699789180423213,0.1548494750464051,0.1796708778892699,0.009691959846948595,nan,nan,0.0938834473490715,1427,1458,1459
fold_1,train,1845,exp016_static_strict_oof_proxy,random,0.1699789180423213,0.12396921976301759,0.1717539959183404,0.0017750778760191044,nan,nan,0.08580369502305984,506,1424,1459
fold_1,train,1846,exp016_static_strict_oof_proxy,retrieval,0.05092416220258128,0.02230977684207042,0.04858789689197666,-0.0023362653106046224,-3.2642639353871346,3.199094295501709,0.06516963988542557,984,1430,1459
fold_1,train,1846,exp016_static_strict_oof_proxy,recent,0.05092416220258128,0.06216736910025906,0.053623069658905266,0.002698907456323986,nan,nan,0.0938834473490715,1427,1458,1459
fold_1,train,1846,exp016_static_strict_oof_proxy,random,0.05092416220258128,0.02308531214839819,0.04922321657911957,-0.0017009456234617082,nan,nan,0.08430533111095428,538,1426,1459
fold_1,train,1847,exp016_static_strict_oof_proxy,retrieval,0.1498187122672924,0.1400336972823338,0.15349358760190965,0.0036748753346172447,-3.0886409282684326,3.0238349437713623,0.06480598449707031,762,1429,1459
fold_1,train,1847,exp016_static_strict_oof_proxy,recent,0.1498187122672924,0.09137998805564114,0.15224671615197607,0.0024280038846836716,nan,nan,0.0938834473490715,1427,1458,1459
fold_1,train,1847,exp016_static_strict_oof_proxy,random,0.1498187122672924,0.09218154209496357,0.15249620960904992,0.002677497341757512,nan,nan,0.08337055891752243,602,1458,1459
fold_1,train,1848,exp016_static_strict_oof_proxy,retrieval,0.06005120196445247,0.05001388070196209,0.06103818373871847,0.0009869817742660034,-3.5163885205984116,3.446430206298828,0.06995831429958344,521,1427,1459
fold_1,train,1848,exp016_static_strict_oof_proxy,recent,0.06005120196445247,0.09897023275409758,0.06846416070409268,0.008412958739640215,nan,nan,0.0938834473490715,1427,1458,1459
fold_1,train,1848,exp016_static_strict_oof_proxy,random,0.06005120196445247,0.04799781030549317,0.06117752755804101,0.0011263255935885438,nan,nan,0.09924343973398209,510,1457,1459
fold_1,train,1849,exp016_static_strict_oof_proxy,retrieval,0.041270900488439385,0.11750695000443268,0.05075764150181341,0.009486741013374024,-4.185843989253044,4.110302925109863,0.07554106414318085,514,1424,1459
fold_1,train,1849,exp016_static_strict_oof_proxy,recent,0.041270900488439385,-0.024252074707897624,0.03765851142327505,-0.003612389065164333,nan,nan,0.0938834473490715,1427,1458,1459
fold_1,train,1849,exp016_static_strict_oof_proxy,random,0.041270900488439385,0.12042717745697952,0.05079527112874045,0.009524370640301066,nan,nan,0.08612462133169174,509,1432,1459
fold_1,train,1850,exp016_static_strict_oof_proxy,retrieval,-0.015549275265517144,0.11929181714438052,-0.0024832069407421165,0.013066068324775028,-3.8376515582203865,3.7658462524414062,0.07180530577898026,512,1427,1459
fold_1,train,1850,exp016_static_strict_oof_proxy,recent,-0.015549275265517144,-0.09576342636978558,-0.023318015348065903,-0.007768740082548759,nan,nan,0.0938834473490715,1427,1458,1459
fold_1,train,1850,exp016_static_strict_oof_proxy,random,-0.015549275265517144,0.12228507383923859,-0.0015272423912785656,0.01402203287423858,nan,nan,0.07827682048082352,488,1402,1459
fold_1,train,1851,exp016_static_strict_oof_proxy,retrieval,0.1762679230675837,0.1830217072492149,0.18261675967954386,0.006348836611960146,-4.357522077858448,4.294785499572754,0.06273657828569412,510,1430,1459
fold_1,train,1851,exp016_static_strict_oof_proxy,recent,0.1762679230675837,0.011471545314661814,0.17061203925666069,-0.005655883810923024,nan,nan,0.0938834473490715,1427,1458,1459
fold_1,train,1851,exp016_static_strict_oof_proxy,random,0.1762679230675837,0.11658258763367972,0.18069235526640343,0.004424432198819717,nan,nan,0.0738409012556076,492,1412,1459
fold_1,train,1852,exp016_static_strict_oof_proxy,retrieval,0.2556853618484694,0.17332300552857718,0.25672109403475796,0.0010357321862885516,-3.183561831712723,3.1199169158935547,0.06364491581916809,1350,1434,1459
fold_1,train,1852,exp016_static_strict_oof_proxy,recent,0.2556853618484694,-0.009061826234059852,0.24341847580706158,-0.012266886041407826,nan,nan,0.0938834473490715,1427,1458,1459
fold_1,train,1852,exp016_static_strict_oof_proxy,random,0.2556853618484694,0.13963810596056267,0.2572822855906018,0.0015969237421323834,nan,nan,0.0843181386590004,616,1446,1459
fold_1,train,1853,exp016_static_strict_oof_proxy,retrieval,0.2892361014798978,0.2224330182103298,0.2939078307608037,0.0046717292809058675,-3.134220961481333,3.0750670433044434,0.05915391817688942,1350,1431,1459
fold_1,train,1853,exp016_static_strict_oof_proxy,recent,0.2892361014798978,-0.0399310663524424,0.27469356366205655,-0.014542537817841261,nan,nan,0.0938834473490715,1427,1458,1459
fold_1,train,1853,exp016_static_strict_oof_proxy,random,0.2892361014798978,0.24581600137608228,0.2993646780424343,0.010128576562536462,nan,nan,0.08411183208227158,494,1427,1459
fold_1,train,1854,exp016_static_strict_oof_proxy,retrieval,0.16224908750824532,0.15069523066621135,0.16667431626944945,0.004425228761204131,-3.3386734016239643,3.2792844772338867,0.05938892439007759,1355,1431,1459
fold_1,train,1854,exp016_static_strict_oof_proxy,recent,0.16224908750824532,-0.09405535271229302,0.1459303060275267,-0.016318781480718608,nan,nan,0.0938834473490715,1427,1458,1459
fold_1,train,1854,exp016_static_strict_oof_proxy,random,0.16224908750824532,0.17653877039947288,0.16981440697445246,0.007565319466207143,nan,nan,0.08349555730819702,563,1438,1459
fold_1,train,1855,exp016_static_strict_oof_proxy,retrieval,0.25782637629086175,0.2734908023651166,0.2680874010344581,0.010261024743596359,-2.5691707022488117,2.51432466506958,0.054846037179231644,1351,1430,1459
fold_1,train,1855,exp016_static_strict_oof_proxy,recent,0.25782637629086175,-0.07084188165085535,0.2409274698963057,-0.016898906394556046,nan,nan,0.0938834473490715,1427,1458,1459
fold_1,train,1855,exp016_static_strict_oof_proxy,random,0.25782637629086175,0.2733570372843431,0.26901908550014236,0.011192709209280616,nan,nan,0.07829165458679199,505,1416,1459
fold_1,train,1856,exp016_static_strict_oof_proxy,retrieval,0.10834475800160583,0.1491847364053461,0.11589229910569088,0.007547541104085051,-3.238209590315819,3.1752676963806152,0.06294189393520355,981,1431,1459
fold_1,train,1856,exp016_static_strict_oof_proxy,recent,0.10834475800160583,-0.0740459148489459,0.09725849635512884,-0.011086261646476983,nan,nan,0.0938834473490715,1427,1458,1459
fold_1,train,1856,exp016_static_strict_oof_proxy,random,0.10834475800160583,0.19927202045609194,0.12141481707694118,0.013070059075335358,nan,nan,0.08884704858064651,574,1457,1459
fold_1,train,1857,exp016_static_strict_oof_proxy,retrieval,0.14639726660412106,0.16812862001224868,0.15486725967978773,0.008469993075666676,-3.1256444975733757,3.0613784790039062,0.06426601856946945,763,1427,1459
fold_1,train,1857,exp016_static_strict_oof_proxy,recent,0.14639726660412106,-0.1174451835473628,0.13078449953048935,-0.015612767073631711,nan,nan,0.0938834473490715,1427,1458,1459
fold_1,train,1857,exp016_static_strict_oof_proxy,random,0.14639726660412106,0.17485740497787622,0.15602784863375474,0.009630582029633683,nan,nan,0.08627517521381378,537,1449,1459
fold_1,train,1858,exp016_static_strict_oof_proxy,retrieval,0.09631308680420403,0.10284803542406405,0.09916986701580047,0.002856780211596438,-2.8298774510622025,2.7668657302856445,0.06301172077655792,768,1427,1459
fold_1,train,1858,exp016_static_strict_oof_proxy,recent,0.09631308680420403,-0.08382580115336953,0.08460928007847988,-0.011703806725724145,nan,nan,0.0938834473490715,1427,1458,1459
fold_1,train,1858,exp016_static_strict_oof_proxy,random,0.09631308680420403,0.08664483351934749,0.09780803454962704,0.0014949477454230115,nan,nan,0.07742618769407272,507,1455,1459
fold_1,train,1859,exp016_static_strict_oof_proxy,retrieval,0.2693057934590358,0.25826679066369573,0.27607558411112776,0.006769790652091934,-5.128563366830349,5.060323715209961,0.06823965162038803,554,1430,1459
fold_1,train,1859,exp016_static_strict_oof_proxy,recent,0.2693057934590358,-0.030402058111552367,0.2564748640620433,-0.012830929396992541,nan,nan,0.0938834473490715,1427,1458,1459
fold_1,train,1859,exp016_static_strict_oof_proxy,random,0.2693057934590358,0.24702007172434587,0.2766307440144414,0.007324950555405552,nan,nan,0.08120618015527725,566,1448,1459
fold_1,train,1860,exp016_static_strict_oof_proxy,retrieval,0.252217731471378,0.19879296003351207,0.2544965540186697,0.0022788225472917256,-2.9213398545980453,2.860832691192627,0.060507163405418396,763,1427,1459
fold_1,train,1860,exp016_static_strict_oof_proxy,recent,0.252217731471378,0.027981749272508034,0.24492236403748174,-0.007295367433896249,nan,nan,0.0938834473490715,1427,1458,1459
fold_1,train,1860,exp016_static_strict_oof_proxy,random,0.252217731471378,0.14869090327920206,0.25169937390240427,-0.0005183575689737263,nan,nan,0.08451151847839355,507,1443,1459
fold_1,train,1861,exp016_static_strict_oof_proxy,retrieval,0.25917373056110476,0.167634500003341,0.2593905406289573,0.0002168100678525131,-2.768557693809271,2.7112269401550293,0.05733075365424156,1011,1427,1459
fold_1,train,1861,exp016_static_strict_oof_proxy,recent,0.25917373056110476,0.05388586290165187,0.25474056401898504,-0.004433166542119726,nan,nan,0.0938834473490715,1427,1458,1459
fold_1,train,1861,exp016_static_strict_oof_proxy,random,0.25917373056110476,0.12753934949109047,0.25732127263449217,-0.001852457926612594,nan,nan,0.0826432853937149,543,1440,1459
fold_1,train,1862,exp016_static_strict_oof_proxy,retrieval,0.11844844582426652,0.019779264274112945,0.11330611544942354,-0.005142330374842977,-2.8003631122410297,2.7380869388580322,0.06227617338299751,768,1427,1459
fold_1,train,1862,exp016_static_strict_oof_proxy,recent,0.11844844582426652,0.030567731221234712,0.11733196503738919,-0.0011164807868773302,nan,nan,0.0938834473490715,1427,1458,1459
fold_1,train,1862,exp016_static_strict_oof_proxy,random,0.11844844582426652,0.012468130884941277,0.11262193199914793,-0.00582651382511859,nan,nan,0.0699102059006691,489,1449,1459
fold_1,train,1863,exp016_static_strict_oof_proxy,retrieval,0.13601683325930836,0.07530893341583235,0.13320246063529723,-0.00281437262401113,-3.5150944963097572,3.448042392730713,0.06705210357904434,521,1427,1459
fold_1,train,1863,exp016_static_strict_oof_proxy,recent,0.13601683325930836,0.0027832123008376224,0.13120030901381663,-0.004816524245491727,nan,nan,0.0938834473490715,1427,1458,1459
fold_1,train,1863,exp016_static_strict_oof_proxy,random,0.13601683325930836,0.05441430519782278,0.13177858348843632,-0.004238249770872032,nan,nan,0.07839080691337585,542,1405,1459
fold_1,train,1864,exp016_static_strict_oof_proxy,retrieval,0.13334410179839007,0.0577855303635499,0.12968900801774952,-0.0036550937806405503,-3.8801309168338776,3.813023090362549,0.06710782647132874,976,1427,1459
fold_1,train,1864,exp016_static_strict_oof_proxy,recent,0.13334410179839007,0.005495136542283212,0.12947636998973702,-0.0038677318086530466,nan,nan,0.0938834473490715,1427,1458,1459
fold_1,train,1864,exp016_static_strict_oof_proxy,random,0.13334410179839007,0.05943619175225165,0.1299378109879746,-0.0034062908104154632,nan,nan,0.07794619351625443,543,1395,1459
fold_1,train,1865,exp016_static_strict_oof_proxy,retrieval,0.20625452249170262,0.14603096344803743,0.20817236820393084,0.0019178457122282222,-4.138428300619125,4.066387176513672,0.07204112410545349,521,1427,1459
fold_1,train,1865,exp016_static_strict_oof_proxy,recent,0.20625452249170262,-0.006903714643189868,0.1962663877261509,-0.009988134765551715,nan,nan,0.0938834473490715,1427,1458,1459
fold_1,train,1865,exp016_static_strict_oof_proxy,random,0.20625452249170262,0.1061790791284041,0.20707026903479586,0.0008157465430932431,nan,nan,0.08962391316890717,598,1397,1459
fold_1,train,1866,exp016_static_strict_oof_proxy,retrieval,0.18276121732792272,0.15284245133659197,0.1848089163741085,0.0020476990461857913,-3.150635212659836,3.085937976837158,0.06469723582267761,768,1427,1459
fold_1,train,1866,exp016_static_strict_oof_proxy,recent,0.18276121732792272,0.017239613776016485,0.17732151467043253,-0.005439702657490192,nan,nan,0.0938834473490715,1427,1458,1459
fold_1,train,1866,exp016_static_strict_oof_proxy,random,0.18276121732792272,0.13641619553137208,0.18436530578038018,0.001604088452457464,nan,nan,0.09297051280736923,487,1456,1459
fold_1,train,1867,exp016_static_strict_oof_proxy,retrieval,0.233200774692467,0.21978870877002538,0.2401242711787975,0.006923496486330505,-3.7783095613121986,3.7140064239501953,0.06430313736200333,521,1427,1459
fold_1,train,1867,exp016_static_strict_oof_proxy,recent,0.233200774692467,0.01885837787025865,0.22627304955453104,-0.006927725137935964,nan,nan,0.0938834473490715,1427,1458,1459
fold_1,train,1867,exp016_static_strict_oof_proxy,random,0.233200774692467,0.18169582057629144,0.23783466117186533,0.00463388647939833,nan,nan,0.08528026193380356,489,1438,1459
fold_1,train,1868,exp016_static_strict_oof_proxy,retrieval,0.17755204618937945,0.057306757443143314,0.17274417405457418,-0.004807872134805269,-2.745653733611107,2.6892032623291016,0.05645047128200531,1350,1429,1459
fold_1,train,1868,exp016_static_strict_oof_proxy,recent,0.17755204618937945,-0.027102585883882573,0.1688232796616068,-0.008728766527772658,nan,nan,0.0938834473490715,1427,1458,1459
fold_1,train,1868,exp016_static_strict_oof_proxy,random,0.17755204618937945,0.017357270890336823,0.16973986664756235,-0.007812179541817094,nan,nan,0.08357329666614532,487,1452,1459
fold_1,train,1869,exp016_static_strict_oof_proxy,retrieval,0.13218662209933504,0.04578885117148459,0.12774423854865175,-0.004442383550683299,-3.298768423497677,3.239706039428711,0.05906238406896591,774,1427,1459
fold_1,train,1869,exp016_static_strict_oof_proxy,recent,0.13218662209933504,-0.013688351986262613,0.12483204104309827,-0.007354581056236778,nan,nan,0.0938834473490715,1427,1458,1459
fold_1,train,1869,exp016_static_strict_oof_proxy,random,0.13218662209933504,-0.014729380569445887,0.12344116067646117,-0.00874546142287387,nan,nan,0.08271688222885132,570,1426,1459
fold_1,train,1870,exp016_static_strict_oof_proxy,retrieval,0.09512983999203999,-0.005803140250962466,0.08898484582229431,-0.006144994169745677,-3.270585771650076,3.2109804153442383,0.05960535630583763,1275,1427,1459
fold_1,train,1870,exp016_static_strict_oof_proxy,recent,0.09512983999203999,-0.05645684489998625,0.08523854195886789,-0.009891298033172097,nan,nan,0.0938834473490715,1427,1458,1459
fold_1,train,1870,exp016_static_strict_oof_proxy,random,0.09512983999203999,-0.013144877946083678,0.08878814633362053,-0.006341693658419453,nan,nan,0.08255225419998169,518,1404,1459
fold_1,train,1871,exp016_static_strict_oof_proxy,retrieval,0.12674908498084217,0.1337156724900019,0.13217231604937177,0.005423231068529599,-7.020289905369282,6.9403462409973145,0.07994366437196732,533,1445,1459
fold_1,train,1871,exp016_static_strict_oof_proxy,recent,0.12674908498084217,-0.08278700210613432,0.11375324521548678,-0.012995839765355385,nan,nan,0.0938834473490715,1427,1458,1459
fold_1,train,1871,exp016_static_strict_oof_proxy,random,0.12674908498084217,0.10503722093151219,0.1302793700135865,0.003530285032744329,nan,nan,0.08005659282207489,486,1369,1459
fold_1,train,1872,exp016_static_strict_oof_proxy,retrieval,0.04820129649406715,0.11556441686017732,0.05637515222624095,0.008173855732173795,-3.509593538939953,3.4383280277252197,0.07126551121473312,768,1427,1459
fold_1,train,1872,exp016_static_strict_oof_proxy,recent,0.04820129649406715,-0.04695950070370514,0.040798452001197395,-0.007402844492869758,nan,nan,0.0938834473490715,1427,1458,1459
fold_1,train,1872,exp016_static_strict_oof_proxy,random,0.04820129649406715,0.11528002196429261,0.05731237194648027,0.009111075452413117,nan,nan,0.08283241838216782,531,1452,1459
fold_1,train,1873,exp016_static_strict_oof_proxy,retrieval,0.17558235465396518,0.02011503136671691,0.16652819477715175,-0.009054159876813433,-3.525612249970436,3.451784610748291,0.07382763922214508,976,1426,1459
fold_1,train,1873,exp016_static_strict_oof_proxy,recent,0.17558235465396518,-0.036114904452028904,0.16633684858071549,-0.009245506073249699,nan,nan,0.0938834473490715,1427,1458,1459
fold_1,train,1873,exp016_static_strict_oof_proxy,random,0.17558235465396518,0.02521059607865444,0.16957069054846588,-0.006011664105499304,nan,nan,0.07601861655712128,525,1408,1459
fold_1,train,1874,exp016_static_strict_oof_proxy,retrieval,0.2483547755210618,0.19420404496875646,0.2507429601390521,0.0023881846179903132,-3.842336341738701,3.7823679447174072,0.05996839702129364,695,1427,1459
fold_1,train,1874,exp016_static_strict_oof_proxy,recent,0.2483547755210618,-9.186610452705043e-05,0.23854223801037117,-0.009812537510690639,nan,nan,0.0938834473490715,1427,1458,1459
fold_1,train,1874,exp016_static_strict_oof_proxy,random,0.2483547755210618,0.1873259048915952,0.2504100406114323,0.0020552650903704894,nan,nan,0.08057399839162827,508,1424,1459
fold_1,train,1875,exp016_static_strict_oof_proxy,retrieval,0.23827014755108294,0.18078743298140015,0.2414868977199082,0.0032167501688252498,-3.08793368935585,3.019069194793701,0.06886449456214905,696,1427,1459
fold_1,train,1875,exp016_static_strict_oof_proxy,recent,0.23827014755108294,-0.03556444834190341,0.2273596778845556,-0.01091046966652734,nan,nan,0.0938834473490715,1427,1458,1459
fold_1,train,1875,exp016_static_strict_oof_proxy,random,0.23827014755108294,0.1876008093506302,0.2438054020800671,0.0055352545289841515,nan,nan,0.07357386499643326,506,1403,1459
fold_1,train,1876,exp016_static_strict_oof_proxy,retrieval,0.22333561038948155,0.1012677322131557,0.21871654359442227,-0.004619066795059273,-3.3684118017554283,3.3039472103118896,0.06446459144353867,772,1427,1459
fold_1,train,1876,exp016_static_strict_oof_proxy,recent,0.22333561038948155,-0.06175834667190145,0.20861098315917723,-0.014724627230304321,nan,nan,0.0938834473490715,1427,1458,1459
fold_1,train,1876,exp016_static_strict_oof_proxy,random,0.22333561038948155,0.09794051589292868,0.22100894857686637,-0.0023266618126151772,nan,nan,0.07407902181148529,496,1428,1459
fold_1,train,1877,exp016_static_strict_oof_proxy,retrieval,0.24123130039684987,0.11283306835552617,0.2365071125258884,-0.00472418787096146,-3.770089939236641,3.7110238075256348,0.059066131711006165,768,1427,1459
fold_1,train,1877,exp016_static_strict_oof_proxy,recent,0.24123130039684987,-0.10818834517015609,0.22221939637031002,-0.01901190402653985,nan,nan,0.0938834473490715,1427,1458,1459
fold_1,train,1877,exp016_static_strict_oof_proxy,random,0.24123130039684987,0.1034280102840696,0.2381898958923787,-0.003041404504471157,nan,nan,0.076492078602314,488,1458,1459
fold_1,train,1878,exp016_static_strict_oof_proxy,retrieval,0.13886276061648284,0.14021699352602487,0.14329735462163357,0.004434594005150727,-3.07708153501153,3.016451120376587,0.06063041463494301,1008,1427,1459
fold_1,train,1878,exp016_static_strict_oof_proxy,recent,0.13886276061648284,-0.05042897423745116,0.12812851527033203,-0.010734245346150806,nan,nan,0.0938834473490715,1427,1458,1459
fold_1,train,1878,exp016_static_strict_oof_proxy,random,0.13886276061648284,0.12953394122448014,0.14245123611792743,0.003588475501444588,nan,nan,0.08131041377782822,503,1415,1459
fold_1,train,1879,exp016_static_strict_oof_proxy,retrieval,-0.01927247118398696,-0.016246099750215893,-0.02045124339606399,-0.001178772212077031,-4.153907783329487,4.081357479095459,0.07255030423402786,541,1422,1459
fold_1,train,1879,exp016_static_strict_oof_proxy,recent,-0.01927247118398696,-0.11746422668603072,-0.031328766759478335,-0.012056295575491375,nan,nan,0.0938834473490715,1427,1458,1459
fold_1,train,1879,exp016_static_strict_oof_proxy,random,-0.01927247118398696,0.005578216633625965,-0.018309184595336397,0.000963286588650563,nan,nan,0.07676282525062561,561,1419,1459
fold_1,train,1880,exp016_static_strict_oof_proxy,retrieval,-0.09157178964708992,-0.05009783980821399,-0.09048133806953998,0.0010904515775499446,-3.396062411367893,3.321816921234131,0.07424549013376236,761,1427,1459
fold_1,train,1880,exp016_static_strict_oof_proxy,recent,-0.09157178964708992,-0.09073687223459682,-0.09683112841647941,-0.005259338769389485,nan,nan,0.0938834473490715,1427,1458,1459
fold_1,train,1880,exp016_static_strict_oof_proxy,random,-0.09157178964708992,-0.01673282483346294,-0.08809059560783508,0.0034811940392548424,nan,nan,0.0841122642159462,518,1444,1459
fold_1,train,1881,exp016_static_strict_oof_proxy,retrieval,-0.08935734570679246,0.0037551754979175483,-0.08319509567979873,0.006162250026993735,-3.1921291872859,3.123340129852295,0.0687890574336052,768,1427,1459
fold_1,train,1881,exp016_static_strict_oof_proxy,recent,-0.08935734570679246,-0.1320414792923923,-0.09822111308951531,-0.008863767382722848,nan,nan,0.0938834473490715,1427,1458,1459
fold_1,train,1881,exp016_static_strict_oof_proxy,random,-0.08935734570679246,0.018546433477230798,-0.08193051531907511,0.007426830387717354,nan,nan,0.08017528802156448,502,1422,1459
fold_1,train,1882,exp016_static_strict_oof_proxy,retrieval,-0.06191309801311668,0.07341185384793449,-0.05136422690945438,0.010548871103662302,-3.277740903198719,3.2123847007751465,0.06535620242357254,768,1427,1459
fold_1,train,1882,exp016_static_strict_oof_proxy,recent,-0.06191309801311668,-0.04706549274081287,-0.06523639629995528,-0.003323298286838604,nan,nan,0.0938834473490715,1427,1458,1459
fold_1,train,1882,exp016_static_strict_oof_proxy,random,-0.06191309801311668,0.10583381162412665,-0.0484374651878075,0.013475632825309183,nan,nan,0.07610772550106049,504,1444,1459
fold_1,train,1883,exp016_static_strict_oof_proxy,retrieval,0.0058381677620699245,0.09839197435890824,0.0157127766556509,0.009874608893580975,-3.6019230633974075,3.533588409423828,0.0683346539735794,767,1427,1459
fold_1,train,1883,exp016_static_strict_oof_proxy,recent,0.0058381677620699245,-0.0037437771778846313,0.005662154401474191,-0.00017601336059573387,nan,nan,0.0938834473490715,1427,1458,1459
fold_1,train,1883,exp016_static_strict_oof_proxy,random,0.0058381677620699245,0.11413026709318388,0.0168756878388034,0.011037520076733474,nan,nan,0.07722724229097366,557,1324,1459
fold_1,train,1884,exp016_static_strict_oof_proxy,retrieval,0.0646624848180196,0.07187794277339439,0.0671663760693153,0.0025038912512957007,-3.7583573758602142,3.6957409381866455,0.06261643767356873,1059,1429,1459
fold_1,train,1884,exp016_static_strict_oof_proxy,recent,0.0646624848180196,0.003804282274703712,0.06158430523122264,-0.0030781795867969655,nan,nan,0.0938834473490715,1427,1458,1459
fold_1,train,1884,exp016_static_strict_oof_proxy,random,0.0646624848180196,0.03995514225452459,0.06437019699176628,-0.00029228782625331795,nan,nan,0.07857722043991089,498,1452,1459
fold_1,train,1885,exp016_static_strict_oof_proxy,retrieval,0.08521233060157134,0.09907955613418531,0.08922358530789677,0.0040112547063254345,-2.97461324185133,2.9175074100494385,0.05710583180189133,1350,1429,1459
fold_1,train,1885,exp016_static_strict_oof_proxy,recent,0.08521233060157134,0.0378322612765478,0.08322501086263716,-0.001987319738934179,nan,nan,0.0938834473490715,1427,1458,1459
fold_1,train,1885,exp016_static_strict_oof_proxy,random,0.08521233060157134,0.08377455489435053,0.08841717747633922,0.0032048468747678804,nan,nan,0.0747927576303482,492,1338,1459
fold_1,train,1886,exp016_static_strict_oof_proxy,retrieval,0.10921123915893984,0.1759988989534954,0.12007069284906564,0.010859453690125809,-3.250551264733076,3.1930060386657715,0.05754522606730461,1335,1427,1459
fold_1,train,1886,exp016_static_strict_oof_proxy,recent,0.10921123915893984,0.06617092395680375,0.10997331384271898,0.0007620746837791459,nan,nan,0.0938834473490715,1427,1458,1459
fold_1,train,1886,exp016_static_strict_oof_proxy,random,0.10921123915893984,0.16654585918135018,0.12053013499424095,0.011318895835301115,nan,nan,0.08675100654363632,493,1370,1459
fold_1,train,1887,exp016_static_strict_oof_proxy,retrieval,0.05050069126135192,0.14355647950912026,0.06180252398642888,0.011301832725076962,-3.009104263037443,2.9530320167541504,0.05607224628329277,774,1427,1459
fold_1,train,1887,exp016_static_strict_oof_proxy,recent,0.05050069126135192,0.02162613313911171,0.05018321624097634,-0.0003174750203755808,nan,nan,0.0938834473490715,1427,1458,1459
fold_1,train,1887,exp016_static_strict_oof_proxy,random,0.05050069126135192,0.13597338595602648,0.06175788266416842,0.011257191402816502,nan,nan,0.0901096984744072,489,1456,1459
fold_1,train,1888,exp016_static_strict_oof_proxy,retrieval,0.06584201755265275,0.13749625294626425,0.07666986738040861,0.010827849827755864,-3.416816160082817,3.351844310760498,0.06497184932231903,696,1427,1459
fold_1,train,1888,exp016_static_strict_oof_proxy,recent,0.06584201755265275,0.04055024395246432,0.06558460409672513,-0.0002574134559276131,nan,nan,0.0938834473490715,1427,1458,1459
fold_1,train,1888,exp016_static_strict_oof_proxy,random,0.06584201755265275,0.12724383480139187,0.07714389362943179,0.011301876076779044,nan,nan,0.07978586852550507,526,1387,1459
fold_1,train,1889,exp016_static_strict_oof_proxy,retrieval,0.08332331533408531,0.14473277582125318,0.0931464734266109,0.009823158092525597,-4.017169512808323,3.9511499404907227,0.06601957231760025,976,1426,1459
fold_1,train,1889,exp016_static_strict_oof_proxy,recent,0.08332331533408531,0.07591972857043061,0.08589744491245281,0.002574129578367501,nan,nan,0.0938834473490715,1427,1458,1459
fold_1,train,1889,exp016_static_strict_oof_proxy,random,0.08332331533408531,0.13410264846985065,0.09301518052040399,0.009691865186318677,nan,nan,0.07722850143909454,589,1455,1459
fold_1,train,1890,exp016_static_strict_oof_proxy,retrieval,0.13182697052106926,0.11911240085659237,0.13622907095295025,0.004402100431880995,-3.427626207470894,3.3619327545166016,0.0656934529542923,760,1427,1459
fold_1,train,1890,exp016_static_strict_oof_proxy,recent,0.13182697052106926,0.08239656651720617,0.1356049142480689,0.003777943726999633,nan,nan,0.0938834473490715,1427,1458,1459
fold_1,train,1890,exp016_static_strict_oof_proxy,random,0.13182697052106926,0.11733326875669743,0.13608962845856337,0.004262657937494113,nan,nan,0.07669033855199814,519,1413,1459
fold_1,train,1891,exp016_static_strict_oof_proxy,retrieval,0.18525517029741123,0.1475351432293067,0.1876674861752296,0.0024123158778183718,-3.057680245488882,3.0036373138427734,0.05404293164610863,1350,1427,1459
fold_1,train,1891,exp016_static_strict_oof_proxy,recent,0.18525517029741123,0.057967441404372926,0.18437104163278786,-0.0008841286646233681,nan,nan,0.0938834473490715,1427,1458,1459
fold_1,train,1891,exp016_static_strict_oof_proxy,random,0.18525517029741123,0.10933321153222322,0.18669435819586597,0.0014391878984547357,nan,nan,0.07125069946050644,489,1415,1459
fold_1,train,1892,exp016_static_strict_oof_proxy,retrieval,0.1894979862506788,0.20165227539456573,0.19781949843345537,0.008321512182776575,-3.072792451828718,3.0176072120666504,0.055185239762067795,1275,1427,1459
fold_1,train,1892,exp016_static_strict_oof_proxy,recent,0.1894979862506788,0.1144867825764591,0.19156651443078881,0.002068528180110024,nan,nan,0.0938834473490715,1427,1458,1459
fold_1,train,1892,exp016_static_strict_oof_proxy,random,0.1894979862506788,0.1753824049584969,0.19603192117483365,0.006533934924154855,nan,nan,0.0842570886015892,608,1453,1459
fold_1,train,1893,exp016_static_strict_oof_proxy,retrieval,0.225620949857582,0.2551987841821484,0.23637317125967025,0.010752221402088258,-3.4545898996293545,3.392554759979248,0.06203513965010643,526,1427,1459
fold_1,train,1893,exp016_static_strict_oof_proxy,recent,0.225620949857582,0.040827328943974284,0.22133053565194832,-0.004290414205633669,nan,nan,0.0938834473490715,1427,1458,1459
fold_1,train,1893,exp016_static_strict_oof_proxy,random,0.225620949857582,0.24212955369598743,0.2362677155195918,0.01064676566200981,nan,nan,0.09135933220386505,525,1454,1459
fold_1,train,1894,exp016_static_strict_oof_proxy,retrieval,0.13053150378582506,0.14071605484289515,0.13648952384987373,0.005958020064048664,-2.9828519374132156,2.924098014831543,0.05875392258167267,1349,1429,1459
fold_1,train,1894,exp016_static_strict_oof_proxy,recent,0.13053150378582506,-0.07188091799205293,0.11825446812269909,-0.012277035663125976,nan,nan,0.0938834473490715,1427,1458,1459
fold_1,train,1894,exp016_static_strict_oof_proxy,random,0.13053150378582506,0.1599204432381064,0.14006213189275893,0.009530628106933864,nan,nan,0.08056353777647018,529,1419,1459
fold_1,train,1895,exp016_static_strict_oof_proxy,retrieval,0.07651237003444777,0.12885342215101359,0.08454682486784132,0.008034454833393545,-3.123663194477558,3.0697760581970215,0.05388713628053665,1330,1427,1459
fold_1,train,1895,exp016_static_strict_oof_proxy,recent,0.07651237003444777,-0.03972836069631717,0.0685331265978634,-0.007979243436584377,nan,nan,0.0938834473490715,1427,1458,1459
fold_1,train,1895,exp016_static_strict_oof_proxy,random,0.07651237003444777,0.150668304149718,0.0877690723013393,0.01125670226689153,nan,nan,0.08112162351608276,488,1421,1459
fold_1,train,1896,exp016_static_strict_oof_proxy,retrieval,0.01925887032063671,0.05659648021945986,0.023932293681480313,0.0046734233608436045,-3.305606435984373,3.2504405975341797,0.055165838450193405,1008,1427,1459
fold_1,train,1896,exp016_static_strict_oof_proxy,recent,0.01925887032063671,-0.1289538084354737,0.005563603302718911,-0.013695267017917798,nan,nan,0.0938834473490715,1427,1458,1459
fold_1,train,1896,exp016_static_strict_oof_proxy,random,0.01925887032063671,0.028097998393701126,0.020903489131805616,0.0016446188111689068,nan,nan,0.07239802926778793,488,1454,1459
fold_1,train,1897,exp016_static_strict_oof_proxy,retrieval,0.03465317810968195,0.09348310159866322,0.042798652675742246,0.008145474566060296,-3.5491381511092186,3.4853124618530273,0.06382568925619125,526,1427,1459
fold_1,train,1897,exp016_static_strict_oof_proxy,recent,0.03465317810968195,-0.09054905960693127,0.024626767785328785,-0.010026410324353165,nan,nan,0.0938834473490715,1427,1458,1459
fold_1,train,1897,exp016_static_strict_oof_proxy,random,0.03465317810968195,0.07276877015679142,0.04071642124139665,0.006063243131714698,nan,nan,0.09987833350896835,494,1450,1459
fold_1,train,1898,exp016_static_strict_oof_proxy,retrieval,0.048024732133244104,0.10635854182209395,0.05521579435354736,0.007191062220303253,-3.2814487144351006,3.2172679901123047,0.06418072432279587,768,1427,1459
fold_1,train,1898,exp016_static_strict_oof_proxy,recent,0.048024732133244104,-0.05136648660455635,0.04088132731679641,-0.007143404816447693,nan,nan,0.0938834473490715,1427,1458,1459
fold_1,train,1898,exp016_static_strict_oof_proxy,random,0.048024732133244104,0.12221820175976685,0.05692092830894157,0.008896196175697466,nan,nan,0.07770100235939026,497,1413,1459
fold_1,train,1899,exp016_static_strict_oof_proxy,retrieval,0.008887534615070065,0.058255038495823884,0.016750726861930076,0.007863192246860011,-3.5398293286561966,3.4760372638702393,0.06379206478595734,984,1426,1459
fold_1,train,1899,exp016_static_strict_oof_proxy,recent,0.008887534615070065,-0.0823958262605355,0.0006505816868329061,-0.00823695292823716,nan,nan,0.0938834473490715,1427,1458,1459
fold_1,train,1899,exp016_static_strict_oof_proxy,random,0.008887534615070065,0.03924029498258035,0.014913382245975465,0.0060258476309054,nan,nan,0.08487185835838318,494,1442,1459
fold_1,train,1900,exp016_static_strict_oof_proxy,retrieval,0.08656000400675325,0.09094684593331248,0.08991512892435263,0.0033551249175993864,-3.2450800985097885,3.185856819152832,0.05922327935695648,774,1427,1459
fold_1,train,1900,exp016_static_strict_oof_proxy,recent,0.08656000400675325,0.017922333715952515,0.08435051592741837,-0.0022094880793348814,nan,nan,0.0938834473490715,1427,1458,1459
fold_1,train,1900,exp016_static_strict_oof_proxy,random,0.08656000400675325,0.03843140364853084,0.08553956117353527,-0.0010204428332179771,nan,nan,0.06829887628555298,520,1447,1459
fold_1,train,1901,exp016_static_strict_oof_proxy,retrieval,0.11397840941117356,0.049189290122782794,0.11162025512906332,-0.002358154282110239,-3.103606279939413,3.048438549041748,0.055167730897665024,1275,1427,1459
fold_1,train,1901,exp016_static_strict_oof_proxy,recent,0.11397840941117356,0.06439205585500307,0.11485776900486006,0.000879359593686499,nan,nan,0.0938834473490715,1427,1458,1459
fold_1,train,1901,exp016_static_strict_oof_proxy,random,0.11397840941117356,0.02334556717778036,0.11023566127219189,-0.0037427481389816636,nan,nan,0.07567525655031204,533,1425,1459
fold_1,train,1902,exp016_static_strict_oof_proxy,retrieval,0.10952643481052352,0.13936299751645087,0.11637303255168595,0.006846597741162433,-3.158660713583231,3.097782611846924,0.060878101736307144,1350,1431,1459
fold_1,train,1902,exp016_static_strict_oof_proxy,recent,0.10952643481052352,0.07842348444972415,0.11167531353891742,0.0021488787283939076,nan,nan,0.0938834473490715,1427,1458,1459
fold_1,train,1902,exp016_static_strict_oof_proxy,random,0.10952643481052352,0.08094876295991145,0.1121645476705722,0.002638112860048683,nan,nan,0.07324619591236115,527,1455,1459
fold_1,train,1903,exp016_static_strict_oof_proxy,retrieval,0.14545851102559648,0.10808059331605113,0.14638046565431875,0.0009219546287222713,-2.731094967573881,2.67570161819458,0.05539334937930107,1275,1430,1459
fold_1,train,1903,exp016_static_strict_oof_proxy,recent,0.14545851102559648,0.09500403137537433,0.14919782931236716,0.003739318286770682,nan,nan,0.0938834473490715,1427,1458,1459
fold_1,train,1903,exp016_static_strict_oof_proxy,random,0.14545851102559648,0.046050439991575556,0.14207108297210358,-0.0033874280534929024,nan,nan,0.07592186331748962,514,1456,1459
fold_1,train,1904,exp016_static_strict_oof_proxy,retrieval,0.1158523732794798,0.07826041150919562,0.1156540391814902,-0.000198334097989597,-3.1130764447152615,3.053760528564453,0.059315916150808334,1350,1429,1459
fold_1,train,1904,exp016_static_strict_oof_proxy,recent,0.1158523732794798,0.061231279282327016,0.11660361121019876,0.0007512379307189621,nan,nan,0.0938834473490715,1427,1458,1459
fold_1,train,1904,exp016_static_strict_oof_proxy,random,0.1158523732794798,0.03541946675964797,0.11207288945812388,-0.003779483821355914,nan,nan,0.07505430281162262,546,1458,1459
fold_1,train,1905,exp016_static_strict_oof_proxy,retrieval,0.10964034919281428,0.13578983332279743,0.11569874422161341,0.006058395028799138,-2.8634319342672825,2.809744358062744,0.053687576204538345,1350,1427,1459
fold_1,train,1905,exp016_static_strict_oof_proxy,recent,0.10964034919281428,0.06549779014670472,0.11301501068875008,0.0033746614959358073,nan,nan,0.0938834473490715,1427,1458,1459
fold_1,train,1905,exp016_static_strict_oof_proxy,random,0.10964034919281428,0.07651650306303055,0.11143303668951957,0.0017926874967052892,nan,nan,0.08019866794347763,500,1446,1459
fold_1,train,1906,exp016_static_strict_oof_proxy,retrieval,0.28522526461770575,0.2896392338236726,0.29459544530513837,0.009370180687432617,-4.082762315869331,4.019308567047119,0.06345374882221222,521,1417,1459
fold_1,train,1906,exp016_static_strict_oof_proxy,recent,0.28522526461770575,0.04469796016220587,0.2802167363300184,-0.0050085282876873305,nan,nan,0.0938834473490715,1427,1458,1459
fold_1,train,1906,exp016_static_strict_oof_proxy,random,0.28522526461770575,0.25673488418548684,0.2950852582825497,0.009859993664843969,nan,nan,0.08692345768213272,486,1423,1459
fold_1,train,1907,exp016_static_strict_oof_proxy,retrieval,0.22882121061126812,0.21406287906830954,0.23482068274849566,0.005999472137227541,-4.22356428578496,4.161240100860596,0.06232418492436409,1349,1431,1459
fold_1,train,1907,exp016_static_strict_oof_proxy,recent,0.22882121061126812,0.0522364105400997,0.22526511221788406,-0.003556098393384055,nan,nan,0.0938834473490715,1427,1458,1459
fold_1,train,1907,exp016_static_strict_oof_proxy,random,0.22882121061126812,0.14625842607200712,0.22942604708254932,0.000604836471281206,nan,nan,0.07908855378627777,486,1428,1459
fold_1,train,1908,exp016_static_strict_oof_proxy,retrieval,0.22475024238818173,0.22004600306189967,0.23277254908321177,0.00802230669503004,-3.3424171581864357,3.2800040245056152,0.062413133680820465,1351,1434,1459
fold_1,train,1908,exp016_static_strict_oof_proxy,recent,0.22475024238818173,0.04158663312433816,0.2195287823406197,-0.005221460047562021,nan,nan,0.0938834473490715,1427,1458,1459
fold_1,train,1908,exp016_static_strict_oof_proxy,random,0.22475024238818173,0.1929027404312552,0.2349432977216187,0.010193055333436979,nan,nan,0.08663986623287201,568,1433,1459
fold_1,train,1909,exp016_static_strict_oof_proxy,retrieval,0.0458604576249814,0.11547820716822889,0.054813913502114904,0.008953455877133504,-3.349365696310997,3.2855453491210938,0.06382034718990326,1364,1436,1459
fold_1,train,1909,exp016_static_strict_oof_proxy,recent,0.0458604576249814,-0.07592612583349442,0.03626721839082608,-0.009593239234155324,nan,nan,0.0938834473490715,1427,1458,1459
fold_1,train,1909,exp016_static_strict_oof_proxy,random,0.0458604576249814,0.21910823838806878,0.06702417086788892,0.02116371324290752,nan,nan,0.07934973388910294,537,1446,1459
fold_1,train,1910,exp016_static_strict_oof_proxy,retrieval,0.15131412749445958,0.1988817214004391,0.15943067465994473,0.008116547165485155,-3.521696586161852,3.4621694087982178,0.05952717736363411,1355,1431,1459
fold_1,train,1910,exp016_static_strict_oof_proxy,recent,0.15131412749445958,0.0467791797465064,0.14658751965733807,-0.004726607837121505,nan,nan,0.0938834473490715,1427,1458,1459
fold_1,train,1910,exp016_static_strict_oof_proxy,random,0.15131412749445958,0.16035153795137563,0.15771192328644507,0.006397795791985489,nan,nan,0.08406258374452591,488,1423,1459
fold_1,train,1911,exp016_static_strict_oof_proxy,retrieval,0.09540555278362337,0.2048127351504583,0.10952511656637152,0.01411956378274816,-3.002445425838232,2.9427595138549805,0.05968591198325157,1350,1431,1459
fold_1,train,1911,exp016_static_strict_oof_proxy,recent,0.09540555278362337,0.03660135372668937,0.0926861290434964,-0.0027194237401269583,nan,nan,0.0938834473490715,1427,1458,1459
fold_1,train,1911,exp016_static_strict_oof_proxy,random,0.09540555278362337,0.2274872823484318,0.1154058367062828,0.02000028392265943,nan,nan,0.07877510040998459,506,1455,1459
fold_1,train,1912,exp016_static_strict_oof_proxy,retrieval,0.19608636726161344,0.20487328284046324,0.20353889081817542,0.00745252355656198,-3.3993482142686844,3.3382365703582764,0.06111164391040802,1355,1431,1459
fold_1,train,1912,exp016_static_strict_oof_proxy,recent,0.19608636726161344,0.08901727288748927,0.19403403718451095,-0.002052330077102482,nan,nan,0.0938834473490715,1427,1458,1459
fold_1,train,1912,exp016_static_strict_oof_proxy,random,0.19608636726161344,0.1859016195287387,0.20222125672152427,0.006134889459910836,nan,nan,0.07962875813245773,521,1425,1459
fold_1,train,1913,exp016_static_strict_oof_proxy,retrieval,0.2448647597381776,0.14278515516791296,0.2428158667560463,-0.0020488929821312896,-3.037806410342455,2.9808621406555176,0.05694426968693733,1350,1427,1459
fold_1,train,1913,exp016_static_strict_oof_proxy,recent,0.2448647597381776,0.19846053365584773,0.25124513145623534,0.006380371718057748,nan,nan,0.0938834473490715,1427,1458,1459
fold_1,train,1913,exp016_static_strict_oof_proxy,random,0.2448647597381776,0.15377165084028113,0.2433652369970945,-0.001499522741083087,nan,nan,0.08350472152233124,534,1450,1459
fold_1,train,1914,exp016_static_strict_oof_proxy,retrieval,0.3833861254808968,0.23001017057583817,0.3821347068490324,-0.0012514186318643983,-2.7682520896196365,2.710864305496216,0.057387784123420715,1350,1430,1459
fold_1,train,1914,exp016_static_strict_oof_proxy,recent,0.3833861254808968,0.19447746036338628,0.3850319869652431,0.0016458614843463115,nan,nan,0.0938834473490715,1427,1458,1459
fold_1,train,1914,exp016_static_strict_oof_proxy,random,0.3833861254808968,0.24981787762063998,0.3846565211198103,0.001270395638913513,nan,nan,0.07829254120588303,495,1393,1459
fold_1,train,1915,exp016_static_strict_oof_proxy,retrieval,0.355040466184632,0.26234792759582876,0.3579224068499554,0.0028819406653234347,-3.4515377208590508,3.392468214035034,0.05906950682401657,1350,1431,1459
fold_1,train,1915,exp016_static_strict_oof_proxy,recent,0.355040466184632,0.19174069780943545,0.35644942445351574,0.0014089582688837643,nan,nan,0.0938834473490715,1427,1458,1459
fold_1,train,1915,exp016_static_strict_oof_proxy,random,0.355040466184632,0.24954813027214506,0.3586576290644875,0.003617162879855529,nan,nan,0.0803750604391098,528,1424,1459
fold_1,train,1916,exp016_static_strict_oof_proxy,retrieval,0.2984810876704248,0.13939051172884762,0.2947166200627916,-0.003764467607633215,-2.9910006374120712,2.9331164360046387,0.057884201407432556,1355,1431,1459
fold_1,train,1916,exp016_static_strict_oof_proxy,recent,0.2984810876704248,0.11231176458661854,0.296714284178528,-0.0017668034918967845,nan,nan,0.0938834473490715,1427,1458,1459
fold_1,train,1916,exp016_static_strict_oof_proxy,random,0.2984810876704248,0.05456956764729754,0.2939585115099133,-0.004522576160511493,nan,nan,0.07661963999271393,516,1374,1459
fold_1,train,1917,exp016_static_strict_oof_proxy,retrieval,0.26274476660177165,0.2326128136242882,0.27204897113657084,0.009304204534799188,-3.8523995131254196,3.7883219718933105,0.06407754123210907,976,1427,1459
fold_1,train,1917,exp016_static_strict_oof_proxy,recent,0.26274476660177165,0.198695999741967,0.2719958490429694,0.009251082441197767,nan,nan,0.0938834473490715,1427,1458,1459
fold_1,train,1917,exp016_static_strict_oof_proxy,random,0.26274476660177165,0.18942586454434557,0.2698063330305231,0.007061566428751442,nan,nan,0.08318716287612915,492,1385,1459
fold_1,train,1918,exp016_static_strict_oof_proxy,retrieval,0.26187141413385445,0.2239856439322941,0.26894156571602085,0.007070151582166395,-4.161344982683659,4.096757888793945,0.06458709388971329,528,1431,1459
fold_1,train,1918,exp016_static_strict_oof_proxy,recent,0.26187141413385445,0.1381751843960614,0.26554545792676965,0.0036740437929151937,nan,nan,0.0938834473490715,1427,1458,1459
fold_1,train,1918,exp016_static_strict_oof_proxy,random,0.26187141413385445,0.19455715560129397,0.27092879936561376,0.009057385231759307,nan,nan,0.08093470335006714,498,1440,1459
fold_1,train,1919,exp016_static_strict_oof_proxy,retrieval,0.18144338180781647,0.20959360764995588,0.1915733885883379,0.010130006780521422,-3.053262535482645,2.9937551021575928,0.05950743332505226,1355,1431,1459
fold_1,train,1919,exp016_static_strict_oof_proxy,recent,0.18144338180781647,0.17663488000939592,0.1890052787774917,0.007561896969675241,nan,nan,0.0938834473490715,1427,1458,1459
fold_1,train,1919,exp016_static_strict_oof_proxy,random,0.18144338180781647,0.17418796189061375,0.1911480008730077,0.009704619065191239,nan,nan,0.07985378801822662,522,1448,1459
fold_1,train,1920,exp016_static_strict_oof_proxy,retrieval,0.15616298567688258,0.15189336401387263,0.1629300210950987,0.006767035418216105,-3.9749718382954597,3.903144598007202,0.0718272402882576,976,1434,1459
fold_1,train,1920,exp016_static_strict_oof_proxy,recent,0.15616298567688258,0.001917525216062948,0.14924175540814413,-0.006921230268738449,nan,nan,0.0938834473490715,1427,1458,1459
fold_1,train,1920,exp016_static_strict_oof_proxy,random,0.15616298567688258,0.1547473528920813,0.1630981063464942,0.006935120669611605,nan,nan,0.07893670350313187,514,1457,1459
fold_1,train,1921,exp016_static_strict_oof_proxy,retrieval,0.1956095874127521,0.24131880682758566,0.2064682610080177,0.0108586735952656,-3.003760050982237,2.941840887069702,0.061919163912534714,1353,1431,1459
fold_1,train,1921,exp016_static_strict_oof_proxy,recent,0.1956095874127521,0.12412365262558728,0.19715520205792678,0.0015456146451746644,nan,nan,0.0938834473490715,1427,1458,1459
fold_1,train,1921,exp016_static_strict_oof_proxy,random,0.1956095874127521,0.19380271253815276,0.20523786099995672,0.009628273587204611,nan,nan,0.07803670316934586,509,1456,1459
fold_1,train,1922,exp016_static_strict_oof_proxy,retrieval,0.19326919714368035,0.09005292327720603,0.1915526536177257,-0.0017165435259546558,-3.200901087373495,3.145871162414551,0.05502992495894432,1350,1427,1459
fold_1,train,1922,exp016_static_strict_oof_proxy,recent,0.19326919714368035,0.01955656922710591,0.18673315359451279,-0.006536043549167564,nan,nan,0.0938834473490715,1427,1458,1459
fold_1,train,1922,exp016_static_strict_oof_proxy,random,0.19326919714368035,0.07965424135789557,0.19252624515519198,-0.0007429519884883662,nan,nan,0.08555986732244492,508,1454,1459
fold_1,train,1923,exp016_static_strict_oof_proxy,retrieval,0.21113595187374462,0.05318626508393592,0.2052335757599728,-0.005902376113771812,-4.175933964550495,4.105971336364746,0.06996262818574905,514,1424,1459
fold_1,train,1923,exp016_static_strict_oof_proxy,recent,0.21113595187374462,0.033102277277260235,0.20577585201771276,-0.0053600998560318636,nan,nan,0.0938834473490715,1427,1458,1459
fold_1,train,1923,exp016_static_strict_oof_proxy,random,0.21113595187374462,0.06284507605239996,0.20596628100933095,-0.005169670864413667,nan,nan,0.08103945851325989,492,1421,1459
fold_1,train,1924,exp016_static_strict_oof_proxy,retrieval,0.24096502959166866,0.017735611646209785,0.22745232053458564,-0.013512709057083017,-5.159511215984821,5.079868793487549,0.07964242249727249,530,1452,1459
fold_1,train,1924,exp016_static_strict_oof_proxy,recent,0.24096502959166866,0.2290460839768859,0.2522143290281173,0.011249299436448645,nan,nan,0.0938834473490715,1427,1458,1459
fold_1,train,1924,exp016_static_strict_oof_proxy,random,0.24096502959166866,-0.02589025288924429,0.22468033885714386,-0.016284690734524793,nan,nan,0.08316994458436966,530,1445,1459
fold_1,train,1925,exp016_static_strict_oof_proxy,retrieval,0.2611774234641849,-0.025756405258834426,0.24368568223954648,-0.017491741224638396,-2.7776509672403336,2.7122249603271484,0.06542600691318512,768,1427,1459
fold_1,train,1925,exp016_static_strict_oof_proxy,recent,0.2611774234641849,0.19764517236969165,0.26901112323868,0.007833699774495106,nan,nan,0.0938834473490715,1427,1458,1459
fold_1,train,1925,exp016_static_strict_oof_proxy,random,0.2611774234641849,-0.08005975820744189,0.24072197820583666,-0.02045544525834822,nan,nan,0.07107491791248322,487,1456,1459
fold_1,train,1926,exp016_static_strict_oof_proxy,retrieval,0.22203758087189432,-0.028552699041097942,0.2063879763333023,-0.015649604538592016,-3.3765236884355545,3.3080146312713623,0.0685090571641922,760,1427,1459
fold_1,train,1926,exp016_static_strict_oof_proxy,recent,0.22203758087189432,0.14002282139581598,0.2257760958452953,0.0037385149734009693,nan,nan,0.0938834473490715,1427,1458,1459
fold_1,train,1926,exp016_static_strict_oof_proxy,random,0.22203758087189432,-0.0635827083631805,0.2037740290776223,-0.018263551794272026,nan,nan,0.07614894956350327,542,1407,1459
fold_1,train,1927,exp016_static_strict_oof_proxy,retrieval,0.18628811599578896,-0.10924963395576968,0.16603313973904713,-0.02025497625674183,-3.314146127551794,3.2539584636688232,0.06018766388297081,768,1427,1459
fold_1,train,1927,exp016_static_strict_oof_proxy,recent,0.18628811599578896,0.07147452723676605,0.18557086507526888,-0.0007172509205200794,nan,nan,0.0938834473490715,1427,1458,1459
fold_1,train,1927,exp016_static_strict_oof_proxy,random,0.18628811599578896,-0.053239720887061276,0.17058928517582994,-0.015698830819959014,nan,nan,0.07919830828905106,510,1432,1459
fold_1,train,1928,exp016_static_strict_oof_proxy,retrieval,0.04518881984247018,-0.08168896299728055,0.03300272713876836,-0.012186092703701822,-3.3387534245848656,3.2692275047302246,0.06952591985464096,521,1427,1459
fold_1,train,1928,exp016_static_strict_oof_proxy,recent,0.04518881984247018,-0.01456230057176352,0.04317115489039888,-0.002017664952071299,nan,nan,0.0938834473490715,1427,1458,1459
fold_1,train,1928,exp016_static_strict_oof_proxy,random,0.04518881984247018,-0.09319505501407598,0.03174285243339114,-0.013445967409079045,nan,nan,0.07714550942182541,510,1448,1459
fold_1,train,1929,exp016_static_strict_oof_proxy,retrieval,-0.04930237681921672,-0.0175270263144791,-0.0475214474099252,0.0017809294092915179,-5.730255417525768,5.660998344421387,0.06925707310438156,495,1447,1459
fold_1,train,1929,exp016_static_strict_oof_proxy,recent,-0.04930237681921672,-0.09896393069979492,-0.057996353168455826,-0.008693976349239109,nan,nan,0.0938834473490715,1427,1458,1459
fold_1,train,1929,exp016_static_strict_oof_proxy,random,-0.04930237681921672,0.07796840211499326,-0.037619440925823595,0.011682935893393122,nan,nan,0.07689041644334793,511,1441,1459
fold_1,train,1930,exp016_static_strict_oof_proxy,retrieval,-0.0693763139095699,-0.0013681060290095268,-0.06602078549140361,0.0033555284181662898,-4.5330908969044685,4.44229793548584,0.09079296141862869,545,1457,1459
fold_1,train,1930,exp016_static_strict_oof_proxy,recent,-0.0693763139095699,-0.1736994011246403,-0.08139443611927984,-0.012018122209709936,nan,nan,0.0938834473490715,1427,1458,1459
fold_1,train,1930,exp016_static_strict_oof_proxy,random,-0.0693763139095699,0.01180111185416293,-0.06460553209341723,0.004770781816152675,nan,nan,0.0947684571146965,521,1443,1459
fold_1,train,1931,exp016_static_strict_oof_proxy,retrieval,0.016395299216840863,0.10967594858982059,0.025581063139768455,0.009185763922927592,-3.2945123091340065,3.224848747253418,0.06966356188058853,975,1430,1459
fold_1,train,1931,exp016_static_strict_oof_proxy,recent,0.016395299216840863,-0.09328144696557272,0.0062184970488570355,-0.010176802167983827,nan,nan,0.0938834473490715,1427,1458,1459
fold_1,train,1931,exp016_static_strict_oof_proxy,random,0.016395299216840863,0.10291669402792253,0.02518318113721343,0.008787881920372567,nan,nan,0.08326204866170883,522,1450,1459
fold_1,train,1932,exp016_static_strict_oof_proxy,retrieval,0.13996437932277903,0.17574354884555016,0.14737385499525918,0.007409475672480154,-3.680618815124035,3.606182336807251,0.0744364783167839,979,1451,1459
fold_1,train,1932,exp016_static_strict_oof_proxy,recent,0.13996437932277903,-0.07738658876975665,0.12637980579475322,-0.013584573528025806,nan,nan,0.0938834473490715,1427,1458,1459
fold_1,train,1932,exp016_static_strict_oof_proxy,random,0.13996437932277903,0.1905272416146659,0.15041683179215093,0.010452452469371903,nan,nan,0.08691173046827316,514,1433,1459
fold_1,train,1933,exp016_static_strict_oof_proxy,retrieval,0.22771019554825916,0.2242741802283567,0.2355391938409057,0.007828998292646522,-2.3809530213475227,2.320849657058716,0.060103364288806915,980,1429,1459
fold_1,train,1933,exp016_static_strict_oof_proxy,recent,0.22771019554825916,0.02569331866407124,0.22096647766670438,-0.006743717881554784,nan,nan,0.0938834473490715,1427,1458,1459
fold_1,train,1933,exp016_static_strict_oof_proxy,random,0.22771019554825916,0.16210423712289507,0.2341292904420975,0.006419094893838323,nan,nan,0.07616972178220749,505,1370,1459
fold_1,train,1934,exp016_static_strict_oof_proxy,retrieval,0.1692740192384939,0.1708191342719063,0.17556804273422377,0.0062940234957298835,-2.6424196287989616,2.5739424228668213,0.06847720593214035,984,1426,1459
fold_1,train,1934,exp016_static_strict_oof_proxy,recent,0.1692740192384939,-0.028195532179082463,0.1616445310526537,-0.007629488185840194,nan,nan,0.0938834473490715,1427,1458,1459
fold_1,train,1934,exp016_static_strict_oof_proxy,random,0.1692740192384939,0.15222832645253903,0.1760743396193098,0.006800320380815905,nan,nan,0.07940449565649033,487,1429,1459
fold_1,train,1935,exp016_static_strict_oof_proxy,retrieval,0.1267532229845295,0.09549193976326209,0.12792382829237045,0.0011706053078409384,-2.54611723870039,2.479367733001709,0.06674950569868088,977,1427,1459
fold_1,train,1935,exp016_static_strict_oof_proxy,recent,0.1267532229845295,0.0041480115095092794,0.12239620684832862,-0.004357016136200889,nan,nan,0.0938834473490715,1427,1458,1459
fold_1,train,1935,exp016_static_strict_oof_proxy,random,0.1267532229845295,0.09215965841219835,0.12780650627482323,0.0010532832902937217,nan,nan,0.08392541855573654,508,1434,1459
fold_1,train,1936,exp016_static_strict_oof_proxy,retrieval,0.14275580412749064,0.09135127514444921,0.14264119634032207,-0.00011460778716856912,-2.603843778371811,2.5410537719726562,0.06279000639915466,990,1429,1459
fold_1,train,1936,exp016_static_strict_oof_proxy,recent,0.14275580412749064,-0.06390464757437427,0.13192672215916165,-0.01082908196832899,nan,nan,0.0938834473490715,1427,1458,1459
fold_1,train,1936,exp016_static_strict_oof_proxy,random,0.14275580412749064,0.09761614952193472,0.1446133442543582,0.0018575401268675629,nan,nan,0.09366440773010254,524,1421,1459
fold_1,train,1937,exp016_static_strict_oof_proxy,retrieval,0.18684866391122432,0.12202285596245979,0.18673509413233105,-0.00011356977889326325,-2.3916843608021736,2.3315696716308594,0.06011468917131424,984,1427,1459
fold_1,train,1937,exp016_static_strict_oof_proxy,recent,0.18684866391122432,-0.029310609664817532,0.176867912131752,-0.00998075177947233,nan,nan,0.0938834473490715,1427,1458,1459
fold_1,train,1937,exp016_static_strict_oof_proxy,random,0.18684866391122432,0.11091968276241936,0.18801482591545765,0.0011661620042333343,nan,nan,0.08242389559745789,493,1428,1459
fold_1,train,1938,exp016_static_strict_oof_proxy,retrieval,0.14488356953362244,0.14791259819660835,0.15013338433188997,0.005249814798267527,-2.9433355033397675,2.8694839477539062,0.0738515555858612,976,1424,1459
fold_1,train,1938,exp016_static_strict_oof_proxy,recent,0.14488356953362244,-0.0019982387068077805,0.13894966411348567,-0.005933905420136776,nan,nan,0.0938834473490715,1427,1458,1459
fold_1,train,1938,exp016_static_strict_oof_proxy,random,0.14488356953362244,0.1571453839344103,0.1523347397285013,0.00745117019487887,nan,nan,0.0785999447107315,578,1436,1459
fold_1,train,1939,exp016_static_strict_oof_proxy,retrieval,0.2583192255158581,0.20761296632993087,0.2637809474048222,0.0054617218889640995,-4.499219872057438,4.426413536071777,0.07280633598566055,545,1458,1459
fold_1,train,1939,exp016_static_strict_oof_proxy,recent,0.2583192255158581,0.0577448460867076,0.25300613151538,-0.005313094000478136,nan,nan,0.0938834473490715,1427,1458,1459
fold_1,train,1939,exp016_static_strict_oof_proxy,random,0.2583192255158581,0.20488783902413604,0.2637346524379909,0.00541542692213276,nan,nan,0.07729580998420715,510,1449,1459
fold_1,train,1940,exp016_static_strict_oof_proxy,retrieval,0.212617446336999,0.20628737997068852,0.22079806829277857,0.008180621955779566,-2.556748989969492,2.4951820373535156,0.061566952615976334,990,1427,1459
fold_1,train,1940,exp016_static_strict_oof_proxy,recent,0.212617446336999,0.07926365137515386,0.21371571770165887,0.0010982713646598696,nan,nan,0.0938834473490715,1427,1458,1459
fold_1,train,1940,exp016_static_strict_oof_proxy,random,0.212617446336999,0.19266088757201785,0.21969369665509916,0.0070762503181001635,nan,nan,0.08360306918621063,519,1450,1459
fold_1,train,1941,exp016_static_strict_oof_proxy,retrieval,0.21309637123410893,0.09288167148686224,0.20826983853125258,-0.004826532702856351,-2.7775094136595726,2.709273338317871,0.06823607534170151,977,1427,1459
fold_1,train,1941,exp016_static_strict_oof_proxy,recent,0.21309637123410893,0.14666997112184577,0.219868367802875,0.006771996568766064,nan,nan,0.0938834473490715,1427,1458,1459
fold_1,train,1941,exp016_static_strict_oof_proxy,random,0.21309637123410893,0.06631650274036875,0.20653527804396055,-0.006561093190148387,nan,nan,0.07642289251089096,490,1397,1459
fold_1,train,1942,exp016_static_strict_oof_proxy,retrieval,0.22062776606703385,0.11875388365337447,0.21826134857582263,-0.00236641749121122,-3.1534533202648163,3.082341194152832,0.07111212611198425,976,1427,1459
fold_1,train,1942,exp016_static_strict_oof_proxy,recent,0.22062776606703385,0.14012231489990368,0.2273067485307924,0.006678982463758559,nan,nan,0.0938834473490715,1427,1458,1459
fold_1,train,1942,exp016_static_strict_oof_proxy,random,0.22062776606703385,0.12654248317165354,0.21884706138484417,-0.0017807046821896877,nan,nan,0.08950776606798172,494,1444,1459
fold_1,train,1943,exp016_static_strict_oof_proxy,retrieval,0.19998333754038677,0.14281687342204308,0.20247870507473167,0.0024953675343449,-3.0616108402609825,2.9947400093078613,0.06687083095312119,768,1427,1459
fold_1,train,1943,exp016_static_strict_oof_proxy,recent,0.19998333754038677,0.17018803353922102,0.2107799275898721,0.010796590049485327,nan,nan,0.0938834473490715,1427,1458,1459
fold_1,train,1943,exp016_static_strict_oof_proxy,random,0.19998333754038677,0.08439283769918329,0.19824157139109497,-0.0017417661492918068,nan,nan,0.08240355551242828,488,1434,1459
fold_1,train,1944,exp016_static_strict_oof_proxy,retrieval,0.2144640921915699,0.11998509896868868,0.21361919754774977,-0.000844894643820121,-3.002916559576988,2.9445533752441406,0.058363184332847595,1011,1427,1459
fold_1,train,1944,exp016_static_strict_oof_proxy,recent,0.2144640921915699,0.18963321822666923,0.2233993843136919,0.008935292122122018,nan,nan,0.0938834473490715,1427,1458,1459
fold_1,train,1944,exp016_static_strict_oof_proxy,random,0.2144640921915699,-0.039677235730493164,0.20402771565972855,-0.010436376531841346,nan,nan,0.08720854669809341,516,1328,1459
fold_2,train,1945,exp016_static_strict_oof_proxy,retrieval,0.1475383320119236,0.19418902402022245,0.15524760316866196,0.007709271156738362,-1.7725243382155895,1.721303105354309,0.05122123286128044,1375,1944,1945
fold_2,train,1945,exp016_static_strict_oof_proxy,recent,0.1475383320119236,0.19478041906486407,0.1558537651668446,0.008315433154921004,nan,nan,0.06675936281681061,1913,1944,1945
fold_2,train,1945,exp016_static_strict_oof_proxy,random,0.1475383320119236,0.021353646312517235,0.1384940534355447,-0.009044278576378906,nan,nan,0.08757397532463074,610,1790,1945
fold_2,train,1946,exp016_static_strict_oof_proxy,retrieval,0.13037022506445306,0.1129612197937211,0.13160075506359398,0.0012305299991409169,-1.6085118502378464,1.5560089349746704,0.052502915263175964,1363,1944,1945
fold_2,train,1946,exp016_static_strict_oof_proxy,recent,0.13037022506445306,0.13451217967514553,0.13461429144551054,0.004244066381057482,nan,nan,0.06675936281681061,1913,1944,1945
fold_2,train,1946,exp016_static_strict_oof_proxy,random,0.13037022506445306,0.024757589205409533,0.12313710775977373,-0.0072331173046793346,nan,nan,0.08517416566610336,568,1885,1945
fold_2,train,1947,exp016_static_strict_oof_proxy,retrieval,0.14590852736143636,0.16354343132674032,0.15005441703431277,0.004145889672876407,-1.4705654829740524,1.4106346368789673,0.059930846095085144,1416,1941,1945
fold_2,train,1947,exp016_static_strict_oof_proxy,recent,0.14590852736143636,0.19548263051803066,0.1534778685585606,0.007569341197124241,nan,nan,0.06675936281681061,1913,1944,1945
fold_2,train,1947,exp016_static_strict_oof_proxy,random,0.14590852736143636,-0.043344798568087,0.13143255576705618,-0.014475971594380188,nan,nan,0.0912334993481636,512,1882,1945
fold_2,train,1948,exp016_static_strict_oof_proxy,retrieval,0.16560647809334064,0.2326614578750575,0.17531672610857613,0.009710248015235484,-1.5931141078472137,1.5383036136627197,0.05481049418449402,1363,1941,1945
fold_2,train,1948,exp016_static_strict_oof_proxy,recent,0.16560647809334064,0.2775000896335404,0.18063136681433245,0.015024888720991808,nan,nan,0.06675936281681061,1913,1944,1945
fold_2,train,1948,exp016_static_strict_oof_proxy,random,0.16560647809334064,0.15628307093753166,0.1668107979811474,0.001204319887806754,nan,nan,0.07711493223905563,486,1865,1945
fold_2,train,1949,exp016_static_strict_oof_proxy,retrieval,-0.02989279214216606,0.08397539039041549,-0.020507428435920988,0.009385363706245074,-1.728486929088831,1.6720219850540161,0.056464944034814835,1362,1944,1945
fold_2,train,1949,exp016_static_strict_oof_proxy,recent,-0.02989279214216606,0.11946140749464958,-0.017491107502058217,0.012401684640107845,nan,nan,0.06675936281681061,1913,1944,1945
fold_2,train,1949,exp016_static_strict_oof_proxy,random,-0.02989279214216606,-0.03348857457558209,-0.033109542708122115,-0.0032167505659560537,nan,nan,0.08186063170433044,510,1910,1945
fold_2,train,1950,exp016_static_strict_oof_proxy,retrieval,-0.026792900124377555,-0.024399665637447814,-0.02781794733076058,-0.0010250472063830264,-1.7137375697493553,1.6501398086547852,0.06359776109457016,976,1943,1945
fold_2,train,1950,exp016_static_strict_oof_proxy,recent,-0.026792900124377555,0.10336596377233763,-0.01602074205819479,0.010772158066182765,nan,nan,0.06675936281681061,1913,1944,1945
fold_2,train,1950,exp016_static_strict_oof_proxy,random,-0.026792900124377555,-0.059288329952422954,-0.03246291554303728,-0.005670015418659722,nan,nan,0.09993960708379745,493,1914,1945
fold_2,train,1951,exp016_static_strict_oof_proxy,retrieval,-0.001972738669712881,0.09965104521223149,0.005372007029297852,0.007344745699010733,-2.5306388661265373,2.4611897468566895,0.06944911926984787,976,1943,1945
fold_2,train,1951,exp016_static_strict_oof_proxy,recent,-0.001972738669712881,0.16799964095061,0.011686538731781878,0.013659277401494758,nan,nan,0.06675936281681061,1913,1944,1945
fold_2,train,1951,exp016_static_strict_oof_proxy,random,-0.001972738669712881,0.06523001030468872,0.00218956880776917,0.004162307477482051,nan,nan,0.07996464520692825,530,1833,1945
fold_2,train,1952,exp016_static_strict_oof_proxy,retrieval,-0.07462937173840588,-0.060632925081885745,-0.07759254097673945,-0.0029631692383335767,-3.101825214922428,3.0228142738342285,0.07901094108819962,490,1942,1945
fold_2,train,1952,exp016_static_strict_oof_proxy,recent,-0.07462937173840588,-0.014291915618325038,-0.07307795838931908,0.0015514133490868026,nan,nan,0.06675936281681061,1913,1944,1945
fold_2,train,1952,exp016_static_strict_oof_proxy,random,-0.07462937173840588,-0.10923134471803873,-0.08052045952605914,-0.005891087787653265,nan,nan,0.08664390444755554,525,1910,1945
fold_2,train,1953,exp016_static_strict_oof_proxy,retrieval,0.15257700026355409,0.19424657838192078,0.15881741437892447,0.00624041411537038,-8.616577818989754,8.524887084960938,0.09169073402881622,582,1841,1945
fold_2,train,1953,exp016_static_strict_oof_proxy,recent,0.15257700026355409,0.026099999461278906,0.1449251221460234,-0.0076518781175306805,nan,nan,0.06675936281681061,1913,1944,1945
fold_2,train,1953,exp016_static_strict_oof_proxy,random,0.15257700026355409,0.017672582736349807,0.14236001129875667,-0.010216988964797419,nan,nan,0.10284967720508575,513,1894,1945
fold_2,train,1954,exp016_static_strict_oof_proxy,retrieval,0.17720738594207955,0.07248767425835019,0.17054440700564044,-0.006662978936439107,-2.748233512043953,2.670257568359375,0.07797594368457794,1103,1839,1945
fold_2,train,1954,exp016_static_strict_oof_proxy,recent,0.17720738594207955,0.07074212407593918,0.17286803952476928,-0.004339346417310264,nan,nan,0.06675936281681061,1913,1944,1945
fold_2,train,1954,exp016_static_strict_oof_proxy,random,0.17720738594207955,0.05864429890577858,0.16943798210619784,-0.007769403835881705,nan,nan,0.07970113307237625,650,1890,1945
fold_2,train,1955,exp016_static_strict_oof_proxy,retrieval,0.29041963040546964,0.11575853489919133,0.279692555003136,-0.010727075402333641,-1.8906535431742668,1.8110473155975342,0.07960622757673264,976,1937,1945
fold_2,train,1955,exp016_static_strict_oof_proxy,recent,0.29041963040546964,0.04162097868894254,0.2729698043385176,-0.017449826066952057,nan,nan,0.06675936281681061,1913,1944,1945
fold_2,train,1955,exp016_static_strict_oof_proxy,random,0.29041963040546964,0.15338930522146602,0.28232326267611796,-0.008096367729351683,nan,nan,0.09895744919776917,536,1837,1945
fold_2,train,1956,exp016_static_strict_oof_proxy,retrieval,0.2796915515539037,0.1291728171704197,0.2731124843143199,-0.006579067239583791,-2.191774144768715,2.1146955490112305,0.07707859575748444,976,1942,1945
fold_2,train,1956,exp016_static_strict_oof_proxy,recent,0.2796915515539037,0.05105853245313334,0.2680721158892197,-0.011619435664683986,nan,nan,0.06675936281681061,1913,1944,1945
fold_2,train,1956,exp016_static_strict_oof_proxy,random,0.2796915515539037,0.0752468955136077,0.2704630717686122,-0.00922847978529151,nan,nan,0.07716850936412811,499,1822,1945
fold_2,train,1957,exp016_static_strict_oof_proxy,retrieval,0.15656143170668751,0.1498106195140905,0.1622593426834774,0.005697910976789872,-2.339138016104698,2.2721965312957764,0.06694148480892181,989,1944,1945
fold_2,train,1957,exp016_static_strict_oof_proxy,recent,0.15656143170668751,0.14706748025043292,0.16329423701645238,0.006732805309764861,nan,nan,0.06675936281681061,1913,1944,1945
fold_2,train,1957,exp016_static_strict_oof_proxy,random,0.15656143170668751,0.12690984109224332,0.15952084228109817,0.0029594105744106536,nan,nan,0.08004780113697052,506,1883,1945
fold_2,train,1958,exp016_static_strict_oof_proxy,retrieval,0.14627890631551246,-0.008313100142313023,0.13541458125942032,-0.010864325056092139,-1.978676974773407,1.9102963209152222,0.06838065385818481,1011,1944,1945
fold_2,train,1958,exp016_static_strict_oof_proxy,recent,0.14627890631551246,-0.050282111414509986,0.13305617022066402,-0.013222736094848447,nan,nan,0.06675936281681061,1913,1944,1945
fold_2,train,1958,exp016_static_strict_oof_proxy,random,0.14627890631551246,0.01914782810060781,0.13958458754867675,-0.006694318766835711,nan,nan,0.08725972473621368,587,1821,1945
fold_2,train,1959,exp016_static_strict_oof_proxy,retrieval,0.0456739370985529,0.03241716611824336,0.046579224380694284,0.0009052872821413843,-1.6807592511177063,1.6148983240127563,0.06586092710494995,1066,1943,1945
fold_2,train,1959,exp016_static_strict_oof_proxy,recent,0.0456739370985529,-0.045916130299668775,0.03898445730201195,-0.006689479796540949,nan,nan,0.06675936281681061,1913,1944,1945
fold_2,train,1959,exp016_static_strict_oof_proxy,random,0.0456739370985529,0.07847275442119594,0.05154954285414298,0.005875605755590083,nan,nan,0.06991980969905853,553,1819,1945
fold_2,train,1960,exp016_static_strict_oof_proxy,retrieval,-0.01998182774339681,-0.07795528232932637,-0.025048175774729772,-0.005066348031332962,-2.012376584112644,1.9408786296844482,0.07149795442819595,1066,1944,1945
fold_2,train,1960,exp016_static_strict_oof_proxy,recent,-0.01998182774339681,-0.06518295053642031,-0.02378763585581043,-0.003805808112413621,nan,nan,0.06675936281681061,1913,1944,1945
fold_2,train,1960,exp016_static_strict_oof_proxy,random,-0.01998182774339681,-0.03342537516106362,-0.020414108146519505,-0.0004322804031226951,nan,nan,0.09019137918949127,498,1930,1945
fold_2,train,1961,exp016_static_strict_oof_proxy,retrieval,0.0672244334693373,0.06922582461423693,0.06972823710463424,0.002503803635296939,-2.1463312320411205,2.087662935256958,0.05866829678416252,1058,1944,1945
fold_2,train,1961,exp016_static_strict_oof_proxy,recent,0.0672244334693373,0.03677199874425315,0.06703630771930158,-0.0001881257500357253,nan,nan,0.06675936281681061,1913,1944,1945
fold_2,train,1961,exp016_static_strict_oof_proxy,random,0.0672244334693373,0.08032793435761493,0.07116000957065599,0.003935576101318686,nan,nan,0.09509972482919693,491,1898,1945
fold_2,train,1962,exp016_static_strict_oof_proxy,retrieval,0.06529466944850514,0.0682872132258725,0.06640137448093876,0.0011067050324336247,-2.2525198981165886,2.181734085083008,0.07078581303358078,984,1940,1945
fold_2,train,1962,exp016_static_strict_oof_proxy,recent,0.06529466944850514,0.1209927541887875,0.07202310869757744,0.006728439249072307,nan,nan,0.06675936281681061,1913,1944,1945
fold_2,train,1962,exp016_static_strict_oof_proxy,random,0.06529466944850514,0.002475511116772419,0.06031257231412456,-0.004982097134380574,nan,nan,0.08119716495275497,551,1932,1945
fold_2,train,1963,exp016_static_strict_oof_proxy,retrieval,0.07752165793424164,0.17064253524555226,0.08872041286050969,0.011198754926268054,-1.7555892057716846,1.7041332721710205,0.05145593360066414,1358,1944,1945
fold_2,train,1963,exp016_static_strict_oof_proxy,recent,0.07752165793424164,0.19025736935977147,0.09127183169820163,0.013750173763959997,nan,nan,0.06675936281681061,1913,1944,1945
fold_2,train,1963,exp016_static_strict_oof_proxy,random,0.07752165793424164,0.12897505974843218,0.0845510625191413,0.0070294045848996595,nan,nan,0.09981638193130493,503,1871,1945
fold_2,train,1964,exp016_static_strict_oof_proxy,retrieval,0.07834116987410973,0.12967976721188665,0.08489172710033303,0.0065505572262233025,-1.8062693364918232,1.7484389543533325,0.05783038213849068,774,1940,1945
fold_2,train,1964,exp016_static_strict_oof_proxy,recent,0.07834116987410973,0.16560870572864866,0.08859439334395275,0.010253223469843017,nan,nan,0.06675936281681061,1913,1944,1945
fold_2,train,1964,exp016_static_strict_oof_proxy,random,0.07834116987410973,0.048100076665058854,0.07650955047739791,-0.0018316193967118227,nan,nan,0.08305308222770691,505,1942,1945
fold_2,train,1965,exp016_static_strict_oof_proxy,retrieval,0.15256655991665397,0.23608354564200476,0.16378105009365646,0.01121449017700249,-1.8648062124848366,1.811936616897583,0.05286959558725357,696,1940,1945
fold_2,train,1965,exp016_static_strict_oof_proxy,recent,0.15256655991665397,0.2745502808388259,0.1680690465838836,0.015502486667229642,nan,nan,0.06675936281681061,1913,1944,1945
fold_2,train,1965,exp016_static_strict_oof_proxy,random,0.15256655991665397,0.12762535718145396,0.15287424702924224,0.00030768711258827297,nan,nan,0.1018911674618721,489,1914,1945
fold_2,train,1966,exp016_static_strict_oof_proxy,retrieval,0.09982352234142684,0.14823414768960996,0.10714356161881099,0.007320039277384144,-2.5832867845892906,2.5260233879089355,0.05726339668035507,1352,1944,1945
fold_2,train,1966,exp016_static_strict_oof_proxy,recent,0.09982352234142684,0.19368568489341265,0.11182543405903399,0.012001911717607144,nan,nan,0.06675936281681061,1913,1944,1945
fold_2,train,1966,exp016_static_strict_oof_proxy,random,0.09982352234142684,0.09667289699149506,0.10198180662839325,0.0021582842869664054,nan,nan,0.08962087333202362,502,1935,1945
fold_2,train,1967,exp016_static_strict_oof_proxy,retrieval,0.1133200010193259,0.1236093166063097,0.11698304514401138,0.0036630441246854745,-1.5762403830885887,1.5236234664916992,0.052616916596889496,1363,1940,1945
fold_2,train,1967,exp016_static_strict_oof_proxy,recent,0.1133200010193259,0.16351096980952315,0.121051932047222,0.0077319310278960995,nan,nan,0.06675936281681061,1913,1944,1945
fold_2,train,1967,exp016_static_strict_oof_proxy,random,0.1133200010193259,0.08633405538650255,0.1137276713176378,0.00040767029831188795,nan,nan,0.08782264590263367,494,1941,1945
fold_2,train,1968,exp016_static_strict_oof_proxy,retrieval,0.03776902987828057,0.07668894405645854,0.04209534062808204,0.004326310749801471,-1.9937489591538906,1.939970850944519,0.05377810820937157,1377,1944,1945
fold_2,train,1968,exp016_static_strict_oof_proxy,recent,0.03776902987828057,0.11230202840813634,0.04547526330641224,0.007706233428131669,nan,nan,0.06675936281681061,1913,1944,1945
fold_2,train,1968,exp016_static_strict_oof_proxy,random,0.03776902987828057,-0.09665331715651439,0.024683049090576732,-0.013085980787703837,nan,nan,0.08695833384990692,503,1925,1945
fold_2,train,1969,exp016_static_strict_oof_proxy,retrieval,0.14856629993215076,0.12565106255858038,0.1487342855522112,0.00016798562006042905,-1.6526313573122025,1.5988953113555908,0.05373604595661163,1360,1943,1945
fold_2,train,1969,exp016_static_strict_oof_proxy,recent,0.14856629993215076,0.15824803712017604,0.1530271725268356,0.004460872594684834,nan,nan,0.06675936281681061,1913,1944,1945
fold_2,train,1969,exp016_static_strict_oof_proxy,random,0.14856629993215076,0.03974531464700819,0.14097764502801058,-0.00758865490414018,nan,nan,0.07885784655809402,592,1842,1945
fold_2,train,1970,exp016_static_strict_oof_proxy,retrieval,0.21600374220122015,0.2619804789809877,0.22559949064861162,0.009595748447391472,-2.0345741882920265,1.975386619567871,0.059187568724155426,1353,1943,1945
fold_2,train,1970,exp016_static_strict_oof_proxy,recent,0.21600374220122015,0.27137873429545367,0.22740278425796975,0.011399042056749603,nan,nan,0.06675936281681061,1913,1944,1945
fold_2,train,1970,exp016_static_strict_oof_proxy,random,0.21600374220122015,0.19720190693105108,0.21935367629540672,0.003349934094186574,nan,nan,0.07582388073205948,498,1912,1945
fold_2,train,1971,exp016_static_strict_oof_proxy,retrieval,0.2312145442254583,0.1930183821417151,0.23098209277217044,-0.0002324514532878741,-1.775016926229,1.725858449935913,0.049158476293087006,1363,1944,1945
fold_2,train,1971,exp016_static_strict_oof_proxy,recent,0.2312145442254583,0.18341960573537838,0.23094004473802446,-0.00027449948743385466,nan,nan,0.06675936281681061,1913,1944,1945
fold_2,train,1971,exp016_static_strict_oof_proxy,random,0.2312145442254583,0.20300917166959612,0.2332857990957713,0.002071254870312983,nan,nan,0.10864449292421341,492,1842,1945
fold_2,train,1972,exp016_static_strict_oof_proxy,retrieval,0.25989102498044164,0.24538725827535715,0.26437949105704744,0.0044884660766058015,-1.604056280106306,1.5467917919158936,0.05726448819041252,1416,1940,1945
fold_2,train,1972,exp016_static_strict_oof_proxy,recent,0.25989102498044164,0.16175115976271234,0.25702205691373414,-0.0028689680667075,nan,nan,0.06675936281681061,1913,1944,1945
fold_2,train,1972,exp016_static_strict_oof_proxy,random,0.25989102498044164,0.24293917864659095,0.26617948134637154,0.006288456365929895,nan,nan,0.07452959567308426,554,1913,1945
fold_2,train,1973,exp016_static_strict_oof_proxy,retrieval,0.31946818189570053,0.20288565290841115,0.31645745935399566,-0.003010722541704869,-1.6853572987020016,1.6289551258087158,0.05640217289328575,1393,1940,1945
fold_2,train,1973,exp016_static_strict_oof_proxy,recent,0.31946818189570053,0.14415601497983266,0.31128812836439784,-0.008180053531302689,nan,nan,0.06675936281681061,1913,1944,1945
fold_2,train,1973,exp016_static_strict_oof_proxy,random,0.31946818189570053,0.37085633506354926,0.333876040919372,0.014407859023671477,nan,nan,0.11066184937953949,568,1925,1945
fold_2,train,1974,exp016_static_strict_oof_proxy,retrieval,0.2278112781099529,0.11862667537351032,0.22206791911351018,-0.005743358996442738,-2.131352297961712,2.0789365768432617,0.052415721118450165,1352,1944,1945
fold_2,train,1974,exp016_static_strict_oof_proxy,recent,0.2278112781099529,0.0670042161287845,0.2177153222409824,-0.010095955868970524,nan,nan,0.06675936281681061,1913,1944,1945
fold_2,train,1974,exp016_static_strict_oof_proxy,random,0.2278112781099529,0.23303253197829657,0.23466380037181994,0.006852522261867028,nan,nan,0.08567121624946594,568,1938,1945
fold_2,train,1975,exp016_static_strict_oof_proxy,retrieval,0.2532305982734073,0.11528622290185285,0.2455217231297376,-0.007708875143669719,-1.6785346753895283,1.6227343082427979,0.05580036714673042,1378,1940,1945
fold_2,train,1975,exp016_static_strict_oof_proxy,recent,0.2532305982734073,0.06652234439733294,0.241600640392473,-0.011629957880934322,nan,nan,0.06675936281681061,1913,1944,1945
fold_2,train,1975,exp016_static_strict_oof_proxy,random,0.2532305982734073,0.20703892684767192,0.25427032732023597,0.0010397290468286413,nan,nan,0.08713215589523315,529,1905,1945
fold_2,train,1976,exp016_static_strict_oof_proxy,retrieval,0.1994509026200787,0.15163400888285739,0.1990655081197669,-0.0003853945003118031,-1.656850665807724,1.5982173681259155,0.05863329768180847,1804,1937,1945
fold_2,train,1976,exp016_static_strict_oof_proxy,recent,0.1994509026200787,0.10919364042059017,0.19532151489245644,-0.004129387727622252,nan,nan,0.06675936281681061,1913,1944,1945
fold_2,train,1976,exp016_static_strict_oof_proxy,random,0.1994509026200787,0.20542398183755914,0.2065322351919766,0.007081332571897914,nan,nan,0.0844811499118805,595,1899,1945
fold_2,train,1977,exp016_static_strict_oof_proxy,retrieval,0.1567889449976386,0.03291936291928193,0.14720701397481176,-0.00958193102282684,-1.5345352552831173,1.4784610271453857,0.05607422813773155,1833,1940,1945
fold_2,train,1977,exp016_static_strict_oof_proxy,recent,0.1567889449976386,-0.02326097973958405,0.1423180856405794,-0.01447085935705919,nan,nan,0.06675936281681061,1913,1944,1945
fold_2,train,1977,exp016_static_strict_oof_proxy,random,0.1567889449976386,0.10399376838126048,0.15488659434478347,-0.0019023506528551282,nan,nan,0.10910726338624954,530,1940,1945
fold_2,train,1978,exp016_static_strict_oof_proxy,retrieval,0.14766732650641293,-0.0007352101198432276,0.13595359288300946,-0.011713733623403472,-1.6673756912350655,1.6092369556427002,0.058138735592365265,1836,1942,1945
fold_2,train,1978,exp016_static_strict_oof_proxy,recent,0.14766732650641293,-0.036125792598025314,0.1331201947791677,-0.014547131727245227,nan,nan,0.06675936281681061,1913,1944,1945
fold_2,train,1978,exp016_static_strict_oof_proxy,random,0.14766732650641293,0.12185432079405371,0.14871359721331054,0.0010462707068976118,nan,nan,0.08909772336483002,518,1913,1945
fold_2,train,1979,exp016_static_strict_oof_proxy,retrieval,0.2513784002970484,0.08123634039506933,0.2387592263344264,-0.012619173962621993,-1.392744716256857,1.3380470275878906,0.05469768866896629,1833,1940,1945
fold_2,train,1979,exp016_static_strict_oof_proxy,recent,0.2513784002970484,0.025476215132199373,0.23446001754728116,-0.01691838274976723,nan,nan,0.06675936281681061,1913,1944,1945
fold_2,train,1979,exp016_static_strict_oof_proxy,random,0.2513784002970484,0.13926475265678825,0.2452024205186996,-0.0061759797783488,nan,nan,0.08849037438631058,486,1928,1945
fold_2,train,1980,exp016_static_strict_oof_proxy,retrieval,0.20620181662325565,0.057903770302663124,0.19613023568458318,-0.01007158093867247,-1.7406275272369385,1.6935317516326904,0.04709577560424805,1363,1944,1945
fold_2,train,1980,exp016_static_strict_oof_proxy,recent,0.20620181662325565,-0.014996752089447056,0.18943292898930403,-0.016768887633951624,nan,nan,0.06675936281681061,1913,1944,1945
fold_2,train,1980,exp016_static_strict_oof_proxy,random,0.20620181662325565,0.1443253076922274,0.2059344577334885,-0.00026735888976714417,nan,nan,0.08106015622615814,495,1906,1945
fold_2,train,1981,exp016_static_strict_oof_proxy,retrieval,0.1942800418259089,0.1001584297356542,0.18891621053035426,-0.00536383129555465,-1.532446887344122,1.4749318361282349,0.05751505121588707,1833,1943,1945
fold_2,train,1981,exp016_static_strict_oof_proxy,recent,0.1942800418259089,0.057609355821709875,0.185866209763198,-0.008413832062710902,nan,nan,0.06675936281681061,1913,1944,1945
fold_2,train,1981,exp016_static_strict_oof_proxy,random,0.1942800418259089,0.22350591799742583,0.20332768001546825,0.009047638189559337,nan,nan,0.09066837280988693,514,1933,1945
fold_2,train,1982,exp016_static_strict_oof_proxy,retrieval,0.15022925448401706,0.020277886967039943,0.14026268366049274,-0.009966570823524312,-1.6572857908904552,1.5984536409378052,0.05883214995265007,1833,1942,1945
fold_2,train,1982,exp016_static_strict_oof_proxy,recent,0.15022925448401706,0.01806524352160437,0.14062253910275874,-0.009606715381258318,nan,nan,0.06675936281681061,1913,1944,1945
fold_2,train,1982,exp016_static_strict_oof_proxy,random,0.15022925448401706,0.09861756828629671,0.1487050740720709,-0.0015241804119461577,nan,nan,0.08680608123540878,490,1915,1945
fold_2,train,1983,exp016_static_strict_oof_proxy,retrieval,0.011485649408645783,-0.0667293343300991,0.003025339616482781,-0.008460309792163001,-2.1687608174979687,2.113672971725464,0.055087845772504807,1354,1944,1945
fold_2,train,1983,exp016_static_strict_oof_proxy,recent,0.011485649408645783,-0.08927320040990809,0.0004947124124440351,-0.010990936996201748,nan,nan,0.06675936281681061,1913,1944,1945
fold_2,train,1983,exp016_static_strict_oof_proxy,random,0.011485649408645783,0.02630105123887005,0.011919580615882427,0.00043393120723664476,nan,nan,0.09861166030168533,534,1798,1945
fold_2,train,1984,exp016_static_strict_oof_proxy,retrieval,0.020916190701563548,-0.045012770775960706,0.014370007366616916,-0.006546183334946632,-1.7821151204407215,1.7267546653747559,0.05536045506596565,1833,1940,1945
fold_2,train,1984,exp016_static_strict_oof_proxy,recent,0.020916190701563548,-0.06299362236923196,0.012406433766166115,-0.008509756935397433,nan,nan,0.06675936281681061,1913,1944,1945
fold_2,train,1984,exp016_static_strict_oof_proxy,random,0.020916190701563548,-0.01610323450028327,0.01709411716298113,-0.003822073538582417,nan,nan,0.08418060839176178,514,1872,1945
fold_2,train,1985,exp016_static_strict_oof_proxy,retrieval,-0.060735313669332096,-0.08375285544661143,-0.06525056342679074,-0.004515249757458643,-1.7922506406903267,1.7364832162857056,0.055767424404621124,1833,1941,1945
fold_2,train,1985,exp016_static_strict_oof_proxy,recent,-0.060735313669332096,-0.10222937168681749,-0.06786586192482605,-0.007130548255493953,nan,nan,0.06675936281681061,1913,1944,1945
fold_2,train,1985,exp016_static_strict_oof_proxy,random,-0.060735313669332096,-0.0586926691746288,-0.06331160252607906,-0.002576288856746968,nan,nan,0.08535418659448624,516,1902,1945
fold_2,train,1986,exp016_static_strict_oof_proxy,retrieval,0.03999871209952327,0.006058359688676161,0.03606599177659624,-0.003932720322927033,-2.1340004168450832,2.071902275085449,0.06209814175963402,526,1941,1945
fold_2,train,1986,exp016_static_strict_oof_proxy,recent,0.03999871209952327,-0.026786824013964153,0.03266775074955046,-0.007330961349972812,nan,nan,0.06675936281681061,1913,1944,1945
fold_2,train,1986,exp016_static_strict_oof_proxy,random,0.03999871209952327,0.05725589655472778,0.04154683480609663,0.0015481227065733613,nan,nan,0.08010667562484741,516,1941,1945
fold_2,train,1987,exp016_static_strict_oof_proxy,retrieval,0.08795675510638311,0.06345038943040567,0.08729855549835273,-0.0006581996080303743,-1.8177714124321938,1.7610318660736084,0.05673954635858536,1833,1943,1945
fold_2,train,1987,exp016_static_strict_oof_proxy,recent,0.08795675510638311,0.05925500598468658,0.08707809679165865,-0.0008786583147244592,nan,nan,0.06675936281681061,1913,1944,1945
fold_2,train,1987,exp016_static_strict_oof_proxy,random,0.08795675510638311,0.10571168146914953,0.09117520319889985,0.003218448092516743,nan,nan,0.08764945715665817,676,1855,1945
fold_2,train,1988,exp016_static_strict_oof_proxy,retrieval,0.13506983275864934,0.0682189859148361,0.13197219343211916,-0.003097639326530177,-2.5864056050777435,2.5261266231536865,0.06027898192405701,1356,1944,1945
fold_2,train,1988,exp016_static_strict_oof_proxy,recent,0.13506983275864934,0.06360183928239294,0.13178110982319047,-0.003288722935458871,nan,nan,0.06675936281681061,1913,1944,1945
fold_2,train,1988,exp016_static_strict_oof_proxy,random,0.13506983275864934,0.11182734390134244,0.13660757890793138,0.0015377461492820377,nan,nan,0.07761529833078384,508,1944,1945
fold_2,train,1989,exp016_static_strict_oof_proxy,retrieval,0.06605381973462018,0.025158976648255275,0.06332028148969812,-0.0027335382449220624,-1.7147525250911713,1.6608171463012695,0.05393537878990173,1360,1940,1945
fold_2,train,1989,exp016_static_strict_oof_proxy,recent,0.06605381973462018,-0.003571307789910699,0.06035914048035513,-0.0056946792542650546,nan,nan,0.06675936281681061,1913,1944,1945
fold_2,train,1989,exp016_static_strict_oof_proxy,random,0.06605381973462018,0.06915024399361476,0.06850234856624175,0.0024485288316215686,nan,nan,0.0848703384399414,540,1931,1945
fold_2,train,1990,exp016_static_strict_oof_proxy,retrieval,0.0074456908907300145,-0.028365541239951015,0.003752537932729427,-0.0036931529580005876,-1.6818789802491665,1.625273585319519,0.056605394929647446,1833,1943,1945
fold_2,train,1990,exp016_static_strict_oof_proxy,recent,0.0074456908907300145,-0.041749894600678274,0.0026180845058650765,-0.0048276063848649384,nan,nan,0.06675936281681061,1913,1944,1945
fold_2,train,1990,exp016_static_strict_oof_proxy,random,0.0074456908907300145,0.06804247100622252,0.013512647334738703,0.006066956444008688,nan,nan,0.09315823763608932,635,1880,1945
fold_2,train,1991,exp016_static_strict_oof_proxy,retrieval,0.02850181074963732,-0.0009053487504898315,0.025778548114471653,-0.002723262635165667,-2.239989284425974,2.1917402744293213,0.0482490099966526,1359,1944,1945
fold_2,train,1991,exp016_static_strict_oof_proxy,recent,0.02850181074963732,-0.011101271420793578,0.02470413607102048,-0.0037976746786168407,nan,nan,0.06675936281681061,1913,1944,1945
fold_2,train,1991,exp016_static_strict_oof_proxy,random,0.02850181074963732,0.06672454865700939,0.033123796345261684,0.004621985595624364,nan,nan,0.08291856944561005,486,1927,1945
fold_2,train,1992,exp016_static_strict_oof_proxy,retrieval,-0.025238121790705045,-0.02510023896014291,-0.026183986855931676,-0.0009458650652266302,-2.368289988487959,2.308840036392212,0.059449952095746994,1353,1942,1945
fold_2,train,1992,exp016_static_strict_oof_proxy,recent,-0.025238121790705045,-0.03674793368205127,-0.02805872984161747,-0.002820608050912426,nan,nan,0.06675936281681061,1913,1944,1945
fold_2,train,1992,exp016_static_strict_oof_proxy,random,-0.025238121790705045,-0.019589377251125,-0.02597595772685624,-0.0007378359361511939,nan,nan,0.08526552468538284,499,1925,1945
fold_2,train,1993,exp016_static_strict_oof_proxy,retrieval,-0.07998889812047508,-0.024035322690685375,-0.07700960713630728,0.0029792909841677984,-1.5537794828414917,1.4961670637130737,0.05761241912841797,1825,1940,1945
fold_2,train,1993,exp016_static_strict_oof_proxy,recent,-0.07998889812047508,-0.023789169501739996,-0.0767609386805214,0.003227959439953673,nan,nan,0.06675936281681061,1913,1944,1945
fold_2,train,1993,exp016_static_strict_oof_proxy,random,-0.07998889812047508,-0.05856572344637104,-0.08023634941785526,-0.0002474512973801857,nan,nan,0.07976298779249191,573,1922,1945
fold_2,train,1994,exp016_static_strict_oof_proxy,retrieval,-0.036174170254068196,0.022621998159165844,-0.03178547102701245,0.004388699227055745,-1.990776028484106,1.9335845708847046,0.057191457599401474,1833,1928,1945
fold_2,train,1994,exp016_static_strict_oof_proxy,recent,-0.036174170254068196,0.04345789824315298,-0.03011919168840253,0.006054978565665666,nan,nan,0.06675936281681061,1913,1944,1945
fold_2,train,1994,exp016_static_strict_oof_proxy,random,-0.036174170254068196,-0.04030788156488035,-0.038413960667603435,-0.0022397904135352392,nan,nan,0.08154777437448502,527,1866,1945
fold_2,train,1995,exp016_static_strict_oof_proxy,retrieval,0.14424356489549053,0.15419793272063884,0.14760724251369398,0.0033636776182034422,-1.8318146020174026,1.7691850662231445,0.06262953579425812,1804,1938,1945
fold_2,train,1995,exp016_static_strict_oof_proxy,recent,0.14424356489549053,0.20825360408853644,0.15338689184130092,0.009143326945810382,nan,nan,0.06675936281681061,1913,1944,1945
fold_2,train,1995,exp016_static_strict_oof_proxy,random,0.14424356489549053,0.10932558239721202,0.14476284858441787,0.0005192836889273411,nan,nan,0.08853995054960251,543,1940,1945
fold_2,train,1996,exp016_static_strict_oof_proxy,retrieval,0.19396456163522105,0.2778577407324472,0.20526060580711283,0.011296044171891784,-2.387403182685375,2.324808359146118,0.06259482353925705,1417,1942,1945
fold_2,train,1996,exp016_static_strict_oof_proxy,recent,0.19396456163522105,0.30222058210723923,0.20786610195499408,0.013901540319773031,nan,nan,0.06675936281681061,1913,1944,1945
fold_2,train,1996,exp016_static_strict_oof_proxy,random,0.19396456163522105,0.16167967769079156,0.19366361654086864,-0.0003009450943524117,nan,nan,0.0851396843791008,579,1921,1945
fold_2,train,1997,exp016_static_strict_oof_proxy,retrieval,0.11832276706521577,0.04831864880579509,0.11335038757328662,-0.004972379491929149,-1.3586605228483677,1.3068501949310303,0.05181032791733742,1833,1940,1945
fold_2,train,1997,exp016_static_strict_oof_proxy,recent,0.11832276706521577,0.12948207069864642,0.12109363202255913,0.0027708649573433553,nan,nan,0.06675936281681061,1913,1944,1945
fold_2,train,1997,exp016_static_strict_oof_proxy,random,0.11832276706521577,0.004740601777454247,0.10869398068025078,-0.00962878638496499,nan,nan,0.09401006251573563,516,1907,1945
fold_2,train,1998,exp016_static_strict_oof_proxy,retrieval,0.13201162937256006,0.06263360628391544,0.12723305732171902,-0.0047785720508410345,-1.4655008427798748,1.4068676233291626,0.058633219450712204,1416,1940,1945
fold_2,train,1998,exp016_static_strict_oof_proxy,recent,0.13201162937256006,0.1259117670874938,0.13364417845163293,0.0016325490790728703,nan,nan,0.06675936281681061,1913,1944,1945
fold_2,train,1998,exp016_static_strict_oof_proxy,random,0.13201162937256006,-0.0282713811015144,0.11804324848829656,-0.013968380884263498,nan,nan,0.08325447887182236,501,1927,1945
fold_2,train,1999,exp016_static_strict_oof_proxy,retrieval,0.1172787929566082,0.08669858047611677,0.11589258520446287,-0.0013862077521453325,-1.4188664332032204,1.3649561405181885,0.05391029268503189,1833,1943,1945
fold_2,train,1999,exp016_static_strict_oof_proxy,recent,0.1172787929566082,0.13165112629977305,0.12066405229149396,0.0033852593348857596,nan,nan,0.06675936281681061,1913,1944,1945
fold_2,train,1999,exp016_static_strict_oof_proxy,random,0.1172787929566082,0.01227937105584563,0.10859442363225698,-0.008684369324351224,nan,nan,0.0836062952876091,559,1909,1945
fold_2,train,2000,exp016_static_strict_oof_proxy,retrieval,0.21134270005284145,0.18744788578305435,0.2131468276168625,0.0018041275640210408,-1.9889650344848633,1.9229745864868164,0.06599044799804688,976,1942,1945
fold_2,train,2000,exp016_static_strict_oof_proxy,recent,0.21134270005284145,0.2455696495690972,0.2190715923248593,0.00772889227201784,nan,nan,0.06675936281681061,1913,1944,1945
fold_2,train,2000,exp016_static_strict_oof_proxy,random,0.21134270005284145,0.13429762743559676,0.20739879701044414,-0.0039439030423973065,nan,nan,0.11013022810220718,488,1920,1945
fold_2,train,2001,exp016_static_strict_oof_proxy,retrieval,0.17015671284276643,0.05639155281144219,0.16472240186979786,-0.005434310972968565,-18.296166226267815,18.19940757751465,0.0967586487531662,582,1572,1945
fold_2,train,2001,exp016_static_strict_oof_proxy,recent,0.17015671284276643,0.23241743663178122,0.18246030201037056,0.012303589167604129,nan,nan,0.06675936281681061,1913,1944,1945
fold_2,train,2001,exp016_static_strict_oof_proxy,random,0.17015671284276643,0.023995749820747914,0.16036305132264186,-0.009793661520124564,nan,nan,0.08410436660051346,513,1906,1945
fold_2,train,2002,exp016_static_strict_oof_proxy,retrieval,0.20643082324942758,0.12785855379173836,0.2037515385283934,-0.002679284721034181,-1.8327893614768982,1.7652437686920166,0.06754559278488159,1235,1940,1945
fold_2,train,2002,exp016_static_strict_oof_proxy,recent,0.20643082324942758,0.18729434913598839,0.21078274682101197,0.0043519235715843985,nan,nan,0.06675936281681061,1913,1944,1945
fold_2,train,2002,exp016_static_strict_oof_proxy,random,0.20643082324942758,0.05083381731956809,0.19691670994986973,-0.009514113299557841,nan,nan,0.08479376137256622,506,1932,1945
fold_2,train,2003,exp016_static_strict_oof_proxy,retrieval,0.14296304428209342,0.13341206135993633,0.144208109512224,0.001245065230130571,-4.743580907583237,4.664981365203857,0.07859954237937927,1238,1884,1945
fold_2,train,2003,exp016_static_strict_oof_proxy,recent,0.14296304428209342,0.1918959280811911,0.15161738961181256,0.008654345329719149,nan,nan,0.06675936281681061,1913,1944,1945
fold_2,train,2003,exp016_static_strict_oof_proxy,random,0.14296304428209342,-0.001608248938506681,0.1323688949767608,-0.010594149305332617,nan,nan,0.07099169492721558,497,1915,1945
fold_2,train,2004,exp016_static_strict_oof_proxy,retrieval,0.06292639374943637,-0.006090139056555713,0.05736154532047544,-0.0055648484289609335,-2.0902124866843224,2.0402796268463135,0.04993285983800888,1332,1940,1945
fold_2,train,2004,exp016_static_strict_oof_proxy,recent,0.06292639374943637,0.06745849035962123,0.0651652502195511,0.0022388564701147223,nan,nan,0.06675936281681061,1913,1944,1945
fold_2,train,2004,exp016_static_strict_oof_proxy,random,0.06292639374943637,-0.15315938971566118,0.042973201342180745,-0.019953192407255627,nan,nan,0.08367198705673218,545,1912,1945
fold_2,train,2005,exp016_static_strict_oof_proxy,retrieval,0.13769396907555553,0.1263081028889294,0.1397588033593761,0.0020648342838205658,-1.7009289488196373,1.6487703323364258,0.05215861648321152,1363,1940,1945
fold_2,train,2005,exp016_static_strict_oof_proxy,recent,0.13769396907555553,0.17814347379737283,0.14470677531177997,0.007012806236224439,nan,nan,0.06675936281681061,1913,1944,1945
fold_2,train,2005,exp016_static_strict_oof_proxy,random,0.13769396907555553,0.08970648289489454,0.1358115047763036,-0.0018824642992519292,nan,nan,0.09102176129817963,595,1943,1945
fold_2,train,2006,exp016_static_strict_oof_proxy,retrieval,0.11661038134513774,0.14367959128442712,0.12109475576477792,0.004484374419640183,-2.8676308766007423,2.79512095451355,0.07250992208719254,1138,1939,1945
fold_2,train,2006,exp016_static_strict_oof_proxy,recent,0.11661038134513774,0.2224288926562062,0.12955385233381383,0.012943470988676098,nan,nan,0.06675936281681061,1913,1944,1945
fold_2,train,2006,exp016_static_strict_oof_proxy,random,0.11661038134513774,0.13140622862636114,0.12035015034917353,0.0037397690040357895,nan,nan,0.09515375643968582,629,1933,1945
fold_2,train,2007,exp016_static_strict_oof_proxy,retrieval,0.1526427201798786,0.2600148831612598,0.16585366195580362,0.013210941775925023,-2.36361613124609,2.2943215370178223,0.06929459422826767,1386,1909,1945
fold_2,train,2007,exp016_static_strict_oof_proxy,recent,0.1526427201798786,0.2703909481376522,0.1669824823862639,0.014339762206385304,nan,nan,0.06675936281681061,1913,1944,1945
fold_2,train,2007,exp016_static_strict_oof_proxy,random,0.1526427201798786,0.13593802169397162,0.1530089430796496,0.0003662228997710071,nan,nan,0.07838673144578934,495,1923,1945
fold_2,train,2008,exp016_static_strict_oof_proxy,retrieval,0.0433121323743812,0.09853710919282528,0.04812896140743938,0.004816829033058176,-3.228344075381756,3.150789260864258,0.07755481451749802,1139,1934,1945
fold_2,train,2008,exp016_static_strict_oof_proxy,recent,0.0433121323743812,0.10134252551544015,0.04851085756227056,0.005198725187889358,nan,nan,0.06675936281681061,1913,1944,1945
fold_2,train,2008,exp016_static_strict_oof_proxy,random,0.0433121323743812,0.04723240507419354,0.04354320352898956,0.0002310711546083602,nan,nan,0.07722108066082001,495,1917,1945
fold_2,train,2009,exp016_static_strict_oof_proxy,retrieval,0.10944604971555054,0.09174101152612193,0.10766411631959649,-0.0017819333959540468,-2.396012745797634,2.322978973388672,0.07303377240896225,1139,1934,1945
fold_2,train,2009,exp016_static_strict_oof_proxy,recent,0.10944604971555054,0.12186652392007578,0.11030293648624724,0.000856886770696702,nan,nan,0.06675936281681061,1913,1944,1945
fold_2,train,2009,exp016_static_strict_oof_proxy,random,0.10944604971555054,0.08721258830710113,0.10788079769781282,-0.0015652520177377172,nan,nan,0.10633323341608047,553,1879,1945
fold_2,train,2010,exp016_static_strict_oof_proxy,retrieval,0.07542078489510301,0.14322438848219723,0.08076757514646117,0.0053467902513581606,-2.221982516348362,2.154275894165039,0.0677066221833229,976,1941,1945
fold_2,train,2010,exp016_static_strict_oof_proxy,recent,0.07542078489510301,0.14286919145350754,0.08102465087566295,0.005603865980559938,nan,nan,0.06675936281681061,1913,1944,1945
fold_2,train,2010,exp016_static_strict_oof_proxy,random,0.07542078489510301,0.15729187920517204,0.08222366855748812,0.006802883662385115,nan,nan,0.07948365062475204,529,1862,1945
fold_2,train,2011,exp016_static_strict_oof_proxy,retrieval,0.08949947123082849,0.06840009416794683,0.08768881035637759,-0.0018106608744509062,-4.206417463719845,4.112853050231934,0.09356441348791122,558,1939,1945
fold_2,train,2011,exp016_static_strict_oof_proxy,recent,0.08949947123082849,0.08388561953935188,0.08837238141457894,-0.0011270898162495518,nan,nan,0.06675936281681061,1913,1944,1945
fold_2,train,2011,exp016_static_strict_oof_proxy,random,0.08949947123082849,0.14507126318165192,0.09369071839011753,0.0041912471592890355,nan,nan,0.07907065749168396,491,1930,1945
fold_2,train,2012,exp016_static_strict_oof_proxy,retrieval,0.022674714931472086,0.0028943023879709627,0.01798883588300373,-0.004685879048468355,-2.7443918213248253,2.6644721031188965,0.0799197182059288,976,1942,1945
fold_2,train,2012,exp016_static_strict_oof_proxy,recent,0.022674714931472086,0.009035110147603442,0.018227208382294878,-0.0044475065491772076,nan,nan,0.06675936281681061,1913,1944,1945
fold_2,train,2012,exp016_static_strict_oof_proxy,random,0.022674714931472086,0.04529669450412784,0.02125843566442256,-0.0014162792670495243,nan,nan,0.07849504798650742,520,1876,1945
fold_2,train,2013,exp016_static_strict_oof_proxy,retrieval,0.03664838966054775,-0.0006849207003674495,0.03183278577185085,-0.004815603888696902,-2.8358003720641136,2.758671283721924,0.07712908834218979,558,1939,1945
fold_2,train,2013,exp016_static_strict_oof_proxy,recent,0.03664838966054775,0.05450835759400891,0.03834060491508969,0.00169221525454194,nan,nan,0.06675936281681061,1913,1944,1945
fold_2,train,2013,exp016_static_strict_oof_proxy,random,0.03664838966054775,0.06568957036367423,0.038210149896683795,0.0015617602361360436,nan,nan,0.07990168035030365,541,1943,1945
fold_2,train,2014,exp016_static_strict_oof_proxy,retrieval,0.053063075666775546,-0.020039160572040544,0.0461581993490242,-0.006904876317751343,-2.161234997212887,2.094644546508789,0.06659045070409775,976,1938,1945
fold_2,train,2014,exp016_static_strict_oof_proxy,recent,0.053063075666775546,-0.056356925991466404,0.04258078010747519,-0.010482295559300359,nan,nan,0.06675936281681061,1913,1944,1945
fold_2,train,2014,exp016_static_strict_oof_proxy,random,0.053063075666775546,-0.022328211869459023,0.046322147419043516,-0.0067409282477320295,nan,nan,0.07901357859373093,611,1913,1945
fold_2,train,2015,exp016_static_strict_oof_proxy,retrieval,0.02450914290059615,-0.09840004014466053,0.013117040236318366,-0.011392102664277785,-1.8004686087369919,1.729055404663086,0.07141320407390594,798,1943,1945
fold_2,train,2015,exp016_static_strict_oof_proxy,recent,0.02450914290059615,-0.16019708977451144,0.006347537586360786,-0.018161605314235364,nan,nan,0.06675936281681061,1913,1944,1945
fold_2,train,2015,exp016_static_strict_oof_proxy,random,0.02450914290059615,-0.03307068419659419,0.019608004223972082,-0.004901138676624069,nan,nan,0.08650503307580948,621,1927,1945
fold_2,train,2016,exp016_static_strict_oof_proxy,retrieval,0.007428378822167396,0.024532592263123737,0.009230373634696924,0.0018019948125295275,-6.417402036488056,6.324166297912598,0.09323573857545853,558,1939,1945
fold_2,train,2016,exp016_static_strict_oof_proxy,recent,0.007428378822167396,-0.2053436251238413,-0.013583643071990736,-0.021012021894158132,nan,nan,0.06675936281681061,1913,1944,1945
fold_2,train,2016,exp016_static_strict_oof_proxy,random,0.007428378822167396,-0.12550390914006843,-0.004550657967152296,-0.011979036789319691,nan,nan,0.09632538259029388,525,1932,1945
fold_2,train,2017,exp016_static_strict_oof_proxy,retrieval,0.07445751998441393,-0.040370605695917605,0.06451892485854861,-0.009938595125865313,-2.655564561486244,2.5752811431884766,0.08028341829776764,1010,1932,1945
fold_2,train,2017,exp016_static_strict_oof_proxy,recent,0.07445751998441393,-0.11498999912653941,0.058090747215641544,-0.01636677276877238,nan,nan,0.06675936281681061,1913,1944,1945
fold_2,train,2017,exp016_static_strict_oof_proxy,random,0.07445751998441393,-0.05311969884563493,0.0634292798243423,-0.011028240160071631,nan,nan,0.07016874849796295,488,1876,1945
fold_2,train,2018,exp016_static_strict_oof_proxy,retrieval,0.09690858987017821,0.03438135427164881,0.09348135571596118,-0.0034272341542170293,-1.7853318899869919,1.7166497707366943,0.06868211925029755,984,1944,1945
fold_2,train,2018,exp016_static_strict_oof_proxy,recent,0.09690858987017821,-0.043117407732220496,0.08625478270861553,-0.010653807161562681,nan,nan,0.06675936281681061,1913,1944,1945
fold_2,train,2018,exp016_static_strict_oof_proxy,random,0.09690858987017821,0.026600238261273806,0.0930171107773733,-0.003891479092804906,nan,nan,0.08579424023628235,581,1937,1945
fold_2,train,2019,exp016_static_strict_oof_proxy,retrieval,0.08344289241768534,0.04149666599676902,0.08198743683959207,-0.001455455578093262,-2.8657579198479652,2.7908544540405273,0.0749034658074379,519,1939,1945
fold_2,train,2019,exp016_static_strict_oof_proxy,recent,0.08344289241768534,0.04126162217120997,0.08241013872134942,-0.0010327536963359168,nan,nan,0.06675936281681061,1913,1944,1945
fold_2,train,2019,exp016_static_strict_oof_proxy,random,0.08344289241768534,0.0966412581665595,0.08724339475960279,0.00380050234191745,nan,nan,0.08147886395454407,548,1865,1945
fold_2,train,2020,exp016_static_strict_oof_proxy,retrieval,0.13123726435221647,0.12752053347351988,0.13331616141752536,0.0020788970653088934,-2.119510807096958,2.0491695404052734,0.07034126669168472,984,1944,1945
fold_2,train,2020,exp016_static_strict_oof_proxy,recent,0.13123726435221647,0.14263607686443286,0.13664906875554497,0.005411804403328502,nan,nan,0.06675936281681061,1913,1944,1945
fold_2,train,2020,exp016_static_strict_oof_proxy,random,0.13123726435221647,0.12959534878056622,0.13481545835498956,0.003578194002773094,nan,nan,0.07998912781476974,486,1872,1945
fold_2,train,2021,exp016_static_strict_oof_proxy,retrieval,0.16680871520913398,0.10314554049769735,0.1637032684164463,-0.003105446792687677,-2.039948157966137,1.9654841423034668,0.07446401566267014,984,1940,1945
fold_2,train,2021,exp016_static_strict_oof_proxy,recent,0.16680871520913398,0.0688693923463086,0.160631385022446,-0.006177330186687979,nan,nan,0.06675936281681061,1913,1944,1945
fold_2,train,2021,exp016_static_strict_oof_proxy,random,0.16680871520913398,0.0954823179804229,0.16318671633489837,-0.0036219988742356157,nan,nan,0.08423129469156265,536,1839,1945
fold_2,train,2022,exp016_static_strict_oof_proxy,retrieval,0.1769146123103722,0.12377573840917849,0.17474723802424774,-0.002167374286124457,-1.5346618965268135,1.4645423889160156,0.07011950761079788,984,1940,1945
fold_2,train,2022,exp016_static_strict_oof_proxy,recent,0.1769146123103722,0.12325354364635087,0.1745488746201484,-0.0023657376902238014,nan,nan,0.06675936281681061,1913,1944,1945
fold_2,train,2022,exp016_static_strict_oof_proxy,random,0.1769146123103722,0.1341048088851177,0.17573826460520148,-0.0011763477051707216,nan,nan,0.0863887220621109,546,1942,1945
fold_2,train,2023,exp016_static_strict_oof_proxy,retrieval,0.047086042018250486,0.04700714242019179,0.04687914657509703,-0.00020689544315345698,-2.3490762189030647,2.270867109298706,0.07820910960435867,976,1934,1945
fold_2,train,2023,exp016_static_strict_oof_proxy,recent,0.047086042018250486,0.028225503118301392,0.04439743944011711,-0.0026886025781333728,nan,nan,0.06675936281681061,1913,1944,1945
fold_2,train,2023,exp016_static_strict_oof_proxy,random,0.047086042018250486,0.05500462672638695,0.0479923735693893,0.0009063315511388115,nan,nan,0.09772543609142303,552,1852,1945
fold_2,train,2024,exp016_static_strict_oof_proxy,retrieval,-0.02272441588439973,-0.08031528586683451,-0.029359152396775934,-0.006634736512376206,-2.3813881054520607,2.305459976196289,0.07592812925577164,765,1942,1945
fold_2,train,2024,exp016_static_strict_oof_proxy,recent,-0.02272441588439973,-0.06560361221507777,-0.028824231567767117,-0.0060998156833673885,nan,nan,0.06675936281681061,1913,1944,1945
fold_2,train,2024,exp016_static_strict_oof_proxy,random,-0.02272441588439973,-0.07702692722283151,-0.029369669741203884,-0.006645253856804156,nan,nan,0.07988524436950684,486,1942,1945
fold_2,train,2025,exp016_static_strict_oof_proxy,retrieval,-0.0808886111144034,-0.0406836258834351,-0.07895826754883328,0.0019303435655701195,-3.186943121254444,3.106407403945923,0.08053571730852127,533,1930,1945
fold_2,train,2025,exp016_static_strict_oof_proxy,recent,-0.0808886111144034,-0.1603470582937313,-0.0931254374270243,-0.012236826312620894,nan,nan,0.06675936281681061,1913,1944,1945
fold_2,train,2025,exp016_static_strict_oof_proxy,random,-0.0808886111144034,-0.13347684859020856,-0.08921930528036683,-0.008330694165963423,nan,nan,0.0775863379240036,543,1935,1945
fold_2,train,2026,exp016_static_strict_oof_proxy,retrieval,-0.1375925262495025,-0.21528244648848377,-0.14945077630541984,-0.011858250055917341,-2.2191950380802155,2.1337647438049316,0.08543029427528381,1128,1932,1945
fold_2,train,2026,exp016_static_strict_oof_proxy,recent,-0.1375925262495025,-0.19527606644033615,-0.14992989728424924,-0.012337371034746747,nan,nan,0.06675936281681061,1913,1944,1945
fold_2,train,2026,exp016_static_strict_oof_proxy,random,-0.1375925262495025,-0.2021954684052767,-0.14908735471547171,-0.01149482846596922,nan,nan,0.09299167990684509,494,1808,1945
fold_2,train,2027,exp016_static_strict_oof_proxy,retrieval,-0.0707369316709369,-0.21372712231842625,-0.08758330017692195,-0.016846368505985046,-3.192204423248768,3.1069438457489014,0.08526057749986649,570,1942,1945
fold_2,train,2027,exp016_static_strict_oof_proxy,recent,-0.0707369316709369,-0.22130469320795018,-0.08894313405770984,-0.018206202386772938,nan,nan,0.06675936281681061,1913,1944,1945
fold_2,train,2027,exp016_static_strict_oof_proxy,random,-0.0707369316709369,-0.18616279453703227,-0.08466087924220153,-0.013923947571264625,nan,nan,0.07561378926038742,495,1939,1945
fold_2,train,2028,exp016_static_strict_oof_proxy,retrieval,0.15417621332516074,0.11842460930160266,0.15381367957630077,-0.00036253374885997225,-3.446447804570198,3.366131544113159,0.08031626045703888,533,1930,1945
fold_2,train,2028,exp016_static_strict_oof_proxy,recent,0.15417621332516074,-0.03785793454211401,0.14217778694798483,-0.011998426377175908,nan,nan,0.06675936281681061,1913,1944,1945
fold_2,train,2028,exp016_static_strict_oof_proxy,random,0.15417621332516074,0.018094325081536394,0.14549325881254646,-0.008682954512614277,nan,nan,0.07988946884870529,557,1920,1945
fold_2,train,2029,exp016_static_strict_oof_proxy,retrieval,0.2091400239972588,0.13243355636985346,0.20750249399071713,-0.001637530006541682,-1.8429035246372223,1.7660377025604248,0.07686582207679749,778,1935,1945
fold_2,train,2029,exp016_static_strict_oof_proxy,recent,0.2091400239972588,0.10934675329655329,0.20665362992900563,-0.0024863940682531838,nan,nan,0.06675936281681061,1913,1944,1945
fold_2,train,2029,exp016_static_strict_oof_proxy,random,0.2091400239972588,0.1715526348038898,0.20957120684708355,0.00043118284982474053,nan,nan,0.08461166173219681,505,1931,1945
fold_2,train,2030,exp016_static_strict_oof_proxy,retrieval,0.10375614283883586,0.04677051627784293,0.09988204065044769,-0.0038741021883881704,-2.9074101746082306,2.825838565826416,0.08157160878181458,962,1934,1945
fold_2,train,2030,exp016_static_strict_oof_proxy,recent,0.10375614283883586,0.14992279598496797,0.11124313300753517,0.007486990168699317,nan,nan,0.06675936281681061,1913,1944,1945
fold_2,train,2030,exp016_static_strict_oof_proxy,random,0.10375614283883586,0.11819969745785919,0.10795866964998291,0.00420252681114705,nan,nan,0.08284451812505722,534,1878,1945
fold_2,train,2031,exp016_static_strict_oof_proxy,retrieval,0.08953063846966197,0.3416088782038034,0.11593020341716255,0.02639956494750058,-2.5495751202106476,2.4622864723205566,0.08728864789009094,518,1813,1945
fold_2,train,2031,exp016_static_strict_oof_proxy,recent,0.08953063846966197,0.336034760523798,0.11522112007512947,0.025690481605467497,nan,nan,0.06675936281681061,1913,1944,1945
fold_2,train,2031,exp016_static_strict_oof_proxy,random,0.08953063846966197,0.29479723156605636,0.1105943857655907,0.021063747295928734,nan,nan,0.09689587354660034,519,1937,1945
fold_2,train,2032,exp016_static_strict_oof_proxy,retrieval,0.07075530435474302,0.13244993232386856,0.07681867847621084,0.006063374121467818,-1.774478018283844,1.7077698707580566,0.06670814752578735,980,1933,1945
fold_2,train,2032,exp016_static_strict_oof_proxy,recent,0.07075530435474302,0.17457372870061275,0.08072482300296667,0.009969518648223652,nan,nan,0.06675936281681061,1913,1944,1945
fold_2,train,2032,exp016_static_strict_oof_proxy,random,0.07075530435474302,0.10025429027407257,0.07362414435129529,0.0028688399965522693,nan,nan,0.07781048864126205,511,1941,1945
fold_2,train,2033,exp016_static_strict_oof_proxy,retrieval,-0.012663966239372793,0.07303659784923015,-0.00611235041733311,0.006551615822039683,-2.7826614901423454,2.702953338623047,0.07970815151929855,770,1942,1945
fold_2,train,2033,exp016_static_strict_oof_proxy,recent,-0.012663966239372793,0.1725213134168215,0.0045008092633046955,0.01716477550267749,nan,nan,0.06675936281681061,1913,1944,1945
fold_2,train,2033,exp016_static_strict_oof_proxy,random,-0.012663966239372793,0.08295550696702707,-0.005559752863112949,0.007104213376259844,nan,nan,0.07328574359416962,544,1943,1945
fold_2,train,2034,exp016_static_strict_oof_proxy,retrieval,-0.0049316851300201135,0.09268243703147053,0.0038689712521018252,0.008800656382121939,-1.8441603630781174,1.7653898000717163,0.07877056300640106,798,1943,1945
fold_2,train,2034,exp016_static_strict_oof_proxy,recent,-0.0049316851300201135,0.1799368072954205,0.01191436767395936,0.016846052803979474,nan,nan,0.06675936281681061,1913,1944,1945
fold_2,train,2034,exp016_static_strict_oof_proxy,random,-0.0049316851300201135,0.05058501538545481,-0.0005421884971173461,0.004389496632902767,nan,nan,0.09298557788133621,504,1938,1945
fold_2,train,2035,exp016_static_strict_oof_proxy,retrieval,-0.08421612367688534,-0.1083822785764531,-0.08851675657896543,-0.00430063290208009,-2.7707175612449646,2.6895813941955566,0.08113616704940796,976,1938,1945
fold_2,train,2035,exp016_static_strict_oof_proxy,recent,-0.08421612367688534,0.08284554648777397,-0.07130619087969851,0.01290993279718683,nan,nan,0.06675936281681061,1913,1944,1945
fold_2,train,2035,exp016_static_strict_oof_proxy,random,-0.08421612367688534,0.0362281753640189,-0.07553757728850534,0.008678546388380004,nan,nan,0.09626468271017075,560,1942,1945
fold_2,train,2036,exp016_static_strict_oof_proxy,retrieval,-0.08139156496371643,-0.1327838668631746,-0.0882627559435353,-0.006871190979818878,-3.9602303355932236,3.88253116607666,0.07769916951656342,533,1929,1945
fold_2,train,2036,exp016_static_strict_oof_proxy,recent,-0.08139156496371643,0.19226005181773015,-0.05794451962503301,0.023447045338683414,nan,nan,0.06675936281681061,1913,1944,1945
fold_2,train,2036,exp016_static_strict_oof_proxy,random,-0.08139156496371643,0.05100074287331537,-0.07016867131788143,0.011222893645834994,nan,nan,0.08949333429336548,494,1942,1945
fold_2,train,2037,exp016_static_strict_oof_proxy,retrieval,0.0011747496701526787,-0.047372985779300346,-0.00435020410880098,-0.005524953778953659,-4.120269551873207,4.029666900634766,0.09060265123844147,582,1930,1945
fold_2,train,2037,exp016_static_strict_oof_proxy,recent,0.0011747496701526787,0.12082459162862985,0.012498896335725315,0.011324146665572635,nan,nan,0.06675936281681061,1913,1944,1945
fold_2,train,2037,exp016_static_strict_oof_proxy,random,0.0011747496701526787,0.1255701512122721,0.013604016338880042,0.012429266668727363,nan,nan,0.07947538048028946,543,1839,1945
fold_2,train,2038,exp016_static_strict_oof_proxy,retrieval,0.042802613109969495,0.10533638480043932,0.04744531936291143,0.004642706252941935,-2.6225149407982826,2.539364814758301,0.08315012603998184,513,1824,1945
fold_2,train,2038,exp016_static_strict_oof_proxy,recent,0.042802613109969495,0.09995617517024238,0.04771922546929844,0.004916612359328942,nan,nan,0.06675936281681061,1913,1944,1945
fold_2,train,2038,exp016_static_strict_oof_proxy,random,0.042802613109969495,0.1282236588351181,0.049698965598911515,0.00689635248894202,nan,nan,0.1081668809056282,490,1846,1945
fold_2,train,2039,exp016_static_strict_oof_proxy,retrieval,0.018807057512873444,0.017780761326421955,0.018536164057151038,-0.0002708934557224055,-1.8017206490039825,1.7212903499603271,0.0804302990436554,794,1933,1945
fold_2,train,2039,exp016_static_strict_oof_proxy,recent,0.018807057512873444,0.04491178960968789,0.02076891764651891,0.0019618601336454655,nan,nan,0.06675936281681061,1913,1944,1945
fold_2,train,2039,exp016_static_strict_oof_proxy,random,0.018807057512873444,0.0019091197605826428,0.01647158462173389,-0.0023354728911395527,nan,nan,0.08510728180408478,487,1923,1945
fold_2,train,2040,exp016_static_strict_oof_proxy,retrieval,0.05786302596083721,-0.03980126273511884,0.0494102701127219,-0.008452755848115306,-4.264316707849503,4.180118083953857,0.08419862389564514,534,1907,1945
fold_2,train,2040,exp016_static_strict_oof_proxy,recent,0.05786302596083721,-0.07842099681224313,0.04565823936178936,-0.012204786599047848,nan,nan,0.06675936281681061,1913,1944,1945
fold_2,train,2040,exp016_static_strict_oof_proxy,random,0.05786302596083721,-0.07528142877736473,0.046098465185458216,-0.01176456077537899,nan,nan,0.08807402104139328,515,1938,1945
fold_2,train,2041,exp016_static_strict_oof_proxy,retrieval,0.25808287081930076,0.28065235910290376,0.2659708401563015,0.007887969337000755,-3.334694914519787,3.251295328140259,0.08339958637952805,782,1879,1945
fold_2,train,2041,exp016_static_strict_oof_proxy,recent,0.25808287081930076,-0.08752379554775609,0.23352819974413838,-0.024554671075162376,nan,nan,0.06675936281681061,1913,1944,1945
fold_2,train,2041,exp016_static_strict_oof_proxy,random,0.25808287081930076,0.08097514340156435,0.2475251194345255,-0.010557751384775271,nan,nan,0.08144141733646393,642,1930,1945
fold_2,train,2042,exp016_static_strict_oof_proxy,retrieval,0.07423825494210463,-0.004639418618855463,0.06730209130222865,-0.006936163639875981,-2.6253121495246887,2.5299806594848633,0.09533149003982544,735,1792,1945
fold_2,train,2042,exp016_static_strict_oof_proxy,recent,0.07423825494210463,-0.013804126959299888,0.06655817409078921,-0.007680080851315427,nan,nan,0.06675936281681061,1913,1944,1945
fold_2,train,2042,exp016_static_strict_oof_proxy,random,0.07423825494210463,0.031185776103066668,0.07138685425675771,-0.002851400685346922,nan,nan,0.08180675655603409,494,1882,1945
fold_2,train,2043,exp016_static_strict_oof_proxy,retrieval,0.08154219119497376,0.009240732914317276,0.07546515592310747,-0.006077035271866288,-1.918499119579792,1.8371365070343018,0.08136261254549026,794,1793,1945
fold_2,train,2043,exp016_static_strict_oof_proxy,recent,0.08154219119497376,0.011972604692810808,0.07575488378416968,-0.005787307410804077,nan,nan,0.06675936281681061,1913,1944,1945
fold_2,train,2043,exp016_static_strict_oof_proxy,random,0.08154219119497376,0.03277423596988704,0.07741409823229753,-0.00412809296267623,nan,nan,0.08276716619729996,512,1943,1945
fold_2,train,2044,exp016_static_strict_oof_proxy,retrieval,0.10763673549934537,0.031353898266346554,0.10203862328665506,-0.005598112212690312,-1.6841242387890816,1.6043702363967896,0.07975400239229202,974,1373,1945
fold_2,train,2044,exp016_static_strict_oof_proxy,recent,0.10763673549934537,-0.000227431827057246,0.09971891237480648,-0.007917823124538884,nan,nan,0.06675936281681061,1913,1944,1945
fold_2,train,2044,exp016_static_strict_oof_proxy,random,0.10763673549934537,0.02657122591282198,0.10135550221959272,-0.006281233279752649,nan,nan,0.0833715945482254,493,1935,1945
fold_2,train,2045,exp016_static_strict_oof_proxy,retrieval,0.17608880882919567,0.08797495272303645,0.17120308651988542,-0.004885722309310253,-2.281608983874321,2.2137951850891113,0.06781379878520966,751,1902,1945
fold_2,train,2045,exp016_static_strict_oof_proxy,recent,0.17608880882919567,0.08576384892558726,0.17161732794381132,-0.004471480885384349,nan,nan,0.06675936281681061,1913,1944,1945
fold_2,train,2045,exp016_static_strict_oof_proxy,random,0.17608880882919567,0.1329781621091407,0.1757388571888139,-0.00034995164038176263,nan,nan,0.09885355830192566,493,1900,1945
fold_2,train,2046,exp016_static_strict_oof_proxy,retrieval,0.20238726593602127,0.06499342773309563,0.1941394856867129,-0.008247780249308362,-1.7074584513902664,1.6442205905914307,0.06323786079883575,984,1940,1945
fold_2,train,2046,exp016_static_strict_oof_proxy,recent,0.20238726593602127,0.0264167233048855,0.1901509245568004,-0.01223634137922086,nan,nan,0.06675936281681061,1913,1944,1945
fold_2,train,2046,exp016_static_strict_oof_proxy,random,0.20238726593602127,0.09131334582194986,0.19594429059367352,-0.006442975342347751,nan,nan,0.07657789438962936,495,1897,1945
fold_2,train,2047,exp016_static_strict_oof_proxy,retrieval,0.207564321761347,0.07542484350961376,0.20062998188181783,-0.006934339879529183,-1.7693386301398277,1.6892753839492798,0.08006324619054794,794,1937,1945
fold_2,train,2047,exp016_static_strict_oof_proxy,recent,0.207564321761347,0.01683768477833905,0.19624105247613804,-0.011323269285208964,nan,nan,0.06675936281681061,1913,1944,1945
fold_2,train,2047,exp016_static_strict_oof_proxy,random,0.207564321761347,0.05849198285945589,0.19937342483683845,-0.008190896924508556,nan,nan,0.08821626007556915,512,1921,1945
fold_2,train,2048,exp016_static_strict_oof_proxy,retrieval,0.32286823466892556,0.30095969320480365,0.3292381584978677,0.006369923828942137,-2.3163333386182785,2.235029458999634,0.08130387961864471,976,1938,1945
fold_2,train,2048,exp016_static_strict_oof_proxy,recent,0.32286823466892556,0.08539097615672007,0.3122717917653576,-0.010596442903567982,nan,nan,0.06675936281681061,1913,1944,1945
fold_2,train,2048,exp016_static_strict_oof_proxy,random,0.32286823466892556,0.2461736323355332,0.32415629469132856,0.0012880600224030037,nan,nan,0.06997153162956238,525,1938,1945
fold_2,train,2049,exp016_static_strict_oof_proxy,retrieval,0.24302326245346556,0.07822903314017499,0.23306118936163386,-0.009962073091831697,-1.9288925155997276,1.8570795059204102,0.07181300967931747,989,1933,1945
fold_2,train,2049,exp016_static_strict_oof_proxy,recent,0.24302326245346556,0.06055035679544772,0.23363398641199243,-0.009389276041473132,nan,nan,0.06675936281681061,1913,1944,1945
fold_2,train,2049,exp016_static_strict_oof_proxy,random,0.24302326245346556,0.0614617481333211,0.23292245336149642,-0.010100809091969143,nan,nan,0.08550255000591278,602,1944,1945
fold_2,train,2050,exp016_static_strict_oof_proxy,retrieval,0.16634452502112423,0.05950633366655345,0.15976075971133818,-0.006583765309786049,-1.7567705363035202,1.6956441402435303,0.06112639605998993,984,1940,1945
fold_2,train,2050,exp016_static_strict_oof_proxy,recent,0.16634452502112423,0.11086785704127085,0.16564792575288756,-0.0006965992682366751,nan,nan,0.06675936281681061,1913,1944,1945
fold_2,train,2050,exp016_static_strict_oof_proxy,random,0.16634452502112423,0.045653764562248185,0.15807473766299054,-0.00826978735813369,nan,nan,0.07882963120937347,564,1925,1945
fold_2,train,2051,exp016_static_strict_oof_proxy,retrieval,0.15839130963678252,0.17106865076608022,0.1629253063890869,0.00453399675230437,-1.9343591332435608,1.8701612949371338,0.064197838306427,1011,1944,1945
fold_2,train,2051,exp016_static_strict_oof_proxy,recent,0.15839130963678252,0.21338529416255997,0.16859366325515157,0.010202353618369048,nan,nan,0.06675936281681061,1913,1944,1945
fold_2,train,2051,exp016_static_strict_oof_proxy,random,0.15839130963678252,0.2050285315179607,0.16819702308612539,0.009805713449342862,nan,nan,0.08757441490888596,486,1917,1945
fold_2,train,2052,exp016_static_strict_oof_proxy,retrieval,0.07914602373053604,0.10198865068122924,0.08180827577247066,0.0026622520419346124,-2.252374518662691,2.194605827331543,0.05776869133114815,984,1940,1945
fold_2,train,2052,exp016_static_strict_oof_proxy,recent,0.07914602373053604,0.1637905686531993,0.08807266173046761,0.00892663799993157,nan,nan,0.06675936281681061,1913,1944,1945
fold_2,train,2052,exp016_static_strict_oof_proxy,random,0.07914602373053604,0.11597957648366287,0.08304729599607409,0.003901272265538047,nan,nan,0.09472288936376572,505,1934,1945
fold_2,train,2053,exp016_static_strict_oof_proxy,retrieval,0.09851272540518036,0.06264930543940515,0.09556934481011435,-0.002943380595066006,-1.749215692281723,1.690328598022461,0.058887094259262085,984,1944,1945
fold_2,train,2053,exp016_static_strict_oof_proxy,recent,0.09851272540518036,0.15190051889284248,0.10444024390160773,0.005927518496427378,nan,nan,0.06675936281681061,1913,1944,1945
fold_2,train,2053,exp016_static_strict_oof_proxy,random,0.09851272540518036,-0.036008217585479875,0.08672070164502602,-0.011792023760154341,nan,nan,0.08140752464532852,574,1865,1945
fold_2,train,2054,exp016_static_strict_oof_proxy,retrieval,0.128031016454665,0.12259864167239862,0.1291474871649169,0.0011164707102518934,-1.8380828946828842,1.7745556831359863,0.06352721154689789,1066,1944,1945
fold_2,train,2054,exp016_static_strict_oof_proxy,recent,0.128031016454665,0.1727421442173933,0.1340638975239364,0.006032881069271412,nan,nan,0.06675936281681061,1913,1944,1945
fold_2,train,2054,exp016_static_strict_oof_proxy,random,0.128031016454665,0.018441853331265065,0.11958008295725053,-0.008450933497414465,nan,nan,0.08535155653953552,505,1932,1945
fold_2,train,2055,exp016_static_strict_oof_proxy,retrieval,0.09459948100683771,0.13429448160159155,0.09910752536343521,0.004508044356597504,-2.0229363329708576,1.9627890586853027,0.060147274285554886,1066,1943,1945
fold_2,train,2055,exp016_static_strict_oof_proxy,recent,0.09459948100683771,0.17838472751945,0.10415619999758947,0.009556718990751764,nan,nan,0.06675936281681061,1913,1944,1945
fold_2,train,2055,exp016_static_strict_oof_proxy,random,0.09459948100683771,0.1507658306472303,0.1011276105223409,0.006528129515503189,nan,nan,0.0928378477692604,520,1923,1945
fold_2,train,2056,exp016_static_strict_oof_proxy,retrieval,0.08577347219198883,0.0786077286086427,0.08623668063685896,0.00046320844487013346,-4.976603612303734,4.894330978393555,0.08227263391017914,570,1942,1945
fold_2,train,2056,exp016_static_strict_oof_proxy,recent,0.08577347219198883,0.1401451625431955,0.09251303627680389,0.006739564084815061,nan,nan,0.06675936281681061,1913,1944,1945
fold_2,train,2056,exp016_static_strict_oof_proxy,random,0.08577347219198883,0.1497605772849711,0.09370313830365382,0.007929666111664985,nan,nan,0.08724164217710495,487,1940,1945
fold_2,train,2057,exp016_static_strict_oof_proxy,retrieval,0.22957618183172518,0.17459087801337234,0.2299777787728405,0.0004015969411153286,-2.3584495708346367,2.2894577980041504,0.0689917728304863,514,1938,1945
fold_2,train,2057,exp016_static_strict_oof_proxy,recent,0.22957618183172518,0.1517264636352165,0.22895485912995994,-0.0006213227017652367,nan,nan,0.06675936281681061,1913,1944,1945
fold_2,train,2057,exp016_static_strict_oof_proxy,random,0.22957618183172518,0.17143799348359695,0.22910661946863609,-0.00046956236308909327,nan,nan,0.07609520852565765,511,1916,1945
fold_2,train,2058,exp016_static_strict_oof_proxy,retrieval,0.21628946225997292,0.12438707945509392,0.2119709671647063,-0.0043184950952666334,-1.6287955567240715,1.5622438192367554,0.06655173748731613,1011,1944,1945
fold_2,train,2058,exp016_static_strict_oof_proxy,recent,0.21628946225997292,0.13224054018845635,0.21406302967366092,-0.0022264325863119994,nan,nan,0.06675936281681061,1913,1944,1945
fold_2,train,2058,exp016_static_strict_oof_proxy,random,0.21628946225997292,0.0989879067391964,0.2107967453194943,-0.00549271694047862,nan,nan,0.08843863755464554,501,1898,1945
fold_2,train,2059,exp016_static_strict_oof_proxy,retrieval,0.23458288434022367,0.16164916949417982,0.2330666416708672,-0.0015162426693564879,-1.6210908591747284,1.5664119720458984,0.054678887128829956,1066,1940,1945
fold_2,train,2059,exp016_static_strict_oof_proxy,recent,0.23458288434022367,0.13602751181922915,0.2318139005818938,-0.0027689837583298738,nan,nan,0.06675936281681061,1913,1944,1945
fold_2,train,2059,exp016_static_strict_oof_proxy,random,0.23458288434022367,0.19102960286351606,0.23623122724573997,0.001648342905516298,nan,nan,0.07692033052444458,560,1903,1945
fold_2,train,2060,exp016_static_strict_oof_proxy,retrieval,0.17802049052837732,0.0710083442301949,0.17147920437804626,-0.00654128615033106,-2.095468558371067,2.0287160873413086,0.06675247102975845,976,1943,1945
fold_2,train,2060,exp016_static_strict_oof_proxy,recent,0.17802049052837732,0.016697811656042665,0.16744232387886085,-0.010578166649516468,nan,nan,0.06675936281681061,1913,1944,1945
fold_2,train,2060,exp016_static_strict_oof_proxy,random,0.17802049052837732,0.057263249949051076,0.1708266452214382,-0.007193845306939117,nan,nan,0.08332696557044983,526,1897,1945
fold_2,train,2061,exp016_static_strict_oof_proxy,retrieval,0.16851159162450904,0.08206633213784395,0.16450859739066312,-0.0040029942338459246,-1.9898292422294617,1.9268474578857422,0.06298178434371948,1001,1944,1945
fold_2,train,2061,exp016_static_strict_oof_proxy,recent,0.16851159162450904,0.02973233265895285,0.16043653340192018,-0.00807505822258886,nan,nan,0.06675936281681061,1913,1944,1945
fold_2,train,2061,exp016_static_strict_oof_proxy,random,0.16851159162450904,0.07298191957319572,0.16432447834754652,-0.0041871132769625286,nan,nan,0.07752277702093124,511,1893,1945
fold_2,train,2062,exp016_static_strict_oof_proxy,retrieval,0.12971264925802062,0.05812081426770066,0.1251698277411651,-0.004542821516855505,-1.9193809181451797,1.8561630249023438,0.063217893242836,1023,1943,1945
fold_2,train,2062,exp016_static_strict_oof_proxy,recent,0.12971264925802062,0.04981170933656774,0.12540771473637344,-0.00430493452164718,nan,nan,0.06675936281681061,1913,1944,1945
fold_2,train,2062,exp016_static_strict_oof_proxy,random,0.12971264925802062,0.04061883686239789,0.12379307007164397,-0.0059195791863766445,nan,nan,0.0829414501786232,513,1819,1945
fold_2,train,2063,exp016_static_strict_oof_proxy,retrieval,0.03182541196480677,0.03657463609310866,0.0331243690076469,0.0012989570428401306,-1.7507235705852509,1.6940133571624756,0.05671021342277527,1066,1944,1945
fold_2,train,2063,exp016_static_strict_oof_proxy,recent,0.03182541196480677,0.07105241957302291,0.03681436732715587,0.004988955362349105,nan,nan,0.06675936281681061,1913,1944,1945
fold_2,train,2063,exp016_static_strict_oof_proxy,random,0.03182541196480677,-0.004942254450059515,0.02901289961311872,-0.0028125123516880464,nan,nan,0.07758123427629471,489,1897,1945
fold_2,train,2064,exp016_static_strict_oof_proxy,retrieval,0.09367606503898457,0.079876827983787,0.09339127358784356,-0.000284791451141006,-2.014311835169792,1.9550256729125977,0.05928616225719452,1275,1943,1945
fold_2,train,2064,exp016_static_strict_oof_proxy,recent,0.09367606503898457,0.12208279716262818,0.09851550206244919,0.004839437023464621,nan,nan,0.06675936281681061,1913,1944,1945
fold_2,train,2064,exp016_static_strict_oof_proxy,random,0.09367606503898457,-0.01842387304522711,0.08437031256836565,-0.00930575247061892,nan,nan,0.0753062516450882,535,1934,1945
fold_2,train,2065,exp016_static_strict_oof_proxy,retrieval,0.10292652845878797,0.07790029595488028,0.10191448875179689,-0.001012039706991083,-1.9036520645022392,1.8478294610977173,0.05582260340452194,772,1940,1945
fold_2,train,2065,exp016_static_strict_oof_proxy,recent,0.10292652845878797,0.13188440845934407,0.10798029847800444,0.005053770019216475,nan,nan,0.06675936281681061,1913,1944,1945
fold_2,train,2065,exp016_static_strict_oof_proxy,random,0.10292652845878797,0.062180314514400606,0.10057094895571624,-0.0023555795030717336,nan,nan,0.07783226668834686,588,1933,1945
fold_2,train,2066,exp016_static_strict_oof_proxy,retrieval,0.06496114321802812,0.029584344856911717,0.06244307905540172,-0.002518064162626399,-1.6754255183041096,1.6143629550933838,0.061062563210725784,1275,1941,1945
fold_2,train,2066,exp016_static_strict_oof_proxy,recent,0.06496114321802812,0.13253052139461888,0.07295700732604239,0.00799586410801427,nan,nan,0.06675936281681061,1913,1944,1945
fold_2,train,2066,exp016_static_strict_oof_proxy,random,0.06496114321802812,0.008896673660996487,0.060193012573414396,-0.004768130644613726,nan,nan,0.08245690166950226,486,1818,1945
fold_2,train,2067,exp016_static_strict_oof_proxy,retrieval,0.07346263618708672,0.1331542531888435,0.08099554688355463,0.007532910696467915,-1.987573977559805,1.9328398704528809,0.05473410710692406,1853,1943,1945
fold_2,train,2067,exp016_static_strict_oof_proxy,recent,0.07346263618708672,0.16243978212299218,0.08410321470877982,0.010640578521693103,nan,nan,0.06675936281681061,1913,1944,1945
fold_2,train,2067,exp016_static_strict_oof_proxy,random,0.07346263618708672,0.057980502227668,0.07383850111624665,0.0003758649291599331,nan,nan,0.09554389119148254,516,1906,1945
fold_2,train,2068,exp016_static_strict_oof_proxy,retrieval,0.04041131331905611,0.0076631060243764265,0.037900176868718854,-0.0025111364503372577,-1.897800624370575,1.8297100067138672,0.06809061765670776,976,1940,1945
fold_2,train,2068,exp016_static_strict_oof_proxy,recent,0.04041131331905611,0.12853604609344832,0.05014459747168942,0.00973328415263331,nan,nan,0.06675936281681061,1913,1944,1945
fold_2,train,2068,exp016_static_strict_oof_proxy,random,0.04041131331905611,0.05096531355798228,0.0418721916028833,0.0014608782838271897,nan,nan,0.08061841130256653,511,1934,1945
fold_2,train,2069,exp016_static_strict_oof_proxy,retrieval,0.006156232783552978,-0.03828718068863879,0.00043199764136323996,-0.005724235142189738,-2.7867900282144547,2.7105565071105957,0.07623352110385895,976,1942,1945
fold_2,train,2069,exp016_static_strict_oof_proxy,recent,0.006156232783552978,0.10019651679956784,0.01284539285229032,0.006689160068737343,nan,nan,0.06675936281681061,1913,1944,1945
fold_2,train,2069,exp016_static_strict_oof_proxy,random,0.006156232783552978,-0.07476909516033374,-0.0034359448127711852,-0.009592177596324164,nan,nan,0.08383156359195709,518,1931,1945
fold_2,train,2070,exp016_static_strict_oof_proxy,retrieval,0.0034091390104844647,-0.057539260308274304,-0.003229760391706174,-0.006638899402190639,-2.2901599928736687,2.223389148712158,0.06677084416151047,514,1938,1945
fold_2,train,2070,exp016_static_strict_oof_proxy,recent,0.0034091390104844647,0.14881477115738168,0.016305755669226915,0.01289661665874245,nan,nan,0.06675936281681061,1913,1944,1945
fold_2,train,2070,exp016_static_strict_oof_proxy,random,0.0034091390104844647,0.07760532532243467,0.009142391591298045,0.005733252580813581,nan,nan,0.0768655315041542,528,1922,1945
fold_2,train,2071,exp016_static_strict_oof_proxy,retrieval,-0.025241401731248583,-0.1358326709206525,-0.037264454822975565,-0.012023053091726982,-1.9646835625171661,1.8980813026428223,0.06660225987434387,1066,1942,1945
fold_2,train,2071,exp016_static_strict_oof_proxy,recent,-0.025241401731248583,0.00589672960795449,-0.023406959311676717,0.0018344424195718655,nan,nan,0.06675936281681061,1913,1944,1945
fold_2,train,2071,exp016_static_strict_oof_proxy,random,-0.025241401731248583,-0.20193570708945485,-0.043814114146905954,-0.01857271241565737,nan,nan,0.09139715135097504,591,1940,1945
fold_2,train,2072,exp016_static_strict_oof_proxy,retrieval,-0.1304438199037321,-0.14998855672969044,-0.13511160755420798,-0.004667787650475874,-2.860376924276352,2.7927937507629395,0.06758317351341248,976,1943,1945
fold_2,train,2072,exp016_static_strict_oof_proxy,recent,-0.1304438199037321,-0.0630245819718233,-0.12722681979779096,0.0032170001059411424,nan,nan,0.06675936281681061,1913,1944,1945
fold_2,train,2072,exp016_static_strict_oof_proxy,random,-0.1304438199037321,-0.2811828516174733,-0.14904607830014566,-0.01860225839641355,nan,nan,0.07456371188163757,571,1885,1945
fold_2,train,2073,exp016_static_strict_oof_proxy,retrieval,-0.04128904089571839,-0.07063736679523025,-0.04607445600036464,-0.004785415104646251,-12.374010667204857,12.285507202148438,0.08850346505641937,582,1841,1945
fold_2,train,2073,exp016_static_strict_oof_proxy,recent,-0.04128904089571839,0.046996504152057944,-0.03523872527863218,0.006050315617086209,nan,nan,0.06675936281681061,1913,1944,1945
fold_2,train,2073,exp016_static_strict_oof_proxy,random,-0.04128904089571839,-0.11986000571573018,-0.05135632340529668,-0.010067282509578293,nan,nan,0.07861163467168808,596,1889,1945
fold_2,train,2074,exp016_static_strict_oof_proxy,retrieval,0.035573501740102674,-0.02740056351340238,0.02951939361433514,-0.006054108125767534,-2.538190610706806,2.4527435302734375,0.08544708043336868,795,1932,1945
fold_2,train,2074,exp016_static_strict_oof_proxy,recent,0.035573501740102674,0.11799371727415774,0.04509375607843492,0.009520254338332243,nan,nan,0.06675936281681061,1913,1944,1945
fold_2,train,2074,exp016_static_strict_oof_proxy,random,0.035573501740102674,0.030166457094255052,0.03572564529010166,0.00015214354999898427,nan,nan,0.07883258163928986,535,1822,1945
fold_2,train,2075,exp016_static_strict_oof_proxy,retrieval,0.1270388564008871,0.03294247492868492,0.12038421415763548,-0.0066546422432516295,-1.7955348417162895,1.7157137393951416,0.07982110232114792,799,1933,1945
fold_2,train,2075,exp016_static_strict_oof_proxy,recent,0.1270388564008871,0.14920219912095808,0.13286460513049117,0.005825748729604063,nan,nan,0.06675936281681061,1913,1944,1945
fold_2,train,2075,exp016_static_strict_oof_proxy,random,0.1270388564008871,0.040088108710120265,0.12137876996850505,-0.0056600864323820554,nan,nan,0.08954697847366333,512,1906,1945
fold_2,train,2076,exp016_static_strict_oof_proxy,retrieval,0.2605961499460194,0.14811956765745826,0.253675211319726,-0.006920938626293394,-1.7566330209374428,1.6914047002792358,0.06522832065820694,1011,1944,1945
fold_2,train,2076,exp016_static_strict_oof_proxy,recent,0.2605961499460194,0.11947385183741918,0.25318490237849045,-0.0074112475675289224,nan,nan,0.06675936281681061,1913,1944,1945
fold_2,train,2076,exp016_static_strict_oof_proxy,random,0.2605961499460194,0.14079484170666332,0.254733168625872,-0.005862981320147398,nan,nan,0.0637439712882042,511,1929,1945
fold_2,train,2077,exp016_static_strict_oof_proxy,retrieval,0.1797575729826569,0.11741423519561436,0.1767328480396333,-0.00302472494302361,-1.9911449700593948,1.9127825498580933,0.07836242020130157,984,1941,1945
fold_2,train,2077,exp016_static_strict_oof_proxy,recent,0.1797575729826569,0.026047961251479266,0.16927118303022406,-0.01048638995243284,nan,nan,0.06675936281681061,1913,1944,1945
fold_2,train,2077,exp016_static_strict_oof_proxy,random,0.1797575729826569,0.13724828462283026,0.17934684639440673,-0.00041072658825017094,nan,nan,0.08012357354164124,490,1819,1945
fold_2,train,2078,exp016_static_strict_oof_proxy,retrieval,0.12163572399323748,0.05041639069656546,0.11655004573763736,-0.005085678255600121,-1.8214188069105148,1.746227741241455,0.07519106566905975,984,1937,1945
fold_2,train,2078,exp016_static_strict_oof_proxy,recent,0.12163572399323748,0.06771627509706653,0.11951574218422496,-0.0021199818090125166,nan,nan,0.06675936281681061,1913,1944,1945
fold_2,train,2078,exp016_static_strict_oof_proxy,random,0.12163572399323748,0.04585105279322381,0.11662663831797349,-0.005009085675263994,nan,nan,0.08258971571922302,566,1930,1945
fold_2,train,2079,exp016_static_strict_oof_proxy,retrieval,0.10652505542767841,0.03582731949733746,0.1023115353900334,-0.0042135200376450105,-1.7215494364500046,1.6466076374053955,0.07494179904460907,798,1941,1945
fold_2,train,2079,exp016_static_strict_oof_proxy,recent,0.10652505542767841,0.06326159024565739,0.1053038539075745,-0.0012212015201039095,nan,nan,0.06675936281681061,1913,1944,1945
fold_2,train,2079,exp016_static_strict_oof_proxy,random,0.10652505542767841,0.04376190486535463,0.10413444662749019,-0.0023906088001882236,nan,nan,0.08211980015039444,504,1925,1945
fold_2,train,2080,exp016_static_strict_oof_proxy,retrieval,0.14136615847016662,0.1080120684203424,0.14053169822117054,-0.0008344602489960828,-2.157972499728203,2.0880799293518066,0.06989257037639618,798,1943,1945
fold_2,train,2080,exp016_static_strict_oof_proxy,recent,0.14136615847016662,0.12444484006999865,0.14335336886408498,0.0019872103939183594,nan,nan,0.06675936281681061,1913,1944,1945
fold_2,train,2080,exp016_static_strict_oof_proxy,random,0.14136615847016662,0.10167246883606003,0.1412109607980661,-0.00015519767210050994,nan,nan,0.0913369357585907,503,1935,1945
fold_2,train,2081,exp016_static_strict_oof_proxy,retrieval,0.03382168023407583,0.01883601498719114,0.032639103760619174,-0.0011825764734566535,-1.8859347850084305,1.8138313293457031,0.07210345566272736,799,1936,1945
fold_2,train,2081,exp016_static_strict_oof_proxy,recent,0.03382168023407583,0.07522192623676337,0.03807055281658068,0.004248872582504851,nan,nan,0.06675936281681061,1913,1944,1945
fold_2,train,2081,exp016_static_strict_oof_proxy,random,0.03382168023407583,-0.06226268436542457,0.02456859093655391,-0.00925308929752192,nan,nan,0.09028464555740356,501,1940,1945
fold_2,train,2082,exp016_static_strict_oof_proxy,retrieval,0.15406640275423653,0.133204603620013,0.15471673758427495,0.0006503348300384293,-1.787299245595932,1.7209492921829224,0.06634995341300964,1066,1943,1945
fold_2,train,2082,exp016_static_strict_oof_proxy,recent,0.15406640275423653,0.15841180296012586,0.15812622953371805,0.0040598267794815235,nan,nan,0.06675936281681061,1913,1944,1945
fold_2,train,2082,exp016_static_strict_oof_proxy,random,0.15406640275423653,0.07521692705164372,0.14893820194961108,-0.005128200804625449,nan,nan,0.08332543075084686,500,1938,1945
fold_2,train,2083,exp016_static_strict_oof_proxy,retrieval,0.1218980712242307,0.07940123682896669,0.12015545427965517,-0.0017426169445755313,-1.8297335878014565,1.7596935033798218,0.07004008442163467,1064,1941,1945
fold_2,train,2083,exp016_static_strict_oof_proxy,recent,0.1218980712242307,0.15301038747226298,0.1280269401620167,0.006128868937786011,nan,nan,0.06675936281681061,1913,1944,1945
fold_2,train,2083,exp016_static_strict_oof_proxy,random,0.1218980712242307,0.03760020068630223,0.11569477630432715,-0.006203294919903554,nan,nan,0.07700648158788681,507,1929,1945
fold_2,train,2084,exp016_static_strict_oof_proxy,retrieval,0.16378996078520627,0.1411006352488667,0.1641014828090487,0.00031152202384243655,-1.978489376604557,1.914971113204956,0.06351826339960098,984,1940,1945
fold_2,train,2084,exp016_static_strict_oof_proxy,recent,0.16378996078520627,0.15127543204305816,0.16671241549935373,0.0029224547141474544,nan,nan,0.06675936281681061,1913,1944,1945
fold_2,train,2084,exp016_static_strict_oof_proxy,random,0.16378996078520627,0.11823854245560589,0.16289182085802995,-0.000898139927176328,nan,nan,0.08935029804706573,512,1927,1945
fold_2,train,2085,exp016_static_strict_oof_proxy,retrieval,0.18534796703552867,0.18149456123320365,0.18757527030531915,0.0022273032697904815,-1.9048283398151398,1.8379827737808228,0.06684556603431702,976,1943,1945
fold_2,train,2085,exp016_static_strict_oof_proxy,recent,0.18534796703552867,0.2024298040337224,0.19059929089380434,0.005251323858275675,nan,nan,0.06675936281681061,1913,1944,1945
fold_2,train,2085,exp016_static_strict_oof_proxy,random,0.18534796703552867,0.16681018115278382,0.18706558535490733,0.0017176183193786665,nan,nan,0.07846619933843613,522,1876,1945
fold_2,train,2086,exp016_static_strict_oof_proxy,retrieval,0.183375632796816,0.1681469956551735,0.18487253160852393,0.0014968988117079196,-1.8890965431928635,1.8147249221801758,0.07437162101268768,1124,1940,1945
fold_2,train,2086,exp016_static_strict_oof_proxy,recent,0.183375632796816,0.1506188153245698,0.18573492873241937,0.002359295935603356,nan,nan,0.06675936281681061,1913,1944,1945
fold_2,train,2086,exp016_static_strict_oof_proxy,random,0.183375632796816,0.17148953908561107,0.18639597736914032,0.003020344572324307,nan,nan,0.07600060850381851,531,1940,1945
fold_2,train,2087,exp016_static_strict_oof_proxy,retrieval,0.13248900349959558,0.10947522206399517,0.1335494386627866,0.0010604351631910147,-2.069680616259575,2.0035295486450195,0.06615106761455536,976,1943,1945
fold_2,train,2087,exp016_static_strict_oof_proxy,recent,0.13248900349959558,0.06976497310866536,0.12960080963820875,-0.002888193861386834,nan,nan,0.06675936281681061,1913,1944,1945
fold_2,train,2087,exp016_static_strict_oof_proxy,random,0.13248900349959558,0.12637174403403986,0.13483926516568182,0.002350261666086234,nan,nan,0.1000162735581398,496,1877,1945
fold_2,train,2088,exp016_static_strict_oof_proxy,retrieval,0.27846456685471666,0.24977879586879964,0.2802285916184078,0.001764024763691141,-2.5160413533449173,2.442141056060791,0.07390029728412628,984,1944,1945
fold_2,train,2088,exp016_static_strict_oof_proxy,recent,0.27846456685471666,0.16734535301780146,0.27477642667855623,-0.003688140176160426,nan,nan,0.06675936281681061,1913,1944,1945
fold_2,train,2088,exp016_static_strict_oof_proxy,random,0.27846456685471666,0.27747503393164746,0.2848987156315087,0.006434148776792048,nan,nan,0.08527489751577377,559,1935,1945
fold_2,train,2089,exp016_static_strict_oof_proxy,retrieval,0.213115108659045,0.12030458888746673,0.20823957979629096,-0.004875528862754053,-1.8298104479908943,1.7715345621109009,0.05827588587999344,1392,1943,1945
fold_2,train,2089,exp016_static_strict_oof_proxy,recent,0.213115108659045,0.10229967797492846,0.2068777645630667,-0.006237344095978314,nan,nan,0.06675936281681061,1913,1944,1945
fold_2,train,2089,exp016_static_strict_oof_proxy,random,0.213115108659045,0.19581090675101123,0.21544464872865898,0.0023295400696139723,nan,nan,0.083313949406147,536,1905,1945
fold_2,train,2090,exp016_static_strict_oof_proxy,retrieval,0.2525873711990578,0.143466231337907,0.24478668623313754,-0.007800684965920235,-2.1028715446591377,2.0484843254089355,0.05438721925020218,1066,1944,1945
fold_2,train,2090,exp016_static_strict_oof_proxy,recent,0.2525873711990578,0.10018658142857119,0.24171703039451092,-0.010870340804546852,nan,nan,0.06675936281681061,1913,1944,1945
fold_2,train,2090,exp016_static_strict_oof_proxy,random,0.2525873711990578,0.20194126585770217,0.2513389327826298,-0.001248438416427966,nan,nan,0.07862437516450882,491,1932,1945
fold_2,train,2091,exp016_static_strict_oof_proxy,retrieval,0.32945079176913855,0.27098879251394625,0.32948882549769315,3.803372855459841e-05,-2.1564154848456383,2.085704803466797,0.0707106813788414,976,1942,1945
fold_2,train,2091,exp016_static_strict_oof_proxy,recent,0.32945079176913855,0.1910346468747729,0.3229441218196494,-0.006506669949489174,nan,nan,0.06675936281681061,1913,1944,1945
fold_2,train,2091,exp016_static_strict_oof_proxy,random,0.32945079176913855,0.32101212764448195,0.334156897489728,0.0047061057205894374,nan,nan,0.07835562527179718,572,1934,1945
fold_2,train,2092,exp016_static_strict_oof_proxy,retrieval,0.24699206081457734,0.24502528726176637,0.25186195974067654,0.004869898926099209,-2.78461991250515,2.705540657043457,0.07907925546169281,765,1942,1945
fold_2,train,2092,exp016_static_strict_oof_proxy,recent,0.24699206081457734,0.13465274052640033,0.242881663237973,-0.0041103975766043355,nan,nan,0.06675936281681061,1913,1944,1945
fold_2,train,2092,exp016_static_strict_oof_proxy,random,0.24699206081457734,0.22074610900266317,0.25002732283796353,0.0030352620233861927,nan,nan,0.08024788647890091,493,1923,1945
fold_2,train,2093,exp016_static_strict_oof_proxy,retrieval,0.232024635340947,0.1677530298387336,0.2296241427800257,-0.0024004925609213135,-2.6349651142954826,2.5612053871154785,0.07375972718000412,695,1944,1945
fold_2,train,2093,exp016_static_strict_oof_proxy,recent,0.232024635340947,0.08394462520579539,0.22357706802753183,-0.008447567313415172,nan,nan,0.06675936281681061,1913,1944,1945
fold_2,train,2093,exp016_static_strict_oof_proxy,random,0.232024635340947,0.1836373473728205,0.23166651596808127,-0.00035811937286572837,nan,nan,0.08868803083896637,487,1902,1945
fold_2,train,2094,exp016_static_strict_oof_proxy,retrieval,0.22815275745596797,0.1851345900117987,0.22752588159827444,-0.0006268758576935263,-1.9995918832719326,1.9442417621612549,0.05535012111067772,984,1944,1945
fold_2,train,2094,exp016_static_strict_oof_proxy,recent,0.22815275745596797,0.1146701023466598,0.2219358349082957,-0.006216922547672282,nan,nan,0.06675936281681061,1913,1944,1945
fold_2,train,2094,exp016_static_strict_oof_proxy,random,0.22815275745596797,0.2110840169885586,0.23027877373827094,0.002126016282302967,nan,nan,0.08509481698274612,563,1931,1945
fold_2,train,2095,exp016_static_strict_oof_proxy,retrieval,0.22555395781115828,0.1502898618485164,0.22333631721334563,-0.0022176405978126534,-1.5530294887721539,1.494957447052002,0.0580720417201519,1066,1941,1945
fold_2,train,2095,exp016_static_strict_oof_proxy,recent,0.22555395781115828,0.14130158387773595,0.22301837976880712,-0.002535578042351161,nan,nan,0.06675936281681061,1913,1944,1945
fold_2,train,2095,exp016_static_strict_oof_proxy,random,0.22555395781115828,0.1788114550964467,0.22579680036171423,0.00024284255055595505,nan,nan,0.08037811517715454,595,1816,1945
fold_2,train,2096,exp016_static_strict_oof_proxy,retrieval,0.2702459468155883,0.27132566274568254,0.2758902599569503,0.005644313141362045,-2.0344265587627888,1.9775224924087524,0.05690406635403633,1277,1944,1945
fold_2,train,2096,exp016_static_strict_oof_proxy,recent,0.2702459468155883,0.23685884217704356,0.2738373900199522,0.003591443204363942,nan,nan,0.06675936281681061,1913,1944,1945
fold_2,train,2096,exp016_static_strict_oof_proxy,random,0.2702459468155883,0.2621527903901605,0.2762186285807654,0.005972681765177124,nan,nan,0.07507604360580444,495,1893,1945
fold_2,train,2097,exp016_static_strict_oof_proxy,retrieval,0.24804386481540033,0.23925057858457416,0.2509998748124644,0.002956009997064052,-2.2293584048748016,2.165720224380493,0.06363818049430847,1066,1944,1945
fold_2,train,2097,exp016_static_strict_oof_proxy,recent,0.24804386481540033,0.1632986638159964,0.2458843807484008,-0.002159484066999534,nan,nan,0.06675936281681061,1913,1944,1945
fold_2,train,2097,exp016_static_strict_oof_proxy,random,0.24804386481540033,0.24185606507156435,0.252261158517776,0.004217293702375641,nan,nan,0.09369828552007675,491,1942,1945
fold_2,train,2098,exp016_static_strict_oof_proxy,retrieval,0.2036889743993291,0.13275603058348476,0.2004177817307275,-0.003271192668601597,-2.3697425946593285,2.306443214416504,0.06329938024282455,1064,1944,1945
fold_2,train,2098,exp016_static_strict_oof_proxy,recent,0.2036889743993291,0.05146293327882992,0.1945395122281545,-0.0091494621711746,nan,nan,0.06675936281681061,1913,1944,1945
fold_2,train,2098,exp016_static_strict_oof_proxy,random,0.2036889743993291,0.1862312230441068,0.20695309349228466,0.0032641190929555697,nan,nan,0.07474904507398605,505,1848,1945
fold_2,train,2099,exp016_static_strict_oof_proxy,retrieval,0.1896653748735113,0.09250390242699542,0.1835868145184829,-0.0060785603550283784,-1.813349161297083,1.7534818649291992,0.05986729636788368,1275,1943,1945
fold_2,train,2099,exp016_static_strict_oof_proxy,recent,0.1896653748735113,0.04945612734834096,0.1806439545970437,-0.009021420276467601,nan,nan,0.06675936281681061,1913,1944,1945
fold_2,train,2099,exp016_static_strict_oof_proxy,random,0.1896653748735113,0.1518293571725713,0.1920413079302822,0.002375933056770918,nan,nan,0.08933033794164658,571,1882,1945
fold_2,train,2100,exp016_static_strict_oof_proxy,retrieval,0.04098522279376134,-0.010219506446385968,0.03685794315820155,-0.00412727963555979,-1.7459546849131584,1.6830447912216187,0.06290989369153976,1066,1943,1945
fold_2,train,2100,exp016_static_strict_oof_proxy,recent,0.04098522279376134,-0.0424565043780313,0.03362872990741263,-0.007356492886348716,nan,nan,0.06675936281681061,1913,1944,1945
fold_2,train,2100,exp016_static_strict_oof_proxy,random,0.04098522279376134,0.012376651529719155,0.03896241118129643,-0.0020228116124649115,nan,nan,0.09673469513654709,581,1860,1945
fold_2,train,2101,exp016_static_strict_oof_proxy,retrieval,0.018944109845488277,0.021103226820856667,0.019180187550744177,0.00023607770525590002,-2.199120782315731,2.133474111557007,0.06564667075872421,1119,1943,1945
fold_2,train,2101,exp016_static_strict_oof_proxy,recent,0.018944109845488277,-0.0315702347370807,0.013862089545168384,-0.0050820203003198935,nan,nan,0.06675936281681061,1913,1944,1945
fold_2,train,2101,exp016_static_strict_oof_proxy,random,0.018944109845488277,0.03906685963300058,0.021081687158022496,0.002137577312534219,nan,nan,0.08169585466384888,582,1926,1945
fold_2,train,2102,exp016_static_strict_oof_proxy,retrieval,-0.014596366193936835,-0.1120374793817696,-0.025827545448952494,-0.011231179255015659,-1.8840690106153488,1.822960615158081,0.06110839545726776,990,1944,1945
fold_2,train,2102,exp016_static_strict_oof_proxy,recent,-0.014596366193936835,-0.14166710104059974,-0.029032087794823823,-0.014435721600886988,nan,nan,0.06675936281681061,1913,1944,1945
fold_2,train,2102,exp016_static_strict_oof_proxy,random,-0.014596366193936835,-0.1000049611914438,-0.02432397137106211,-0.009727605177125277,nan,nan,0.09043285250663757,487,1823,1945
fold_2,train,2103,exp016_static_strict_oof_proxy,retrieval,-0.06783786359747832,-0.15443461647764703,-0.07890546279205324,-0.011067599194574923,-1.8922933340072632,1.8339877128601074,0.05830562114715576,1011,1944,1945
fold_2,train,2103,exp016_static_strict_oof_proxy,recent,-0.06783786359747832,-0.1533781122113819,-0.07949852327011497,-0.011660659672636658,nan,nan,0.06675936281681061,1913,1944,1945
fold_2,train,2103,exp016_static_strict_oof_proxy,random,-0.06783786359747832,-0.15314568766084968,-0.07887541759417367,-0.011037553996695357,nan,nan,0.07182203233242035,565,1882,1945
fold_2,train,2104,exp016_static_strict_oof_proxy,retrieval,0.04669296609268375,-0.042356124258303866,0.03862186188303057,-0.00807110420965318,-1.7907625958323479,1.7401167154312134,0.05064588040113449,1330,1940,1945
fold_2,train,2104,exp016_static_strict_oof_proxy,recent,0.04669296609268375,-0.06135774998974377,0.0368105202608518,-0.009882445831831954,nan,nan,0.06675936281681061,1913,1944,1945
fold_2,train,2104,exp016_static_strict_oof_proxy,random,0.04669296609268375,-0.03803242113647804,0.03889089425318813,-0.0078020718394956196,nan,nan,0.09624291956424713,489,1868,1945
fold_2,train,2105,exp016_static_strict_oof_proxy,retrieval,0.10021749046923295,0.0361962456645425,0.09558082082470334,-0.004636669644529606,-1.8441286943852901,1.7930209636688232,0.051107730716466904,1066,1944,1945
fold_2,train,2105,exp016_static_strict_oof_proxy,recent,0.10021749046923295,0.018238914179783752,0.09404769921780691,-0.006169791251426041,nan,nan,0.06675936281681061,1913,1944,1945
fold_2,train,2105,exp016_static_strict_oof_proxy,random,0.10021749046923295,0.06912077988817401,0.09895296006511385,-0.0012645304041190991,nan,nan,0.08416923880577087,573,1855,1945
fold_2,train,2106,exp016_static_strict_oof_proxy,retrieval,0.17110789962270806,0.10120736561612499,0.16710095484116338,-0.004006944781544675,-1.694445390254259,1.6379960775375366,0.05644931271672249,1066,1940,1945
fold_2,train,2106,exp016_static_strict_oof_proxy,recent,0.17110789962270806,0.07136493214034094,0.16484312885798189,-0.006264770764726174,nan,nan,0.06675936281681061,1913,1944,1945
fold_2,train,2106,exp016_static_strict_oof_proxy,random,0.17110789962270806,0.10651259998347175,0.1683852723570494,-0.002722627265658667,nan,nan,0.08440575748682022,506,1928,1945
fold_2,train,2107,exp016_static_strict_oof_proxy,retrieval,0.21783036196413863,0.1575253983387914,0.2159920242027007,-0.001838337761437936,-1.394772693514824,1.3388981819152832,0.05587451159954071,1416,1940,1945
fold_2,train,2107,exp016_static_strict_oof_proxy,recent,0.21783036196413863,0.14853884505094078,0.21596481467507514,-0.0018655472890634905,nan,nan,0.06675936281681061,1913,1944,1945
fold_2,train,2107,exp016_static_strict_oof_proxy,random,0.21783036196413863,0.17850141799844166,0.21895220736364512,0.0011218453995064936,nan,nan,0.09147565811872482,603,1851,1945
fold_2,train,2108,exp016_static_strict_oof_proxy,retrieval,0.07132304036126809,-0.003906700321704615,0.06527362541630936,-0.006049414944958725,-1.7078188210725784,1.6537985801696777,0.054020240902900696,1366,1944,1945
fold_2,train,2108,exp016_static_strict_oof_proxy,recent,0.07132304036126809,-0.026260975782693236,0.06286382494207944,-0.008459215419188648,nan,nan,0.06675936281681061,1913,1944,1945
fold_2,train,2108,exp016_static_strict_oof_proxy,random,0.07132304036126809,-0.0004804819979164409,0.06603598279788395,-0.005287057563384143,nan,nan,0.10664945095777512,486,1816,1945
fold_2,train,2109,exp016_static_strict_oof_proxy,retrieval,0.08856965327002428,0.08629325076786687,0.09023662033703052,0.0016669670670062392,-1.6854256391525269,1.6296589374542236,0.05576670169830322,1360,1941,1945
fold_2,train,2109,exp016_static_strict_oof_proxy,recent,0.08856965327002428,0.07583880205773746,0.08990317901001506,0.001333525739990779,nan,nan,0.06675936281681061,1913,1944,1945
fold_2,train,2109,exp016_static_strict_oof_proxy,random,0.08856965327002428,0.08526360512192943,0.08965384158762481,0.001084188317600529,nan,nan,0.08357797563076019,564,1932,1945
fold_2,train,2110,exp016_static_strict_oof_proxy,retrieval,0.11111128322676593,0.07080463905219833,0.10844995264761076,-0.0026613305791551717,-1.6630211360752583,1.6094671487808228,0.0535539872944355,1356,1941,1945
fold_2,train,2110,exp016_static_strict_oof_proxy,recent,0.11111128322676593,0.0829345495795267,0.11012969867541882,-0.0009815845513471144,nan,nan,0.06675936281681061,1913,1944,1945
fold_2,train,2110,exp016_static_strict_oof_proxy,random,0.11111128322676593,0.0632955978377952,0.10854991057673409,-0.00256137265003184,nan,nan,0.07800386846065521,519,1894,1945
fold_2,train,2111,exp016_static_strict_oof_proxy,retrieval,0.16104837529789848,0.13816813863059962,0.1621684975216681,0.0011201222237696151,-1.631620742380619,1.574407696723938,0.05721304565668106,1275,1941,1945
fold_2,train,2111,exp016_static_strict_oof_proxy,recent,0.16104837529789848,0.13795282998291478,0.16271904334449075,0.0016706680465922719,nan,nan,0.06675936281681061,1913,1944,1945
fold_2,train,2111,exp016_static_strict_oof_proxy,random,0.16104837529789848,0.11220904754147797,0.15989358849546095,-0.001154786802437524,nan,nan,0.08955390751361847,495,1919,1945
fold_2,train,2112,exp016_static_strict_oof_proxy,retrieval,0.13293940976045998,0.11967853710498688,0.13398107160295494,0.001041661842494962,-1.5163021944463253,1.458564281463623,0.057737912982702255,1275,1943,1945
fold_2,train,2112,exp016_static_strict_oof_proxy,recent,0.13293940976045998,0.1308795134848517,0.13561662629911952,0.0026772165386595437,nan,nan,0.06675936281681061,1913,1944,1945
fold_2,train,2112,exp016_static_strict_oof_proxy,random,0.13293940976045998,0.08991510356620579,0.13095772829691943,-0.001981681463540552,nan,nan,0.07201651483774185,529,1923,1945
fold_2,train,2113,exp016_static_strict_oof_proxy,retrieval,0.20240504778842697,0.1762932290498919,0.2030818146594312,0.0006767668710042363,-2.0813583247363567,2.025887966156006,0.055470358580350876,1354,1944,1945
fold_2,train,2113,exp016_static_strict_oof_proxy,recent,0.20240504778842697,0.20631778579526067,0.20709492506688737,0.004689877278460403,nan,nan,0.06675936281681061,1913,1944,1945
fold_2,train,2113,exp016_static_strict_oof_proxy,random,0.20240504778842697,0.1374191816210536,0.2004639239454327,-0.0019411238429942745,nan,nan,0.07619862258434296,500,1939,1945
fold_2,train,2114,exp016_static_strict_oof_proxy,retrieval,0.26586985940146096,0.263207231570494,0.2697558324270703,0.003885973025609335,-1.7079406343400478,1.6467199325561523,0.06122070178389549,1275,1940,1945
fold_2,train,2114,exp016_static_strict_oof_proxy,recent,0.26586985940146096,0.23797527536401858,0.26835513294866964,0.0024852735472086773,nan,nan,0.06675936281681061,1913,1944,1945
fold_2,train,2114,exp016_static_strict_oof_proxy,random,0.26586985940146096,0.2568234692950298,0.2695498454555157,0.003679986054054729,nan,nan,0.08401577174663544,536,1908,1945
fold_2,train,2115,exp016_static_strict_oof_proxy,retrieval,0.20051871925871373,0.18184036585598243,0.20164392026228894,0.0011252010035752158,-1.8915387950837612,1.8356404304504395,0.05589836463332176,1066,1941,1945
fold_2,train,2115,exp016_static_strict_oof_proxy,recent,0.20051871925871373,0.15091482399040831,0.19911283745202069,-0.0014058818066930434,nan,nan,0.06675936281681061,1913,1944,1945
fold_2,train,2115,exp016_static_strict_oof_proxy,random,0.20051871925871373,0.17647241284582288,0.20173257748301562,0.0012138582243018947,nan,nan,0.1172136515378952,496,1916,1945
fold_2,train,2116,exp016_static_strict_oof_proxy,retrieval,0.24992638931075098,0.20375065898113903,0.2494679523809586,-0.0004584369297923885,-1.5800345577299595,1.5235154628753662,0.05651909485459328,1833,1943,1945
fold_2,train,2116,exp016_static_strict_oof_proxy,recent,0.24992638931075098,0.181295932464702,0.2485783578634747,-0.0013480314472762711,nan,nan,0.06675936281681061,1913,1944,1945
fold_2,train,2116,exp016_static_strict_oof_proxy,random,0.24992638931075098,0.22309422165269974,0.2524430575205803,0.002516668209829348,nan,nan,0.09053872525691986,497,1939,1945
fold_2,train,2117,exp016_static_strict_oof_proxy,retrieval,0.26348848731639235,0.2241461204280218,0.26376710236022916,0.00027861504383680513,-1.8223713263869286,1.757016658782959,0.06535466760396957,976,1943,1945
fold_2,train,2117,exp016_static_strict_oof_proxy,recent,0.26348848731639235,0.16762543797267845,0.25855887638503583,-0.004929610931356521,nan,nan,0.06675936281681061,1913,1944,1945
fold_2,train,2117,exp016_static_strict_oof_proxy,random,0.26348848731639235,0.24957062178866027,0.2665772838367455,0.0030887965203531542,nan,nan,0.08758189529180527,519,1897,1945
fold_2,train,2118,exp016_static_strict_oof_proxy,retrieval,0.2050264835113293,0.17566808578776683,0.20593528865594907,0.0009088051446197731,-2.15067845210433,2.093987464904785,0.05669098719954491,1066,1944,1945
fold_2,train,2118,exp016_static_strict_oof_proxy,recent,0.2050264835113293,0.1068202274507173,0.20060864360794053,-0.004417839903388759,nan,nan,0.06675936281681061,1913,1944,1945
fold_2,train,2118,exp016_static_strict_oof_proxy,random,0.2050264835113293,0.22006347891876854,0.21147691776714678,0.006450434255817483,nan,nan,0.07688845694065094,517,1866,1945
fold_2,train,2119,exp016_static_strict_oof_proxy,retrieval,0.15896287259665784,0.14805871401315282,0.16098527745820992,0.002022404861552085,-1.7448359057307243,1.682032823562622,0.06280308216810226,1188,1943,1945
fold_2,train,2119,exp016_static_strict_oof_proxy,recent,0.15896287259665784,0.13588590122986818,0.16048238543563947,0.0015195128389816348,nan,nan,0.06675936281681061,1913,1944,1945
fold_2,train,2119,exp016_static_strict_oof_proxy,random,0.15896287259665784,0.15453694917915703,0.16256270493029643,0.0035998323336385862,nan,nan,0.08422146737575531,500,1924,1945
fold_2,train,2120,exp016_static_strict_oof_proxy,retrieval,0.21250679130545774,0.15642275826559093,0.21030230109987047,-0.002204490205587273,-1.5183860771358013,1.4614086151123047,0.05697746202349663,1360,1944,1945
fold_2,train,2120,exp016_static_strict_oof_proxy,recent,0.21250679130545774,0.14183190575495078,0.2096975450888359,-0.002809246216621847,nan,nan,0.06675936281681061,1913,1944,1945
fold_2,train,2120,exp016_static_strict_oof_proxy,random,0.21250679130545774,0.18170136077822682,0.2127200541002187,0.00021326279476094334,nan,nan,0.08487995713949203,496,1915,1945
fold_2,train,2121,exp016_static_strict_oof_proxy,retrieval,0.05186788211892239,0.018017084541331517,0.04861741312751214,-0.003250468991410252,-1.8785065412521362,1.8195815086364746,0.05892503261566162,1275,1942,1945
fold_2,train,2121,exp016_static_strict_oof_proxy,recent,0.05186788211892239,-0.000632847025043696,0.04692375215383902,-0.004944129965083373,nan,nan,0.06675936281681061,1913,1944,1945
fold_2,train,2121,exp016_static_strict_oof_proxy,random,0.05186788211892239,0.03752856637189775,0.050219133910429814,-0.0016487482084925759,nan,nan,0.07988625764846802,524,1905,1945
fold_2,train,2122,exp016_static_strict_oof_proxy,retrieval,0.02600386726791963,-0.06101705193301263,0.017851785863387676,-0.008152081404531955,-2.1988143548369408,2.132284164428711,0.06653019040822983,976,1942,1945
fold_2,train,2122,exp016_static_strict_oof_proxy,recent,0.02600386726791963,-0.06600705034153657,0.017473212840251898,-0.008530654427667733,nan,nan,0.06675936281681061,1913,1944,1945
fold_2,train,2122,exp016_static_strict_oof_proxy,random,0.02600386726791963,-0.05559137416022404,0.017937284897921076,-0.008066582369998555,nan,nan,0.07657251507043839,521,1943,1945
fold_2,train,2123,exp016_static_strict_oof_proxy,retrieval,0.01755284604973104,-0.08692664830041717,0.007722826143410171,-0.009830019906320868,-2.796343110501766,2.7324411869049072,0.06390192359685898,976,1942,1945
fold_2,train,2123,exp016_static_strict_oof_proxy,recent,0.01755284604973104,-0.11691190502717268,0.004104203523268646,-0.013448642526462393,nan,nan,0.06675936281681061,1913,1944,1945
fold_2,train,2123,exp016_static_strict_oof_proxy,random,0.01755284604973104,-0.07221988764002099,0.009056237289667802,-0.008496608760063237,nan,nan,0.07953552901744843,494,1857,1945
fold_2,train,2124,exp016_static_strict_oof_proxy,retrieval,0.07184046191609274,0.007951317005197099,0.0663796452313636,-0.005460816684729142,-1.9119253754615784,1.837575912475586,0.07434946298599243,976,1941,1945
fold_2,train,2124,exp016_static_strict_oof_proxy,recent,0.07184046191609274,-0.09396437507547138,0.05653198548775174,-0.015308476428340996,nan,nan,0.06675936281681061,1913,1944,1945
fold_2,train,2124,exp016_static_strict_oof_proxy,random,0.07184046191609274,0.015310477661496201,0.0676553658256126,-0.0041850960904801365,nan,nan,0.08542980998754501,540,1771,1945
fold_2,train,2125,exp016_static_strict_oof_proxy,retrieval,0.20096999605192686,0.1574498216814988,0.20077871910846465,-0.00019127694346221524,-1.9187826104462147,1.859378695487976,0.0594039149582386,1066,1944,1945
fold_2,train,2125,exp016_static_strict_oof_proxy,recent,0.20096999605192686,0.06741733708565253,0.19316048727568944,-0.007809508776237428,nan,nan,0.06675936281681061,1913,1944,1945
fold_2,train,2125,exp016_static_strict_oof_proxy,random,0.20096999605192686,0.1541828872742137,0.2015020205800142,0.0005320245280873437,nan,nan,0.08226420730352402,501,1932,1945
fold_2,train,2126,exp016_static_strict_oof_proxy,retrieval,0.2510764511741024,0.1873600520661545,0.2495976812350739,-0.0014787699390284847,-2.3682799488306046,2.3073134422302246,0.060966506600379944,1275,1943,1945
fold_2,train,2126,exp016_static_strict_oof_proxy,recent,0.2510764511741024,0.13097367609224825,0.2447864416420193,-0.006290009532083085,nan,nan,0.06675936281681061,1913,1944,1945
fold_2,train,2126,exp016_static_strict_oof_proxy,random,0.2510764511741024,0.25575808167724623,0.2576631877295789,0.006586736555476536,nan,nan,0.08373629301786423,497,1930,1945
fold_2,train,2127,exp016_static_strict_oof_proxy,retrieval,0.290370545075588,0.2751040529048514,0.29435794809220844,0.003987403016620428,-1.944012451916933,1.884206771850586,0.05980568006634712,1066,1944,1945
fold_2,train,2127,exp016_static_strict_oof_proxy,recent,0.290370545075588,0.19879832474708345,0.2887590550854,-0.0016114899901880086,nan,nan,0.06675936281681061,1913,1944,1945
fold_2,train,2127,exp016_static_strict_oof_proxy,random,0.290370545075588,0.23200849740911808,0.2902541174347552,-0.00011642764083280577,nan,nan,0.09313316643238068,535,1925,1945
fold_2,train,2128,exp016_static_strict_oof_proxy,retrieval,0.3113421649233527,0.2706081018686734,0.31312853485333736,0.0017863699299846547,-4.193498894572258,4.1303606033325195,0.06313829123973846,556,1934,1945
fold_2,train,2128,exp016_static_strict_oof_proxy,recent,0.3113421649233527,0.25209111820593333,0.3122341431992271,0.0008919782758743944,nan,nan,0.06675936281681061,1913,1944,1945
fold_2,train,2128,exp016_static_strict_oof_proxy,random,0.3113421649233527,0.14396641182861908,0.30388903570111936,-0.007453129222233346,nan,nan,0.09285948425531387,496,1927,1945
fold_2,train,2129,exp016_static_strict_oof_proxy,retrieval,0.2707855125976862,0.23593643433416372,0.27345243449316314,0.002666921895476959,-1.84764539077878,1.7963910102844238,0.051254380494356155,1066,1940,1945
fold_2,train,2129,exp016_static_strict_oof_proxy,recent,0.2707855125976862,0.22648863742339098,0.27321878188209636,0.0024332692844101778,nan,nan,0.06675936281681061,1913,1944,1945
fold_2,train,2129,exp016_static_strict_oof_proxy,random,0.2707855125976862,0.219961282297595,0.2725065479722212,0.001721035374534996,nan,nan,0.07111389935016632,588,1941,1945
fold_2,train,2130,exp016_static_strict_oof_proxy,retrieval,0.21903780710852128,0.1145479730867754,0.21259877272937122,-0.006439034379150055,-1.8304172791540623,1.780181884765625,0.05023539438843727,1117,1940,1945
fold_2,train,2130,exp016_static_strict_oof_proxy,recent,0.21903780710852128,0.12545127616686094,0.2144244130364588,-0.004613394072062488,nan,nan,0.06675936281681061,1913,1944,1945
fold_2,train,2130,exp016_static_strict_oof_proxy,random,0.21903780710852128,0.07203759313731833,0.20935962234109357,-0.009678184767427711,nan,nan,0.09291685372591019,508,1854,1945
fold_2,train,2131,exp016_static_strict_oof_proxy,retrieval,0.24688088902220062,0.1610010999182239,0.24325371652966352,-0.0036271724925371063,-1.6568896099925041,1.6004279851913452,0.056461624801158905,1356,1943,1945
fold_2,train,2131,exp016_static_strict_oof_proxy,recent,0.24688088902220062,0.16478300784406852,0.24409108779695382,-0.002789801225246802,nan,nan,0.06675936281681061,1913,1944,1945
fold_2,train,2131,exp016_static_strict_oof_proxy,random,0.24688088902220062,0.16204335404794384,0.2431782789931026,-0.0037026100290980246,nan,nan,0.08294863253831863,507,1886,1945
fold_2,train,2132,exp016_static_strict_oof_proxy,retrieval,0.21134992453739093,0.11093134094521404,0.20503281625948716,-0.006317108277903771,-2.0218281485140324,1.9733140468597412,0.04851410165429115,1066,1944,1945
fold_2,train,2132,exp016_static_strict_oof_proxy,recent,0.21134992453739093,0.11251278561231094,0.20619000880908375,-0.0051599157283071795,nan,nan,0.06675936281681061,1913,1944,1945
fold_2,train,2132,exp016_static_strict_oof_proxy,random,0.21134992453739093,0.12128718065081623,0.20650366730544378,-0.004846257231947149,nan,nan,0.07962740957736969,491,1898,1945
fold_2,train,2133,exp016_static_strict_oof_proxy,retrieval,0.14117906684156076,0.04472165368363916,0.13446907451672213,-0.006709992324838626,-2.314370319247246,2.245396375656128,0.06897394359111786,976,1938,1945
fold_2,train,2133,exp016_static_strict_oof_proxy,recent,0.14117906684156076,0.006175679230117782,0.13138153748815765,-0.009797529353403112,nan,nan,0.06675936281681061,1913,1944,1945
fold_2,train,2133,exp016_static_strict_oof_proxy,random,0.14117906684156076,0.06691514566313017,0.13650082091371107,-0.0046782459278496835,nan,nan,0.09072736650705338,527,1914,1945
fold_2,train,2134,exp016_static_strict_oof_proxy,retrieval,0.10373683481206641,0.035132884290350136,0.09910307583509173,-0.004633758976974683,-2.387914255261421,2.317220687866211,0.07069356739521027,976,1942,1945
fold_2,train,2134,exp016_static_strict_oof_proxy,recent,0.10373683481206641,0.031464522228518046,0.09875800467087789,-0.004978830141188523,nan,nan,0.06675936281681061,1913,1944,1945
fold_2,train,2134,exp016_static_strict_oof_proxy,random,0.10373683481206641,0.04748473376287751,0.10091235084070295,-0.0028244839713634645,nan,nan,0.08314044028520584,561,1925,1945
fold_2,train,2135,exp016_static_strict_oof_proxy,retrieval,0.05981238514830679,-0.036497473588211066,0.050944363228051175,-0.008868021920255618,-3.651813969016075,3.581531047821045,0.07028292119503021,900,1943,1945
fold_2,train,2135,exp016_static_strict_oof_proxy,recent,0.05981238514830679,-0.07851642447185504,0.046714843915456744,-0.013097541232850049,nan,nan,0.06675936281681061,1913,1944,1945
fold_2,train,2135,exp016_static_strict_oof_proxy,random,0.05981238514830679,0.029089181551372946,0.058198192896034256,-0.0016141922522725366,nan,nan,0.0777435377240181,516,1907,1945
fold_2,train,2136,exp016_static_strict_oof_proxy,retrieval,0.08922457907074184,0.04492862100896866,0.086586579909868,-0.002637999160873844,-2.1178407073020935,2.045637607574463,0.07220309972763062,765,1938,1945
fold_2,train,2136,exp016_static_strict_oof_proxy,recent,0.08922457907074184,-0.0481532631097054,0.07684025025833474,-0.0123843288124071,nan,nan,0.06675936281681061,1913,1944,1945
fold_2,train,2136,exp016_static_strict_oof_proxy,random,0.08922457907074184,0.06973951322729484,0.0890475521982961,-0.00017702687244573745,nan,nan,0.08330662548542023,500,1832,1945
fold_2,train,2137,exp016_static_strict_oof_proxy,retrieval,0.17018756728921408,0.11487767003296862,0.16739141394652823,-0.0027961533426858476,-2.3003770634531975,2.2326724529266357,0.06770461052656174,984,1944,1945
fold_2,train,2137,exp016_static_strict_oof_proxy,recent,0.17018756728921408,0.09523800163673428,0.1662911216764138,-0.003896445612800281,nan,nan,0.06675936281681061,1913,1944,1945
fold_2,train,2137,exp016_static_strict_oof_proxy,random,0.17018756728921408,0.11071894558435189,0.16708503987765333,-0.0031025274115607515,nan,nan,0.08265633136034012,529,1932,1945
fold_2,train,2138,exp016_static_strict_oof_proxy,retrieval,0.09127543348397271,0.03687751095307545,0.08660068785885287,-0.004674745625119839,-2.0832751244306564,2.027067184448242,0.056207939982414246,984,1944,1945
fold_2,train,2138,exp016_static_strict_oof_proxy,recent,0.09127543348397271,0.05021217594595892,0.08890505272607266,-0.0023703807579000535,nan,nan,0.06675936281681061,1913,1944,1945
fold_2,train,2138,exp016_static_strict_oof_proxy,random,0.09127543348397271,0.025436033159100774,0.08573248061871776,-0.005542952865254955,nan,nan,0.09080049395561218,514,1839,1945
fold_2,train,2139,exp016_static_strict_oof_proxy,retrieval,0.0472879344389537,-0.030085373342642406,0.040325942252320945,-0.006961992186632758,-1.9478091448545456,1.876983642578125,0.0708255022764206,798,1941,1945
fold_2,train,2139,exp016_static_strict_oof_proxy,recent,0.0472879344389537,-0.03955857517620216,0.03961346011730823,-0.007674474321645475,nan,nan,0.06675936281681061,1913,1944,1945
fold_2,train,2139,exp016_static_strict_oof_proxy,random,0.0472879344389537,0.0018955858825256684,0.043189202052215776,-0.004098732386737927,nan,nan,0.09519558399915695,520,1909,1945
fold_2,train,2140,exp016_static_strict_oof_proxy,retrieval,0.02686164028394708,-0.050413943842450626,0.019623416883605582,-0.007238223400341498,-1.8091137893497944,1.7467366456985474,0.062377143651247025,1058,1944,1945
fold_2,train,2140,exp016_static_strict_oof_proxy,recent,0.02686164028394708,-0.05189215507478629,0.020237723201636307,-0.006623917082310773,nan,nan,0.06675936281681061,1913,1944,1945
fold_2,train,2140,exp016_static_strict_oof_proxy,random,0.02686164028394708,-0.056118626636354335,0.018730734059833276,-0.008130906224113804,nan,nan,0.08119107037782669,519,1928,1945
fold_2,train,2141,exp016_static_strict_oof_proxy,retrieval,-0.02657058025608184,-0.11586339057758442,-0.03632567459844367,-0.009755094342361832,-1.6529504358768463,1.5981199741363525,0.054830461740493774,1066,1944,1945
fold_2,train,2141,exp016_static_strict_oof_proxy,recent,-0.02657058025608184,-0.12830249228943885,-0.03825800285452127,-0.011687422598439433,nan,nan,0.06675936281681061,1913,1944,1945
fold_2,train,2141,exp016_static_strict_oof_proxy,random,-0.02657058025608184,-0.11607858228394234,-0.03671131839060782,-0.010140738134525977,nan,nan,0.08269695937633514,498,1902,1945
fold_2,train,2142,exp016_static_strict_oof_proxy,retrieval,-0.050237740916678215,-0.09113909268125298,-0.05531421503441081,-0.005076474117732592,-1.7899399287998676,1.727826714515686,0.062113214284181595,1188,1943,1945
fold_2,train,2142,exp016_static_strict_oof_proxy,recent,-0.050237740916678215,-0.11348583430248452,-0.05758594200618098,-0.007348201089502765,nan,nan,0.06675936281681061,1913,1944,1945
fold_2,train,2142,exp016_static_strict_oof_proxy,random,-0.050237740916678215,-0.05265207016031451,-0.0515266631948679,-0.0012889222781896845,nan,nan,0.06923928111791611,568,1896,1945
fold_2,train,2143,exp016_static_strict_oof_proxy,retrieval,-0.026895219547801302,-0.010319570586575538,-0.025821096802514425,0.0010741227452868776,-4.459300570189953,4.374682426452637,0.08461814373731613,554,1939,1945
fold_2,train,2143,exp016_static_strict_oof_proxy,recent,-0.026895219547801302,-0.023432356894231975,-0.027744515872214617,-0.000849296324413315,nan,nan,0.06675936281681061,1913,1944,1945
fold_2,train,2143,exp016_static_strict_oof_proxy,random,-0.026895219547801302,-0.022241503104174703,-0.027336330772547626,-0.0004411112247463232,nan,nan,0.11478986591100693,532,1842,1945
fold_2,train,2144,exp016_static_strict_oof_proxy,retrieval,-0.05361075057430224,-0.05140783831289083,-0.05525718908766112,-0.0016464385133588763,-1.7822558656334877,1.7071566581726074,0.07509920746088028,984,1944,1945
fold_2,train,2144,exp016_static_strict_oof_proxy,recent,-0.05361075057430224,-0.08736184374947968,-0.059014034480545825,-0.005403283906243582,nan,nan,0.06675936281681061,1913,1944,1945
fold_2,train,2144,exp016_static_strict_oof_proxy,random,-0.05361075057430224,-0.03861511964747871,-0.05502353107397739,-0.001412780499675144,nan,nan,0.08765174448490143,502,1929,1945
fold_2,train,2145,exp016_static_strict_oof_proxy,retrieval,0.0035164458452551874,-0.05437849939551723,-0.0029214439512491113,-0.006437889796504299,-1.6713105216622353,1.608072280883789,0.0632382407784462,1066,1942,1945
fold_2,train,2145,exp016_static_strict_oof_proxy,recent,0.0035164458452551874,-0.04498942831663148,-0.002514741820149809,-0.006031187665404997,nan,nan,0.06675936281681061,1913,1944,1945
fold_2,train,2145,exp016_static_strict_oof_proxy,random,0.0035164458452551874,-0.008924031874098588,0.0012370346114636865,-0.002279411233791501,nan,nan,0.07513589411973953,508,1942,1945
fold_2,train,2146,exp016_static_strict_oof_proxy,retrieval,0.014960485423507466,-0.0019245659027233497,0.013805043923181326,-0.00115544150032614,-2.0306403562426567,1.9545259475708008,0.07611440867185593,976,1942,1945
fold_2,train,2146,exp016_static_strict_oof_proxy,recent,0.014960485423507466,-0.04778557687083332,0.007949881767532356,-0.00701060365597511,nan,nan,0.06675936281681061,1913,1944,1945
fold_2,train,2146,exp016_static_strict_oof_proxy,random,0.014960485423507466,-0.00654526350412111,0.01278897596613773,-0.002171509457369736,nan,nan,0.07852865755558014,604,1880,1945
fold_2,train,2147,exp016_static_strict_oof_proxy,retrieval,0.0029189998742669442,-0.028938954206769105,-0.0005648783226382376,-0.003483878196905182,-2.0162034183740616,1.9427520036697388,0.07345141470432281,765,1943,1945
fold_2,train,2147,exp016_static_strict_oof_proxy,recent,0.0029189998742669442,-0.042170335251225204,-0.001976372509732562,-0.004895372383999506,nan,nan,0.06675936281681061,1913,1944,1945
fold_2,train,2147,exp016_static_strict_oof_proxy,random,0.0029189998742669442,-0.02295090718675958,1.8971021646798045e-06,-0.0029171027721022645,nan,nan,0.07056864351034164,544,1895,1945
fold_2,train,2148,exp016_static_strict_oof_proxy,retrieval,-0.05672545579286401,-0.15374920788453414,-0.06784792015065803,-0.011122464357794022,-1.7842376306653023,1.7083522081375122,0.07588542252779007,984,1940,1945
fold_2,train,2148,exp016_static_strict_oof_proxy,recent,-0.05672545579286401,-0.1547233544775266,-0.06879861843543239,-0.012073162642568379,nan,nan,0.06675936281681061,1913,1944,1945
fold_2,train,2148,exp016_static_strict_oof_proxy,random,-0.05672545579286401,-0.13512373986989176,-0.06712009156713457,-0.010394635774270557,nan,nan,0.08846284449100494,723,1921,1945
fold_2,train,2149,exp016_static_strict_oof_proxy,retrieval,-0.07942143750083909,-0.13061433838738584,-0.08651373673363215,-0.007092299232793059,-1.7293576374650002,1.66434907913208,0.06500855833292007,984,1940,1945
fold_2,train,2149,exp016_static_strict_oof_proxy,recent,-0.07942143750083909,-0.106610757022708,-0.08457383096465967,-0.005152393463820584,nan,nan,0.06675936281681061,1913,1944,1945
fold_2,train,2149,exp016_static_strict_oof_proxy,random,-0.07942143750083909,-0.1319270467632179,-0.0872373073085675,-0.007815869807728415,nan,nan,0.08141876757144928,588,1894,1945
fold_2,train,2150,exp016_static_strict_oof_proxy,retrieval,0.017807355480413328,-0.01900245298493763,0.014504545987610624,-0.0033028094928027035,-1.7666535899043083,1.703503966331482,0.06314962357282639,990,1944,1945
fold_2,train,2150,exp016_static_strict_oof_proxy,recent,0.017807355480413328,-0.010261033107678615,0.014916852272357804,-0.0028905032080555233,nan,nan,0.06675936281681061,1913,1944,1945
fold_2,train,2150,exp016_static_strict_oof_proxy,random,0.017807355480413328,-0.028790178764774355,0.01368738235034408,-0.004119973130069248,nan,nan,0.09185316413640976,512,1815,1945
fold_2,train,2151,exp016_static_strict_oof_proxy,retrieval,0.11089960398842634,0.08607656150480247,0.11027849929597644,-0.0006211046924499003,-1.9777218401432037,1.9220528602600098,0.05566897988319397,1066,1943,1945
fold_2,train,2151,exp016_static_strict_oof_proxy,recent,0.11089960398842634,0.10919084240014308,0.11249621874537896,0.0015966147569526218,nan,nan,0.06675936281681061,1913,1944,1945
fold_2,train,2151,exp016_static_strict_oof_proxy,random,0.11089960398842634,0.08219106372791356,0.1097238783592301,-0.0011757256291962392,nan,nan,0.08983501046895981,498,1938,1945
fold_2,train,2152,exp016_static_strict_oof_proxy,retrieval,0.14839502962176698,0.09130986814957333,0.14589037275009675,-0.00250465687167023,-1.657566025853157,1.5936217308044434,0.06394429504871368,1058,1941,1945
fold_2,train,2152,exp016_static_strict_oof_proxy,recent,0.14839502962176698,0.1383421804130919,0.15048300107776055,0.0020879714559935703,nan,nan,0.06675936281681061,1913,1944,1945
fold_2,train,2152,exp016_static_strict_oof_proxy,random,0.14839502962176698,-0.005185138293471054,0.1363470549652195,-0.012047974656547472,nan,nan,0.10318534821271896,517,1768,1945
fold_2,train,2153,exp016_static_strict_oof_proxy,retrieval,0.10634260585350441,0.04900210298808544,0.10200386271088814,-0.004338743142616272,-1.8254710659384727,1.7576206922531128,0.06785037368535995,984,1941,1945
fold_2,train,2153,exp016_static_strict_oof_proxy,recent,0.10634260585350441,0.10996827028074765,0.10828558809881353,0.0019429822453091161,nan,nan,0.06675936281681061,1913,1944,1945
fold_2,train,2153,exp016_static_strict_oof_proxy,random,0.10634260585350441,0.040347577457720565,0.10094150448907002,-0.005401101364434391,nan,nan,0.08721976727247238,502,1928,1945
fold_2,train,2154,exp016_static_strict_oof_proxy,retrieval,0.08021648258428511,0.031151642427866506,0.07664582994623689,-0.003570652638048219,-1.8158304542303085,1.7411257028579712,0.07470475137233734,976,1941,1945
fold_2,train,2154,exp016_static_strict_oof_proxy,recent,0.08021648258428511,0.10022558603202177,0.08380485842667174,0.0035883758423866235,nan,nan,0.06675936281681061,1913,1944,1945
fold_2,train,2154,exp016_static_strict_oof_proxy,random,0.08021648258428511,0.06525062487297029,0.07998189572243497,-0.00023458686185014177,nan,nan,0.07205051183700562,515,1926,1945
fold_2,train,2155,exp016_static_strict_oof_proxy,retrieval,0.022525677263756292,-0.051327484715034684,0.014578966501641966,-0.007946710762114326,-1.8222119063138962,1.7408387660980225,0.08137314021587372,798,1938,1945
fold_2,train,2155,exp016_static_strict_oof_proxy,recent,0.022525677263756292,0.018893564377189264,0.021912938801772877,-0.0006127384619834149,nan,nan,0.06675936281681061,1913,1944,1945
fold_2,train,2155,exp016_static_strict_oof_proxy,random,0.022525677263756292,-0.06693294852514559,0.013288463323572886,-0.009237213940183406,nan,nan,0.08426724374294281,507,1917,1945
fold_2,train,2156,exp016_static_strict_oof_proxy,retrieval,0.07011790860164469,-0.025367604085019195,0.06264203007801677,-0.00747587852362791,-2.343472644686699,2.2709522247314453,0.0725204199552536,976,1943,1945
fold_2,train,2156,exp016_static_strict_oof_proxy,recent,0.07011790860164469,0.0516510567285161,0.07050703720127414,0.00038912859962945967,nan,nan,0.06675936281681061,1913,1944,1945
fold_2,train,2156,exp016_static_strict_oof_proxy,random,0.07011790860164469,-0.05924145812812257,0.05892135122619799,-0.011196557375446697,nan,nan,0.08336001634597778,538,1935,1945
fold_2,train,2157,exp016_static_strict_oof_proxy,retrieval,0.07479194346891996,-0.04063225470817977,0.06586411053479549,-0.008927832934124469,-3.8885817155241966,3.8049137592315674,0.08366795629262924,501,1929,1945
fold_2,train,2157,exp016_static_strict_oof_proxy,recent,0.07479194346891996,0.1099455605416486,0.0811725993985251,0.006380655929605142,nan,nan,0.06675936281681061,1913,1944,1945
fold_2,train,2157,exp016_static_strict_oof_proxy,random,0.07479194346891996,0.07608750014759304,0.0772619181945273,0.002469974725607338,nan,nan,0.0808214396238327,505,1939,1945
fold_2,train,2158,exp016_static_strict_oof_proxy,retrieval,0.2070580240449235,0.10617706493220452,0.201448548392321,-0.0056094756526025025,-7.7385760471224785,7.653903484344482,0.08467256277799606,558,1939,1945
fold_2,train,2158,exp016_static_strict_oof_proxy,recent,0.2070580240449235,0.30038784447846445,0.2226318716273196,0.015573847582396105,nan,nan,0.06675936281681061,1913,1944,1945
fold_2,train,2158,exp016_static_strict_oof_proxy,random,0.2070580240449235,0.2385468983480409,0.21560434533303696,0.008546321288113473,nan,nan,0.08538452535867691,502,1862,1945
fold_2,train,2159,exp016_static_strict_oof_proxy,retrieval,0.22848428076070904,0.20673106381449147,0.23235052198664055,0.003866241225931516,-1.7551158964633942,1.670358419418335,0.0847574770450592,794,1484,1945
fold_2,train,2159,exp016_static_strict_oof_proxy,recent,0.22848428076070904,0.2378201203591038,0.23576953901186323,0.0072852582511541975,nan,nan,0.06675936281681061,1913,1944,1945
fold_2,train,2159,exp016_static_strict_oof_proxy,random,0.22848428076070904,0.07463342107425144,0.2191015743182043,-0.009382706442504746,nan,nan,0.07399513572454453,557,1934,1945
fold_2,train,2160,exp016_static_strict_oof_proxy,retrieval,0.21028536615433024,0.20653746397877518,0.2147920475362255,0.00450668138189525,-1.6892703995108604,1.6032977104187012,0.08597268909215927,798,1935,1945
fold_2,train,2160,exp016_static_strict_oof_proxy,recent,0.21028536615433024,0.24143305948888466,0.21870674928450604,0.008421383130175791,nan,nan,0.06675936281681061,1913,1944,1945
fold_2,train,2160,exp016_static_strict_oof_proxy,random,0.21028536615433024,0.22516900801211567,0.21615656468436203,0.00587119853003179,nan,nan,0.0848865881562233,527,1837,1945
fold_2,train,2161,exp016_static_strict_oof_proxy,retrieval,0.1985673689826943,0.07575466259423556,0.19259822168979351,-0.005969147292900795,-3.107829339802265,3.0305933952331543,0.07723594456911087,589,1879,1945
fold_2,train,2161,exp016_static_strict_oof_proxy,recent,0.1985673689826943,0.20234988775282875,0.20557017762683408,0.0070028086441397686,nan,nan,0.06675936281681061,1913,1944,1945
fold_2,train,2161,exp016_static_strict_oof_proxy,random,0.1985673689826943,0.173162808898677,0.20070496748022706,0.0021375984975327555,nan,nan,0.07736065238714218,556,1908,1945
fold_2,train,2162,exp016_static_strict_oof_proxy,retrieval,0.2195547140683442,0.06176937151049008,0.21007065311623407,-0.00948406095211013,-2.769191674888134,2.682910919189453,0.08628075569868088,804,1482,1945
fold_2,train,2162,exp016_static_strict_oof_proxy,recent,0.2195547140683442,0.11582092445076718,0.21747050383094885,-0.0020842102373953564,nan,nan,0.06675936281681061,1913,1944,1945
fold_2,train,2162,exp016_static_strict_oof_proxy,random,0.2195547140683442,0.07171070986712219,0.21211302342071003,-0.007441690647634169,nan,nan,0.08075723797082901,605,1939,1945
fold_2,train,2163,exp016_static_strict_oof_proxy,retrieval,0.11376098070707479,-0.07007175584600456,0.10113374514637313,-0.012627235560701652,-2.9341588243842125,2.8551177978515625,0.07904102653265,579,1481,1945
fold_2,train,2163,exp016_static_strict_oof_proxy,recent,0.11376098070707479,0.06766264425923986,0.11303213777673976,-0.0007288429303350247,nan,nan,0.06675936281681061,1913,1944,1945
fold_2,train,2163,exp016_static_strict_oof_proxy,random,0.11376098070707479,-0.016344530200554073,0.10359726550043422,-0.01016371520664057,nan,nan,0.08767237514257431,553,1941,1945
fold_2,train,2164,exp016_static_strict_oof_proxy,retrieval,0.10175104484264764,0.008055722317938883,0.09467754334240366,-0.007073501500243981,-2.0235506519675255,1.9459706544876099,0.07757999747991562,794,1482,1945
fold_2,train,2164,exp016_static_strict_oof_proxy,recent,0.10175104484264764,0.12872624039934955,0.10673044444029586,0.004979399597648218,nan,nan,0.06675936281681061,1913,1944,1945
fold_2,train,2164,exp016_static_strict_oof_proxy,random,0.10175104484264764,0.048317170042283614,0.09876000199913434,-0.0029910428435133,nan,nan,0.07495716959238052,488,1856,1945
fold_2,train,2165,exp016_static_strict_oof_proxy,retrieval,0.009944624275251612,-0.036879681138134106,0.005359621748355082,-0.00458500252689653,-1.8062830790877342,1.728963851928711,0.07731922715902328,798,1344,1945
fold_2,train,2165,exp016_static_strict_oof_proxy,recent,0.009944624275251612,0.047893378694870606,0.014942778014312843,0.004998153739061231,nan,nan,0.06675936281681061,1913,1944,1945
fold_2,train,2165,exp016_static_strict_oof_proxy,random,0.009944624275251612,-0.008250337359160741,0.008599126721431758,-0.0013454975538198539,nan,nan,0.07950397580862045,585,1928,1945
fold_2,train,2166,exp016_static_strict_oof_proxy,retrieval,0.009850313710111247,-0.02966332938685117,0.005975044870609316,-0.003875268839501931,-2.01575293391943,1.9424219131469727,0.07333102077245712,798,1941,1945
fold_2,train,2166,exp016_static_strict_oof_proxy,recent,0.009850313710111247,0.018439222004556978,0.009875760355692605,2.544664558135762e-05,nan,nan,0.06675936281681061,1913,1944,1945
fold_2,train,2166,exp016_static_strict_oof_proxy,random,0.009850313710111247,-0.0036685695497012697,0.008488426034031618,-0.001361887676079629,nan,nan,0.09044791758060455,491,1935,1945
fold_2,train,2167,exp016_static_strict_oof_proxy,retrieval,-0.05069975137237929,-0.13470857222114274,-0.06101462275022451,-0.010314871377845224,-1.8294413834810257,1.753774642944336,0.07566674053668976,825,1484,1945
fold_2,train,2167,exp016_static_strict_oof_proxy,recent,-0.05069975137237929,-0.11359432834658663,-0.05989218957972328,-0.009192438207343993,nan,nan,0.06675936281681061,1913,1944,1945
fold_2,train,2167,exp016_static_strict_oof_proxy,random,-0.05069975137237929,-0.1398408604366824,-0.06147121531957822,-0.010771463947198932,nan,nan,0.08314057439565659,499,1838,1945
fold_2,train,2168,exp016_static_strict_oof_proxy,retrieval,-0.012973882570699544,-0.05649943660604176,-0.018622827236948285,-0.005648944666248741,-2.584720440208912,2.501040458679199,0.08367998152971268,790,1481,1945
fold_2,train,2168,exp016_static_strict_oof_proxy,recent,-0.012973882570699544,-0.10837993752410748,-0.02463059094834822,-0.011656708377648676,nan,nan,0.06675936281681061,1913,1944,1945
fold_2,train,2168,exp016_static_strict_oof_proxy,random,-0.012973882570699544,-0.11674433279106473,-0.025046390326982776,-0.012072507756283232,nan,nan,0.09184986352920532,516,1838,1945
fold_2,train,2169,exp016_static_strict_oof_proxy,retrieval,0.10281896581783699,0.12126503227764854,0.10752527573604924,0.004706309918212248,-2.7469912096858025,2.665074348449707,0.08191686123609543,796,1481,1945
fold_2,train,2169,exp016_static_strict_oof_proxy,recent,0.10281896581783699,-0.05249291357242997,0.09073919816677424,-0.01207976765106275,nan,nan,0.06675936281681061,1913,1944,1945
fold_2,train,2169,exp016_static_strict_oof_proxy,random,0.10281896581783699,-0.009730673129015264,0.09517049663394468,-0.007648469183892309,nan,nan,0.0846278965473175,488,1936,1945
fold_2,train,2170,exp016_static_strict_oof_proxy,retrieval,0.09819857557731768,-0.04916301506132157,0.087276627925376,-0.010921947651941682,-2.202952593564987,2.1101574897766113,0.09279510378837585,794,1482,1945
fold_2,train,2170,exp016_static_strict_oof_proxy,recent,0.09819857557731768,-0.09168452104963917,0.08315119060824336,-0.015047384969074318,nan,nan,0.06675936281681061,1913,1944,1945
fold_2,train,2170,exp016_static_strict_oof_proxy,random,0.09819857557731768,-0.051606371247073006,0.08653389816604078,-0.0116646774112769,nan,nan,0.08619865030050278,518,1882,1945
fold_2,train,2171,exp016_static_strict_oof_proxy,retrieval,0.07135183866642214,-0.040583691071745184,0.062085477260686264,-0.009266361405735876,-1.664418563246727,1.5864734649658203,0.07794509828090668,798,1373,1945
fold_2,train,2171,exp016_static_strict_oof_proxy,recent,0.07135183866642214,-0.07499913576351595,0.058245159220704855,-0.013106679445717286,nan,nan,0.06675936281681061,1913,1944,1945
fold_2,train,2171,exp016_static_strict_oof_proxy,random,0.07135183866642214,-0.04359716031346022,0.06215769599871554,-0.0091941426677066,nan,nan,0.08332348614931107,504,1845,1945
fold_2,train,2172,exp016_static_strict_oof_proxy,retrieval,0.06216600183299328,0.008371498357005968,0.05910568874332963,-0.0030603130896636466,-1.9359756484627724,1.8601889610290527,0.07578668743371964,807,1483,1945
fold_2,train,2172,exp016_static_strict_oof_proxy,recent,0.06216600183299328,-0.0003396676397278151,0.05810168342125107,-0.004064318411742207,nan,nan,0.06675936281681061,1913,1944,1945
fold_2,train,2172,exp016_static_strict_oof_proxy,random,0.06216600183299328,-0.04468164204613008,0.053457636916684016,-0.00870836491630926,nan,nan,0.09826495498418808,511,1917,1945
fold_2,train,2173,exp016_static_strict_oof_proxy,retrieval,0.1764355562641751,0.10369556114072274,0.175087855104197,-0.001347701159978093,-2.24444966763258,2.171942710876465,0.07250695675611496,807,1464,1945
fold_2,train,2173,exp016_static_strict_oof_proxy,recent,0.1764355562641751,0.08123923703855851,0.17406185440138405,-0.002373701862791039,nan,nan,0.06675936281681061,1913,1944,1945
fold_2,train,2173,exp016_static_strict_oof_proxy,random,0.1764355562641751,0.08210804119837667,0.1732122623562932,-0.0032232939078818967,nan,nan,0.07669632881879807,493,1847,1945
fold_2,train,2174,exp016_static_strict_oof_proxy,retrieval,0.1467338693707536,0.09094910278632297,0.1446624000280781,-0.0020714693426755193,-1.8646498620510101,1.790210247039795,0.07443961501121521,997,1344,1945
fold_2,train,2174,exp016_static_strict_oof_proxy,recent,0.1467338693707536,0.05731826839200699,0.14352710600080976,-0.0032067633699438547,nan,nan,0.06675936281681061,1913,1944,1945
fold_2,train,2174,exp016_static_strict_oof_proxy,random,0.1467338693707536,0.0810393696370537,0.1439944625739295,-0.0027394067968241065,nan,nan,0.07757537811994553,510,1933,1945
fold_2,train,2175,exp016_static_strict_oof_proxy,retrieval,0.054663768735962084,0.07778562618785805,0.05712699238822171,0.0024632236522596287,-1.9918331503868103,1.9270586967468262,0.06477445363998413,798,1373,1945
fold_2,train,2175,exp016_static_strict_oof_proxy,recent,0.054663768735962084,0.05814382190334167,0.05621612392049851,0.0015523551845364261,nan,nan,0.06675936281681061,1913,1944,1945
fold_2,train,2175,exp016_static_strict_oof_proxy,random,0.054663768735962084,0.06503330785803757,0.05595598497301599,0.001292216237053903,nan,nan,0.0814761221408844,512,1802,1945
fold_2,train,2176,exp016_static_strict_oof_proxy,retrieval,0.0266152087069405,-0.013800695131654035,0.022639992399017334,-0.003975216307923166,-2.007426116615534,1.94523286819458,0.06219324842095375,798,1373,1945
fold_2,train,2176,exp016_static_strict_oof_proxy,recent,0.0266152087069405,0.023920398195613715,0.026418914384917135,-0.00019629432202336594,nan,nan,0.06675936281681061,1913,1944,1945
fold_2,train,2176,exp016_static_strict_oof_proxy,random,0.0266152087069405,0.00294674270181132,0.024156730210571242,-0.0024584784963692582,nan,nan,0.08868404477834702,552,1935,1945
fold_2,train,2177,exp016_static_strict_oof_proxy,retrieval,0.00690960245364462,-0.0034013697551280708,0.004775550841267983,-0.002134051612376637,-1.8327891528606415,1.7586363554000854,0.07415279746055603,798,1344,1945
fold_2,train,2177,exp016_static_strict_oof_proxy,recent,0.00690960245364462,0.03324421668404467,0.008141442592578875,0.0012318401389342553,nan,nan,0.06675936281681061,1913,1944,1945
fold_2,train,2177,exp016_static_strict_oof_proxy,random,0.00690960245364462,-0.006230322669668738,0.005055295810494751,-0.0018543066431498693,nan,nan,0.0869171991944313,512,1882,1945
fold_2,train,2178,exp016_static_strict_oof_proxy,retrieval,0.006214491483018766,-0.030190245965127687,0.0027476769265228724,-0.003466814556495894,-2.114092193543911,2.035607099533081,0.07848509401082993,992,1344,1945
fold_2,train,2178,exp016_static_strict_oof_proxy,recent,0.006214491483018766,0.01470252834339773,0.006101685215997838,-0.00011280626702092882,nan,nan,0.06675936281681061,1913,1944,1945
fold_2,train,2178,exp016_static_strict_oof_proxy,random,0.006214491483018766,0.0032760095235337887,0.005834147871817467,-0.00038034361120129964,nan,nan,0.07818660885095596,520,1934,1945
fold_2,train,2179,exp016_static_strict_oof_proxy,retrieval,-0.051612758995807924,-0.0070781096019342845,-0.04897936807912855,0.0026333909166793706,-1.8813659399747849,1.8170229196548462,0.06434302031993866,807,1373,1945
fold_2,train,2179,exp016_static_strict_oof_proxy,recent,-0.051612758995807924,-0.03519609276979492,-0.05279455636026856,-0.0011817973644606336,nan,nan,0.06675936281681061,1913,1944,1945
fold_2,train,2179,exp016_static_strict_oof_proxy,random,-0.051612758995807924,-0.02546416552311869,-0.050816317536276405,0.0007964414595315189,nan,nan,0.08104688674211502,507,1915,1945
fold_2,train,2180,exp016_static_strict_oof_proxy,retrieval,0.10767254130599031,0.07950128133198499,0.1073138620209375,-0.0003586792850528153,-1.9385832399129868,1.8675751686096191,0.07100807130336761,997,1344,1945
fold_2,train,2180,exp016_static_strict_oof_proxy,recent,0.10767254130599031,0.05553468799659059,0.10646821016677105,-0.001204331139219264,nan,nan,0.06675936281681061,1913,1944,1945
fold_2,train,2180,exp016_static_strict_oof_proxy,random,0.10767254130599031,0.08695343913038826,0.10841781915031239,0.0007452778443220731,nan,nan,0.08312694728374481,523,1880,1945
fold_2,train,2181,exp016_static_strict_oof_proxy,retrieval,0.1710735651043095,0.12511480587960597,0.17162627673572306,0.0005527116314135716,-2.2830886766314507,2.2055320739746094,0.07755660265684128,603,1942,1945
fold_2,train,2181,exp016_static_strict_oof_proxy,recent,0.1710735651043095,0.10455793408047831,0.16931423983244392,-0.0017593252718655639,nan,nan,0.06675936281681061,1913,1944,1945
fold_2,train,2181,exp016_static_strict_oof_proxy,random,0.1710735651043095,0.1264881244250012,0.17008525601809033,-0.0009883090862191635,nan,nan,0.07247014343738556,550,1943,1945
fold_2,train,2182,exp016_static_strict_oof_proxy,retrieval,0.11132650127989,0.09555665804861191,0.11255744627291897,0.0012309449930289762,-2.04226865619421,1.9744415283203125,0.06782712787389755,825,1343,1945
fold_2,train,2182,exp016_static_strict_oof_proxy,recent,0.11132650127989,0.033962820201690815,0.10660504024230545,-0.004721461037584543,nan,nan,0.06675936281681061,1913,1944,1945
fold_2,train,2182,exp016_static_strict_oof_proxy,random,0.11132650127989,0.09125544206404294,0.11191184087034359,0.000585339590453593,nan,nan,0.07961580902338028,532,1939,1945
fold_2,train,2183,exp016_static_strict_oof_proxy,retrieval,0.15108387555150493,0.09717211215054906,0.14868874275991792,-0.0023951327915870124,-1.945655807852745,1.8602076768875122,0.08544813096523285,796,1344,1945
fold_2,train,2183,exp016_static_strict_oof_proxy,recent,0.15108387555150493,0.10499910414625827,0.15056203351829633,-0.0005218420332085971,nan,nan,0.06675936281681061,1913,1944,1945
fold_2,train,2183,exp016_static_strict_oof_proxy,random,0.15108387555150493,0.09533380419014341,0.14854807546029936,-0.0025358000912055756,nan,nan,0.08080915361642838,509,1931,1945
fold_2,train,2184,exp016_static_strict_oof_proxy,retrieval,0.22090020450392622,0.0815385137207781,0.21293781790847682,-0.0079623865954494,-1.6413631588220596,1.5654020309448242,0.07596112787723541,807,1484,1945
fold_2,train,2184,exp016_static_strict_oof_proxy,recent,0.22090020450392622,0.23623124915438837,0.22902832915224258,0.00812812464831636,nan,nan,0.06675936281681061,1913,1944,1945
fold_2,train,2184,exp016_static_strict_oof_proxy,random,0.22090020450392622,0.18831068725653954,0.2239610211966518,0.0030608166927255653,nan,nan,0.07640649378299713,535,1921,1945
fold_2,train,2185,exp016_static_strict_oof_proxy,retrieval,0.1493634400455732,-0.019124495251634014,0.1354828837830955,-0.013880556262477695,-2.375148192048073,2.2982492446899414,0.07689894735813141,825,1463,1945
fold_2,train,2185,exp016_static_strict_oof_proxy,recent,0.1493634400455732,0.12414820314575173,0.15099029487373006,0.0016268548281568596,nan,nan,0.06675936281681061,1913,1944,1945
fold_2,train,2185,exp016_static_strict_oof_proxy,random,0.1493634400455732,0.03623650667605861,0.14150413211205282,-0.007859307933520382,nan,nan,0.087066650390625,503,1778,1945
fold_2,train,2186,exp016_static_strict_oof_proxy,retrieval,0.11058414325362793,0.018177057234245002,0.10446863479378175,-0.006115508459846181,-2.3241590335965157,2.245728015899658,0.07843101769685745,825,1484,1945
fold_2,train,2186,exp016_static_strict_oof_proxy,recent,0.11058414325362793,0.14269193482877582,0.117677174015843,0.007093030762215069,nan,nan,0.06675936281681061,1913,1944,1945
fold_2,train,2186,exp016_static_strict_oof_proxy,random,0.11058414325362793,0.04459825907499036,0.10690312716997485,-0.0036810160836530798,nan,nan,0.08330119401216507,554,1886,1945
fold_2,train,2187,exp016_static_strict_oof_proxy,retrieval,0.11489023274646747,-0.035569780102201375,0.10354517575487127,-0.0113450569915962,-2.7531138882040977,2.6780614852905273,0.0750524029135704,807,1464,1945
fold_2,train,2187,exp016_static_strict_oof_proxy,recent,0.11489023274646747,0.17398178825764773,0.12381222675211095,0.008921994005643488,nan,nan,0.06675936281681061,1913,1944,1945
fold_2,train,2187,exp016_static_strict_oof_proxy,random,0.11489023274646747,0.057732896244918855,0.11139003432798625,-0.003500198418481218,nan,nan,0.08297757059335709,572,1935,1945
fold_2,train,2188,exp016_static_strict_oof_proxy,retrieval,0.12213317134692174,-0.013915672915409532,0.11212186133942907,-0.010011310007492669,-2.144731745123863,2.0722362995147705,0.07249544560909271,825,1484,1945
fold_2,train,2188,exp016_static_strict_oof_proxy,recent,0.12213317134692174,0.11572588078156396,0.12409239047760522,0.001959219130683476,nan,nan,0.06675936281681061,1913,1944,1945
fold_2,train,2188,exp016_static_strict_oof_proxy,random,0.12213317134692174,-0.011154510261091984,0.11204945595760957,-0.010083715389312173,nan,nan,0.08594108372926712,507,1895,1945
fold_2,train,2189,exp016_static_strict_oof_proxy,retrieval,0.1213826491763568,0.05187848669371523,0.1169650126848105,-0.004417636491546306,-1.894739355891943,1.834327220916748,0.06041213497519493,990,1933,1945
fold_2,train,2189,exp016_static_strict_oof_proxy,recent,0.1213826491763568,0.14291694769750266,0.126191206759319,0.004808557582962197,nan,nan,0.06675936281681061,1913,1944,1945
fold_2,train,2189,exp016_static_strict_oof_proxy,random,0.1213826491763568,0.06322834907177445,0.11899531504201548,-0.0023873341343413207,nan,nan,0.08679751306772232,568,1940,1945
fold_2,train,2190,exp016_static_strict_oof_proxy,retrieval,0.1573888285562028,0.0801325503104701,0.15327216522576695,-0.004116663330435838,-2.467805679887533,2.4094371795654297,0.0583685003221035,825,1940,1945
fold_2,train,2190,exp016_static_strict_oof_proxy,recent,0.1573888285562028,0.16351383335856662,0.16163522635572794,0.004246397799525153,nan,nan,0.06675936281681061,1913,1944,1945
fold_2,train,2190,exp016_static_strict_oof_proxy,random,0.1573888285562028,0.08834284393587334,0.1541951596166212,-0.00319366893958159,nan,nan,0.08023671805858612,509,1936,1945
fold_2,train,2191,exp016_static_strict_oof_proxy,retrieval,0.14163298658779003,0.10348298386877895,0.14078324232292158,-0.0008497442648684461,-2.477173052728176,2.4074044227600098,0.06976862996816635,825,1937,1945
fold_2,train,2191,exp016_static_strict_oof_proxy,recent,0.14163298658779003,0.09550698122527489,0.14008319432485575,-0.0015497922629342797,nan,nan,0.06675936281681061,1913,1944,1945
fold_2,train,2191,exp016_static_strict_oof_proxy,random,0.14163298658779003,0.09113602857488788,0.13926317862696225,-0.00236980796082778,nan,nan,0.09158951789140701,560,1925,1945
fold_2,train,2192,exp016_static_strict_oof_proxy,retrieval,0.13326835529983908,0.1490113337280859,0.13787884658905833,0.004610491289219254,-2.046744719147682,1.9738225936889648,0.07292212545871735,974,1937,1945
fold_2,train,2192,exp016_static_strict_oof_proxy,recent,0.13326835529983908,0.1466510555033255,0.1375744731271204,0.004306117827281325,nan,nan,0.06675936281681061,1913,1944,1945
fold_2,train,2192,exp016_static_strict_oof_proxy,random,0.13326835529983908,0.14344040007384506,0.13705764373167306,0.003789288431833987,nan,nan,0.07979096472263336,542,1930,1945
fold_2,train,2193,exp016_static_strict_oof_proxy,retrieval,0.14203298460449343,0.09156777874063701,0.14079504994966785,-0.0012379346548255787,-2.3482966609299183,2.2859556674957275,0.06234099343419075,825,1937,1945
fold_2,train,2193,exp016_static_strict_oof_proxy,recent,0.14203298460449343,0.15483210557879082,0.14632949584066268,0.004296511236169254,nan,nan,0.06675936281681061,1913,1944,1945
fold_2,train,2193,exp016_static_strict_oof_proxy,random,0.14203298460449343,0.08620559908840546,0.13998758714062,-0.0020453974638734163,nan,nan,0.07554022967815399,530,1879,1945
fold_2,train,2194,exp016_static_strict_oof_proxy,retrieval,0.13773129616894447,0.14222193247816295,0.14055848134399307,0.0028271851750485966,-1.9018215462565422,1.8293201923370361,0.07250135391950607,798,1941,1945
fold_2,train,2194,exp016_static_strict_oof_proxy,recent,0.13773129616894447,0.13269737684237748,0.14027037454662944,0.002539078377684967,nan,nan,0.06675936281681061,1913,1944,1945
fold_2,train,2194,exp016_static_strict_oof_proxy,random,0.13773129616894447,0.12878695646242,0.13956404382238954,0.0018327476534450715,nan,nan,0.09062501043081284,597,1940,1945
fold_2,train,2195,exp016_static_strict_oof_proxy,retrieval,0.12584146219818143,0.12963049275333552,0.1281999790629013,0.0023585168647198562,-1.932384505867958,1.8532443046569824,0.07914020121097565,825,1937,1945
fold_2,train,2195,exp016_static_strict_oof_proxy,recent,0.12584146219818143,0.16239418651876275,0.13178064226959676,0.005939180071415334,nan,nan,0.06675936281681061,1913,1944,1945
fold_2,train,2195,exp016_static_strict_oof_proxy,random,0.12584146219818143,0.12496294632837049,0.1280341824121418,0.0021927202139603585,nan,nan,0.11499026417732239,512,1839,1945
fold_2,train,2196,exp016_static_strict_oof_proxy,retrieval,0.12026275253220035,0.08845909039385844,0.11980722238498001,-0.0004555301472203427,-2.213372714817524,2.142185688018799,0.07118702679872513,825,1937,1945
fold_2,train,2196,exp016_static_strict_oof_proxy,recent,0.12026275253220035,0.12270640648714069,0.12320574537373719,0.0029429928415368317,nan,nan,0.06675936281681061,1913,1944,1945
fold_2,train,2196,exp016_static_strict_oof_proxy,random,0.12026275253220035,0.09632760524167848,0.12036585541711121,0.00010310288491086061,nan,nan,0.09122715145349503,499,1904,1945
fold_2,train,2197,exp016_static_strict_oof_proxy,retrieval,0.15556487952981732,0.10576208967042362,0.1552280640784223,-0.0003368154513950228,-3.2528377324342728,3.1717848777770996,0.08105285465717316,558,1939,1945
fold_2,train,2197,exp016_static_strict_oof_proxy,recent,0.15556487952981732,0.09345249001287217,0.15336035895050273,-0.002204520579314584,nan,nan,0.06675936281681061,1913,1944,1945
fold_2,train,2197,exp016_static_strict_oof_proxy,random,0.15556487952981732,0.09234580807345005,0.15261187991195305,-0.0029529996178642715,nan,nan,0.07356715202331543,512,1939,1945
fold_2,train,2198,exp016_static_strict_oof_proxy,retrieval,0.16315528943588475,0.0678606927785663,0.15655429185345873,-0.006600997582426021,-2.596063084900379,2.5145106315612793,0.08155245333909988,811,1934,1945
fold_2,train,2198,exp016_static_strict_oof_proxy,recent,0.16315528943588475,0.11641453266843498,0.16162823493857192,-0.0015270544973128297,nan,nan,0.06675936281681061,1913,1944,1945
fold_2,train,2198,exp016_static_strict_oof_proxy,random,0.16315528943588475,0.11338179003894379,0.16097995906806215,-0.002175330367822609,nan,nan,0.07936133444309235,493,1900,1945
fold_2,train,2199,exp016_static_strict_oof_proxy,retrieval,0.18504913263879114,0.022502915795238315,0.1721243249204881,-0.012924807718303039,-2.6447558850049973,2.562746047973633,0.08200983703136444,1014,1934,1945
fold_2,train,2199,exp016_static_strict_oof_proxy,recent,0.18504913263879114,0.02254866891858642,0.17331663627332755,-0.011732496365463585,nan,nan,0.06675936281681061,1913,1944,1945
fold_2,train,2199,exp016_static_strict_oof_proxy,random,0.18504913263879114,0.05264204577140153,0.17548373873803416,-0.009565393900756974,nan,nan,0.07386167347431183,489,1922,1945
fold_2,train,2200,exp016_static_strict_oof_proxy,retrieval,0.14342939074561356,0.03615677116357469,0.135836671013314,-0.007592719732299552,-2.098038300871849,2.022036552429199,0.07600174844264984,807,1464,1945
fold_2,train,2200,exp016_static_strict_oof_proxy,recent,0.14342939074561356,0.13327424169406946,0.14547063128535517,0.0020412405397416122,nan,nan,0.06675936281681061,1913,1944,1945
fold_2,train,2200,exp016_static_strict_oof_proxy,random,0.14342939074561356,0.0713727114718908,0.1389159254763284,-0.004513465269285172,nan,nan,0.07115165889263153,572,1939,1945
fold_2,train,2201,exp016_static_strict_oof_proxy,retrieval,0.11513998367397983,-0.004245700782154762,0.10554136616582913,-0.009598617508150706,-2.158296398818493,2.078890800476074,0.07940559834241867,993,1934,1945
fold_2,train,2201,exp016_static_strict_oof_proxy,recent,0.11513998367397983,0.050120950769263595,0.11172343291111377,-0.0034165507628660663,nan,nan,0.06675936281681061,1913,1944,1945
fold_2,train,2201,exp016_static_strict_oof_proxy,random,0.11513998367397983,-0.0033511721684671082,0.10506787590546438,-0.010072107768515456,nan,nan,0.08085394650697708,502,1938,1945
fold_2,train,2202,exp016_static_strict_oof_proxy,retrieval,0.11744946266782981,0.09844513895486408,0.11687758491348857,-0.0005718777543412407,-2.9721993803977966,2.893113613128662,0.07908576726913452,1014,1934,1945
fold_2,train,2202,exp016_static_strict_oof_proxy,recent,0.11744946266782981,0.18278046881063945,0.1266877780876037,0.009238315419773893,nan,nan,0.06675936281681061,1913,1944,1945
fold_2,train,2202,exp016_static_strict_oof_proxy,random,0.11744946266782981,0.12287917415203477,0.12082906189607132,0.003379599228241506,nan,nan,0.08902768790721893,663,1923,1945
fold_2,train,2203,exp016_static_strict_oof_proxy,retrieval,0.1641830564205683,0.1151073999196237,0.16265528413034838,-0.0015277722902199142,-2.0034941881895065,1.9271445274353027,0.0763496607542038,807,1464,1945
fold_2,train,2203,exp016_static_strict_oof_proxy,recent,0.1641830564205683,0.17215299798930278,0.16742033152169744,0.0032372751011291445,nan,nan,0.06675936281681061,1913,1944,1945
fold_2,train,2203,exp016_static_strict_oof_proxy,random,0.1641830564205683,0.14007293571620913,0.16599121218166268,0.0018081557610943877,nan,nan,0.08567705750465393,505,1925,1945
fold_2,train,2204,exp016_static_strict_oof_proxy,retrieval,0.10082829814888987,0.05847705119472964,0.09923522118933639,-0.0015930769595534772,-1.8446512073278427,1.7718089818954468,0.07284222543239594,974,1937,1945
fold_2,train,2204,exp016_static_strict_oof_proxy,recent,0.10082829814888987,0.11326998760199478,0.10425478356326341,0.0034264854143735424,nan,nan,0.06675936281681061,1913,1944,1945
fold_2,train,2204,exp016_static_strict_oof_proxy,random,0.10082829814888987,0.030153065823897783,0.09610616505015647,-0.0047221330987334,nan,nan,0.0840461477637291,521,1870,1945
fold_2,train,2205,exp016_static_strict_oof_proxy,retrieval,0.0043373596878291945,-0.03911005099539505,-7.879199455557483e-05,-0.0044161516823847695,-2.171066425740719,2.0960137844085693,0.0750526413321495,984,1937,1945
fold_2,train,2205,exp016_static_strict_oof_proxy,recent,0.0043373596878291945,-2.9963459504327425e-05,0.0032173357772580157,-0.0011200239105711787,nan,nan,0.06675936281681061,1913,1944,1945
fold_2,train,2205,exp016_static_strict_oof_proxy,random,0.0043373596878291945,-0.068026660117593,-0.002990366602145998,-0.007327726289975193,nan,nan,0.09476761519908905,536,1933,1945
fold_2,train,2206,exp016_static_strict_oof_proxy,retrieval,-0.009488571356184309,-0.06227834520739607,-0.01583506883805687,-0.006346497481872562,-2.385316975414753,2.3164734840393066,0.06884349137544632,993,1941,1945
fold_2,train,2206,exp016_static_strict_oof_proxy,recent,-0.009488571356184309,0.007943501184528634,-0.009334961755097808,0.00015360960108650075,nan,nan,0.06675936281681061,1913,1944,1945
fold_2,train,2206,exp016_static_strict_oof_proxy,random,-0.009488571356184309,-0.11509973592697062,-0.02127677218946281,-0.0117882008332785,nan,nan,0.07837165892124176,552,1923,1945
fold_2,train,2207,exp016_static_strict_oof_proxy,retrieval,-0.004506919542217677,-0.13766939290962174,-0.019884738583180524,-0.015377819040962847,-1.832258179783821,1.7448008060455322,0.08745737373828888,803,1463,1945
fold_2,train,2207,exp016_static_strict_oof_proxy,recent,-0.004506919542217677,-0.007475534526281468,-0.007258907033451918,-0.002751987491234241,nan,nan,0.06675936281681061,1913,1944,1945
fold_2,train,2207,exp016_static_strict_oof_proxy,random,-0.004506919542217677,-0.10574835957689949,-0.01674862987399314,-0.012241710331775462,nan,nan,0.07472012937068939,512,1887,1945
fold_2,train,2208,exp016_static_strict_oof_proxy,retrieval,-0.021361389673399164,-0.1894200617441628,-0.040686195946132216,-0.01932480627273305,-2.194013923406601,2.116133451461792,0.07788047194480896,825,1333,1945
fold_2,train,2208,exp016_static_strict_oof_proxy,recent,-0.021361389673399164,0.03142304475597021,-0.018135437253330538,0.0032259524200686264,nan,nan,0.06675936281681061,1913,1944,1945
fold_2,train,2208,exp016_static_strict_oof_proxy,random,-0.021361389673399164,-0.15322242133218006,-0.036520747163830525,-0.01515935749043136,nan,nan,0.08332566916942596,506,1878,1945
fold_2,train,2209,exp016_static_strict_oof_proxy,retrieval,-0.02869564283230019,-0.15266409285397106,-0.04258428961616551,-0.013888646783865321,-3.851835533976555,3.7638261318206787,0.08800940215587616,558,1461,1945
fold_2,train,2209,exp016_static_strict_oof_proxy,recent,-0.02869564283230019,0.07201854815320331,-0.021273119706865812,0.0074225231254343785,nan,nan,0.06675936281681061,1913,1944,1945
fold_2,train,2209,exp016_static_strict_oof_proxy,random,-0.02869564283230019,-0.04598338208307727,-0.03190222223308972,-0.003206579400789531,nan,nan,0.08554276823997498,510,1943,1945
fold_2,train,2210,exp016_static_strict_oof_proxy,retrieval,0.04504493495925874,0.03956254753248433,0.04612714825269514,0.0010822132934364057,-4.871489390730858,4.783272743225098,0.08821664750576019,501,1461,1945
fold_2,train,2210,exp016_static_strict_oof_proxy,recent,0.04504493495925874,0.09610158374581204,0.05173568546679915,0.006690750507540415,nan,nan,0.06675936281681061,1913,1944,1945
fold_2,train,2210,exp016_static_strict_oof_proxy,random,0.04504493495925874,0.026806381853217216,0.0442887807229578,-0.0007561542363009391,nan,nan,0.11443021893501282,520,1882,1945
fold_2,train,2211,exp016_static_strict_oof_proxy,retrieval,0.20145161520412344,0.14449584507943825,0.20208661579400478,0.0006350005898813349,-8.77343687415123,8.685401916503906,0.08803495764732361,582,1815,1945
fold_2,train,2211,exp016_static_strict_oof_proxy,recent,0.20145161520412344,0.12077067573536769,0.2004264421091854,-0.0010251730949380478,nan,nan,0.06675936281681061,1913,1944,1945
fold_2,train,2211,exp016_static_strict_oof_proxy,random,0.20145161520412344,0.04645817553763492,0.19484662418571314,-0.0066049910184103056,nan,nan,0.08764176070690155,500,1942,1945
fold_2,train,2212,exp016_static_strict_oof_proxy,retrieval,0.21437071267925167,0.12030339297987794,0.21140910393187465,-0.002961608747377026,-5.643881089985371,5.561533451080322,0.08234763890504837,562,1924,1945
fold_2,train,2212,exp016_static_strict_oof_proxy,recent,0.21437071267925167,0.07298032943681182,0.20742419052194977,-0.006946522157301904,nan,nan,0.06675936281681061,1913,1944,1945
fold_2,train,2212,exp016_static_strict_oof_proxy,random,0.21437071267925167,0.10029010395100363,0.20991652181730355,-0.004454190861948121,nan,nan,0.09461621940135956,535,1942,1945
fold_2,train,2213,exp016_static_strict_oof_proxy,retrieval,0.3062947835423114,0.22398944716626232,0.3058709003421328,-0.0004238832001785542,-5.533695548772812,5.448153495788574,0.08554205298423767,581,1786,1945
fold_2,train,2213,exp016_static_strict_oof_proxy,recent,0.3062947835423114,0.10472085115136934,0.29652805331628657,-0.009766730226024811,nan,nan,0.06675936281681061,1913,1944,1945
fold_2,train,2213,exp016_static_strict_oof_proxy,random,0.3062947835423114,0.166747079695936,0.3008785599595333,-0.005416223582778101,nan,nan,0.0880785882472992,507,1815,1945
fold_2,train,2214,exp016_static_strict_oof_proxy,retrieval,0.2056678464625702,0.07283890851744881,0.1978319048311196,-0.0078359416314506,-5.467498481273651,5.376852035522461,0.09064644575119019,580,1750,1945
fold_2,train,2214,exp016_static_strict_oof_proxy,recent,0.2056678464625702,-0.05682622329830768,0.18812861958716137,-0.01753922687540882,nan,nan,0.06675936281681061,1913,1944,1945
fold_2,train,2214,exp016_static_strict_oof_proxy,random,0.2056678464625702,-0.020275694248409214,0.19096507724288136,-0.014702769219688827,nan,nan,0.07723202556371689,495,1940,1945
fold_2,train,2215,exp016_static_strict_oof_proxy,retrieval,0.05162346768995237,-0.09668202765286793,0.03752150492813312,-0.01410196276181925,-3.4975468814373016,3.405629873275757,0.0919170081615448,802,1481,1945
fold_2,train,2215,exp016_static_strict_oof_proxy,recent,0.05162346768995237,-0.09281372991168924,0.037694206219634686,-0.013929261470317686,nan,nan,0.06675936281681061,1913,1944,1945
fold_2,train,2215,exp016_static_strict_oof_proxy,random,0.05162346768995237,-0.08120355566928948,0.039507288254312024,-0.012116179435640348,nan,nan,0.08322973549365997,509,1893,1945
fold_2,train,2216,exp016_static_strict_oof_proxy,retrieval,0.03914895073588779,0.08457572868584173,0.043877386832062805,0.004728436096175015,-5.689934089779854,5.599244594573975,0.09068949520587921,581,1871,1945
fold_2,train,2216,exp016_static_strict_oof_proxy,recent,0.03914895073588779,-0.1361082780885027,0.02249157035766227,-0.01665738037822552,nan,nan,0.06675936281681061,1913,1944,1945
fold_2,train,2216,exp016_static_strict_oof_proxy,random,0.03914895073588779,-0.12367997311031546,0.022919061615461048,-0.016229889120426742,nan,nan,0.08232416957616806,487,1903,1945
fold_2,train,2217,exp016_static_strict_oof_proxy,retrieval,0.028869159727158717,-0.1472428527201521,0.012043128163963909,-0.01682603156319481,-4.8668016120791435,4.783418655395508,0.08338295668363571,562,1816,1945
fold_2,train,2217,exp016_static_strict_oof_proxy,recent,0.028869159727158717,-0.18050765285625475,0.008224339343358799,-0.020644820383799917,nan,nan,0.06675936281681061,1913,1944,1945
fold_2,train,2217,exp016_static_strict_oof_proxy,random,0.028869159727158717,-0.15122839797689563,0.011502341450015403,-0.017366818277143314,nan,nan,0.08252567797899246,495,1887,1945
fold_2,train,2218,exp016_static_strict_oof_proxy,retrieval,-0.027808245719938878,-0.23736905077410456,-0.050211935738862706,-0.022403690018923828,-2.5042009130120277,2.4238455295562744,0.08035538345575333,813,1324,1945
fold_2,train,2218,exp016_static_strict_oof_proxy,recent,-0.027808245719938878,-0.31635145464609354,-0.05857788809259929,-0.030769642372660413,nan,nan,0.06675936281681061,1913,1944,1945
fold_2,train,2218,exp016_static_strict_oof_proxy,random,-0.027808245719938878,-0.24636837287103083,-0.0514247608448529,-0.023616515124914025,nan,nan,0.08174753934144974,520,1851,1945
fold_2,train,2219,exp016_static_strict_oof_proxy,retrieval,0.1345210821909235,0.05673073069575775,0.13060789070727963,-0.003913191483643885,-2.5210925564169884,2.4482476711273193,0.07284488528966904,804,1326,1945
fold_2,train,2219,exp016_static_strict_oof_proxy,recent,0.1345210821909235,-0.17829843766841658,0.10727596302776876,-0.027245119163154752,nan,nan,0.06675936281681061,1913,1944,1945
fold_2,train,2219,exp016_static_strict_oof_proxy,random,0.1345210821909235,-0.035623009224523695,0.12001921496496869,-0.014501867225954826,nan,nan,0.07701098173856735,649,1827,1945
fold_2,train,2220,exp016_static_strict_oof_proxy,retrieval,0.0690170703658219,0.09359134168405323,0.07349458958607777,0.004477519220255868,-4.446527533233166,4.367939472198486,0.07858806103467941,567,1874,1945
fold_2,train,2220,exp016_static_strict_oof_proxy,recent,0.0690170703658219,-0.12167989149681768,0.05250809570183552,-0.016508974663986382,nan,nan,0.06675936281681061,1913,1944,1945
fold_2,train,2220,exp016_static_strict_oof_proxy,random,0.0690170703658219,0.002184064180855579,0.06403416042730567,-0.004982909938516231,nan,nan,0.07285278290510178,511,1923,1945
fold_2,train,2221,exp016_static_strict_oof_proxy,retrieval,0.10835988134160095,0.10191380307650547,0.11199293809421648,0.003633056752615535,-2.2869659066200256,2.218898057937622,0.06806784868240356,807,1348,1945
fold_2,train,2221,exp016_static_strict_oof_proxy,recent,0.10835988134160095,-0.0317602702478672,0.09825454670654644,-0.010105334635054503,nan,nan,0.06675936281681061,1913,1944,1945
fold_2,train,2221,exp016_static_strict_oof_proxy,random,0.10835988134160095,0.10145807385165984,0.11128554625916466,0.002925664917563714,nan,nan,0.10075630992650986,544,1883,1945
fold_2,train,2222,exp016_static_strict_oof_proxy,retrieval,0.15466296629867737,0.09747569362848446,0.15305750914506128,-0.0016054571536160966,-2.46327543258667,2.389988899230957,0.07328653335571289,824,1884,1945
fold_2,train,2222,exp016_static_strict_oof_proxy,recent,0.15466296629867737,-0.013646944513213034,0.1426768125037224,-0.011986153794954962,nan,nan,0.06675936281681061,1913,1944,1945
fold_2,train,2222,exp016_static_strict_oof_proxy,random,0.15466296629867737,0.03554444724105228,0.14663727375535476,-0.00802569254332261,nan,nan,0.07863014936447144,572,1900,1945
fold_2,train,2223,exp016_static_strict_oof_proxy,retrieval,0.14620095867825253,0.06256849797039159,0.1412967492302628,-0.004904209447989721,-2.1255650222301483,2.041747808456421,0.08381721377372742,807,1487,1945
fold_2,train,2223,exp016_static_strict_oof_proxy,recent,0.14620095867825253,-0.011325260468627914,0.13379747555242516,-0.01240348312582737,nan,nan,0.06675936281681061,1913,1944,1945
fold_2,train,2223,exp016_static_strict_oof_proxy,random,0.14620095867825253,0.08463268036081595,0.1438480814397856,-0.002352877238466916,nan,nan,0.09472968429327011,541,1935,1945
fold_2,train,2224,exp016_static_strict_oof_proxy,retrieval,0.15306043072579428,0.1276762468313085,0.15441713129098086,0.0013567005651865804,-3.525439277291298,3.437066078186035,0.08837319910526276,817,1924,1945
fold_2,train,2224,exp016_static_strict_oof_proxy,recent,0.15306043072579428,0.017559395152566343,0.14451676027890295,-0.008543670446891333,nan,nan,0.06675936281681061,1913,1944,1945
fold_2,train,2224,exp016_static_strict_oof_proxy,random,0.15306043072579428,0.11767090137618186,0.1536236088422982,0.0005631781165039151,nan,nan,0.08634890615940094,520,1912,1945
fold_2,train,2225,exp016_static_strict_oof_proxy,retrieval,0.17326214976219662,0.15447663249177696,0.17615618141031344,0.0028940316481168293,-2.981810912489891,2.895596504211426,0.08621440827846527,802,1933,1945
fold_2,train,2225,exp016_static_strict_oof_proxy,recent,0.17326214976219662,0.06861085064101355,0.16813486376756606,-0.005127285994630554,nan,nan,0.06675936281681061,1913,1944,1945
fold_2,train,2225,exp016_static_strict_oof_proxy,random,0.17326214976219662,0.18319924655321387,0.17891614232032074,0.005653992558124127,nan,nan,0.07718019187450409,580,1826,1945
fold_2,train,2226,exp016_static_strict_oof_proxy,retrieval,0.0754371757842728,-0.00299172996975311,0.06909906983836048,-0.006338105945912317,-2.769488364458084,2.686116933822632,0.08337143063545227,962,1934,1945
fold_2,train,2226,exp016_static_strict_oof_proxy,recent,0.0754371757842728,-0.16226717956900724,0.05390998058567466,-0.021527195198598137,nan,nan,0.06675936281681061,1913,1944,1945
fold_2,train,2226,exp016_static_strict_oof_proxy,random,0.0754371757842728,-0.02130748381562048,0.06780773222224794,-0.007629443562024857,nan,nan,0.10721942782402039,570,1918,1945
fold_2,train,2227,exp016_static_strict_oof_proxy,retrieval,0.08295937330297486,0.09255696408108616,0.08631275129880488,0.0033533779958300203,-2.5620818808674812,2.483794689178467,0.07828719168901443,899,1464,1945
fold_2,train,2227,exp016_static_strict_oof_proxy,recent,0.08295937330297486,-0.053435367091070385,0.07313077834225148,-0.009828594960723372,nan,nan,0.06675936281681061,1913,1944,1945
fold_2,train,2227,exp016_static_strict_oof_proxy,random,0.08295937330297486,0.04748969774515572,0.08166826595883103,-0.0012911073441438242,nan,nan,0.08763116598129272,537,1852,1945
fold_2,train,2228,exp016_static_strict_oof_proxy,retrieval,0.1513269285463206,0.08691822766699653,0.14791841972088424,-0.0034085088254363627,-2.0682324022054672,1.9944876432418823,0.0737447589635849,974,1933,1945
fold_2,train,2228,exp016_static_strict_oof_proxy,recent,0.1513269285463206,-0.007021526749892747,0.1396266695553035,-0.011700258991017093,nan,nan,0.06675936281681061,1913,1944,1945
fold_2,train,2228,exp016_static_strict_oof_proxy,random,0.1513269285463206,0.1580516755603701,0.15498917222156758,0.003662243675246979,nan,nan,0.0860581174492836,529,1744,1945
fold_2,train,2229,exp016_static_strict_oof_proxy,retrieval,0.1848685301060739,0.13189063654666683,0.18303409839564036,-0.0018344317104335428,-1.9377369210124016,1.8642476797103882,0.0734892413020134,993,1934,1945
fold_2,train,2229,exp016_static_strict_oof_proxy,recent,0.1848685301060739,0.09900822929947993,0.181300344970406,-0.003568185135667895,nan,nan,0.06675936281681061,1913,1944,1945
fold_2,train,2229,exp016_static_strict_oof_proxy,random,0.1848685301060739,0.11587335174886257,0.18155274696534132,-0.003315783140732581,nan,nan,0.08304052799940109,538,1931,1945
fold_2,train,2230,exp016_static_strict_oof_proxy,retrieval,0.1407420056508673,0.1190063663552394,0.14098913533319168,0.00024712968232437627,-2.2273054271936417,2.1559159755706787,0.07138945162296295,974,1937,1945
fold_2,train,2230,exp016_static_strict_oof_proxy,recent,0.1407420056508673,0.1642520549727276,0.14737919045828143,0.006637184807414126,nan,nan,0.06675936281681061,1913,1944,1945
fold_2,train,2230,exp016_static_strict_oof_proxy,random,0.1407420056508673,0.12935441408901532,0.1430379470396943,0.002295941388826994,nan,nan,0.08688671141862869,524,1918,1945
fold_2,train,2231,exp016_static_strict_oof_proxy,retrieval,0.24154790304040866,0.2269849694179165,0.24480928247036635,0.0032613794299576893,-2.2594660967588425,2.194129467010498,0.06533662974834442,974,1936,1945
fold_2,train,2231,exp016_static_strict_oof_proxy,recent,0.24154790304040866,0.2556757415607811,0.2500811989354672,0.008533295895058551,nan,nan,0.06675936281681061,1913,1944,1945
fold_2,train,2231,exp016_static_strict_oof_proxy,random,0.24154790304040866,0.2071921642199438,0.24449174730753687,0.0029438442671282095,nan,nan,0.07582331448793411,510,1908,1945
fold_2,train,2232,exp016_static_strict_oof_proxy,retrieval,0.23170882895901512,0.208716360612733,0.23325180060762116,0.001542971648606034,-2.7017426416277885,2.6392807960510254,0.06246184557676315,1153,1933,1945
fold_2,train,2232,exp016_static_strict_oof_proxy,recent,0.23170882895901512,0.19338298638359708,0.23456699680664672,0.0028581678476315986,nan,nan,0.06675936281681061,1913,1944,1945
fold_2,train,2232,exp016_static_strict_oof_proxy,random,0.23170882895901512,0.1806343525137174,0.23127732579440963,-0.00043150316460549565,nan,nan,0.08122232556343079,496,1908,1945
fold_2,train,2233,exp016_static_strict_oof_proxy,retrieval,0.14951067765822657,0.10849089886435104,0.14793240987709205,-0.0015782677811345125,-2.169416718184948,2.0969321727752686,0.07248454540967941,984,1937,1945
fold_2,train,2233,exp016_static_strict_oof_proxy,recent,0.14951067765822657,0.031976755750287494,0.14105983049274834,-0.008450847165478226,nan,nan,0.06675936281681061,1913,1944,1945
fold_2,train,2233,exp016_static_strict_oof_proxy,random,0.14951067765822657,0.118895754236009,0.14904323438488656,-0.00046744327334000135,nan,nan,0.09040647745132446,499,1878,1945
fold_2,train,2234,exp016_static_strict_oof_proxy,retrieval,0.18528518093385102,0.1516603101484458,0.1857885144559127,0.0005033335220616941,-1.9500485956668854,1.8732410669326782,0.07680752873420715,798,1941,1945
fold_2,train,2234,exp016_static_strict_oof_proxy,recent,0.18528518093385102,0.05197521220612268,0.17740561494253276,-0.007879565991318255,nan,nan,0.06675936281681061,1913,1944,1945
fold_2,train,2234,exp016_static_strict_oof_proxy,random,0.18528518093385102,0.13963967849910403,0.18462162737550994,-0.000663553558341079,nan,nan,0.08290086686611176,537,1931,1945
fold_2,train,2235,exp016_static_strict_oof_proxy,retrieval,0.30505660892339065,0.2684460672322218,0.3068051404174039,0.0017485314940132723,-2.049979016184807,1.970314383506775,0.07966463267803192,976,1481,1945
fold_2,train,2235,exp016_static_strict_oof_proxy,recent,0.30505660892339065,0.13552917220587807,0.29578462594523414,-0.009271982978156512,nan,nan,0.06675936281681061,1913,1944,1945
fold_2,train,2235,exp016_static_strict_oof_proxy,random,0.30505660892339065,0.3285805613388718,0.3117356924564779,0.006679083533087271,nan,nan,0.09648948907852173,509,1847,1945
fold_2,train,2236,exp016_static_strict_oof_proxy,retrieval,0.23682395722185526,0.21622795933799985,0.23936228596919262,0.002538328747337365,-2.1065938100218773,2.0256807804107666,0.08091302961111069,1064,1478,1945
fold_2,train,2236,exp016_static_strict_oof_proxy,recent,0.23682395722185526,0.16265215857014997,0.23599453113994062,-0.000829426081914636,nan,nan,0.06675936281681061,1913,1944,1945
fold_2,train,2236,exp016_static_strict_oof_proxy,random,0.23682395722185526,0.19465704964681177,0.2371216521268503,0.00029769490499503837,nan,nan,0.0790327861905098,532,1925,1945
fold_2,train,2237,exp016_static_strict_oof_proxy,retrieval,0.16379920795059996,0.09143813056923698,0.15996152120772328,-0.0038376867428766837,-2.742152877151966,2.6663126945495605,0.07584018260240555,1014,1488,1945
fold_2,train,2237,exp016_static_strict_oof_proxy,recent,0.16379920795059996,0.06527864129395232,0.15746465661129164,-0.006334551339308325,nan,nan,0.06675936281681061,1913,1944,1945
fold_2,train,2237,exp016_static_strict_oof_proxy,random,0.16379920795059996,0.15131296973407124,0.16616011250945473,0.002360904558854765,nan,nan,0.08427323400974274,486,1939,1945
fold_2,train,2238,exp016_static_strict_oof_proxy,retrieval,0.11489960991804701,0.09449523180960934,0.11505826598002744,0.0001586560619804278,-2.9940252229571342,2.9108800888061523,0.0831451341509819,795,1934,1945
fold_2,train,2238,exp016_static_strict_oof_proxy,recent,0.11489960991804701,-0.003219713767293186,0.10521445086800073,-0.009685159050046285,nan,nan,0.06675936281681061,1913,1944,1945
fold_2,train,2238,exp016_static_strict_oof_proxy,random,0.11489960991804701,0.11728019450002343,0.11703633374268166,0.0021367238246346454,nan,nan,0.08668043464422226,561,1925,1945
fold_2,train,2239,exp016_static_strict_oof_proxy,retrieval,0.1132555280084189,0.014937446557381473,0.10601358513963455,-0.007241942868784351,-3.068972021341324,2.9860830307006836,0.08288899064064026,1090,1934,1945
fold_2,train,2239,exp016_static_strict_oof_proxy,recent,0.1132555280084189,-0.09680446995996896,0.09533106190637851,-0.01792446610204039,nan,nan,0.06675936281681061,1913,1944,1945
fold_2,train,2239,exp016_static_strict_oof_proxy,random,0.1132555280084189,-0.04805645903588948,0.10078745173808736,-0.012468076270331543,nan,nan,0.0863167867064476,490,1909,1945
fold_2,train,2240,exp016_static_strict_oof_proxy,retrieval,0.04666926409145745,-0.01241934666839778,0.04118809457576277,-0.0054811695156946755,-2.449341505765915,2.360119342803955,0.08922216296195984,794,1934,1945
fold_2,train,2240,exp016_static_strict_oof_proxy,recent,0.04666926409145745,-0.10972519298795906,0.031216208647142432,-0.015453055444315016,nan,nan,0.06675936281681061,1913,1944,1945
fold_2,train,2240,exp016_static_strict_oof_proxy,random,0.04666926409145745,0.040567654941282866,0.04625230149492979,-0.0004169625965276605,nan,nan,0.0720909908413887,493,1935,1945
fold_2,train,2241,exp016_static_strict_oof_proxy,retrieval,0.09234438844676392,0.3654264047153313,0.12299328545290919,0.030648897006145273,-6.65470664203167,6.567227363586426,0.08747927844524384,582,1871,1945
fold_2,train,2241,exp016_static_strict_oof_proxy,recent,0.09234438844676392,-0.08919582403347931,0.07650219037800762,-0.015842198068756294,nan,nan,0.06675936281681061,1913,1944,1945
fold_2,train,2241,exp016_static_strict_oof_proxy,random,0.09234438844676392,0.07619088069693697,0.0924103068388972,6.591839213328232e-05,nan,nan,0.08639632165431976,510,1873,1945
fold_2,train,2242,exp016_static_strict_oof_proxy,retrieval,0.1626617275868098,0.010507942268935137,0.15139431057573688,-0.011267417011072922,-6.9300249218940735,6.840241432189941,0.08978348970413208,582,1924,1945
fold_2,train,2242,exp016_static_strict_oof_proxy,recent,0.1626617275868098,-0.039070646602956866,0.14606135161419015,-0.016600375972619652,nan,nan,0.06675936281681061,1913,1944,1945
fold_2,train,2242,exp016_static_strict_oof_proxy,random,0.1626617275868098,0.10055417733599739,0.15993065902617,-0.0027310685606397878,nan,nan,0.07673075795173645,490,1784,1945
fold_2,train,2243,exp016_static_strict_oof_proxy,retrieval,0.21647244185707853,0.10946923777257711,0.20967972930454037,-0.00679271255253816,-3.9959916546940804,3.9178454875946045,0.07814616709947586,1059,1884,1945
fold_2,train,2243,exp016_static_strict_oof_proxy,recent,0.21647244185707853,0.033282857248050725,0.2027975603289526,-0.013674881528125932,nan,nan,0.06675936281681061,1913,1944,1945
fold_2,train,2243,exp016_static_strict_oof_proxy,random,0.21647244185707853,0.20780774766729807,0.2194716352743699,0.0029991934172913515,nan,nan,0.12640009820461273,497,1869,1945
fold_2,train,2244,exp016_static_strict_oof_proxy,retrieval,0.09827753402774767,0.05273250302643145,0.09540723672268207,-0.0028702973050655917,-3.650864504277706,3.5566320419311523,0.0942324623465538,1101,1924,1945
fold_2,train,2244,exp016_static_strict_oof_proxy,recent,0.09827753402774767,-0.01507522651374695,0.0894101948606229,-0.00886733916712476,nan,nan,0.06675936281681061,1913,1944,1945
fold_2,train,2244,exp016_static_strict_oof_proxy,random,0.09827753402774767,0.01548240563641411,0.09232058606710969,-0.005956947960637976,nan,nan,0.09229153394699097,498,1914,1945
fold_2,train,2245,exp016_static_strict_oof_proxy,retrieval,0.07582127359160662,0.04271648511904514,0.07483928418614882,-0.000981989405457795,-2.8864464163780212,2.7853188514709473,0.10112756490707397,794,1793,1945
fold_2,train,2245,exp016_static_strict_oof_proxy,recent,0.07582127359160662,-0.07389705459547044,0.06317773940694091,-0.012643534184665711,nan,nan,0.06675936281681061,1913,1944,1945
fold_2,train,2245,exp016_static_strict_oof_proxy,random,0.07582127359160662,0.08297806935755789,0.07904757177651686,0.0032262981849102423,nan,nan,0.11421054601669312,522,1870,1945
fold_2,train,2246,exp016_static_strict_oof_proxy,retrieval,0.1340054472437448,0.12872656440268163,0.13686030032433885,0.0028548530805940497,-2.717104449868202,2.637873888015747,0.07923056185245514,1059,1933,1945
fold_2,train,2246,exp016_static_strict_oof_proxy,recent,0.1340054472437448,0.0506478103516511,0.12975950005491682,-0.004245947188827981,nan,nan,0.06675936281681061,1913,1944,1945
fold_2,train,2246,exp016_static_strict_oof_proxy,random,0.1340054472437448,0.13851640278559058,0.1382929065406015,0.004287459296856699,nan,nan,0.09669692814350128,534,1886,1945
fold_2,train,2247,exp016_static_strict_oof_proxy,retrieval,0.15345432077695903,0.15656502684019574,0.157223712202045,0.0037693914250859772,-2.9737837314605713,2.898451089859009,0.0753326416015625,1059,1934,1945
fold_2,train,2247,exp016_static_strict_oof_proxy,recent,0.15345432077695903,0.13067380351093213,0.15522258686112428,0.0017682660841652487,nan,nan,0.06675936281681061,1913,1944,1945
fold_2,train,2247,exp016_static_strict_oof_proxy,random,0.15345432077695903,0.16487590322866047,0.15825408101399027,0.004799760237031242,nan,nan,0.08859389275312424,493,1917,1945
fold_2,train,2248,exp016_static_strict_oof_proxy,retrieval,0.1810447197525191,0.19084218181257018,0.18576401425654226,0.004719294504023169,-4.334895774722099,4.240668296813965,0.09422747790813446,1042,1924,1945
fold_2,train,2248,exp016_static_strict_oof_proxy,recent,0.1810447197525191,0.13027197381222158,0.1802809957312626,-0.00076372402125649,nan,nan,0.06675936281681061,1913,1944,1945
fold_2,train,2248,exp016_static_strict_oof_proxy,random,0.1810447197525191,0.20985428877415419,0.18792304576700447,0.006878326014485375,nan,nan,0.08545168489217758,582,1909,1945
fold_2,train,2249,exp016_static_strict_oof_proxy,retrieval,0.14957092345941367,0.14976512027989833,0.15217099477266505,0.0026000713132513786,-2.838449791073799,2.7490761280059814,0.08937366306781769,803,1934,1945
fold_2,train,2249,exp016_static_strict_oof_proxy,recent,0.14957092345941367,0.09334844980244064,0.14714915666037404,-0.002421766799039632,nan,nan,0.06675936281681061,1913,1944,1945
fold_2,train,2249,exp016_static_strict_oof_proxy,random,0.14957092345941367,0.1520000082934273,0.15236410814753068,0.002793184688117012,nan,nan,0.08182813227176666,568,1937,1945
fold_2,train,2250,exp016_static_strict_oof_proxy,retrieval,0.1736164816335087,0.06194346211828143,0.16533634914023737,-0.008280132493271336,-4.004792615771294,3.918217658996582,0.08657495677471161,1042,1939,1945
fold_2,train,2250,exp016_static_strict_oof_proxy,recent,0.1736164816335087,0.022865575049546512,0.1624841581904501,-0.011132323443058617,nan,nan,0.06675936281681061,1913,1944,1945
fold_2,train,2250,exp016_static_strict_oof_proxy,random,0.1736164816335087,0.08700197804782564,0.16859134329638492,-0.005025138337123786,nan,nan,0.08323945105075836,605,1868,1945
fold_2,train,2251,exp016_static_strict_oof_proxy,retrieval,0.2548377239318501,0.20433651978693157,0.2559747945138842,0.0011370705820341054,-3.0200607255101204,2.9249861240386963,0.0950746014714241,803,1495,1945
fold_2,train,2251,exp016_static_strict_oof_proxy,recent,0.2548377239318501,0.21430287886577273,0.2573987853145319,0.0025610613826818063,nan,nan,0.06675936281681061,1913,1944,1945
fold_2,train,2251,exp016_static_strict_oof_proxy,random,0.2548377239318501,0.2041644431073727,0.2558100009414568,0.0009722770096066702,nan,nan,0.10482285171747208,599,1902,1945
fold_2,train,2252,exp016_static_strict_oof_proxy,retrieval,0.13695096853105873,0.04704586769915339,0.13017543647686108,-0.006775532054197647,-2.7808333188295364,2.701963424682617,0.07886989414691925,1110,1934,1945
fold_2,train,2252,exp016_static_strict_oof_proxy,recent,0.13695096853105873,0.11146092910285496,0.1377598498914128,0.0008088813603540634,nan,nan,0.06675936281681061,1913,1944,1945
fold_2,train,2252,exp016_static_strict_oof_proxy,random,0.13695096853105873,0.03008677495623455,0.12910645837788928,-0.007844510153169448,nan,nan,0.07055909186601639,528,1935,1945
fold_2,train,2253,exp016_static_strict_oof_proxy,retrieval,0.16742174200909166,0.12832997102242807,0.1669865839566938,-0.0004351580523978549,-2.071433149278164,1.9922549724578857,0.07917817682027817,1118,1938,1945
fold_2,train,2253,exp016_static_strict_oof_proxy,recent,0.16742174200909166,0.1721086874294691,0.17156044287982108,0.004138700870729428,nan,nan,0.06675936281681061,1913,1944,1945
fold_2,train,2253,exp016_static_strict_oof_proxy,random,0.16742174200909166,0.10772892554468491,0.1649475269321305,-0.0024742150769611615,nan,nan,0.08590444177389145,527,1909,1945
fold_2,train,2254,exp016_static_strict_oof_proxy,retrieval,0.1809582286480009,0.11155235126012893,0.1779378337882086,-0.0030203948597923025,-2.448763854801655,2.3642609119415283,0.0845029428601265,798,1934,1945
fold_2,train,2254,exp016_static_strict_oof_proxy,recent,0.1809582286480009,0.2041772500027554,0.18780451039386525,0.006846281745864352,nan,nan,0.06675936281681061,1913,1944,1945
fold_2,train,2254,exp016_static_strict_oof_proxy,random,0.1809582286480009,0.15102333004794047,0.181887893155019,0.0009296645070180909,nan,nan,0.07894328981637955,494,1939,1945
fold_2,train,2255,exp016_static_strict_oof_proxy,retrieval,0.1755458333111197,0.0921390525906878,0.17063749246810128,-0.004908340843018416,-2.6006398126482964,2.5147807598114014,0.08585905283689499,803,1811,1945
fold_2,train,2255,exp016_static_strict_oof_proxy,recent,0.1755458333111197,0.22046187552487864,0.18429457856765918,0.008748745256539486,nan,nan,0.06675936281681061,1913,1944,1945
fold_2,train,2255,exp016_static_strict_oof_proxy,random,0.1755458333111197,0.16483853066970125,0.17839643061919777,0.0028505973080780733,nan,nan,0.07465511560440063,520,1860,1945
fold_2,train,2256,exp016_static_strict_oof_proxy,retrieval,0.06357879897575568,0.017706180870210947,0.05982610958181883,-0.003752689393936845,-2.9496023058891296,2.8692150115966797,0.08038729429244995,796,1481,1945
fold_2,train,2256,exp016_static_strict_oof_proxy,recent,0.06357879897575568,-0.0686177010250963,0.05040539577874285,-0.01317340319701283,nan,nan,0.06675936281681061,1913,1944,1945
fold_2,train,2256,exp016_static_strict_oof_proxy,random,0.06357879897575568,-0.047355143268773194,0.05250831253910702,-0.011070486436648659,nan,nan,0.08374103903770447,671,1906,1945
fold_2,train,2257,exp016_static_strict_oof_proxy,retrieval,0.028923065215240965,0.005511734392075057,0.026928006306639125,-0.0019950589086018405,-3.4214609190821648,3.3365726470947266,0.0848882719874382,800,1930,1945
fold_2,train,2257,exp016_static_strict_oof_proxy,recent,0.028923065215240965,-0.02706146936628538,0.023659680318297637,-0.005263384896943328,nan,nan,0.06675936281681061,1913,1944,1945
fold_2,train,2257,exp016_static_strict_oof_proxy,random,0.028923065215240965,-0.01606583405611016,0.024935262701460913,-0.003987802513780052,nan,nan,0.09496103972196579,500,1939,1945
fold_2,train,2258,exp016_static_strict_oof_proxy,retrieval,0.14738849173910293,0.07055842781876542,0.14308368317999043,-0.0043048085591125,-2.049782559275627,1.9650235176086426,0.08475904166698456,1114,1483,1945
fold_2,train,2258,exp016_static_strict_oof_proxy,recent,0.14738849173910293,0.08087125136025476,0.14481938395338342,-0.0025691077857195044,nan,nan,0.06675936281681061,1913,1944,1945
fold_2,train,2258,exp016_static_strict_oof_proxy,random,0.14738849173910293,0.06356860574844178,0.1426887987047194,-0.004699693034383529,nan,nan,0.08602580428123474,549,1792,1945
fold_2,train,2259,exp016_static_strict_oof_proxy,retrieval,0.12105793542349007,0.11400704337342775,0.12229219443271633,0.00123425900922626,-2.475239761173725,2.4009270668029785,0.07431269437074661,796,1480,1945
fold_2,train,2259,exp016_static_strict_oof_proxy,recent,0.12105793542349007,0.0412013175720781,0.11659501094814118,-0.004462924475348892,nan,nan,0.06675936281681061,1913,1944,1945
fold_2,train,2259,exp016_static_strict_oof_proxy,random,0.12105793542349007,0.07096432299539444,0.11853501227951492,-0.0025229231439751476,nan,nan,0.0726407915353775,516,1911,1945
fold_2,train,2260,exp016_static_strict_oof_proxy,retrieval,0.14506923106271707,0.14681952214637842,0.1496423282199236,0.004573097157206524,-2.8153296262025833,2.7316014766693115,0.08372814953327179,803,1481,1945
fold_2,train,2260,exp016_static_strict_oof_proxy,recent,0.14506923106271707,0.12876050137257605,0.14757805690777426,0.002508825845057183,nan,nan,0.06675936281681061,1913,1944,1945
fold_2,train,2260,exp016_static_strict_oof_proxy,random,0.14506923106271707,0.1488387706142693,0.1488858265023747,0.003816595439657622,nan,nan,0.06998726725578308,497,1942,1945
fold_2,train,2261,exp016_static_strict_oof_proxy,retrieval,0.15708172016621585,0.0997877010426873,0.15451665179674717,-0.0025650683694686816,-2.692089356482029,2.619764566421509,0.07232479006052017,824,1932,1945
fold_2,train,2261,exp016_static_strict_oof_proxy,recent,0.15708172016621585,0.10928814048990457,0.15596536131756547,-0.001116358848650384,nan,nan,0.06675936281681061,1913,1944,1945
fold_2,train,2261,exp016_static_strict_oof_proxy,random,0.15708172016621585,0.12038334328923209,0.1561091447869516,-0.0009725753792642622,nan,nan,0.09093381464481354,575,1942,1945
fold_2,train,2262,exp016_static_strict_oof_proxy,retrieval,0.1022556766042889,0.05967026869858117,0.1003399453066948,-0.001915731297594106,-2.676970638334751,2.589536666870117,0.08743397146463394,974,1464,1945
fold_2,train,2262,exp016_static_strict_oof_proxy,recent,0.1022556766042889,0.031180589713929945,0.09816035736737756,-0.004095319236911338,nan,nan,0.06675936281681061,1913,1944,1945
fold_2,train,2262,exp016_static_strict_oof_proxy,random,0.1022556766042889,0.05083944610472489,0.09967469693129401,-0.002580979672994893,nan,nan,0.07962025701999664,487,1929,1945
fold_2,train,2263,exp016_static_strict_oof_proxy,retrieval,0.09007173477136679,0.016629249728624965,0.08466854554760704,-0.0054031892237597495,-2.5377404391765594,2.450714588165283,0.08702585101127625,796,1463,1945
fold_2,train,2263,exp016_static_strict_oof_proxy,recent,0.09007173477136679,-0.06366480844386177,0.07658640789528448,-0.01348532687608231,nan,nan,0.06675936281681061,1913,1944,1945
fold_2,train,2263,exp016_static_strict_oof_proxy,random,0.09007173477136679,-0.03969453119303422,0.07863498460218124,-0.01143675016918555,nan,nan,0.08105830103158951,549,1917,1945
fold_2,train,2264,exp016_static_strict_oof_proxy,retrieval,0.08872717491822196,0.08009287890561742,0.09057445920263484,0.0018472842844128728,-2.757986806333065,2.6688523292541504,0.08913447707891464,803,1479,1945
fold_2,train,2264,exp016_static_strict_oof_proxy,recent,0.08872717491822196,-0.056512795034779476,0.07706798243572315,-0.011659192482498817,nan,nan,0.06675936281681061,1913,1944,1945
fold_2,train,2264,exp016_static_strict_oof_proxy,random,0.08872717491822196,0.03336721325085422,0.08530863363177447,-0.003418541286447488,nan,nan,0.09490344673395157,543,1913,1945
fold_2,train,2265,exp016_static_strict_oof_proxy,retrieval,0.058327022408354565,0.08086729380925171,0.061302449893392064,0.002975427485037499,-2.993148848414421,2.9010252952575684,0.09212355315685272,803,1479,1945
fold_2,train,2265,exp016_static_strict_oof_proxy,recent,0.058327022408354565,-0.09703647603774464,0.04366444754007958,-0.014662574868274984,nan,nan,0.06675936281681061,1913,1944,1945
fold_2,train,2265,exp016_static_strict_oof_proxy,random,0.058327022408354565,0.007294610896140217,0.05381645208258266,-0.004510570325771908,nan,nan,0.08208480477333069,487,1834,1945
fold_2,train,2266,exp016_static_strict_oof_proxy,retrieval,0.13380840317925968,0.10174671127934914,0.13469101336080413,0.000882610181544452,-2.3577109947800636,2.28076171875,0.07694927603006363,1061,1482,1945
fold_2,train,2266,exp016_static_strict_oof_proxy,recent,0.13380840317925968,-0.015839487524557435,0.12303793460216006,-0.010770468577099623,nan,nan,0.06675936281681061,1913,1944,1945
fold_2,train,2266,exp016_static_strict_oof_proxy,random,0.13380840317925968,0.17685341072245703,0.1413974530075153,0.007589049828255617,nan,nan,0.08066318929195404,506,1912,1945
fold_2,train,2267,exp016_static_strict_oof_proxy,retrieval,0.14249198962396975,0.1568143261339335,0.14739668917328894,0.004904699549319186,-2.001777656376362,1.9151630401611328,0.08661461621522903,993,1348,1945
fold_2,train,2267,exp016_static_strict_oof_proxy,recent,0.14249198962396975,0.0790073698163742,0.1401195996857721,-0.002372389938197661,nan,nan,0.06675936281681061,1913,1944,1945
fold_2,train,2267,exp016_static_strict_oof_proxy,random,0.14249198962396975,0.1280516639423071,0.14491727902821447,0.002425289404244718,nan,nan,0.07895804196596146,506,1934,1945
fold_2,train,2268,exp016_static_strict_oof_proxy,retrieval,0.15088903666294765,0.10806972017683125,0.15069850183990102,-0.00019053482304662306,-2.327159158885479,2.258087158203125,0.06907200068235397,1049,1933,1945
fold_2,train,2268,exp016_static_strict_oof_proxy,recent,0.15088903666294765,0.06413571245677367,0.14682864894861733,-0.004060387714330316,nan,nan,0.06675936281681061,1913,1944,1945
fold_2,train,2268,exp016_static_strict_oof_proxy,random,0.15088903666294765,0.09568329004246921,0.15014173924067012,-0.0007472974222775264,nan,nan,0.08431527018547058,511,1864,1945
fold_2,train,2269,exp016_static_strict_oof_proxy,retrieval,0.1629951189968547,0.0566732981942672,0.15594392044238836,-0.0070511985544663425,-2.281747743487358,2.2143287658691406,0.06741897761821747,974,1933,1945
fold_2,train,2269,exp016_static_strict_oof_proxy,recent,0.1629951189968547,0.020423160653855337,0.15268843184414005,-0.010306687152714655,nan,nan,0.06675936281681061,1913,1944,1945
fold_2,train,2269,exp016_static_strict_oof_proxy,random,0.1629951189968547,0.05334613994324153,0.15635794955646826,-0.006637169440386448,nan,nan,0.07959536463022232,512,1890,1945
fold_2,train,2270,exp016_static_strict_oof_proxy,retrieval,0.15620104307482557,0.08742924195794145,0.15280634154910833,-0.0033947015257172475,-2.1516177728772163,2.079132556915283,0.07248521596193314,984,1937,1945
fold_2,train,2270,exp016_static_strict_oof_proxy,recent,0.15620104307482557,0.1013345974650028,0.15523735372561107,-0.0009636893492145082,nan,nan,0.06675936281681061,1913,1944,1945
fold_2,train,2270,exp016_static_strict_oof_proxy,random,0.15620104307482557,0.08806642686920041,0.15359469463213335,-0.0026063484426922245,nan,nan,0.08595689386129379,522,1939,1945
fold_2,train,2271,exp016_static_strict_oof_proxy,retrieval,0.1102766485218872,0.0626430403775699,0.10758526088166555,-0.002691387640221657,-2.4075804725289345,2.3338990211486816,0.07368145138025284,984,1937,1945
fold_2,train,2271,exp016_static_strict_oof_proxy,recent,0.1102766485218872,0.04747610554020043,0.1067883287791629,-0.0034883197427243023,nan,nan,0.06675936281681061,1913,1944,1945
fold_2,train,2271,exp016_static_strict_oof_proxy,random,0.1102766485218872,0.07816988267162119,0.11003088522095607,-0.0002457633009311372,nan,nan,0.0830318033695221,537,1932,1945
fold_2,train,2272,exp016_static_strict_oof_proxy,retrieval,0.10561034428771586,0.051128879087042736,0.10319272155730282,-0.0024176227304130438,-2.160693407058716,2.085012674331665,0.07568073272705078,798,1938,1945
fold_2,train,2272,exp016_static_strict_oof_proxy,recent,0.10561034428771586,0.016216439495254982,0.10010888486135461,-0.005501459426361252,nan,nan,0.06675936281681061,1913,1944,1945
fold_2,train,2272,exp016_static_strict_oof_proxy,random,0.10561034428771586,0.0813077129576115,0.10610637307850136,0.0004960287907855021,nan,nan,0.09184768050909042,506,1849,1945
fold_2,train,2273,exp016_static_strict_oof_proxy,retrieval,0.15144552856065144,0.1295495120735203,0.1523356925115838,0.00089016395093236,-2.3022385090589523,2.2171366214752197,0.0851018875837326,992,1934,1945
fold_2,train,2273,exp016_static_strict_oof_proxy,recent,0.15144552856065144,0.05373845713086588,0.14529374247014487,-0.006151786090506567,nan,nan,0.06675936281681061,1913,1944,1945
fold_2,train,2273,exp016_static_strict_oof_proxy,random,0.15144552856065144,0.1399762734814654,0.15332935652685817,0.0018838279662067303,nan,nan,0.09947158396244049,577,1818,1945
fold_2,train,2274,exp016_static_strict_oof_proxy,retrieval,0.05627215248780165,0.0784253185105867,0.05962680755776203,0.003354655069960376,-2.3283000588417053,2.2490551471710205,0.07924491167068481,974,1937,1945
fold_2,train,2274,exp016_static_strict_oof_proxy,recent,0.05627215248780165,-0.010548735995522201,0.050738384786467285,-0.0055337677013343675,nan,nan,0.06675936281681061,1913,1944,1945
fold_2,train,2274,exp016_static_strict_oof_proxy,random,0.05627215248780165,0.0396090099493276,0.05604702863301397,-0.00022512385478767882,nan,nan,0.0742039605975151,489,1935,1945
fold_2,train,2275,exp016_static_strict_oof_proxy,retrieval,0.11693718640704881,0.07395493639829863,0.11580568266637846,-0.0011315037406703504,-2.214587315917015,2.137220621109009,0.07736669480800629,976,1942,1945
fold_2,train,2275,exp016_static_strict_oof_proxy,recent,0.11693718640704881,0.0019498602376502381,0.10868307757914872,-0.008254108827900092,nan,nan,0.06675936281681061,1913,1944,1945
fold_2,train,2275,exp016_static_strict_oof_proxy,random,0.11693718640704881,0.11358525526413263,0.11971675130199293,0.002779564894944117,nan,nan,0.08514155447483063,609,1877,1945
fold_2,train,2276,exp016_static_strict_oof_proxy,retrieval,-0.04509830393014365,-0.016319642229745652,-0.04333831121262161,0.0017599927175220367,-1.9425213411450386,1.8672943115234375,0.0752270296216011,798,1344,1945
fold_2,train,2276,exp016_static_strict_oof_proxy,recent,-0.04509830393014365,-0.10684707743707839,-0.05258144054831299,-0.0074831366181693434,nan,nan,0.06675936281681061,1913,1944,1945
fold_2,train,2276,exp016_static_strict_oof_proxy,random,-0.04509830393014365,-0.01249041160399431,-0.043017123736595504,0.0020811801935481447,nan,nan,0.09694432467222214,510,1870,1945
fold_2,train,2277,exp016_static_strict_oof_proxy,retrieval,0.00594109402883663,-0.027891568886115967,0.0029936175176765913,-0.002947476511160039,-1.8415320813655853,1.7617062330245972,0.07982584834098816,798,1335,1945
fold_2,train,2277,exp016_static_strict_oof_proxy,recent,0.00594109402883663,-0.12121645502232041,-0.006339015253730376,-0.012280109282567005,nan,nan,0.06675936281681061,1913,1944,1945
fold_2,train,2277,exp016_static_strict_oof_proxy,random,0.00594109402883663,-0.016634884771234155,0.00425283081212805,-0.0016882632167085805,nan,nan,0.0734538659453392,535,1937,1945
fold_2,train,2278,exp016_static_strict_oof_proxy,retrieval,0.015627509394750848,0.00048128807199889525,0.014167934490086466,-0.0014595749046643815,-3.325093947350979,3.2572181224823,0.06787582486867905,999,1934,1945
fold_2,train,2278,exp016_static_strict_oof_proxy,recent,0.015627509394750848,-0.090735283997867,0.0046173231851911615,-0.011010186209559687,nan,nan,0.06675936281681061,1913,1944,1945
fold_2,train,2278,exp016_static_strict_oof_proxy,random,0.015627509394750848,-0.03586971268322365,0.01023479699860602,-0.005392712396144828,nan,nan,0.09024729579687119,499,1768,1945
fold_2,train,2279,exp016_static_strict_oof_proxy,retrieval,0.16892640084611404,0.16182954432263344,0.17101299047845397,0.0020865896323399302,-1.9502061679959297,1.8859400749206543,0.06426609307527542,974,1937,1945
fold_2,train,2279,exp016_static_strict_oof_proxy,recent,0.16892640084611404,0.15128228167449995,0.1707862817233581,0.0018598808772440634,nan,nan,0.06675936281681061,1913,1944,1945
fold_2,train,2279,exp016_static_strict_oof_proxy,random,0.16892640084611404,0.14319729138916118,0.16918446792920555,0.0002580670830915066,nan,nan,0.08694949001073837,538,1855,1945
fold_2,train,2280,exp016_static_strict_oof_proxy,retrieval,0.2187120800098345,0.17895193680743712,0.21853445019488194,-0.00017762981495256236,-2.018781788647175,1.9430345296859741,0.07574725896120071,1118,1938,1945
fold_2,train,2280,exp016_static_strict_oof_proxy,recent,0.2187120800098345,0.19379720691624888,0.22014850245178463,0.001436422441950136,nan,nan,0.06675936281681061,1913,1944,1945
fold_2,train,2280,exp016_static_strict_oof_proxy,random,0.2187120800098345,0.16776150552436725,0.21887951481617987,0.00016743480634537344,nan,nan,0.09185561537742615,490,1922,1945
fold_2,train,2281,exp016_static_strict_oof_proxy,retrieval,0.18051238215537133,0.126572718017119,0.17829664583577484,-0.002215736319596484,-2.2139237448573112,2.136646032333374,0.07727771252393723,1066,1941,1945
fold_2,train,2281,exp016_static_strict_oof_proxy,recent,0.18051238215537133,0.15725298947704291,0.18226666499202698,0.0017542828366556573,nan,nan,0.06675936281681061,1913,1944,1945
fold_2,train,2281,exp016_static_strict_oof_proxy,random,0.18051238215537133,0.1182340745369675,0.176896617122732,-0.0036157650326393287,nan,nan,0.08447908610105515,516,1938,1945
fold_2,train,2282,exp016_static_strict_oof_proxy,retrieval,0.23553639180862407,0.2042849538378377,0.2376424342004776,0.0021060423918535243,-1.9208862707018852,1.8423547744750977,0.07853149622678757,992,1934,1945
fold_2,train,2282,exp016_static_strict_oof_proxy,recent,0.23553639180862407,0.22978062222900358,0.24062666571977195,0.005090273911147886,nan,nan,0.06675936281681061,1913,1944,1945
fold_2,train,2282,exp016_static_strict_oof_proxy,random,0.23553639180862407,0.20486974152665327,0.23907457289025877,0.0035381810816347004,nan,nan,0.08167128264904022,497,1934,1945
fold_2,train,2283,exp016_static_strict_oof_proxy,retrieval,0.15963069314929862,0.09090384845067148,0.15699026247673248,-0.002640430672566141,-3.5705683156847954,3.485238552093506,0.08532976359128952,800,1930,1945
fold_2,train,2283,exp016_static_strict_oof_proxy,recent,0.15963069314929862,0.18294432146813727,0.16604279046854728,0.006412097319248661,nan,nan,0.06675936281681061,1913,1944,1945
fold_2,train,2283,exp016_static_strict_oof_proxy,random,0.15963069314929862,0.16003595499554335,0.16374396486270557,0.004113271713406946,nan,nan,0.0758134052157402,534,1930,1945
fold_2,train,2284,exp016_static_strict_oof_proxy,retrieval,-0.00289172069079319,-0.04589727442063428,-0.008143759681735153,-0.005252038990941963,-2.327946186065674,2.239466667175293,0.08847951889038086,803,1481,1945
fold_2,train,2284,exp016_static_strict_oof_proxy,recent,-0.00289172069079319,-0.06570161533960042,-0.009783326022720936,-0.006891605331927746,nan,nan,0.06675936281681061,1913,1944,1945
fold_2,train,2284,exp016_static_strict_oof_proxy,random,-0.00289172069079319,-0.059126354162580275,-0.009001744540693106,-0.006110023849899915,nan,nan,0.08821379393339157,510,1942,1945
fold_2,train,2285,exp016_static_strict_oof_proxy,retrieval,0.023294228620238364,0.09484343615728237,0.030262368604024398,0.0069681399837860335,-6.547959290444851,6.460309982299805,0.08764930814504623,582,1841,1945
fold_2,train,2285,exp016_static_strict_oof_proxy,recent,0.023294228620238364,-0.04639086233918543,0.016330253134999213,-0.006963975485239152,nan,nan,0.06675936281681061,1913,1944,1945
fold_2,train,2285,exp016_static_strict_oof_proxy,random,0.023294228620238364,-0.01271690229459406,0.019418030040977335,-0.003876198579261029,nan,nan,0.0874299481511116,529,1922,1945
fold_2,train,2286,exp016_static_strict_oof_proxy,retrieval,0.021619608367319156,0.012437592933146942,0.020858333120959104,-0.0007612752463600526,-3.292707234621048,3.2017335891723633,0.09097364544868469,813,1479,1945
fold_2,train,2286,exp016_static_strict_oof_proxy,recent,0.021619608367319156,0.014724201177288999,0.020794935749224218,-0.0008246726180949383,nan,nan,0.06675936281681061,1913,1944,1945
fold_2,train,2286,exp016_static_strict_oof_proxy,random,0.021619608367319156,0.03695288317348748,0.023037461119272046,0.0014178527519528895,nan,nan,0.07253327965736389,489,1890,1945
fold_2,train,2287,exp016_static_strict_oof_proxy,retrieval,-0.04962071981121582,-0.13367348095264525,-0.05907604617694395,-0.009455326365728135,-2.4876765236258507,2.4043121337890625,0.08336438983678818,803,1481,1945
fold_2,train,2287,exp016_static_strict_oof_proxy,recent,-0.04962071981121582,-0.2119362252608106,-0.06644991691782595,-0.016829197106610135,nan,nan,0.06675936281681061,1913,1944,1945
fold_2,train,2287,exp016_static_strict_oof_proxy,random,-0.04962071981121582,-0.08554238607416186,-0.05393173117083589,-0.004311011359620073,nan,nan,0.11000142991542816,500,1929,1945
fold_2,train,2288,exp016_static_strict_oof_proxy,retrieval,0.003369483627243657,0.013241427895195486,0.0037464265733826913,0.0003769429461390342,-3.361214980483055,3.27152419090271,0.08969078958034515,803,1268,1945
fold_2,train,2288,exp016_static_strict_oof_proxy,recent,0.003369483627243657,-0.060869400210763334,-0.003909741809930831,-0.007279225437174488,nan,nan,0.06675936281681061,1913,1944,1945
fold_2,train,2288,exp016_static_strict_oof_proxy,random,0.003369483627243657,-0.017214708808302347,0.0004272149703250285,-0.0029422686569186285,nan,nan,0.07611566036939621,491,1850,1945
fold_2,train,2289,exp016_static_strict_oof_proxy,retrieval,0.01606199536508529,-0.021936084986742738,0.012404229406267961,-0.0036577659588173297,-2.346152476966381,2.2625606060028076,0.08359187096357346,807,1464,1945
fold_2,train,2289,exp016_static_strict_oof_proxy,recent,0.01606199536508529,-0.01904272122951692,0.012522516726691024,-0.0035394786383942667,nan,nan,0.06675936281681061,1913,1944,1945
fold_2,train,2289,exp016_static_strict_oof_proxy,random,0.01606199536508529,-0.0034549978759937394,0.014061859058899341,-0.0020001363061859494,nan,nan,0.08430203050374985,579,1839,1945
fold_2,train,2290,exp016_static_strict_oof_proxy,retrieval,0.012213550117197039,-0.021148343679220003,0.008511094132638085,-0.003702455984558954,-1.898946836590767,1.8224105834960938,0.07653625309467316,1051,1348,1945
fold_2,train,2290,exp016_static_strict_oof_proxy,recent,0.012213550117197039,-0.015492632984120368,0.010149186755742166,-0.0020643633614548726,nan,nan,0.06675936281681061,1913,1944,1945
fold_2,train,2290,exp016_static_strict_oof_proxy,random,0.012213550117197039,0.007053156468721324,0.011721662547591091,-0.0004918875696059474,nan,nan,0.09518645703792572,598,1912,1945
fold_2,train,2291,exp016_static_strict_oof_proxy,retrieval,0.109499327416486,0.09700537296871141,0.11071763949927359,0.0012183120827875815,-2.1940294951200485,2.1144895553588867,0.0795399397611618,798,1346,1945
fold_2,train,2291,exp016_static_strict_oof_proxy,recent,0.109499327416486,0.12888975224662755,0.11417972986901638,0.0046804024525303745,nan,nan,0.06675936281681061,1913,1944,1945
fold_2,train,2291,exp016_static_strict_oof_proxy,random,0.109499327416486,0.0966966651907146,0.11060545748083393,0.0011061300643479266,nan,nan,0.08179107308387756,572,1892,1945
fold_2,train,2292,exp016_static_strict_oof_proxy,retrieval,0.10886216735892755,0.07018578937714826,0.10641651686180101,-0.002445650497126542,-2.3304900228977203,2.2467432022094727,0.08374682068824768,800,1463,1945
fold_2,train,2292,exp016_static_strict_oof_proxy,recent,0.10886216735892755,0.1858204893085545,0.11820004174279908,0.009337874383871528,nan,nan,0.06675936281681061,1913,1944,1945
fold_2,train,2292,exp016_static_strict_oof_proxy,random,0.10886216735892755,0.08034111999181887,0.10716944258252424,-0.0016927247764033093,nan,nan,0.07002759724855423,607,1941,1945
fold_2,train,2293,exp016_static_strict_oof_proxy,retrieval,0.02876762468381938,-0.1863079542599746,0.00690724317475936,-0.02186038150906002,-2.622247703373432,2.5400824546813965,0.08216524869203568,804,1481,1945
fold_2,train,2293,exp016_static_strict_oof_proxy,recent,0.02876762468381938,0.004054194610818199,0.024016288260339073,-0.004751336423480308,nan,nan,0.06675936281681061,1913,1944,1945
fold_2,train,2293,exp016_static_strict_oof_proxy,random,0.02876762468381938,-0.07498210473035576,0.01698819884295627,-0.011779425840863111,nan,nan,0.08965889364480972,500,1929,1945
fold_2,train,2294,exp016_static_strict_oof_proxy,retrieval,0.01187849047988928,-0.0972083841110847,0.000634736803573669,-0.01124375367631561,-2.0896677523851395,1.9999171495437622,0.08975060284137726,803,1347,1945
fold_2,train,2294,exp016_static_strict_oof_proxy,recent,0.01187849047988928,0.007982962094699833,0.009821871436628929,-0.002056619043260351,nan,nan,0.06675936281681061,1913,1944,1945
fold_2,train,2294,exp016_static_strict_oof_proxy,random,0.01187849047988928,-0.07396670425245783,0.0022474574668775284,-0.009631033013011752,nan,nan,0.09806331247091293,501,1943,1945
fold_2,train,2295,exp016_static_strict_oof_proxy,retrieval,0.05313892021206418,-0.1538938032210547,0.03320149311755891,-0.019937427094505265,-2.7993232160806656,2.720254421234131,0.07906879484653473,804,1300,1945
fold_2,train,2295,exp016_static_strict_oof_proxy,recent,0.05313892021206418,0.0491696210536391,0.05303302271681116,-0.00010589749525301978,nan,nan,0.06675936281681061,1913,1944,1945
fold_2,train,2295,exp016_static_strict_oof_proxy,random,0.05313892021206418,-0.07574233836951835,0.04049950507905213,-0.012639415133012047,nan,nan,0.09596152603626251,524,1942,1945
fold_2,train,2296,exp016_static_strict_oof_proxy,retrieval,0.08543222005548548,-0.07411442657111174,0.06949352851611425,-0.015938691539371233,-2.5181880593299866,2.4333744049072266,0.08481365442276001,803,1481,1945
fold_2,train,2296,exp016_static_strict_oof_proxy,recent,0.08543222005548548,0.024683613245195118,0.0798005617632198,-0.005631658292265682,nan,nan,0.06675936281681061,1913,1944,1945
fold_2,train,2296,exp016_static_strict_oof_proxy,random,0.08543222005548548,-0.07005631722827385,0.06983198271912043,-0.01560023733636505,nan,nan,0.08795689046382904,496,1924,1945
fold_2,train,2297,exp016_static_strict_oof_proxy,retrieval,0.03329206500494409,-0.10074532431062978,0.01989611306507122,-0.01339595193987287,-3.3667361438274384,3.291794776916504,0.07494136691093445,501,1480,1945
fold_2,train,2297,exp016_static_strict_oof_proxy,recent,0.03329206500494409,-0.0955958871510821,0.02133533175956443,-0.011956733245379658,nan,nan,0.06675936281681061,1913,1944,1945
fold_2,train,2297,exp016_static_strict_oof_proxy,random,0.03329206500494409,-0.08562708293289732,0.021995589133764162,-0.011296475871179927,nan,nan,0.0871882438659668,488,1943,1945
fold_2,train,2298,exp016_static_strict_oof_proxy,retrieval,0.13724720759705938,0.11063639998067944,0.13924816852843847,0.002000960931379081,-8.572565853595734,8.46313762664795,0.10942822694778442,582,1783,1945
fold_2,train,2298,exp016_static_strict_oof_proxy,recent,0.13724720759705938,-0.03148715294634918,0.1248520206240794,-0.01239518697297999,nan,nan,0.06675936281681061,1913,1944,1945
fold_2,train,2298,exp016_static_strict_oof_proxy,random,0.13724720759705938,-0.026446931698070497,0.12571978511236337,-0.011527422484696015,nan,nan,0.0865512490272522,490,1924,1945
fold_2,train,2299,exp016_static_strict_oof_proxy,retrieval,0.22989849380150587,0.031993544647237804,0.21815919450623775,-0.011739299295268124,-4.711995542049408,4.611874580383301,0.10012096166610718,741,1481,1945
fold_2,train,2299,exp016_static_strict_oof_proxy,recent,0.22989849380150587,0.05143618858052665,0.2202677171052726,-0.009630776696233273,nan,nan,0.06675936281681061,1913,1944,1945
fold_2,train,2299,exp016_static_strict_oof_proxy,random,0.22989849380150587,0.07446399473029276,0.22131138645024134,-0.008587107351264528,nan,nan,0.08500929176807404,524,1886,1945
fold_2,train,2300,exp016_static_strict_oof_proxy,retrieval,0.25888586102113076,0.2348246274596208,0.2649678397404118,0.006081978719281067,-3.5209538117051125,3.4526586532592773,0.06829515844583511,740,1480,1945
fold_2,train,2300,exp016_static_strict_oof_proxy,recent,0.25888586102113076,0.08497868027002657,0.2524367559754469,-0.006449105045683856,nan,nan,0.06675936281681061,1913,1944,1945
fold_2,train,2300,exp016_static_strict_oof_proxy,random,0.25888586102113076,0.04285554412388912,0.24948174930322992,-0.009404111717900843,nan,nan,0.08248237520456314,537,1933,1945
fold_2,train,2301,exp016_static_strict_oof_proxy,retrieval,0.20567539816802635,-0.05760744039817217,0.18800977623137216,-0.01766562193665419,-6.027280680835247,5.936432838439941,0.09084784239530563,562,1930,1945
fold_2,train,2301,exp016_static_strict_oof_proxy,recent,0.20567539816802635,-0.0761653859339958,0.1865216257688838,-0.019153772399142566,nan,nan,0.06675936281681061,1913,1944,1945
fold_2,train,2301,exp016_static_strict_oof_proxy,random,0.20567539816802635,0.04597965449208446,0.19901322559637252,-0.006662172571653829,nan,nan,0.08135119080543518,528,1936,1945
fold_2,train,2302,exp016_static_strict_oof_proxy,retrieval,0.13694907392396372,0.026175510295114817,0.13070407901878933,-0.006244994905174384,-3.8712286949157715,3.786205291748047,0.08502340316772461,803,1479,1945
fold_2,train,2302,exp016_static_strict_oof_proxy,recent,0.13694907392396372,-0.026453792362439364,0.1268051437306344,-0.01014393019332932,nan,nan,0.06675936281681061,1913,1944,1945
fold_2,train,2302,exp016_static_strict_oof_proxy,random,0.13694907392396372,0.05834288321407835,0.1332973520588285,-0.00365172186513521,nan,nan,0.07896700501441956,506,1932,1945
fold_2,train,2303,exp016_static_strict_oof_proxy,retrieval,0.14640797004058,0.02078189196420616,0.1385879874065301,-0.007819982634049899,-5.03046502918005,4.944456100463867,0.08600892871618271,582,1924,1945
fold_2,train,2303,exp016_static_strict_oof_proxy,recent,0.14640797004058,-0.004188184050655918,0.13716163486880714,-0.009246335171772868,nan,nan,0.06675936281681061,1913,1944,1945
fold_2,train,2303,exp016_static_strict_oof_proxy,random,0.14640797004058,0.04923034007545045,0.1435083387951221,-0.0028996312454579176,nan,nan,0.1119319349527359,493,1891,1945
fold_2,train,2304,exp016_static_strict_oof_proxy,retrieval,0.12605873335010964,0.11502478793158304,0.12817999855922246,0.0021212652091128215,-2.8607450872659683,2.7805964946746826,0.0801485925912857,803,1294,1945
fold_2,train,2304,exp016_static_strict_oof_proxy,recent,0.12605873335010964,0.08654456260947663,0.12532105434116422,-0.0007376790089454188,nan,nan,0.06675936281681061,1913,1944,1945
fold_2,train,2304,exp016_static_strict_oof_proxy,random,0.12605873335010964,0.11726708152550475,0.12830277956583938,0.002244046215729739,nan,nan,0.07041600346565247,487,1906,1945
fold_2,train,2305,exp016_static_strict_oof_proxy,retrieval,0.13174966485315004,0.07172780333296175,0.12947661390241366,-0.002273050950736377,-2.9882053807377815,2.913970947265625,0.07423443347215652,787,1481,1945
fold_2,train,2305,exp016_static_strict_oof_proxy,recent,0.13174966485315004,0.0842217964645337,0.1311818388845282,-0.0005678259686218434,nan,nan,0.06675936281681061,1913,1944,1945
fold_2,train,2305,exp016_static_strict_oof_proxy,random,0.13174966485315004,0.08146914384370944,0.12963359097970067,-0.0021160738734493645,nan,nan,0.11453905701637268,543,1943,1945
fold_2,train,2306,exp016_static_strict_oof_proxy,retrieval,0.10860021507144826,0.10911038880623611,0.111170989544592,0.0025707744731437304,-3.3608763813972473,3.278247356414795,0.08262902498245239,788,1451,1945
fold_2,train,2306,exp016_static_strict_oof_proxy,recent,0.10860021507144826,0.09378482235549077,0.11091058347740061,0.0023103684059523483,nan,nan,0.06675936281681061,1913,1944,1945
fold_2,train,2306,exp016_static_strict_oof_proxy,random,0.10860021507144826,0.018974368298509157,0.10532979673611687,-0.0032704183353313987,nan,nan,0.08642695099115372,551,1857,1945
fold_2,train,2307,exp016_static_strict_oof_proxy,retrieval,0.09157605967696565,0.03328302340763313,0.08784356319281235,-0.0037324964841533026,-2.831369087100029,2.7535433769226074,0.07782571017742157,803,1268,1945
fold_2,train,2307,exp016_static_strict_oof_proxy,recent,0.09157605967696565,0.03779410022982866,0.08907658221369374,-0.002499477463271907,nan,nan,0.06675936281681061,1913,1944,1945
fold_2,train,2307,exp016_static_strict_oof_proxy,random,0.09157605967696565,0.034965596169099965,0.08839104292813285,-0.0031850167488328,nan,nan,0.08812006562948227,512,1911,1945
fold_2,train,2308,exp016_static_strict_oof_proxy,retrieval,0.08018268899819701,0.01796242537902904,0.07537173680431687,-0.004810952193880141,-2.968262165784836,2.8796911239624023,0.08857104182243347,735,1638,1945
fold_2,train,2308,exp016_static_strict_oof_proxy,recent,0.08018268899819701,0.042205415673026415,0.07817937466123151,-0.002003314336965503,nan,nan,0.06675936281681061,1913,1944,1945
fold_2,train,2308,exp016_static_strict_oof_proxy,random,0.08018268899819701,0.030759133872457465,0.07709816753257663,-0.0030845214656203823,nan,nan,0.08176293224096298,508,1859,1945
fold_2,train,2309,exp016_static_strict_oof_proxy,retrieval,-0.03899793108898226,-0.06227715211757522,-0.0430268302328908,-0.00402889914390854,-3.4995264187455177,3.414177894592285,0.08534852415323257,796,1454,1945
fold_2,train,2309,exp016_static_strict_oof_proxy,recent,-0.03899793108898226,-0.17816284071909125,-0.05468202571779831,-0.01568409462881605,nan,nan,0.06675936281681061,1913,1944,1945
fold_2,train,2309,exp016_static_strict_oof_proxy,random,-0.03899793108898226,-0.12404727517253557,-0.04839472950015458,-0.009396798411172323,nan,nan,0.08693554252386093,495,1844,1945
fold_2,train,2310,exp016_static_strict_oof_proxy,retrieval,0.10216460907900787,0.09625260394569347,0.10380007499067541,0.0016354659116675357,-3.8005678355693817,3.726813793182373,0.07375404238700867,740,1480,1945
fold_2,train,2310,exp016_static_strict_oof_proxy,recent,0.10216460907900787,-0.1311792906675398,0.08181470118229399,-0.020349907896713884,nan,nan,0.06675936281681061,1913,1944,1945
fold_2,train,2310,exp016_static_strict_oof_proxy,random,0.10216460907900787,-0.08296780171826033,0.08554107024692208,-0.016623538832085796,nan,nan,0.08052153885364532,490,1917,1945
fold_2,train,2311,exp016_static_strict_oof_proxy,retrieval,0.08176709685593803,-0.01652205521074928,0.07415176527090035,-0.007615331585037674,-3.8929562121629715,3.7968506813049316,0.09610553085803986,733,1638,1945
fold_2,train,2311,exp016_static_strict_oof_proxy,recent,0.08176709685593803,-0.09731549907792775,0.06668605237315546,-0.015081044482782566,nan,nan,0.06675936281681061,1913,1944,1945
fold_2,train,2311,exp016_static_strict_oof_proxy,random,0.08176709685593803,-0.010783730570926391,0.07521158406201868,-0.006555512793919346,nan,nan,0.08413125574588776,499,1897,1945
fold_2,train,2312,exp016_static_strict_oof_proxy,retrieval,0.05432246665884645,-0.022922864232460847,0.04689692118146293,-0.00742554547738352,-3.647704556584358,3.563190221786499,0.08451433479785919,847,1329,1945
fold_2,train,2312,exp016_static_strict_oof_proxy,recent,0.05432246665884645,-0.10333900890887346,0.03951536357664219,-0.01480710308220426,nan,nan,0.06675936281681061,1913,1944,1945
fold_2,train,2312,exp016_static_strict_oof_proxy,random,0.05432246665884645,-0.05810276315209278,0.043565027860719946,-0.010757438798126503,nan,nan,0.07282409816980362,509,1905,1945
fold_2,train,2313,exp016_static_strict_oof_proxy,retrieval,0.12371565279737295,0.025856430571536217,0.11753032642083593,-0.006185326376537029,-2.766700804233551,2.6790153980255127,0.08768540620803833,803,1339,1945
fold_2,train,2313,exp016_static_strict_oof_proxy,recent,0.12371565279737295,0.009020266277999208,0.11597869336522079,-0.007736959432152163,nan,nan,0.06675936281681061,1913,1944,1945
fold_2,train,2313,exp016_static_strict_oof_proxy,random,0.12371565279737295,0.02116538782967521,0.11645187014930247,-0.007263782648070483,nan,nan,0.08962223678827286,524,1817,1945
fold_2,train,2314,exp016_static_strict_oof_proxy,retrieval,0.3161272905128151,0.2245108892464439,0.3152149315994927,-0.0009123589133223642,-4.844024702906609,4.75768518447876,0.08633951842784882,501,1871,1945
fold_2,train,2314,exp016_static_strict_oof_proxy,recent,0.3161272905128151,0.19113679983790047,0.3145908337379667,-0.0015364567748483715,nan,nan,0.06675936281681061,1913,1944,1945
fold_2,train,2314,exp016_static_strict_oof_proxy,random,0.3161272905128151,0.17940685096557388,0.3131864195641401,-0.0029408709486749562,nan,nan,0.09607314318418503,578,1929,1945
fold_2,train,2315,exp016_static_strict_oof_proxy,retrieval,0.258859167737701,0.23362927905858683,0.26302721809645757,0.004168050358756559,-3.293532870709896,3.216907262802124,0.07662560790777206,788,1816,1945
fold_2,train,2315,exp016_static_strict_oof_proxy,recent,0.258859167737701,0.20346715931926365,0.2613124748310362,0.0024533070933351886,nan,nan,0.06675936281681061,1913,1944,1945
fold_2,train,2315,exp016_static_strict_oof_proxy,random,0.258859167737701,0.22294547945221457,0.26170040847140236,0.0028412407337013446,nan,nan,0.07581877708435059,607,1922,1945
fold_2,train,2316,exp016_static_strict_oof_proxy,retrieval,0.23480425311651412,0.16227857224034348,0.23332884953814956,-0.0014754035783645647,-3.014597237110138,2.924912452697754,0.08968478441238403,803,1340,1945
fold_2,train,2316,exp016_static_strict_oof_proxy,recent,0.23480425311651412,0.23718190031541875,0.24156144925363643,0.006757196137122307,nan,nan,0.06675936281681061,1913,1944,1945
fold_2,train,2316,exp016_static_strict_oof_proxy,random,0.23480425311651412,0.1772197858307729,0.23467823406982594,-0.0001260190466881861,nan,nan,0.07304447889328003,534,1944,1945
fold_2,train,2317,exp016_static_strict_oof_proxy,retrieval,0.2511685008216842,0.15222276171580784,0.2476655562654064,-0.0035029445562777817,-3.429555930197239,3.3389034271240234,0.09065250307321548,803,1333,1945
fold_2,train,2317,exp016_static_strict_oof_proxy,recent,0.2511685008216842,0.31550791056084215,0.26510786676349485,0.013939365941810666,nan,nan,0.06675936281681061,1913,1944,1945
fold_2,train,2317,exp016_static_strict_oof_proxy,random,0.2511685008216842,0.22448399999713955,0.2555513340223309,0.004382833200646696,nan,nan,0.0843212679028511,565,1913,1945
fold_2,train,2318,exp016_static_strict_oof_proxy,retrieval,0.3027232162333633,0.16016050962331277,0.2966510006066096,-0.006072215626753696,-2.5625641867518425,2.4756088256835938,0.08695536106824875,803,1340,1945
fold_2,train,2318,exp016_static_strict_oof_proxy,recent,0.3027232162333633,0.3239927508266605,0.3133343041221572,0.01061108788879389,nan,nan,0.06675936281681061,1913,1944,1945
fold_2,train,2318,exp016_static_strict_oof_proxy,random,0.3027232162333633,0.20138180995424046,0.30012251760526076,-0.002600698628102527,nan,nan,0.08729197084903717,498,1932,1945
fold_2,train,2319,exp016_static_strict_oof_proxy,retrieval,0.3130651877818705,0.24194773063369762,0.31429565718544616,0.0012304694035756847,-2.3405570909380913,2.2549662590026855,0.08559083193540573,972,1340,1945
fold_2,train,2319,exp016_static_strict_oof_proxy,recent,0.3130651877818705,0.39236160384543317,0.3309977756838965,0.01793258790202601,nan,nan,0.06675936281681061,1913,1944,1945
fold_2,train,2319,exp016_static_strict_oof_proxy,random,0.3130651877818705,0.18663973916804827,0.3105439046080785,-0.002521283173791966,nan,nan,0.09322711080312729,599,1904,1945
fold_2,train,2320,exp016_static_strict_oof_proxy,retrieval,0.3552462111486296,0.2711709637434302,0.3549420647124939,-0.00030414643613568826,-2.3760713040828705,2.2953453063964844,0.08072599768638611,796,1299,1945
fold_2,train,2320,exp016_static_strict_oof_proxy,recent,0.3552462111486296,0.4841793878228891,0.3788371893451746,0.023590978196544987,nan,nan,0.06675936281681061,1913,1944,1945
fold_2,train,2320,exp016_static_strict_oof_proxy,random,0.3552462111486296,0.37582932694522997,0.3690186564305659,0.01377244528193633,nan,nan,0.09291216731071472,643,1933,1945
fold_2,train,2321,exp016_static_strict_oof_proxy,retrieval,0.36045794410748344,0.20712577445593702,0.35543545113153524,-0.005022492975948201,-2.3339773938059807,2.241853713989258,0.09212367981672287,803,1264,1945
fold_2,train,2321,exp016_static_strict_oof_proxy,recent,0.36045794410748344,0.40533391240911315,0.37606816933054743,0.01561022522306399,nan,nan,0.06675936281681061,1913,1944,1945
fold_2,train,2321,exp016_static_strict_oof_proxy,random,0.36045794410748344,0.09801149816585121,0.34481521773475104,-0.015642726372732396,nan,nan,0.07873173803091049,590,1793,1945
fold_2,train,2322,exp016_static_strict_oof_proxy,retrieval,0.33117216830679586,0.3137219947211326,0.34063112718637634,0.009458958879580481,-3.482905328273773,3.4000158309936523,0.08288949728012085,962,1339,1945
fold_2,train,2322,exp016_static_strict_oof_proxy,recent,0.33117216830679586,0.39161550685513713,0.34945231921813746,0.01828015091134161,nan,nan,0.06675936281681061,1913,1944,1945
fold_2,train,2322,exp016_static_strict_oof_proxy,random,0.33117216830679586,0.2477678975591458,0.3328689412866391,0.0016967729798432196,nan,nan,0.1070537194609642,511,1871,1945
fold_2,train,2323,exp016_static_strict_oof_proxy,retrieval,0.34748024677101563,0.30591970918270284,0.3523877137041971,0.004907466933181448,-3.2980885803699493,3.22822904586792,0.06985953450202942,1059,1933,1945
fold_2,train,2323,exp016_static_strict_oof_proxy,recent,0.34748024677101563,0.3499063795962871,0.3579305415102165,0.010450294739200894,nan,nan,0.06675936281681061,1913,1944,1945
fold_2,train,2323,exp016_static_strict_oof_proxy,random,0.34748024677101563,0.13010134389502934,0.33621993268052647,-0.011260314090489165,nan,nan,0.07890912145376205,575,1839,1945
fold_2,train,2324,exp016_static_strict_oof_proxy,retrieval,0.3494584544996298,0.33068422203872205,0.35539954024379466,0.0059410857441648535,-3.016531564295292,2.941213607788086,0.07531795650720596,962,1378,1945
fold_2,train,2324,exp016_static_strict_oof_proxy,recent,0.3494584544996298,0.3520773046766013,0.3580066531264706,0.008548198626840808,nan,nan,0.06675936281681061,1913,1944,1945
fold_2,train,2324,exp016_static_strict_oof_proxy,random,0.3494584544996298,0.2854461763247983,0.3519296440311805,0.002471189531550677,nan,nan,0.11641041934490204,495,1933,1945
fold_2,train,2325,exp016_static_strict_oof_proxy,retrieval,0.18845324344248765,0.16820812494526316,0.1910873038291784,0.0026340603866907564,-2.92922542989254,2.843778133392334,0.085447296500206,962,1487,1945
fold_2,train,2325,exp016_static_strict_oof_proxy,recent,0.18845324344248765,0.2275125488245964,0.1976240675007702,0.00917082405828254,nan,nan,0.06675936281681061,1913,1944,1945
fold_2,train,2325,exp016_static_strict_oof_proxy,random,0.18845324344248765,0.17486822466546842,0.19184842570735336,0.0033951822648657093,nan,nan,0.08809786289930344,492,1919,1945
fold_2,train,2326,exp016_static_strict_oof_proxy,retrieval,0.20860990609523947,0.12190157771079634,0.20473738137305994,-0.0038725247221795267,-3.1146812438964844,3.026177167892456,0.08850407600402832,803,1934,1945
fold_2,train,2326,exp016_static_strict_oof_proxy,recent,0.20860990609523947,0.25522582095208596,0.21813646910786524,0.009526563012625777,nan,nan,0.06675936281681061,1913,1944,1945
fold_2,train,2326,exp016_static_strict_oof_proxy,random,0.20860990609523947,0.1648512171252602,0.2090807411826965,0.0004708350874570444,nan,nan,0.07567650079727173,647,1881,1945
fold_2,train,2327,exp016_static_strict_oof_proxy,retrieval,0.11293654883684195,0.06347285969386157,0.11096669878001529,-0.0019698500568266636,-2.732825480401516,2.6438989639282227,0.0889265164732933,800,1454,1945
fold_2,train,2327,exp016_static_strict_oof_proxy,recent,0.11293654883684195,0.2204673611895526,0.12664276695728827,0.013706218120446312,nan,nan,0.06675936281681061,1913,1944,1945
fold_2,train,2327,exp016_static_strict_oof_proxy,random,0.11293654883684195,0.05830014630744205,0.10967883860850057,-0.0032577102283413845,nan,nan,0.08611337840557098,566,1908,1945
fold_2,train,2328,exp016_static_strict_oof_proxy,retrieval,0.07826149407098068,0.04391157775492958,0.07748067849358937,-0.0007808155773913056,-2.636792480945587,2.5495188236236572,0.08727365732192993,803,1329,1945
fold_2,train,2328,exp016_static_strict_oof_proxy,recent,0.07826149407098068,0.18885630304178766,0.09198001196615731,0.013718517895176627,nan,nan,0.06675936281681061,1913,1944,1945
fold_2,train,2328,exp016_static_strict_oof_proxy,random,0.07826149407098068,0.09066533170407008,0.08201325423286734,0.0037517601618866636,nan,nan,0.08328688889741898,495,1941,1945
fold_2,train,2329,exp016_static_strict_oof_proxy,retrieval,0.048670081788135235,-0.009168760938130014,0.04434223861079308,-0.004327843177342153,-2.9654976427555084,2.8839714527130127,0.08152619004249573,988,1463,1945
fold_2,train,2329,exp016_static_strict_oof_proxy,recent,0.048670081788135235,0.18182531044981248,0.06367909748210655,0.015009015693971318,nan,nan,0.06675936281681061,1913,1944,1945
fold_2,train,2329,exp016_static_strict_oof_proxy,random,0.048670081788135235,0.08641292286028934,0.05394947001315039,0.005279388225015155,nan,nan,0.07347932457923889,489,1778,1945
fold_2,train,2330,exp016_static_strict_oof_proxy,retrieval,0.09839674020766424,0.037438708675013116,0.09431453923289887,-0.004082200974765374,-4.313715934753418,4.222865581512451,0.0908503532409668,501,1790,1945
fold_2,train,2330,exp016_static_strict_oof_proxy,recent,0.09839674020766424,0.18258388429844108,0.10882741495795555,0.010430674750291302,nan,nan,0.06675936281681061,1913,1944,1945
fold_2,train,2330,exp016_static_strict_oof_proxy,random,0.09839674020766424,0.0888084698528588,0.09895023005736732,0.000553489849703076,nan,nan,0.10028437525033951,610,1868,1945
fold_2,train,2331,exp016_static_strict_oof_proxy,retrieval,0.06777960652708759,0.0211514164910625,0.06557471768399731,-0.00220488884309028,-2.6560069620609283,2.58058500289917,0.07542195916175842,803,1481,1945
fold_2,train,2331,exp016_static_strict_oof_proxy,recent,0.06777960652708759,0.04995901602980805,0.06807453908587563,0.00029493255878804137,nan,nan,0.06675936281681061,1913,1944,1945
fold_2,train,2331,exp016_static_strict_oof_proxy,random,0.06777960652708759,0.008749708279310528,0.06378107461154686,-0.003998531915540726,nan,nan,0.08047489821910858,501,1775,1945
fold_2,train,2332,exp016_static_strict_oof_proxy,retrieval,0.15620134212402637,0.11701870179255983,0.15702351275577825,0.000822170631751884,-3.6607682779431343,3.5843582153320312,0.07641006261110306,501,1454,1945
fold_2,train,2332,exp016_static_strict_oof_proxy,recent,0.15620134212402637,-0.08356893638923862,0.13669547702068507,-0.01950586510334129,nan,nan,0.06675936281681061,1913,1944,1945
fold_2,train,2332,exp016_static_strict_oof_proxy,random,0.15620134212402637,0.025913083226559653,0.1470911169345063,-0.009110225189520066,nan,nan,0.08693115413188934,500,1938,1945
fold_2,train,2333,exp016_static_strict_oof_proxy,retrieval,0.13428968468906316,0.050874779756128974,0.13019532169143072,-0.004094362997632439,-2.6240860670804977,2.5357742309570312,0.08831183612346649,735,1451,1945
fold_2,train,2333,exp016_static_strict_oof_proxy,recent,0.13428968468906316,0.035796850371233827,0.12865468123968818,-0.005635003449374981,nan,nan,0.06675936281681061,1913,1944,1945
fold_2,train,2333,exp016_static_strict_oof_proxy,random,0.13428968468906316,0.14942954749514525,0.13950673492622123,0.005217050237158072,nan,nan,0.09321042150259018,576,1816,1945
fold_2,train,2334,exp016_static_strict_oof_proxy,retrieval,0.12703463440710736,0.21368046103741944,0.13915637929839111,0.012121744891283759,-2.505315013229847,2.4226951599121094,0.08261985331773758,796,1299,1945
fold_2,train,2334,exp016_static_strict_oof_proxy,recent,0.12703463440710736,0.09582854504057396,0.12655248804698757,-0.00048214636011978396,nan,nan,0.06675936281681061,1913,1944,1945
fold_2,train,2334,exp016_static_strict_oof_proxy,random,0.12703463440710736,0.13865541841849963,0.13028657715380268,0.0032519427466953243,nan,nan,0.09304388612508774,547,1916,1945
fold_2,train,2335,exp016_static_strict_oof_proxy,retrieval,0.19453010026234874,0.18796228931940026,0.1998610612460338,0.0053309609836850735,-3.176834374666214,3.1007957458496094,0.07603862881660461,788,1932,1945
fold_2,train,2335,exp016_static_strict_oof_proxy,recent,0.19453010026234874,0.11807043840266376,0.19324681250664436,-0.001283287755704382,nan,nan,0.06675936281681061,1913,1944,1945
fold_2,train,2335,exp016_static_strict_oof_proxy,random,0.19453010026234874,0.14638499175954958,0.19538506211275616,0.0008549618504074263,nan,nan,0.08832042664289474,582,1901,1945
fold_2,train,2336,exp016_static_strict_oof_proxy,retrieval,0.20468603224738216,0.2337513063016055,0.21293216979828242,0.008246137550900257,-2.5285831168293953,2.434398889541626,0.09418422728776932,803,1305,1945
fold_2,train,2336,exp016_static_strict_oof_proxy,recent,0.20468603224738216,0.22894046953428346,0.21321544346849827,0.008529411221116112,nan,nan,0.06675936281681061,1913,1944,1945
fold_2,train,2336,exp016_static_strict_oof_proxy,random,0.20468603224738216,0.23479084416525323,0.21382469034316912,0.009138658095786956,nan,nan,0.11138483136892319,623,1866,1945
fold_2,train,2337,exp016_static_strict_oof_proxy,retrieval,0.1396554790801514,0.125946953797899,0.14135174047486812,0.0016962613947167082,-3.509181059896946,3.421795129776001,0.08738593012094498,792,1474,1945
fold_2,train,2337,exp016_static_strict_oof_proxy,recent,0.1396554790801514,0.16333300321024766,0.14536015101668992,0.005704671936538508,nan,nan,0.06675936281681061,1913,1944,1945
fold_2,train,2337,exp016_static_strict_oof_proxy,random,0.1396554790801514,0.09859738005888082,0.13853884274807018,-0.0011166363320812278,nan,nan,0.07451141625642776,567,1944,1945
fold_2,train,2338,exp016_static_strict_oof_proxy,retrieval,0.16428737170317434,0.11323451200259103,0.16361768578230046,-0.0006696859208738803,-2.41250379383564,2.3305230140686035,0.08198077976703644,803,1334,1945
fold_2,train,2338,exp016_static_strict_oof_proxy,recent,0.16428737170317434,0.17702111099984838,0.1696792341955421,0.005391862492367755,nan,nan,0.06675936281681061,1913,1944,1945
fold_2,train,2338,exp016_static_strict_oof_proxy,random,0.16428737170317434,0.14719633689159214,0.16617901799487597,0.001891646291701632,nan,nan,0.0703594759106636,583,1898,1945
fold_2,train,2339,exp016_static_strict_oof_proxy,retrieval,0.10423529871668055,0.07962723449662377,0.10356773022211259,-0.0006675684945679633,-2.233845718204975,2.164853572845459,0.06899214535951614,796,1309,1945
fold_2,train,2339,exp016_static_strict_oof_proxy,recent,0.10423529871668055,0.07925136773087918,0.10365494711866077,-0.0005803515980197793,nan,nan,0.06675936281681061,1913,1944,1945
fold_2,train,2339,exp016_static_strict_oof_proxy,random,0.10423529871668055,0.10906117743865926,0.10574499904132613,0.001509700324645577,nan,nan,0.08597555011510849,525,1885,1945
fold_2,train,2340,exp016_static_strict_oof_proxy,retrieval,0.06547589938122925,-0.11246840659946669,0.049762809905608406,-0.01571308947562084,-4.8052559196949005,4.716042518615723,0.08921340107917786,582,1924,1945
fold_2,train,2340,exp016_static_strict_oof_proxy,recent,0.06547589938122925,0.07039829987197589,0.06661614506112633,0.0011402456798970811,nan,nan,0.06675936281681061,1913,1944,1945
fold_2,train,2340,exp016_static_strict_oof_proxy,random,0.06547589938122925,-0.009212066338265566,0.059043132042121194,-0.006432767339108053,nan,nan,0.07630595564842224,507,1916,1945
fold_2,train,2341,exp016_static_strict_oof_proxy,retrieval,0.0176673895501609,-0.020179884498319377,0.013477216453718696,-0.004190173096442205,-3.5448122769594193,3.4621641635894775,0.08264811336994171,730,1294,1945
fold_2,train,2341,exp016_static_strict_oof_proxy,recent,0.0176673895501609,-0.11949535377971618,0.004995215036377097,-0.012672174513783805,nan,nan,0.06675936281681061,1913,1944,1945
fold_2,train,2341,exp016_static_strict_oof_proxy,random,0.0176673895501609,-0.08886363586230768,0.007910259032311746,-0.009757130517849155,nan,nan,0.0799906998872757,513,1921,1945
fold_2,train,2342,exp016_static_strict_oof_proxy,retrieval,0.01542431998757628,-0.15503610992357475,-0.0010890650357265547,-0.016513385023302834,-2.7439293935894966,2.6583971977233887,0.08553219586610794,735,1481,1945
fold_2,train,2342,exp016_static_strict_oof_proxy,recent,0.01542431998757628,-0.18797139803198212,-0.004518662093830694,-0.019942982081406973,nan,nan,0.06675936281681061,1913,1944,1945
fold_2,train,2342,exp016_static_strict_oof_proxy,random,0.01542431998757628,-0.1626771490351862,-0.00205662563597605,-0.01748094562355233,nan,nan,0.08194714784622192,562,1781,1945
fold_2,train,2343,exp016_static_strict_oof_proxy,retrieval,0.06217270089881856,-0.06273459246590328,0.05139473777562758,-0.01077796312319098,-2.1321867182850838,2.056180715560913,0.07600600272417068,897,1324,1945
fold_2,train,2343,exp016_static_strict_oof_proxy,recent,0.06217270089881856,-0.07296046676695281,0.049690531541006513,-0.012482169357812045,nan,nan,0.06675936281681061,1913,1944,1945
fold_2,train,2343,exp016_static_strict_oof_proxy,random,0.06217270089881856,-0.0681381972491961,0.05030960412931761,-0.011863096769500946,nan,nan,0.09091882407665253,625,1885,1945
fold_2,train,2344,exp016_static_strict_oof_proxy,retrieval,0.11702268013529729,0.04794565069706249,0.11326725819796922,-0.003755421937328071,-2.4633215367794037,2.3963541984558105,0.06696733832359314,804,1326,1945
fold_2,train,2344,exp016_static_strict_oof_proxy,recent,0.11702268013529729,-0.02886474337484879,0.10623972814859199,-0.0107829519867053,nan,nan,0.06675936281681061,1913,1944,1945
fold_2,train,2344,exp016_static_strict_oof_proxy,random,0.11702268013529729,0.0007345347600173884,0.10900839756258474,-0.008014282572712556,nan,nan,0.08068887889385223,488,1925,1945
fold_2,train,2345,exp016_static_strict_oof_proxy,retrieval,0.12166541470697569,0.05512202569717069,0.11875664329203983,-0.002908771414935854,-2.1814077869057655,2.103072166442871,0.07833562046289444,957,1323,1945
fold_2,train,2345,exp016_static_strict_oof_proxy,recent,0.12166541470697569,0.0900401069095726,0.12186287451960265,0.00019745981262696277,nan,nan,0.06675936281681061,1913,1944,1945
fold_2,train,2345,exp016_static_strict_oof_proxy,random,0.12166541470697569,0.1008687115308759,0.1219887028739202,0.0003232881669445187,nan,nan,0.08927447348833084,507,1922,1945
fold_2,train,2346,exp016_static_strict_oof_proxy,retrieval,0.10273383559998338,0.07129688031687352,0.10186939989487141,-0.0008644357051119655,-2.5205296501517296,2.4505629539489746,0.06996669620275497,884,1326,1945
fold_2,train,2346,exp016_static_strict_oof_proxy,recent,0.10273383559998338,0.19327729422596948,0.11467396942073876,0.011940133820755386,nan,nan,0.06675936281681061,1913,1944,1945
fold_2,train,2346,exp016_static_strict_oof_proxy,random,0.10273383559998338,0.1707695035855277,0.1120342227307539,0.009300387130770527,nan,nan,0.08169727772474289,495,1892,1945
fold_2,train,2347,exp016_static_strict_oof_proxy,retrieval,0.11614173645496866,0.08495901367238845,0.11787637628233869,0.0017346398273700298,-2.540066570043564,2.4623911380767822,0.07767543196678162,957,1348,1945
fold_2,train,2347,exp016_static_strict_oof_proxy,recent,0.11614173645496866,0.1292679095424781,0.12211715342208022,0.005975416967111569,nan,nan,0.06675936281681061,1913,1944,1945
fold_2,train,2347,exp016_static_strict_oof_proxy,random,0.11614173645496866,0.10600327581131061,0.1191445563855142,0.003002819930545547,nan,nan,0.07296405732631683,494,1941,1945
fold_2,train,2348,exp016_static_strict_oof_proxy,retrieval,0.18663412812677685,0.11764896430067408,0.1841144469638117,-0.0025196811629651372,-2.4800579473376274,2.4096012115478516,0.07045673578977585,899,1348,1945
fold_2,train,2348,exp016_static_strict_oof_proxy,recent,0.18663412812677685,0.1835001765616905,0.19116401425490565,0.004529886128128796,nan,nan,0.06675936281681061,1913,1944,1945
fold_2,train,2348,exp016_static_strict_oof_proxy,random,0.18663412812677685,0.1436987242181938,0.18538446871162217,-0.0012496594151546747,nan,nan,0.08254973590373993,503,1929,1945
fold_2,train,2349,exp016_static_strict_oof_proxy,retrieval,0.12084118170946631,0.003952405873645164,0.11247917789866232,-0.008362003810803986,-2.5514170825481415,2.4829416275024414,0.06847545504570007,992,1344,1945
fold_2,train,2349,exp016_static_strict_oof_proxy,recent,0.12084118170946631,0.12425381841452705,0.12525396406456074,0.00441278235509443,nan,nan,0.06675936281681061,1913,1944,1945
fold_2,train,2349,exp016_static_strict_oof_proxy,random,0.12084118170946631,0.04332544895479848,0.11561251802441959,-0.005228663685046722,nan,nan,0.07959413528442383,499,1873,1945
fold_2,train,2350,exp016_static_strict_oof_proxy,retrieval,0.0812812777851422,0.02178654223383044,0.07662553699437187,-0.00465574079077033,-2.4103033766150475,2.3446285724639893,0.0656748041510582,988,1344,1945
fold_2,train,2350,exp016_static_strict_oof_proxy,recent,0.0812812777851422,0.05163395673947146,0.08038506919536198,-0.0008962085897802202,nan,nan,0.06675936281681061,1913,1944,1945
fold_2,train,2350,exp016_static_strict_oof_proxy,random,0.0812812777851422,0.022526877653453858,0.07673530061969396,-0.004545977165448245,nan,nan,0.08805055171251297,505,1876,1945
fold_2,train,2351,exp016_static_strict_oof_proxy,retrieval,0.06916113019054711,0.04321955007692945,0.06936195445286189,0.00020082426231478323,-2.3514549285173416,2.275752544403076,0.07570238411426544,804,1300,1945
fold_2,train,2351,exp016_static_strict_oof_proxy,recent,0.06916113019054711,0.10951355916730453,0.07649365316493476,0.007332522974387648,nan,nan,0.06675936281681061,1913,1944,1945
fold_2,train,2351,exp016_static_strict_oof_proxy,random,0.06916113019054711,0.04865744989761177,0.06874736691520023,-0.00041376327534688173,nan,nan,0.08434775471687317,545,1923,1945
fold_2,train,2352,exp016_static_strict_oof_proxy,retrieval,0.048047354097759225,0.08354326920447452,0.0515456382122632,0.003498284114503973,-2.7297480925917625,2.652588367462158,0.07715972512960434,803,1294,1945
fold_2,train,2352,exp016_static_strict_oof_proxy,recent,0.048047354097759225,0.2093644615288827,0.06577064649545167,0.017723292397692443,nan,nan,0.06675936281681061,1913,1944,1945
fold_2,train,2352,exp016_static_strict_oof_proxy,random,0.048047354097759225,0.15182973983949064,0.05929554679889654,0.011248192701137312,nan,nan,0.08169274777173996,489,1903,1945
fold_2,train,2353,exp016_static_strict_oof_proxy,retrieval,0.06437728006594526,0.08303147933895814,0.06824550989362042,0.0038682298276751653,-2.187931776046753,2.1062428951263428,0.08168888092041016,957,1319,1945
fold_2,train,2353,exp016_static_strict_oof_proxy,recent,0.06437728006594526,0.11476170845457138,0.0721398339880253,0.007762553922080043,nan,nan,0.06675936281681061,1913,1944,1945
fold_2,train,2353,exp016_static_strict_oof_proxy,random,0.06437728006594526,0.0839957595677277,0.0681607515125535,0.003783471446608247,nan,nan,0.07692529261112213,537,1905,1945
fold_2,train,2354,exp016_static_strict_oof_proxy,retrieval,0.06601658705057926,-0.01885254074568864,0.060118532375705476,-0.005898054674873789,-2.411286734044552,2.344026565551758,0.06726016849279404,815,1321,1945
fold_2,train,2354,exp016_static_strict_oof_proxy,recent,0.06601658705057926,0.13586681066858144,0.07648282816066182,0.010466241110082555,nan,nan,0.06675936281681061,1913,1944,1945
fold_2,train,2354,exp016_static_strict_oof_proxy,random,0.06601658705057926,0.05225887995571536,0.0673250732072785,0.0013084861566992345,nan,nan,0.07093452662229538,523,1932,1945
fold_2,train,2355,exp016_static_strict_oof_proxy,retrieval,0.10808145295192909,0.1005837041829432,0.11016067167880958,0.002079218726880494,-2.320152997970581,2.246798515319824,0.07335448265075684,967,1323,1945
fold_2,train,2355,exp016_static_strict_oof_proxy,recent,0.10808145295192909,0.16449385631964264,0.11741060718581835,0.009329154233889261,nan,nan,0.06675936281681061,1913,1944,1945
fold_2,train,2355,exp016_static_strict_oof_proxy,random,0.10808145295192909,0.12516315572399267,0.11215919311948297,0.004077740167553884,nan,nan,0.08549974113702774,515,1881,1945
fold_2,train,2356,exp016_static_strict_oof_proxy,retrieval,0.13695726866310673,0.05609258939374935,0.13422693376981396,-0.002730334893292774,-2.0690385699272156,1.9907944202423096,0.078244149684906,897,1323,1945
fold_2,train,2356,exp016_static_strict_oof_proxy,recent,0.13695726866310673,0.20807388355236509,0.14934459215998735,0.012387323496880626,nan,nan,0.06675936281681061,1913,1944,1945
fold_2,train,2356,exp016_static_strict_oof_proxy,random,0.13695726866310673,0.12440972349575677,0.13867063407879462,0.0017133654156878952,nan,nan,0.10220318287611008,491,1916,1945
fold_2,train,2357,exp016_static_strict_oof_proxy,retrieval,0.1160513188022287,0.004530361623679847,0.10872728566088913,-0.007324033141339573,-2.9147272929549217,2.839970588684082,0.07475670427083969,796,1300,1945
fold_2,train,2357,exp016_static_strict_oof_proxy,recent,0.1160513188022287,0.1776050295351757,0.12513521710654285,0.00908389830431415,nan,nan,0.06675936281681061,1913,1944,1945
fold_2,train,2357,exp016_static_strict_oof_proxy,random,0.1160513188022287,0.11608824792507377,0.11946369736360127,0.003412378561372567,nan,nan,0.07294151186943054,527,1938,1945
fold_2,train,2358,exp016_static_strict_oof_proxy,retrieval,0.1680769952937852,0.06337771729419638,0.1624042543456664,-0.005672740948118787,-2.2713992819190025,2.1993634700775146,0.07203581184148788,803,1323,1945
fold_2,train,2358,exp016_static_strict_oof_proxy,recent,0.1680769952937852,0.19333695118520486,0.17564697556835182,0.007569980274566623,nan,nan,0.06675936281681061,1913,1944,1945
fold_2,train,2358,exp016_static_strict_oof_proxy,random,0.1680769952937852,0.14809563912047474,0.17030711694654138,0.002230121652756184,nan,nan,0.07386206090450287,518,1931,1945
fold_2,train,2359,exp016_static_strict_oof_proxy,retrieval,0.11651214917701881,-0.09161273183933484,0.09935029103092599,-0.01716185814609282,-2.177005499601364,2.1132283210754395,0.06377717852592468,884,1323,1945
fold_2,train,2359,exp016_static_strict_oof_proxy,recent,0.11651214917701881,0.16157328269195034,0.12433038786642972,0.007818238689410908,nan,nan,0.06675936281681061,1913,1944,1945
fold_2,train,2359,exp016_static_strict_oof_proxy,random,0.11651214917701881,0.06638463546356294,0.11426597759830812,-0.0022461715787106956,nan,nan,0.09149240702390671,546,1914,1945
fold_2,train,2360,exp016_static_strict_oof_proxy,retrieval,0.11198587287715715,0.015419930657200081,0.10503814086811478,-0.006947732009042376,-3.7743535712361336,3.687108039855957,0.08724553138017654,803,1305,1945
fold_2,train,2360,exp016_static_strict_oof_proxy,recent,0.11198587287715715,0.18403675960295898,0.12167804567656157,0.009692172799404417,nan,nan,0.06675936281681061,1913,1944,1945
fold_2,train,2360,exp016_static_strict_oof_proxy,random,0.11198587287715715,0.027327805846326377,0.10616487187268606,-0.005821001004471096,nan,nan,0.1093255952000618,597,1879,1945
fold_2,train,2361,exp016_static_strict_oof_proxy,retrieval,-0.0391911063736607,-0.10145165807903049,-0.047925912484098145,-0.008734806110437442,-2.917864575982094,2.842348098754883,0.075516477227211,803,1326,1945
fold_2,train,2361,exp016_static_strict_oof_proxy,recent,-0.0391911063736607,-0.037889689686240145,-0.042152882661800575,-0.0029617762881398724,nan,nan,0.06675936281681061,1913,1944,1945
fold_2,train,2361,exp016_static_strict_oof_proxy,random,-0.0391911063736607,-0.048789498089464325,-0.04210653395468527,-0.002915427581024567,nan,nan,0.0905810073018074,496,1942,1945
fold_2,train,2362,exp016_static_strict_oof_proxy,retrieval,0.003499695898301236,-0.05579209321445837,-0.002217308257337684,-0.00571700415563892,-3.8850036710500717,3.804905414581299,0.08009825646877289,804,1300,1945
fold_2,train,2362,exp016_static_strict_oof_proxy,recent,0.003499695898301236,-0.03376108619006828,-0.002228624976850184,-0.00572832087515142,nan,nan,0.06675936281681061,1913,1944,1945
fold_2,train,2362,exp016_static_strict_oof_proxy,random,0.003499695898301236,-0.09009134097976956,-0.006896818988654648,-0.010396514886955883,nan,nan,0.07881031930446625,542,1759,1945
fold_2,train,2363,exp016_static_strict_oof_proxy,retrieval,0.0064279224958161425,-0.06837018671734645,-0.0022428659918845187,-0.008670788487700662,-2.7777814343571663,2.697293996810913,0.0804874375462532,793,1296,1945
fold_2,train,2363,exp016_static_strict_oof_proxy,recent,0.0064279224958161425,-0.05908822597286197,-0.0011772809481601695,-0.007605203443976312,nan,nan,0.06675936281681061,1913,1944,1945
fold_2,train,2363,exp016_static_strict_oof_proxy,random,0.0064279224958161425,-0.06315944309607986,-0.001645923199688412,-0.008073845695504555,nan,nan,0.0824945867061615,537,1879,1945
fold_2,train,2364,exp016_static_strict_oof_proxy,retrieval,0.13891654326352668,0.09968358924787145,0.13715289316808818,-0.001763650095438496,-2.4087817072868347,2.3237996101379395,0.08498209714889526,897,1348,1945
fold_2,train,2364,exp016_static_strict_oof_proxy,recent,0.13891654326352668,0.1565970329884001,0.14257354117474916,0.0036569979112224815,nan,nan,0.06675936281681061,1913,1944,1945
fold_2,train,2364,exp016_static_strict_oof_proxy,random,0.13891654326352668,0.05888036811816193,0.13352962080423328,-0.005386922459293397,nan,nan,0.0936078280210495,504,1874,1945
fold_2,train,2365,exp016_static_strict_oof_proxy,retrieval,0.0747401219352565,0.023987957244279004,0.07144766238042283,-0.0032924595548336766,-2.868283063173294,2.787126302719116,0.08115676045417786,876,1333,1945
fold_2,train,2365,exp016_static_strict_oof_proxy,recent,0.0747401219352565,0.07692642047189421,0.07645803916850628,0.00171791723324978,nan,nan,0.06675936281681061,1913,1944,1945
fold_2,train,2365,exp016_static_strict_oof_proxy,random,0.0747401219352565,0.02089516660806125,0.07082934945619268,-0.003910772479063823,nan,nan,0.0830259695649147,527,1927,1945
fold_2,train,2366,exp016_static_strict_oof_proxy,retrieval,0.08236023515043768,0.05633532316267258,0.08128772788751297,-0.00107250726292471,-2.293335199356079,2.213125228881836,0.08020997047424316,794,1348,1945
fold_2,train,2366,exp016_static_strict_oof_proxy,recent,0.08236023515043768,0.10171777864678185,0.08651398108564601,0.004153745935208328,nan,nan,0.06675936281681061,1913,1944,1945
fold_2,train,2366,exp016_static_strict_oof_proxy,random,0.08236023515043768,0.03896725722169462,0.08043276533196331,-0.0019274698184743727,nan,nan,0.09411955624818802,525,1908,1945
fold_2,train,2367,exp016_static_strict_oof_proxy,retrieval,0.11227808042740532,0.048730108921984636,0.10867577450428476,-0.003602305923120566,-3.3006520494818687,3.2220141887664795,0.07863786071538925,992,1333,1945
fold_2,train,2367,exp016_static_strict_oof_proxy,recent,0.11227808042740532,0.09745128436881921,0.11361213804851626,0.00133405762111094,nan,nan,0.06675936281681061,1913,1944,1945
fold_2,train,2367,exp016_static_strict_oof_proxy,random,0.11227808042740532,0.06521260807983098,0.11004287201191897,-0.002235208415486356,nan,nan,0.07935492694377899,503,1943,1945
fold_2,train,2368,exp016_static_strict_oof_proxy,retrieval,0.11356764891648659,0.07411293840073638,0.11323492197552812,-0.00033272694095846933,-2.003040462732315,1.9283201694488525,0.07472029328346252,990,1358,1945
fold_2,train,2368,exp016_static_strict_oof_proxy,recent,0.11356764891648659,0.0803958352671515,0.11404806856453072,0.00048041964804412807,nan,nan,0.06675936281681061,1913,1944,1945
fold_2,train,2368,exp016_static_strict_oof_proxy,random,0.11356764891648659,0.07072695448142656,0.11247960424137492,-0.0010880446751116712,nan,nan,0.0750063955783844,528,1933,1945
fold_2,train,2369,exp016_static_strict_oof_proxy,retrieval,0.032487487266458025,-0.01112333422150886,0.02965668839804102,-0.002830798868417004,-2.259106360375881,2.188720703125,0.0703856572508812,884,1346,1945
fold_2,train,2369,exp016_static_strict_oof_proxy,recent,0.032487487266458025,-0.06999373931442913,0.02326780268605502,-0.009219684580403006,nan,nan,0.06675936281681061,1913,1944,1945
fold_2,train,2369,exp016_static_strict_oof_proxy,random,0.032487487266458025,-0.04109206135617224,0.025880480116750468,-0.006607007149707557,nan,nan,0.07491884380578995,521,1853,1945
fold_2,train,2370,exp016_static_strict_oof_proxy,retrieval,-0.06437502420273157,-0.02761066524085239,-0.06348236345907167,0.000892660743659901,-2.28682229667902,2.2114224433898926,0.07539985328912735,972,1348,1945
fold_2,train,2370,exp016_static_strict_oof_proxy,recent,-0.06437502420273157,-0.13285527341516395,-0.07478808648428706,-0.010413062281555488,nan,nan,0.06675936281681061,1913,1944,1945
fold_2,train,2370,exp016_static_strict_oof_proxy,random,-0.06437502420273157,-0.10709106929832603,-0.07059952029538323,-0.00622449609265166,nan,nan,0.10001552850008011,494,1926,1945
fold_2,train,2371,exp016_static_strict_oof_proxy,retrieval,-0.05334002050271312,-0.002144627616191139,-0.05087578562056469,0.0024642348821484333,-4.792393393814564,4.709978103637695,0.08241529017686844,656,1476,1945
fold_2,train,2371,exp016_static_strict_oof_proxy,recent,-0.05334002050271312,-0.12711726991809885,-0.0637579563783646,-0.010417935875651471,nan,nan,0.06675936281681061,1913,1944,1945
fold_2,train,2371,exp016_static_strict_oof_proxy,random,-0.05334002050271312,-0.040337363939494525,-0.054594950950112416,-0.0012549304473992925,nan,nan,0.08081962168216705,577,1940,1945
fold_2,train,2372,exp016_static_strict_oof_proxy,retrieval,-0.08235835427980898,0.04479165981328021,-0.07308758131776315,0.009270772962045828,-2.4477545469999313,2.3780717849731445,0.0696827620267868,847,1323,1945
fold_2,train,2372,exp016_static_strict_oof_proxy,recent,-0.08235835427980898,-0.1646520389648202,-0.09391212521144784,-0.011553770931638868,nan,nan,0.06675936281681061,1913,1944,1945
fold_2,train,2372,exp016_static_strict_oof_proxy,random,-0.08235835427980898,-0.11742882097247363,-0.08862795211864015,-0.006269597838831173,nan,nan,0.08766144514083862,495,1923,1945
fold_2,train,2373,exp016_static_strict_oof_proxy,retrieval,-0.08579747118921055,-0.00118785714772575,-0.08279863377861632,0.0029988374105942295,-2.538810893893242,2.45430326461792,0.08450762927532196,803,1312,1945
fold_2,train,2373,exp016_static_strict_oof_proxy,recent,-0.08579747118921055,-0.11711216290308135,-0.0930612040937825,-0.007263732904571954,nan,nan,0.06675936281681061,1913,1944,1945
fold_2,train,2373,exp016_static_strict_oof_proxy,random,-0.08579747118921055,-0.08532276282014563,-0.08885474816601105,-0.0030572769768004993,nan,nan,0.08817733824253082,515,1917,1945
fold_2,train,2374,exp016_static_strict_oof_proxy,retrieval,0.1371173587779438,0.021168830373867648,0.13011013209346295,-0.007007226684480838,-8.060143500566483,7.963253021240234,0.09689047932624817,582,1786,1945
fold_2,train,2374,exp016_static_strict_oof_proxy,recent,0.1371173587779438,0.09017898354845115,0.13537162723389778,-0.001745731544046003,nan,nan,0.06675936281681061,1913,1944,1945
fold_2,train,2374,exp016_static_strict_oof_proxy,random,0.1371173587779438,0.13562153693356507,0.14045168496595364,0.0033343261880098563,nan,nan,0.08217830955982208,525,1935,1945
fold_2,train,2375,exp016_static_strict_oof_proxy,retrieval,0.18503247608363785,0.07362057498891388,0.17875858898962532,-0.006273887094012526,-5.182536780834198,5.085355758666992,0.09718102216720581,501,1783,1945
fold_2,train,2375,exp016_static_strict_oof_proxy,recent,0.18503247608363785,0.10018663913688917,0.1827212924250741,-0.0023111836585637535,nan,nan,0.06675936281681061,1913,1944,1945
fold_2,train,2375,exp016_static_strict_oof_proxy,random,0.18503247608363785,0.09313458148258266,0.17961064522893344,-0.005421830854704407,nan,nan,0.10036230087280273,553,1939,1945
fold_2,train,2376,exp016_static_strict_oof_proxy,retrieval,0.18586996502687028,-0.009938780516983464,0.17123494187671107,-0.014635023150159215,-3.863597594201565,3.788365125656128,0.07523246854543686,803,1288,1945
fold_2,train,2376,exp016_static_strict_oof_proxy,recent,0.18586996502687028,0.027132047998525557,0.17589826107015127,-0.009971703956719008,nan,nan,0.06675936281681061,1913,1944,1945
fold_2,train,2376,exp016_static_strict_oof_proxy,random,0.18586996502687028,0.020133384721075263,0.1742435215212128,-0.011626443505657474,nan,nan,0.07618124037981033,512,1821,1945
fold_2,train,2377,exp016_static_strict_oof_proxy,retrieval,0.20038483369888976,0.09308172626262833,0.19502032839392142,-0.005364505304968348,-3.5420508682727814,3.47219181060791,0.06985905766487122,740,1454,1945
fold_2,train,2377,exp016_static_strict_oof_proxy,recent,0.20038483369888976,0.04227288470096747,0.1928719461890834,-0.00751288750980636,nan,nan,0.06675936281681061,1913,1944,1945
fold_2,train,2377,exp016_static_strict_oof_proxy,random,0.20038483369888976,0.06963964806081901,0.19365455214703464,-0.006730281551855122,nan,nan,0.07715943455696106,489,1930,1945
fold_2,train,2378,exp016_static_strict_oof_proxy,retrieval,0.22028368034828033,0.101023253200962,0.21471674431797746,-0.005566936030302866,-4.229721836745739,4.141079425811768,0.0886424109339714,803,1638,1945
fold_2,train,2378,exp016_static_strict_oof_proxy,recent,0.22028368034828033,0.11771931470331587,0.21747694515677768,-0.0028067351915026517,nan,nan,0.06675936281681061,1913,1944,1945
fold_2,train,2378,exp016_static_strict_oof_proxy,random,0.22028368034828033,0.10550832432922881,0.2158300841751993,-0.004453596173081026,nan,nan,0.10216466337442398,554,1882,1945
fold_2,train,2379,exp016_static_strict_oof_proxy,retrieval,0.11382342616847928,0.12441914230476024,0.12194991424612206,0.008126488077642782,-5.176241956651211,5.087193965911865,0.08904799073934555,501,1454,1945
fold_2,train,2379,exp016_static_strict_oof_proxy,recent,0.11382342616847928,0.16515696942827596,0.1255378738922028,0.011714447723723528,nan,nan,0.06675936281681061,1913,1944,1945
fold_2,train,2379,exp016_static_strict_oof_proxy,random,0.11382342616847928,0.08585411743858927,0.11526225512903446,0.0014388289605551802,nan,nan,0.08250322192907333,541,1903,1945
fold_2,train,2380,exp016_static_strict_oof_proxy,retrieval,0.2789715501439339,0.25105924800221885,0.28433725154693906,0.005365701403005185,-5.678055629134178,5.58686637878418,0.09118925034999847,727,1773,1945
fold_2,train,2380,exp016_static_strict_oof_proxy,recent,0.2789715501439339,0.3382269538381201,0.2958261383809154,0.01685458823698155,nan,nan,0.06675936281681061,1913,1944,1945
fold_2,train,2380,exp016_static_strict_oof_proxy,random,0.2789715501439339,0.2996374679688642,0.2878887118368086,0.008917161692874709,nan,nan,0.08219893276691437,493,1927,1945
fold_2,train,2381,exp016_static_strict_oof_proxy,retrieval,0.33921460072379933,0.34621453980128797,0.34756598305108327,0.00835138232728394,-5.796648308634758,5.707458972930908,0.08918933570384979,896,1816,1945
fold_2,train,2381,exp016_static_strict_oof_proxy,recent,0.33921460072379933,0.34209340800669946,0.35396116143092576,0.014746560707126433,nan,nan,0.06675936281681061,1913,1944,1945
fold_2,train,2381,exp016_static_strict_oof_proxy,random,0.33921460072379933,0.3285837907400407,0.34835930107193264,0.009144700348133306,nan,nan,0.08202800154685974,536,1941,1945
fold_2,train,2382,exp016_static_strict_oof_proxy,retrieval,0.28243364247662406,0.2241315001440257,0.28387068062714704,0.0014370381505229846,-3.1690555438399315,3.0914249420166016,0.07763060182332993,803,1268,1945
fold_2,train,2382,exp016_static_strict_oof_proxy,recent,0.28243364247662406,0.33919242048394566,0.2957434235703356,0.013309781093711559,nan,nan,0.06675936281681061,1913,1944,1945
fold_2,train,2382,exp016_static_strict_oof_proxy,random,0.28243364247662406,0.2650785945820894,0.28798976516830044,0.0055561226916763795,nan,nan,0.08251847326755524,493,1936,1945
fold_2,train,2383,exp016_static_strict_oof_proxy,retrieval,0.21801698996225619,0.141238408461444,0.21664491607500808,-0.0013720738872481097,-3.165315069258213,3.0739541053771973,0.09136096388101578,735,1263,1945
fold_2,train,2383,exp016_static_strict_oof_proxy,recent,0.21801698996225619,0.19125515096891516,0.22317951665008257,0.00516252668782638,nan,nan,0.06675936281681061,1913,1944,1945
fold_2,train,2383,exp016_static_strict_oof_proxy,random,0.21801698996225619,0.18060431356101378,0.22133087794472572,0.0033138879824695378,nan,nan,0.0786682739853859,496,1941,1945
fold_2,train,2384,exp016_static_strict_oof_proxy,retrieval,0.2246193068746288,0.16668404560812616,0.2244563786622972,-0.00016292821233160337,-6.550885155797005,6.464166641235352,0.08671851456165314,585,1871,1945
fold_2,train,2384,exp016_static_strict_oof_proxy,recent,0.2246193068746288,0.1093930696503303,0.22084902147683338,-0.00377028539779542,nan,nan,0.06675936281681061,1913,1944,1945
fold_2,train,2384,exp016_static_strict_oof_proxy,random,0.2246193068746288,0.13692535830542807,0.2222925075430171,-0.002326799331611701,nan,nan,0.09111437946557999,512,1925,1945
fold_2,train,2385,exp016_static_strict_oof_proxy,retrieval,0.015342391775254018,-0.055037069936505825,0.008108311757777344,-0.007234080017476673,-4.10828360915184,4.007246017456055,0.10103759169578552,803,1638,1945
fold_2,train,2385,exp016_static_strict_oof_proxy,recent,0.015342391775254018,-0.13760923323629284,-0.0003187873498891132,-0.01566117912514313,nan,nan,0.06675936281681061,1913,1944,1945
fold_2,train,2385,exp016_static_strict_oof_proxy,random,0.015342391775254018,-0.06605453423079415,0.007460560430786319,-0.0078818313444677,nan,nan,0.07813919335603714,556,1933,1945
fold_2,train,2386,exp016_static_strict_oof_proxy,retrieval,0.11469906726133183,-0.018114192609813264,0.10572616041821076,-0.008972906843121076,-3.5683161690831184,3.4841394424438477,0.08417672663927078,803,1268,1945
fold_2,train,2386,exp016_static_strict_oof_proxy,recent,0.11469906726133183,-0.08909104095193499,0.0999215716383412,-0.014777495622990633,nan,nan,0.06675936281681061,1913,1944,1945
fold_2,train,2386,exp016_static_strict_oof_proxy,random,0.11469906726133183,-0.07292312677834921,0.09976352170326767,-0.014935545558064159,nan,nan,0.07465225458145142,512,1942,1945
fold_2,train,2387,exp016_static_strict_oof_proxy,retrieval,0.1435357191333476,-0.02612022831655203,0.13107281792331318,-0.012462901210034405,-3.040548413991928,2.9533023834228516,0.08724603056907654,735,1263,1945
fold_2,train,2387,exp016_static_strict_oof_proxy,recent,0.1435357191333476,-0.029234220766415443,0.13205839546443712,-0.011477323668910466,nan,nan,0.06675936281681061,1913,1944,1945
fold_2,train,2387,exp016_static_strict_oof_proxy,random,0.1435357191333476,0.009925453855927026,0.1341622834867217,-0.009373435646625877,nan,nan,0.09833523631095886,488,1939,1945
fold_2,train,2388,exp016_static_strict_oof_proxy,retrieval,0.1360027837803411,-0.003420266803397507,0.12556027039242557,-0.010442513387915547,-2.8957026973366737,2.813587188720703,0.08211550861597061,897,1339,1945
fold_2,train,2388,exp016_static_strict_oof_proxy,recent,0.1360027837803411,0.03373920174346423,0.13041756038521246,-0.005585223395128652,nan,nan,0.06675936281681061,1913,1944,1945
fold_2,train,2388,exp016_static_strict_oof_proxy,random,0.1360027837803411,0.0023624015712321576,0.12593805277960984,-0.01006473100073127,nan,nan,0.07956183701753616,526,1937,1945
fold_2,train,2389,exp016_static_strict_oof_proxy,retrieval,0.258608825762884,0.1679682343510479,0.2571174987267772,-0.0014913270361068265,-3.537313625216484,3.4539239406585693,0.08338968455791473,1059,1793,1945
fold_2,train,2389,exp016_static_strict_oof_proxy,recent,0.258608825762884,0.18097272448379384,0.2600535738422835,0.0014447480793994827,nan,nan,0.06675936281681061,1913,1944,1945
fold_2,train,2389,exp016_static_strict_oof_proxy,random,0.258608825762884,0.13063121387890236,0.2537320322041335,-0.004876793558750536,nan,nan,0.08031509816646576,487,1882,1945
fold_2,train,2390,exp016_static_strict_oof_proxy,retrieval,0.3267820777812759,0.2192102454226099,0.3247080986273294,-0.0020739791539464703,-4.896372780203819,4.804607391357422,0.0917653888463974,633,1793,1945
fold_2,train,2390,exp016_static_strict_oof_proxy,recent,0.3267820777812759,0.26954090725401325,0.3327501674074344,0.005968089626158524,nan,nan,0.06675936281681061,1913,1944,1945
fold_2,train,2390,exp016_static_strict_oof_proxy,random,0.3267820777812759,0.22869192891950246,0.3258257362952288,-0.0009563414860470631,nan,nan,0.08861093968153,543,1837,1945
fold_2,train,2391,exp016_static_strict_oof_proxy,retrieval,0.32244466426457785,0.14687866640756425,0.31271287916115365,-0.009731785103424206,-2.9804185330867767,2.9009315967559814,0.07948693633079529,803,1339,1945
fold_2,train,2391,exp016_static_strict_oof_proxy,recent,0.32244466426457785,0.18257386339851114,0.3171182151043774,-0.005326449160200475,nan,nan,0.06675936281681061,1913,1944,1945
fold_2,train,2391,exp016_static_strict_oof_proxy,random,0.32244466426457785,0.2332593337384599,0.3194698800775534,-0.0029747841870244596,nan,nan,0.09074678272008896,517,1851,1945
fold_2,train,2392,exp016_static_strict_oof_proxy,retrieval,0.2779696884381964,0.1753453789218672,0.2744942482215921,-0.003475440216604342,-3.3708045333623886,3.2819480895996094,0.08885644376277924,803,1340,1945
fold_2,train,2392,exp016_static_strict_oof_proxy,recent,0.2779696884381964,0.20345738461401586,0.27904110875506033,0.0010714203168639136,nan,nan,0.06675936281681061,1913,1944,1945
fold_2,train,2392,exp016_static_strict_oof_proxy,random,0.2779696884381964,0.13359632157051776,0.26930872616466145,-0.008660962273534967,nan,nan,0.07760286331176758,517,1897,1945
fold_2,train,2393,exp016_static_strict_oof_proxy,retrieval,0.25889541228658847,0.1395035776637697,0.2530367484315418,-0.005858663855046686,-2.2880701944231987,2.206834316253662,0.08123587816953659,1097,1340,1945
fold_2,train,2393,exp016_static_strict_oof_proxy,recent,0.25889541228658847,0.18707269115384792,0.2595923525836371,0.0006969402970486427,nan,nan,0.06675936281681061,1913,1944,1945
fold_2,train,2393,exp016_static_strict_oof_proxy,random,0.25889541228658847,0.11442503172508012,0.25040314333926816,-0.008492268947320303,nan,nan,0.08574852347373962,607,1934,1945
fold_2,train,2394,exp016_static_strict_oof_proxy,retrieval,0.17667432134618213,0.03642070926484729,0.16675927396895318,-0.009915047377228953,-2.7835321575403214,2.6940395832061768,0.08949257433414459,803,1338,1945
fold_2,train,2394,exp016_static_strict_oof_proxy,recent,0.17667432134618213,0.06355472458359038,0.17046212282474626,-0.006212198521435869,nan,nan,0.06675936281681061,1913,1944,1945
fold_2,train,2394,exp016_static_strict_oof_proxy,random,0.17667432134618213,0.05702528315086064,0.16797414034812108,-0.008700180998061052,nan,nan,0.07839260995388031,557,1925,1945
fold_2,train,2395,exp016_static_strict_oof_proxy,retrieval,0.10299234486524592,0.07311358113992812,0.1028871692405621,-0.00010517562468381758,-3.0627660304307938,2.972827196121216,0.08993883430957794,803,1338,1945
fold_2,train,2395,exp016_static_strict_oof_proxy,recent,0.10299234486524592,0.09057943798875372,0.10551804755376175,0.0025257026885158324,nan,nan,0.06675936281681061,1913,1944,1945
fold_2,train,2395,exp016_static_strict_oof_proxy,random,0.10299234486524592,0.07192407591420992,0.10243240061724788,-0.0005599442479980316,nan,nan,0.08889860659837723,504,1927,1945
fold_2,train,2396,exp016_static_strict_oof_proxy,retrieval,0.11711952187843494,0.15427720979440568,0.12427686454535446,0.007157342666919517,-3.372997373342514,3.291869640350342,0.08112773299217224,802,1339,1945
fold_2,train,2396,exp016_static_strict_oof_proxy,recent,0.11711952187843494,0.0871735183621395,0.11752263411562613,0.0004031122371911944,nan,nan,0.06675936281681061,1913,1944,1945
fold_2,train,2396,exp016_static_strict_oof_proxy,random,0.11711952187843494,0.1323034365937819,0.12183661785179128,0.0047170959733563445,nan,nan,0.07749703526496887,602,1938,1945
fold_2,train,2397,exp016_static_strict_oof_proxy,retrieval,0.08053864950696846,0.1020208423541344,0.08544227045854734,0.0049036209515788826,-4.3372751250863075,4.259443283081055,0.07783184200525284,802,1932,1945
fold_2,train,2397,exp016_static_strict_oof_proxy,recent,0.08053864950696846,-0.009704600038353259,0.07401193183673369,-0.006526717670234772,nan,nan,0.06675936281681061,1913,1944,1945
fold_2,train,2397,exp016_static_strict_oof_proxy,random,0.08053864950696846,0.1026333158895327,0.08488632664971463,0.00434767714274617,nan,nan,0.07527412474155426,544,1871,1945
fold_2,train,2398,exp016_static_strict_oof_proxy,retrieval,0.108875930217699,0.09741912903317367,0.11027430912466729,0.0013983789069682978,-3.306567467749119,3.212319850921631,0.09424761682748795,803,1455,1945
fold_2,train,2398,exp016_static_strict_oof_proxy,recent,0.108875930217699,0.018587971864102156,0.10307011740381793,-0.005805812813881067,nan,nan,0.06675936281681061,1913,1944,1945
fold_2,train,2398,exp016_static_strict_oof_proxy,random,0.108875930217699,0.13663831442529906,0.11392991918036388,0.005053988962664888,nan,nan,0.07961083948612213,531,1879,1945
fold_2,train,2399,exp016_static_strict_oof_proxy,retrieval,0.22794712674135265,0.23057510751306504,0.23262583507221057,0.004678708330857928,-3.1272749677300453,3.0501227378845215,0.07715222984552383,1097,1793,1945
fold_2,train,2399,exp016_static_strict_oof_proxy,recent,0.22794712674135265,0.18797735369176793,0.22981192426835453,0.001864797527001888,nan,nan,0.06675936281681061,1913,1944,1945
fold_2,train,2399,exp016_static_strict_oof_proxy,random,0.22794712674135265,0.22533407861765378,0.23311849705172757,0.005171370310374929,nan,nan,0.08270832896232605,718,1930,1945
fold_2,train,2400,exp016_static_strict_oof_proxy,retrieval,0.2827222086573877,0.2453195085620681,0.2848287872519103,0.0021065785945226234,-2.764731429517269,2.697047710418701,0.06768371909856796,1059,1810,1945
fold_2,train,2400,exp016_static_strict_oof_proxy,recent,0.2827222086573877,0.20094176661751814,0.2811667983473305,-0.0015554103100571814,nan,nan,0.06675936281681061,1913,1944,1945
fold_2,train,2400,exp016_static_strict_oof_proxy,random,0.2827222086573877,0.20226641299360135,0.27908486320376885,-0.0036373454536188232,nan,nan,0.09303902089595795,519,1942,1945
fold_2,train,2401,exp016_static_strict_oof_proxy,retrieval,0.31225699445953464,0.2399223596240432,0.312569081622339,0.000312087162804342,-3.7298251688480377,3.632253885269165,0.09757128357887268,803,1811,1945
fold_2,train,2401,exp016_static_strict_oof_proxy,recent,0.31225699445953464,0.2466272840114375,0.31295710733067883,0.0007001128711441873,nan,nan,0.06675936281681061,1913,1944,1945
fold_2,train,2401,exp016_static_strict_oof_proxy,random,0.31225699445953464,0.24249645637501355,0.31303305074513604,0.0007760562856014008,nan,nan,0.07964734733104706,489,1922,1945
fold_2,train,2402,exp016_static_strict_oof_proxy,retrieval,0.3538166768254336,0.2778546962857232,0.35268669258589336,-0.0011299842395402493,-3.1705666705965996,3.092916250228882,0.07765042036771774,1099,1454,1945
fold_2,train,2402,exp016_static_strict_oof_proxy,recent,0.3538166768254336,0.2533660501588058,0.3511007863979407,-0.0027158904274929285,nan,nan,0.06675936281681061,1913,1944,1945
fold_2,train,2402,exp016_static_strict_oof_proxy,random,0.3538166768254336,0.24851030001103888,0.35095317589769737,-0.00286350092773624,nan,nan,0.08385344594717026,490,1906,1945
fold_2,train,2403,exp016_static_strict_oof_proxy,retrieval,0.277919570519125,0.2163877664998078,0.2765112215264941,-0.0014083489926309256,-3.8524670153856277,3.7671196460723877,0.08534736931324005,1090,1924,1945
fold_2,train,2403,exp016_static_strict_oof_proxy,recent,0.277919570519125,0.24076139005429342,0.2798007639022374,0.0018811933831123784,nan,nan,0.06675936281681061,1913,1944,1945
fold_2,train,2403,exp016_static_strict_oof_proxy,random,0.277919570519125,0.22567195410405064,0.2776428803233839,-0.00027669019574111386,nan,nan,0.07303053885698318,506,1904,1945
fold_2,train,2404,exp016_static_strict_oof_proxy,retrieval,0.3098992940167293,0.26538414554704454,0.31120871201263817,0.0013094179959088903,-2.5652335807681084,2.4792943000793457,0.08593928068876266,794,1340,1945
fold_2,train,2404,exp016_static_strict_oof_proxy,recent,0.3098992940167293,0.2852656027750878,0.313936906685037,0.004037612668307711,nan,nan,0.06675936281681061,1913,1944,1945
fold_2,train,2404,exp016_static_strict_oof_proxy,random,0.3098992940167293,0.2097273604883786,0.30593437856619027,-0.003964915450539008,nan,nan,0.07663252204656601,584,1824,1945
fold_2,train,2405,exp016_static_strict_oof_proxy,retrieval,0.21580178886486542,0.1284585783279721,0.212031693425412,-0.003770095439453419,-3.6794754043221474,3.6008453369140625,0.07863006740808487,737,1929,1945
fold_2,train,2405,exp016_static_strict_oof_proxy,recent,0.21580178886486542,0.15226514871431718,0.21526728675083664,-0.0005345021140287787,nan,nan,0.06675936281681061,1913,1944,1945
fold_2,train,2405,exp016_static_strict_oof_proxy,random,0.21580178886486542,0.1462554077958819,0.21402739114763464,-0.0017743977172307857,nan,nan,0.08325356990098953,495,1941,1945
fold_2,train,2406,exp016_static_strict_oof_proxy,retrieval,0.2266560669102722,0.133432749889459,0.22060138812620236,-0.006054678784069845,-2.8584532514214516,2.765376091003418,0.0930771604180336,735,1481,1945
fold_2,train,2406,exp016_static_strict_oof_proxy,recent,0.2266560669102722,0.09463975422986748,0.2172033184046712,-0.009452748505601016,nan,nan,0.06675936281681061,1913,1944,1945
fold_2,train,2406,exp016_static_strict_oof_proxy,random,0.2266560669102722,0.14815347939717755,0.22176695863282422,-0.004889108277447984,nan,nan,0.08858367055654526,513,1915,1945
fold_2,train,2407,exp016_static_strict_oof_proxy,retrieval,0.19176675491215794,0.1481780417524999,0.1915754417926302,-0.00019131311952774732,-2.7669744044542313,2.6803338527679443,0.08664055168628693,794,1305,1945
fold_2,train,2407,exp016_static_strict_oof_proxy,recent,0.19176675491215794,0.14697138209161667,0.1920547843394962,0.0002880294273382433,nan,nan,0.06675936281681061,1913,1944,1945
fold_2,train,2407,exp016_static_strict_oof_proxy,random,0.19176675491215794,0.17054822315628795,0.19350631925623724,0.0017395643440792918,nan,nan,0.07740254700183868,544,1933,1945
fold_2,train,2408,exp016_static_strict_oof_proxy,retrieval,0.1975126047691229,0.16021564045798575,0.19870190741857574,0.001189302649452828,-2.0765463188290596,1.9963109493255615,0.08023536950349808,1061,1481,1945
fold_2,train,2408,exp016_static_strict_oof_proxy,recent,0.1975126047691229,0.1218585173882138,0.19543272469635428,-0.0020798800727686306,nan,nan,0.06675936281681061,1913,1944,1945
fold_2,train,2408,exp016_static_strict_oof_proxy,random,0.1975126047691229,0.1504149736360666,0.19721112689926104,-0.0003014778698618714,nan,nan,0.0710810050368309,496,1840,1945
fold_2,train,2409,exp016_static_strict_oof_proxy,retrieval,0.15203304196546208,0.09299238431836399,0.1496508380568689,-0.0023822039085931723,-3.1348571181297302,3.0638461112976074,0.0710110068321228,985,1271,1945
fold_2,train,2409,exp016_static_strict_oof_proxy,recent,0.15203304196546208,0.05034358847811006,0.14601513602104582,-0.0060179059444162575,nan,nan,0.06675936281681061,1913,1944,1945
fold_2,train,2409,exp016_static_strict_oof_proxy,random,0.15203304196546208,0.09882895579678076,0.14947963135669554,-0.002553410608766543,nan,nan,0.08065852522850037,598,1924,1945
fold_2,train,2410,exp016_static_strict_oof_proxy,retrieval,0.208044120026683,0.21413908888609598,0.21333988951750538,0.0052957694908223885,-2.702060788869858,2.6195168495178223,0.08254393935203552,735,1807,1945
fold_2,train,2410,exp016_static_strict_oof_proxy,recent,0.208044120026683,0.1837727550493555,0.2116533110950249,0.0036091910683418993,nan,nan,0.06675936281681061,1913,1944,1945
fold_2,train,2410,exp016_static_strict_oof_proxy,random,0.208044120026683,0.20684498218409053,0.2130870854425279,0.005042965415844924,nan,nan,0.08853758126497269,490,1918,1945
fold_2,train,2411,exp016_static_strict_oof_proxy,retrieval,0.20489071009827425,0.0927987089872337,0.20038948747575894,-0.004501222622515316,-6.186717830598354,6.10206413269043,0.08465369790792465,633,1907,1945
fold_2,train,2411,exp016_static_strict_oof_proxy,recent,0.20489071009827425,0.0910963864788527,0.20096148850792434,-0.003929221590349918,nan,nan,0.06675936281681061,1913,1944,1945
fold_2,train,2411,exp016_static_strict_oof_proxy,random,0.20489071009827425,0.07978514294055285,0.20045441643476103,-0.004436293663513224,nan,nan,0.11792267113924026,509,1923,1945
fold_2,train,2412,exp016_static_strict_oof_proxy,retrieval,0.1106777959206145,0.11947038743078063,0.11380635310774621,0.003128557187131717,-2.2317485585808754,2.153475284576416,0.07827327400445938,1058,1351,1945
fold_2,train,2412,exp016_static_strict_oof_proxy,recent,0.1106777959206145,0.07440649137790173,0.10982023810636807,-0.0008575578142464291,nan,nan,0.06675936281681061,1913,1944,1945
fold_2,train,2412,exp016_static_strict_oof_proxy,random,0.1106777959206145,0.1329576863821257,0.11559618702436472,0.004918391103750225,nan,nan,0.07399401068687439,534,1936,1945
fold_2,train,2413,exp016_static_strict_oof_proxy,retrieval,0.05466958369564159,0.07862546822870882,0.05866186042923927,0.0039922767335976855,-4.999238230288029,4.909030914306641,0.09020731598138809,795,1924,1945
fold_2,train,2413,exp016_static_strict_oof_proxy,recent,0.05466958369564159,0.07453710785854803,0.058164639891473864,0.0034950561958322773,nan,nan,0.06675936281681061,1913,1944,1945
fold_2,train,2413,exp016_static_strict_oof_proxy,random,0.05466958369564159,0.05948342900719637,0.057020927843449004,0.0023513441478074174,nan,nan,0.07410964369773865,510,1929,1945
fold_2,train,2414,exp016_static_strict_oof_proxy,retrieval,0.09675387000194634,0.1076765122326241,0.09921054386534249,0.0024566738633961527,-2.585243783891201,2.5049495697021484,0.08029421418905258,982,1342,1945
fold_2,train,2414,exp016_static_strict_oof_proxy,recent,0.09675387000194634,0.07122782679460488,0.09564358236385649,-0.0011102876380898463,nan,nan,0.06675936281681061,1913,1944,1945
fold_2,train,2414,exp016_static_strict_oof_proxy,random,0.09675387000194634,0.10478164433089404,0.09923987314150638,0.0024860031395600446,nan,nan,0.07990290224552155,564,1896,1945
fold_2,train,2415,exp016_static_strict_oof_proxy,retrieval,0.07859478746992668,0.07100576459767263,0.07877216362003796,0.0001773761501112775,-2.478090777993202,2.3928184509277344,0.08527232706546783,803,1333,1945
fold_2,train,2415,exp016_static_strict_oof_proxy,recent,0.07859478746992668,0.08082021160839181,0.07984369481063743,0.0012489073407107448,nan,nan,0.06675936281681061,1913,1944,1945
fold_2,train,2415,exp016_static_strict_oof_proxy,random,0.07859478746992668,0.08781743757422031,0.08064768159758325,0.0020528941276565654,nan,nan,0.06914469599723816,523,1912,1945
fold_2,train,2416,exp016_static_strict_oof_proxy,retrieval,0.04555649352084836,0.06756014784531582,0.04821953612782956,0.002663042606981199,-2.694226711988449,2.615067958831787,0.07915875315666199,804,1276,1945
fold_2,train,2416,exp016_static_strict_oof_proxy,recent,0.04555649352084836,0.1129601022670803,0.05221956193461874,0.00666306841377038,nan,nan,0.06675936281681061,1913,1944,1945
fold_2,train,2416,exp016_static_strict_oof_proxy,random,0.04555649352084836,0.11649172407560224,0.05303443433935631,0.007477940818507951,nan,nan,0.08582788705825806,496,1932,1945
fold_2,train,2417,exp016_static_strict_oof_proxy,retrieval,0.07221792104572901,0.16202762828935802,0.08324768214575519,0.01102976110002618,-2.3154062926769257,2.2376656532287598,0.0777406394481659,1024,1348,1945
fold_2,train,2417,exp016_static_strict_oof_proxy,recent,0.07221792104572901,0.17933671939345852,0.08553773315049085,0.013319812104761838,nan,nan,0.06675936281681061,1913,1944,1945
fold_2,train,2417,exp016_static_strict_oof_proxy,random,0.07221792104572901,0.10039743801294326,0.07649036669613866,0.004272445650409656,nan,nan,0.07275108247995377,565,1857,1945
fold_2,train,2418,exp016_static_strict_oof_proxy,retrieval,0.07740798607959137,0.11566628424704493,0.08261968447584116,0.005211698396249784,-2.7525584399700165,2.683511257171631,0.06904718279838562,992,1348,1945
fold_2,train,2418,exp016_static_strict_oof_proxy,recent,0.07740798607959137,0.15737263639909657,0.0866496837888365,0.009241697709245128,nan,nan,0.06675936281681061,1913,1944,1945
fold_2,train,2418,exp016_static_strict_oof_proxy,random,0.07740798607959137,0.13186833989889218,0.084186946899032,0.006778960819440627,nan,nan,0.08705705404281616,491,1883,1945
fold_2,train,2419,exp016_static_strict_oof_proxy,retrieval,0.03372119278776069,0.1323017041662637,0.044752244220847164,0.011031051433086476,-2.2913874834775925,2.2050905227661133,0.08629696071147919,990,1358,1945
fold_2,train,2419,exp016_static_strict_oof_proxy,recent,0.03372119278776069,0.09425386509383556,0.04063318894916282,0.006911996161402131,nan,nan,0.06675936281681061,1913,1944,1945
fold_2,train,2419,exp016_static_strict_oof_proxy,random,0.03372119278776069,0.09867025929742229,0.041284600789400334,0.007563408001639647,nan,nan,0.08910766243934631,513,1911,1945
fold_2,train,2420,exp016_static_strict_oof_proxy,retrieval,0.06082758055860113,0.20544121343690389,0.07657830646260497,0.015750725904003837,-3.085076503455639,3.0063140392303467,0.0787624642252922,782,1353,1945
fold_2,train,2420,exp016_static_strict_oof_proxy,recent,0.06082758055860113,0.08447537802882332,0.06353333240251725,0.0027057518439161238,nan,nan,0.06675936281681061,1913,1944,1945
fold_2,train,2420,exp016_static_strict_oof_proxy,random,0.06082758055860113,0.1579502654320912,0.07183821955023023,0.011010638991629101,nan,nan,0.08803816139698029,526,1904,1945
fold_2,train,2421,exp016_static_strict_oof_proxy,retrieval,0.10053502824591391,0.13487763457716614,0.10652594410916266,0.00599091586324875,-2.711643725633621,2.6331262588500977,0.07851746678352356,804,1481,1945
fold_2,train,2421,exp016_static_strict_oof_proxy,recent,0.10053502824591391,0.03813955817756085,0.09643281418013523,-0.004102214065778681,nan,nan,0.06675936281681061,1913,1944,1945
fold_2,train,2421,exp016_static_strict_oof_proxy,random,0.10053502824591391,0.17015264948555706,0.10934479795200061,0.008809769706086698,nan,nan,0.08183231949806213,519,1941,1945
fold_2,train,2422,exp016_static_strict_oof_proxy,retrieval,0.07579023952155729,0.0797021651317595,0.07851410606464669,0.0027238665430893982,-2.447380654513836,2.372119426727295,0.07526122778654099,982,1299,1945
fold_2,train,2422,exp016_static_strict_oof_proxy,recent,0.07579023952155729,-0.05950487440266384,0.06536297069669895,-0.010427268824858338,nan,nan,0.06675936281681061,1913,1944,1945
fold_2,train,2422,exp016_static_strict_oof_proxy,random,0.07579023952155729,0.07849997343370838,0.07830138024385118,0.0025111407222938864,nan,nan,0.07796556502580643,572,1926,1945
fold_2,train,2423,exp016_static_strict_oof_proxy,retrieval,0.09776820551699662,0.2140257628698738,0.11277035062598643,0.015002145108989812,-2.733417369425297,2.665264368057251,0.0681530013680458,988,1342,1945
fold_2,train,2423,exp016_static_strict_oof_proxy,recent,0.09776820551699662,-0.06582167372604311,0.08431158412255071,-0.013456621394445908,nan,nan,0.06675936281681061,1913,1944,1945
fold_2,train,2423,exp016_static_strict_oof_proxy,random,0.09776820551699662,0.07432617385028584,0.09826505395715922,0.000496848440162595,nan,nan,0.07711108773946762,652,1942,1945
fold_2,train,2424,exp016_static_strict_oof_proxy,retrieval,0.13022592989521248,0.10339807119624958,0.1315075033711839,0.0012815734759714092,-2.1577125415205956,2.0845565795898438,0.0731559619307518,988,1323,1945
fold_2,train,2424,exp016_static_strict_oof_proxy,recent,0.13022592989521248,-0.024177479671227554,0.11855279151748586,-0.011673138377726613,nan,nan,0.06675936281681061,1913,1944,1945
fold_2,train,2424,exp016_static_strict_oof_proxy,random,0.13022592989521248,0.014644047527369105,0.12213221908894077,-0.008093710806271706,nan,nan,0.086388498544693,543,1906,1945
fold_2,train,2425,exp016_static_strict_oof_proxy,retrieval,0.093270325692907,0.025476560964029386,0.08938054563648877,-0.0038897800564182267,-2.4892138093709946,2.4193873405456543,0.06982646882534027,982,1342,1945
fold_2,train,2425,exp016_static_strict_oof_proxy,recent,0.093270325692907,-0.047524700466064856,0.08219296200520358,-0.011077363687703415,nan,nan,0.06675936281681061,1913,1944,1945
fold_2,train,2425,exp016_static_strict_oof_proxy,random,0.093270325692907,0.009197336728728281,0.08748868555186892,-0.005781640141038075,nan,nan,0.08768443018198013,542,1929,1945
fold_2,train,2426,exp016_static_strict_oof_proxy,retrieval,0.20428106898371273,0.1409464846592077,0.2041734791893454,-0.00010758979436734095,-2.4057926163077354,2.317863702774048,0.08792891353368759,1090,1348,1945
fold_2,train,2426,exp016_static_strict_oof_proxy,recent,0.20428106898371273,0.1548150731204942,0.2053792822290127,0.0010982132452999616,nan,nan,0.06675936281681061,1913,1944,1945
fold_2,train,2426,exp016_static_strict_oof_proxy,random,0.20428106898371273,0.1511557309249444,0.20433826445450434,5.7195470791610026e-05,nan,nan,0.08140230178833008,534,1921,1945
fold_2,train,2427,exp016_static_strict_oof_proxy,retrieval,0.23642619585635233,0.18694928411418282,0.23612894025399792,-0.0002972556023544126,-3.680999331176281,3.597754716873169,0.08324461430311203,800,1480,1945
fold_2,train,2427,exp016_static_strict_oof_proxy,recent,0.23642619585635233,0.29609784111125514,0.24856183494713888,0.012135639090786549,nan,nan,0.06675936281681061,1913,1944,1945
fold_2,train,2427,exp016_static_strict_oof_proxy,random,0.23642619585635233,0.20711298746965712,0.2378211771960595,0.0013949813397071686,nan,nan,0.0899353176355362,595,1944,1945
fold_2,train,2428,exp016_static_strict_oof_proxy,retrieval,0.2626363548788003,0.20555103638322367,0.26319595427855824,0.0005595993997579152,-2.751515671610832,2.6616880893707275,0.08982758224010468,803,1348,1945
fold_2,train,2428,exp016_static_strict_oof_proxy,recent,0.2626363548788003,0.291073408125197,0.2727106092790966,0.0100742544002963,nan,nan,0.06675936281681061,1913,1944,1945
fold_2,train,2428,exp016_static_strict_oof_proxy,random,0.2626363548788003,0.2402442827504909,0.266084079328108,0.0034477244493076875,nan,nan,0.08273331820964813,591,1919,1945
fold_2,train,2429,exp016_static_strict_oof_proxy,retrieval,0.24186544230676182,0.14415407185689805,0.23835730616136752,-0.0035081361453943027,-4.966525495052338,4.884084224700928,0.08244127035140991,730,1479,1945
fold_2,train,2429,exp016_static_strict_oof_proxy,recent,0.24186544230676182,0.25214100605908696,0.2504923995383393,0.00862695723157747,nan,nan,0.06675936281681061,1913,1944,1945
fold_2,train,2429,exp016_static_strict_oof_proxy,random,0.24186544230676182,0.19574156129747722,0.2427067722926697,0.0008413299859078849,nan,nan,0.09690644592046738,536,1928,1945
fold_2,train,2430,exp016_static_strict_oof_proxy,retrieval,0.26344261421600457,0.07866862008845639,0.2520080556455458,-0.011434558570458775,-2.621872127056122,2.5408523082733154,0.0810198187828064,803,1271,1945
fold_2,train,2430,exp016_static_strict_oof_proxy,recent,0.26344261421600457,0.2512387014869902,0.2710390204633277,0.007596406247323106,nan,nan,0.06675936281681061,1913,1944,1945
fold_2,train,2430,exp016_static_strict_oof_proxy,random,0.26344261421600457,0.15343630691990512,0.2586828554342467,-0.0047597587817578835,nan,nan,0.07883931696414948,553,1930,1945
fold_2,train,2431,exp016_static_strict_oof_proxy,retrieval,0.16545001687559138,0.005870376843671535,0.15500676902570085,-0.010443247849890536,-2.8092465102672577,2.727212905883789,0.08203360438346863,803,1271,1945
fold_2,train,2431,exp016_static_strict_oof_proxy,recent,0.16545001687559138,0.22542975609096888,0.17837849920413976,0.012928482328548374,nan,nan,0.06675936281681061,1913,1944,1945
fold_2,train,2431,exp016_static_strict_oof_proxy,random,0.16545001687559138,0.10171685247830858,0.16457679403782619,-0.0008732228377651974,nan,nan,0.09050126373767853,523,1828,1945
fold_3,train,2432,exp016_static_strict_oof_proxy,retrieval,0.08914798284195433,0.06915222164752004,0.09104043666285731,0.0018924538209029867,-2.259042926132679,2.167001962661743,0.09204096347093582,803,2431,2432
fold_3,train,2432,exp016_static_strict_oof_proxy,recent,0.08914798284195433,-0.03604854193602016,0.08099465635251377,-0.00815332648944056,nan,nan,0.0584629587829113,2400,2431,2432
fold_3,train,2432,exp016_static_strict_oof_proxy,random,0.08914798284195433,-0.047597954785711376,0.07959962489496424,-0.009548357946990091,nan,nan,0.08646741509437561,534,2411,2432
fold_3,train,2433,exp016_static_strict_oof_proxy,retrieval,0.1785918509629641,0.09339545585046974,0.17617238596161305,-0.00241946500135104,-3.463013604283333,3.3845977783203125,0.07841582596302032,802,2406,2432
fold_3,train,2433,exp016_static_strict_oof_proxy,recent,0.1785918509629641,0.08714581248109972,0.17565544349340623,-0.002936407469557867,nan,nan,0.0584629587829113,2400,2431,2432
fold_3,train,2433,exp016_static_strict_oof_proxy,random,0.1785918509629641,0.16792833708503943,0.18392626753397975,0.00533441657101566,nan,nan,0.08954433351755142,505,2419,2432
fold_3,train,2434,exp016_static_strict_oof_proxy,retrieval,0.22396502981779906,0.20911561928903769,0.2273311949124558,0.003366165094656731,-2.7477269545197487,2.6727702617645264,0.07495669275522232,1110,2426,2432
fold_3,train,2434,exp016_static_strict_oof_proxy,recent,0.22396502981779906,0.1428388962788255,0.22244928643216572,-0.0015157433856333447,nan,nan,0.0584629587829113,2400,2431,2432
fold_3,train,2434,exp016_static_strict_oof_proxy,random,0.22396502981779906,0.19717347388183654,0.2285339493476462,0.004568919529847143,nan,nan,0.07519128173589706,491,2337,2432
fold_3,train,2435,exp016_static_strict_oof_proxy,retrieval,0.13332229086727887,0.09524419494067697,0.1328944323168951,-0.0004278585503837695,-2.242857776582241,2.169201374053955,0.07365640252828598,1133,2428,2432
fold_3,train,2435,exp016_static_strict_oof_proxy,recent,0.13332229086727887,0.08639426016152282,0.132294665381414,-0.0010276254858648803,nan,nan,0.0584629587829113,2400,2431,2432
fold_3,train,2435,exp016_static_strict_oof_proxy,random,0.13332229086727887,0.09364935046073083,0.13276362183365903,-0.0005586690336198408,nan,nan,0.07342299073934555,488,2330,2432
fold_3,train,2436,exp016_static_strict_oof_proxy,retrieval,0.21420196149298107,0.15380270463763848,0.2124582040326359,-0.0017437574603451633,-2.696512795984745,2.6250672340393066,0.07144556194543839,1059,2426,2432
fold_3,train,2436,exp016_static_strict_oof_proxy,recent,0.21420196149298107,0.1562799150969474,0.21353270471253818,-0.000669256780442884,nan,nan,0.0584629587829113,2400,2431,2432
fold_3,train,2436,exp016_static_strict_oof_proxy,random,0.21420196149298107,0.14270485179315998,0.21184775420261742,-0.002354207290363647,nan,nan,0.08673182874917984,495,2428,2432
fold_3,train,2437,exp016_static_strict_oof_proxy,retrieval,0.2760432371615728,0.19593979133603454,0.2736095740757457,-0.002433663085827098,-2.2222043350338936,2.1526808738708496,0.06952346116304398,2236,2431,2432
fold_3,train,2437,exp016_static_strict_oof_proxy,recent,0.2760432371615728,0.1623530157575249,0.2708555438966337,-0.005187693264939119,nan,nan,0.0584629587829113,2400,2431,2432
fold_3,train,2437,exp016_static_strict_oof_proxy,random,0.2760432371615728,0.16405719285897047,0.2714738518112461,-0.0045693853503266935,nan,nan,0.08096050471067429,592,2404,2432
fold_3,train,2438,exp016_static_strict_oof_proxy,retrieval,0.271428754213664,0.19177052704356054,0.2696695861014914,-0.0017591681121726377,-2.2059847861528397,2.1359481811523438,0.07003660500049591,2039,2428,2432
fold_3,train,2438,exp016_static_strict_oof_proxy,recent,0.271428754213664,0.19851519236912415,0.2704545458361982,-0.0009742083774658128,nan,nan,0.0584629587829113,2400,2431,2432
fold_3,train,2438,exp016_static_strict_oof_proxy,random,0.271428754213664,0.18844754609229247,0.2690799530685162,-0.0023488011451478497,nan,nan,0.07531008124351501,693,2289,2432
fold_3,train,2439,exp016_static_strict_oof_proxy,retrieval,0.2648388233906629,0.1629565111671769,0.26069335715365316,-0.004145466237009732,-2.5758179500699043,2.503965377807617,0.07185257226228714,2265,2431,2432
fold_3,train,2439,exp016_static_strict_oof_proxy,recent,0.2648388233906629,0.20260323892365195,0.2654963427240913,0.0006575193334283913,nan,nan,0.0584629587829113,2400,2431,2432
fold_3,train,2439,exp016_static_strict_oof_proxy,random,0.2648388233906629,0.1718966225253637,0.26201643153742865,-0.0028223918532342407,nan,nan,0.07495606690645218,559,2407,2432
fold_3,train,2440,exp016_static_strict_oof_proxy,retrieval,0.26725931719299667,0.1988473334270102,0.26691891518269834,-0.00034040201029833517,-2.1563907638192177,2.088090181350708,0.06830058246850967,1141,2428,2432
fold_3,train,2440,exp016_static_strict_oof_proxy,recent,0.26725931719299667,0.20750570300298085,0.2682723145006659,0.001012997307669239,nan,nan,0.0584629587829113,2400,2431,2432
fold_3,train,2440,exp016_static_strict_oof_proxy,random,0.26725931719299667,0.21282351219393228,0.26817363702631747,0.000914319833320798,nan,nan,0.07569745182991028,533,2216,2432
fold_3,train,2441,exp016_static_strict_oof_proxy,retrieval,0.1806761046477296,0.16872904637604758,0.1834621981200948,0.002786093472365192,-2.2737612426280975,2.2107834815979004,0.06297776103019714,1133,2428,2432
fold_3,train,2441,exp016_static_strict_oof_proxy,recent,0.1806761046477296,0.18149973701256686,0.18516067858077978,0.004484573933050184,nan,nan,0.0584629587829113,2400,2431,2432
fold_3,train,2441,exp016_static_strict_oof_proxy,random,0.1806761046477296,0.17206131369902006,0.18398791228951886,0.0033118076417892606,nan,nan,0.07894279062747955,519,2390,2432
fold_3,train,2442,exp016_static_strict_oof_proxy,retrieval,0.12233002351232145,0.11841223929593549,0.12446221143904303,0.002132187926721582,-2.464035801589489,2.398007392883301,0.0660284087061882,1119,2430,2432
fold_3,train,2442,exp016_static_strict_oof_proxy,recent,0.12233002351232145,0.1167736327312461,0.12410051142560692,0.0017704879132854762,nan,nan,0.0584629587829113,2400,2431,2432
fold_3,train,2442,exp016_static_strict_oof_proxy,random,0.12233002351232145,0.16977001988112292,0.1303512593123544,0.008021235800032944,nan,nan,0.08299202471971512,548,2424,2432
fold_3,train,2443,exp016_static_strict_oof_proxy,retrieval,0.11894496135251457,0.044683970031799074,0.11363943795253134,-0.0053055233999832335,-2.0776395946741104,2.002910614013672,0.07472898066043854,991,2428,2432
fold_3,train,2443,exp016_static_strict_oof_proxy,recent,0.11894496135251457,0.08513787928674536,0.11805205024759786,-0.0008929111049167104,nan,nan,0.0584629587829113,2400,2431,2432
fold_3,train,2443,exp016_static_strict_oof_proxy,random,0.11894496135251457,0.060947983811917156,0.11539553725520886,-0.0035494240973057145,nan,nan,0.1069418340921402,556,2357,2432
fold_3,train,2444,exp016_static_strict_oof_proxy,retrieval,0.23199914205919026,0.0707438867770452,0.2225005806954929,-0.009498561363697366,-2.3821982741355896,2.315918445587158,0.0662798285484314,1110,2428,2432
fold_3,train,2444,exp016_static_strict_oof_proxy,recent,0.23199914205919026,0.09058094494406707,0.22528509692894616,-0.006714045130244095,nan,nan,0.0584629587829113,2400,2431,2432
fold_3,train,2444,exp016_static_strict_oof_proxy,random,0.23199914205919026,0.08538173289205112,0.22378713495113553,-0.008212007108054725,nan,nan,0.0880773663520813,550,2419,2432
fold_3,train,2445,exp016_static_strict_oof_proxy,retrieval,0.2506067187701544,0.06432428012640003,0.23783444327406336,-0.012772275496091029,-2.43118254840374,2.3624541759490967,0.06872837245464325,1278,2431,2432
fold_3,train,2445,exp016_static_strict_oof_proxy,recent,0.2506067187701544,0.08093673728295321,0.23998369897861846,-0.010623019791535931,nan,nan,0.0584629587829113,2400,2431,2432
fold_3,train,2445,exp016_static_strict_oof_proxy,random,0.2506067187701544,0.08817608026948792,0.23943950799312966,-0.011167210777024733,nan,nan,0.08805406838655472,528,2406,2432
fold_3,train,2446,exp016_static_strict_oof_proxy,retrieval,0.2800899876582162,0.18558732573190284,0.2762388782980558,-0.003851109360160365,-2.043184109032154,1.979815125465393,0.06336898356676102,1296,2431,2432
fold_3,train,2446,exp016_static_strict_oof_proxy,recent,0.2800899876582162,0.1595952302425484,0.2728756485251139,-0.0072143391331022655,nan,nan,0.0584629587829113,2400,2431,2432
fold_3,train,2446,exp016_static_strict_oof_proxy,random,0.2800899876582162,0.12697861007519717,0.26953567223174335,-0.010554315426472838,nan,nan,0.07841350138187408,490,2424,2432
fold_3,train,2447,exp016_static_strict_oof_proxy,retrieval,0.2716731644902783,0.09860062475099646,0.26104206730509916,-0.010631097185179128,-2.3285276517271996,2.258740186691284,0.06978746503591537,1110,2428,2432
fold_3,train,2447,exp016_static_strict_oof_proxy,recent,0.2716731644902783,0.12055464582531884,0.2625216141067817,-0.009151550383496576,nan,nan,0.0584629587829113,2400,2431,2432
fold_3,train,2447,exp016_static_strict_oof_proxy,random,0.2716731644902783,0.1363475662468019,0.26383685938940227,-0.007836305100876018,nan,nan,0.09078962355852127,534,2374,2432
fold_3,train,2448,exp016_static_strict_oof_proxy,retrieval,0.23738404980788771,0.0952350742811572,0.2285413091164571,-0.008842740691430623,-2.828255705535412,2.7546439170837402,0.0736117884516716,1119,2431,2432
fold_3,train,2448,exp016_static_strict_oof_proxy,recent,0.23738404980788771,0.058217303159651596,0.2252372529401459,-0.01214679686774181,nan,nan,0.0584629587829113,2400,2431,2432
fold_3,train,2448,exp016_static_strict_oof_proxy,random,0.23738404980788771,0.009196232086314218,0.22054884920879872,-0.016835200599088995,nan,nan,0.08357592672109604,553,2343,2432
fold_3,train,2449,exp016_static_strict_oof_proxy,retrieval,0.026140178323383726,-0.07116337500431603,0.015057972630548906,-0.01108220569283482,-2.632288545370102,2.5520875453948975,0.08020099997520447,1209,2431,2432
fold_3,train,2449,exp016_static_strict_oof_proxy,recent,0.026140178323383726,-0.06520066301274924,0.015129528985147899,-0.011010649338235827,nan,nan,0.0584629587829113,2400,2431,2432
fold_3,train,2449,exp016_static_strict_oof_proxy,random,0.026140178323383726,-0.07404800663663892,0.014493281812639888,-0.011646896510743838,nan,nan,0.07954838126897812,491,2333,2432
fold_3,train,2450,exp016_static_strict_oof_proxy,retrieval,0.05701436097221244,0.09143283629588278,0.062950148807921,0.005935787835708563,-5.680770814418793,5.5916829109191895,0.08908790349960327,558,2371,2432
fold_3,train,2450,exp016_static_strict_oof_proxy,recent,0.05701436097221244,-0.016099372481713652,0.05021809163964718,-0.006796269332565261,nan,nan,0.0584629587829113,2400,2431,2432
fold_3,train,2450,exp016_static_strict_oof_proxy,random,0.05701436097221244,0.028381094801545544,0.054047714023246464,-0.0029666469489659786,nan,nan,0.08831493556499481,564,2374,2432
fold_3,train,2451,exp016_static_strict_oof_proxy,retrieval,-0.047775854709836724,0.033223292230361606,-0.04338880133389748,0.004387053375939247,-3.1790814995765686,3.106139659881592,0.0729418396949768,1090,2430,2432
fold_3,train,2451,exp016_static_strict_oof_proxy,recent,-0.047775854709836724,-0.13794899062837782,-0.060672927086650015,-0.012897072376813291,nan,nan,0.0584629587829113,2400,2431,2432
fold_3,train,2451,exp016_static_strict_oof_proxy,random,-0.047775854709836724,-0.09997857640121771,-0.05631594665405084,-0.008540091944214116,nan,nan,0.0823269933462143,490,2408,2432
fold_3,train,2452,exp016_static_strict_oof_proxy,retrieval,-0.13447897693446448,-0.0259469426689103,-0.1322882462545091,0.0021907306799553716,-3.5572030767798424,3.4882009029388428,0.0690021738409996,1106,2421,2432
fold_3,train,2452,exp016_static_strict_oof_proxy,recent,-0.13447897693446448,-0.24429452219221734,-0.1524114560622233,-0.017932479127758832,nan,nan,0.0584629587829113,2400,2431,2432
fold_3,train,2452,exp016_static_strict_oof_proxy,random,-0.13447897693446448,-0.18885646270797118,-0.14671490800949485,-0.012235931075030376,nan,nan,0.07954611629247665,502,2396,2432
fold_3,train,2453,exp016_static_strict_oof_proxy,retrieval,-0.04613841429937844,0.029952767786746815,-0.04072722956667762,0.005411184732700823,-3.0730496272444725,2.996572971343994,0.07647665590047836,957,2426,2432
fold_3,train,2453,exp016_static_strict_oof_proxy,recent,-0.04613841429937844,-0.06452737464014976,-0.05046067919841291,-0.004322264899034471,nan,nan,0.0584629587829113,2400,2431,2432
fold_3,train,2453,exp016_static_strict_oof_proxy,random,-0.04613841429937844,0.14346641077359992,-0.029557725490987695,0.016580688808390746,nan,nan,0.0808279812335968,504,2429,2432
fold_3,train,2454,exp016_static_strict_oof_proxy,retrieval,-0.13102252996500127,0.02835508613419221,-0.12130815846449396,0.009714371500507316,-3.0705189406871796,2.994370460510254,0.07614848017692566,1049,2426,2432
fold_3,train,2454,exp016_static_strict_oof_proxy,recent,-0.13102252996500127,-0.037964726837649,-0.12790172564949923,0.003120804315502046,nan,nan,0.0584629587829113,2400,2431,2432
fold_3,train,2454,exp016_static_strict_oof_proxy,random,-0.13102252996500127,-0.010458691968536302,-0.12439664079662044,0.006625889168380833,nan,nan,0.07829760760068893,513,2296,2432
fold_3,train,2455,exp016_static_strict_oof_proxy,retrieval,-0.16344037641289266,-0.04021516897801163,-0.1570547375357549,0.00638563887713775,-2.6687453016638756,2.599259376525879,0.06948592513799667,897,2426,2432
fold_3,train,2455,exp016_static_strict_oof_proxy,recent,-0.16344037641289266,-0.08692179284473583,-0.16176315982980868,0.0016772165830839791,nan,nan,0.0584629587829113,2400,2431,2432
fold_3,train,2455,exp016_static_strict_oof_proxy,random,-0.16344037641289266,-0.06339588026980603,-0.15942312336009765,0.004017253052795017,nan,nan,0.07866069674491882,496,2388,2432
fold_3,train,2456,exp016_static_strict_oof_proxy,retrieval,-0.11293859711601455,-0.06671672639504878,-0.1121960139688625,0.0007425831471520455,-2.7351062670350075,2.667914390563965,0.06719187647104263,1059,2412,2432
fold_3,train,2456,exp016_static_strict_oof_proxy,recent,-0.11293859711601455,-0.10175892803049975,-0.1164683984134778,-0.0035298012974632476,nan,nan,0.0584629587829113,2400,2431,2432
fold_3,train,2456,exp016_static_strict_oof_proxy,random,-0.11293859711601455,-0.08425098024540063,-0.11463678059242007,-0.0016981834764055181,nan,nan,0.08735622465610504,511,2039,2432
fold_3,train,2457,exp016_static_strict_oof_proxy,retrieval,-0.19260613278614147,-0.11816752318294546,-0.19041227464739516,0.002193858138746313,-2.2163325771689415,2.1539430618286133,0.06238951534032822,1117,2412,2432
fold_3,train,2457,exp016_static_strict_oof_proxy,recent,-0.19260613278614147,-0.15687384683888014,-0.1948925853575992,-0.0022864525714577366,nan,nan,0.0584629587829113,2400,2431,2432
fold_3,train,2457,exp016_static_strict_oof_proxy,random,-0.19260613278614147,-0.13828846987421498,-0.193160416925828,-0.0005542841396865283,nan,nan,0.07614510506391525,525,2365,2432
fold_3,train,2458,exp016_static_strict_oof_proxy,retrieval,-0.1688362427392504,-0.13761384890288864,-0.1699396300109746,-0.0011033872717241822,-2.259598843753338,2.193966865539551,0.06563197821378708,1110,2426,2432
fold_3,train,2458,exp016_static_strict_oof_proxy,recent,-0.1688362427392504,-0.17101965543411055,-0.17453288676392156,-0.005696644024671155,nan,nan,0.0584629587829113,2400,2431,2432
fold_3,train,2458,exp016_static_strict_oof_proxy,random,-0.1688362427392504,-0.12620156396884763,-0.16865749881577824,0.00017874392347216883,nan,nan,0.07674949616193771,495,2391,2432
fold_3,train,2459,exp016_static_strict_oof_proxy,retrieval,-0.04059912231939783,-0.08015761721326836,-0.045350837780976205,-0.004751715461578376,-3.0696848332881927,3.0006656646728516,0.06901916861534119,1059,2399,2432
fold_3,train,2459,exp016_static_strict_oof_proxy,recent,-0.04059912231939783,-0.09973155661082879,-0.04810037436601508,-0.007501252046617252,nan,nan,0.0584629587829113,2400,2431,2432
fold_3,train,2459,exp016_static_strict_oof_proxy,random,-0.04059912231939783,-0.08708938711697953,-0.04630040606150745,-0.005701283742109618,nan,nan,0.07365351170301437,552,2405,2432
fold_3,train,2460,exp016_static_strict_oof_proxy,retrieval,-0.025511932757958797,-0.07954678338895367,-0.03232665955314846,-0.006814726795189661,-2.9826138094067574,2.9070680141448975,0.0755457952618599,980,2412,2432
fold_3,train,2460,exp016_static_strict_oof_proxy,recent,-0.025511932757958797,-0.11536959599060484,-0.035639788459727643,-0.010127855701768846,nan,nan,0.0584629587829113,2400,2431,2432
fold_3,train,2460,exp016_static_strict_oof_proxy,random,-0.025511932757958797,-0.11667682900210827,-0.03550579544083479,-0.009993862682875995,nan,nan,0.08595914393663406,498,2410,2432
fold_3,train,2461,exp016_static_strict_oof_proxy,retrieval,-0.022953446231957834,-0.04078404604560732,-0.026841805755846108,-0.003888359523888274,-2.5196590274572372,2.446767807006836,0.0728912204504013,1129,2412,2432
fold_3,train,2461,exp016_static_strict_oof_proxy,recent,-0.022953446231957834,-0.09054249763161748,-0.03176205439987651,-0.008808608167918678,nan,nan,0.0584629587829113,2400,2431,2432
fold_3,train,2461,exp016_static_strict_oof_proxy,random,-0.022953446231957834,-0.10169226188089206,-0.03255675895891197,-0.009603312726954135,nan,nan,0.08126159012317657,560,2336,2432
fold_3,train,2462,exp016_static_strict_oof_proxy,retrieval,0.07854096001228428,0.040249588183543135,0.07579990566523655,-0.0027410543470477305,-2.871943384408951,2.800506114959717,0.07143726944923401,1060,2408,2432
fold_3,train,2462,exp016_static_strict_oof_proxy,recent,0.07854096001228428,0.011933392786167167,0.07324943073126705,-0.0052915292810172265,nan,nan,0.0584629587829113,2400,2431,2432
fold_3,train,2462,exp016_static_strict_oof_proxy,random,0.07854096001228428,0.015195229742758333,0.07318986949752447,-0.005351090514759807,nan,nan,0.07909587770700455,582,2263,2432
fold_3,train,2463,exp016_static_strict_oof_proxy,retrieval,0.18326674424213268,0.17313229880356626,0.18605236061872513,0.0027856163765924424,-2.799983412027359,2.729156732559204,0.07082667946815491,1137,2412,2432
fold_3,train,2463,exp016_static_strict_oof_proxy,recent,0.18326674424213268,0.159233184655027,0.1852440558216775,0.0019773115795448104,nan,nan,0.0584629587829113,2400,2431,2432
fold_3,train,2463,exp016_static_strict_oof_proxy,random,0.18326674424213268,0.06187895088439717,0.17784008760142347,-0.00542665664070921,nan,nan,0.11205409467220306,505,2404,2432
fold_3,train,2464,exp016_static_strict_oof_proxy,retrieval,0.22546731072895065,0.13574266544633073,0.22346778529131736,-0.0019995254376332927,-4.656301222741604,4.56959342956543,0.08670779317617416,1440,2381,2432
fold_3,train,2464,exp016_static_strict_oof_proxy,recent,0.22546731072895065,0.1065307446441187,0.2217378324983346,-0.0037294782306160623,nan,nan,0.0584629587829113,2400,2431,2432
fold_3,train,2464,exp016_static_strict_oof_proxy,random,0.22546731072895065,0.11108202924840893,0.2226368281473574,-0.002830482581593241,nan,nan,0.07930532842874527,527,2350,2432
fold_3,train,2465,exp016_static_strict_oof_proxy,retrieval,0.036984484899452996,-0.004149628521650155,0.03353543785276986,-0.0034490470466831333,-4.07273992151022,3.9906487464904785,0.08209117501974106,1435,1738,2432
fold_3,train,2465,exp016_static_strict_oof_proxy,recent,0.036984484899452996,-0.05314580961633784,0.028795324785618116,-0.00818916011383488,nan,nan,0.0584629587829113,2400,2431,2432
fold_3,train,2465,exp016_static_strict_oof_proxy,random,0.036984484899452996,-0.03412677348869576,0.030743920108674393,-0.006240564790778603,nan,nan,0.08477409929037094,685,2431,2432
fold_3,train,2466,exp016_static_strict_oof_proxy,retrieval,-0.12646988289264624,-0.08451067659066554,-0.12399679469890809,0.002473088193738149,-3.402441129088402,3.3373615741729736,0.06507955491542816,1246,2398,2432
fold_3,train,2466,exp016_static_strict_oof_proxy,recent,-0.12646988289264624,-0.13087623529201411,-0.1289169426657903,-0.00244705977314405,nan,nan,0.0584629587829113,2400,2431,2432
fold_3,train,2466,exp016_static_strict_oof_proxy,random,-0.12646988289264624,-0.08501922322200857,-0.12401592067925087,0.002453962213395375,nan,nan,0.07733505964279175,584,2425,2432
fold_3,train,2467,exp016_static_strict_oof_proxy,retrieval,-0.11309219938755992,-0.0931171433329219,-0.11371300832797165,-0.0006208089404117351,-3.2484381571412086,3.166348695755005,0.08208946138620377,1441,2406,2432
fold_3,train,2467,exp016_static_strict_oof_proxy,recent,-0.11309219938755992,-0.15398839296547412,-0.12047013093804254,-0.007377931550482622,nan,nan,0.0584629587829113,2400,2431,2432
fold_3,train,2467,exp016_static_strict_oof_proxy,random,-0.11309219938755992,-0.05560418196595411,-0.11022417223488924,0.002868027152670677,nan,nan,0.08628684282302856,727,2413,2432
fold_3,train,2468,exp016_static_strict_oof_proxy,retrieval,-0.005995423455296487,0.009910132369467585,-0.004566629284885621,0.0014287941704108657,-3.27795971930027,3.201051950454712,0.07690776884555817,1103,2404,2432
fold_3,train,2468,exp016_static_strict_oof_proxy,recent,-0.005995423455296487,-0.017771049735566962,-0.007498872784283596,-0.0015034493289871088,nan,nan,0.0584629587829113,2400,2431,2432
fold_3,train,2468,exp016_static_strict_oof_proxy,random,-0.005995423455296487,0.01350514863081475,-0.004031720152528749,0.0019637033027677378,nan,nan,0.07991677522659302,494,2288,2432
fold_3,train,2469,exp016_static_strict_oof_proxy,retrieval,-0.005571756627912612,0.06323672514262658,0.0012645032611353763,0.006836259889047989,-3.8249334394931793,3.7486791610717773,0.07625427842140198,1157,2400,2432
fold_3,train,2469,exp016_static_strict_oof_proxy,recent,-0.005571756627912612,-0.005363808852236095,-0.005778996894134126,-0.0002072402662215136,nan,nan,0.0584629587829113,2400,2431,2432
fold_3,train,2469,exp016_static_strict_oof_proxy,random,-0.005571756627912612,0.039215486971875685,-0.0013250597971058483,0.004246696830806764,nan,nan,0.07159476727247238,492,2407,2432
fold_3,train,2470,exp016_static_strict_oof_proxy,retrieval,-0.027275833320006868,-0.04517717096817697,-0.029807241796728414,-0.0025314084767215465,-3.741323336958885,3.6633729934692383,0.07795034348964691,1441,2401,2432
fold_3,train,2470,exp016_static_strict_oof_proxy,recent,-0.027275833320006868,-0.09618558177243826,-0.03484951424860719,-0.007573680928600321,nan,nan,0.0584629587829113,2400,2431,2432
fold_3,train,2470,exp016_static_strict_oof_proxy,random,-0.027275833320006868,-0.0793473045075601,-0.0334236152800891,-0.006147781960082234,nan,nan,0.0843992829322815,496,2292,2432
fold_3,train,2471,exp016_static_strict_oof_proxy,retrieval,0.14919313577733415,0.13344754637587183,0.15043354854083155,0.0012404127634974005,-3.6481913626194,3.5760550498962402,0.07213631272315979,1441,1750,2432
fold_3,train,2471,exp016_static_strict_oof_proxy,recent,0.14919313577733415,0.10369531325532805,0.14826924632670233,-0.0009238894506318207,nan,nan,0.0584629587829113,2400,2431,2432
fold_3,train,2471,exp016_static_strict_oof_proxy,random,0.14919313577733415,0.10672963380743429,0.14834993549160982,-0.0008432002857243215,nan,nan,0.07748899608850479,489,2417,2432
fold_3,train,2472,exp016_static_strict_oof_proxy,retrieval,0.2967926685125059,0.2714630679510441,0.29988306672931186,0.0030903982168059563,-3.6422848626971245,3.572178363800049,0.07010649889707565,1441,1674,2432
fold_3,train,2472,exp016_static_strict_oof_proxy,recent,0.2967926685125059,0.260263927716224,0.30146859860859015,0.0046759300960842465,nan,nan,0.0584629587829113,2400,2431,2432
fold_3,train,2472,exp016_static_strict_oof_proxy,random,0.2967926685125059,0.2061450659203087,0.29535715092624537,-0.0014355175862605374,nan,nan,0.07283521443605423,508,2389,2432
fold_3,train,2473,exp016_static_strict_oof_proxy,retrieval,0.3696230383933518,0.3525551733651974,0.38067795536521476,0.01105491697186295,-6.207515865564346,6.11884880065918,0.08866706490516663,1189,2375,2432
fold_3,train,2473,exp016_static_strict_oof_proxy,recent,0.3696230383933518,0.36269823928336864,0.376527466249438,0.006904427856086193,nan,nan,0.0584629587829113,2400,2431,2432
fold_3,train,2473,exp016_static_strict_oof_proxy,random,0.3696230383933518,0.38187147803230465,0.37857143961435824,0.00894840122100643,nan,nan,0.08370483666658401,562,2424,2432
fold_3,train,2474,exp016_static_strict_oof_proxy,retrieval,0.42147454487947494,0.32414246225189675,0.4189581052622865,-0.0025164396171884484,-5.152493037283421,5.068291664123535,0.0842013731598854,1440,2214,2432
fold_3,train,2474,exp016_static_strict_oof_proxy,recent,0.42147454487947494,0.3769859216897355,0.4258906390801044,0.004416094200629439,nan,nan,0.0584629587829113,2400,2431,2432
fold_3,train,2474,exp016_static_strict_oof_proxy,random,0.42147454487947494,0.3721817195976509,0.4257011174739247,0.004226572594449751,nan,nan,0.08304347842931747,575,2429,2432
fold_3,train,2475,exp016_static_strict_oof_proxy,retrieval,0.4654068001099776,0.384431149249337,0.4653546054478089,-5.2194662168714157e-05,-3.438675671815872,3.371407985687256,0.06726768612861633,1514,1750,2432
fold_3,train,2475,exp016_static_strict_oof_proxy,recent,0.4654068001099776,0.38980892520290594,0.4683459055046802,0.0029391053947026013,nan,nan,0.0584629587829113,2400,2431,2432
fold_3,train,2475,exp016_static_strict_oof_proxy,random,0.4654068001099776,0.35466113897508245,0.46659112994390983,0.0011843298339322406,nan,nan,0.08948629349470139,487,2384,2432
fold_3,train,2476,exp016_static_strict_oof_proxy,retrieval,0.25185508516984495,0.19008843490320004,0.2512371335587729,-0.0006179516110720318,-3.7242903485894203,3.6554582118988037,0.06883213669061661,1509,1738,2432
fold_3,train,2476,exp016_static_strict_oof_proxy,recent,0.25185508516984495,0.23968321785864277,0.2553164470368103,0.003461361866965329,nan,nan,0.0584629587829113,2400,2431,2432
fold_3,train,2476,exp016_static_strict_oof_proxy,random,0.25185508516984495,0.12644043625531617,0.24728076935469903,-0.0045743158151459185,nan,nan,0.07850795239210129,513,2259,2432
fold_3,train,2477,exp016_static_strict_oof_proxy,retrieval,0.17981321490057575,0.1556230885699038,0.1811595483623,0.0013463334617242473,-4.68518003821373,4.602260589599609,0.08291944861412048,1437,2330,2432
fold_3,train,2477,exp016_static_strict_oof_proxy,recent,0.17981321490057575,0.11952413177585972,0.17749193984082492,-0.002321275059750827,nan,nan,0.0584629587829113,2400,2431,2432
fold_3,train,2477,exp016_static_strict_oof_proxy,random,0.17981321490057575,0.10650732455245822,0.17613901741716845,-0.0036741974834073043,nan,nan,0.07516342401504517,606,2250,2432
fold_3,train,2478,exp016_static_strict_oof_proxy,retrieval,0.14282863282881958,0.13633504570974508,0.14603359470113958,0.00320496187232,-3.5056450963020325,3.4186577796936035,0.08698731660842896,1248,2406,2432
fold_3,train,2478,exp016_static_strict_oof_proxy,recent,0.14282863282881958,0.10089296327105643,0.1430941772318791,0.0002655444030595089,nan,nan,0.0584629587829113,2400,2431,2432
fold_3,train,2478,exp016_static_strict_oof_proxy,random,0.14282863282881958,0.11657444761876684,0.14409804728230827,0.0012694144534886875,nan,nan,0.08517391234636307,519,2421,2432
fold_3,train,2479,exp016_static_strict_oof_proxy,retrieval,0.2551755102301259,0.15014180691581508,0.2520384603851034,-0.0031370498450224993,-3.6846612989902496,3.591702461242676,0.09295883774757385,1131,2401,2432
fold_3,train,2479,exp016_static_strict_oof_proxy,recent,0.2551755102301259,0.17149807280203452,0.2542393439167934,-0.0009361663133324871,nan,nan,0.0584629587829113,2400,2431,2432
fold_3,train,2479,exp016_static_strict_oof_proxy,random,0.2551755102301259,0.18136167057434674,0.2555379550834254,0.00036244485329950393,nan,nan,0.0730639100074768,492,2381,2432
fold_3,train,2480,exp016_static_strict_oof_proxy,retrieval,0.25426051591280335,0.16532994418789523,0.2508603373850664,-0.003400178527736941,-3.3242240473628044,3.249220848083496,0.07500319927930832,1155,2404,2432
fold_3,train,2480,exp016_static_strict_oof_proxy,recent,0.25426051591280335,0.15774465161190565,0.25087392069098874,-0.0033865952218146145,nan,nan,0.0584629587829113,2400,2431,2432
fold_3,train,2480,exp016_static_strict_oof_proxy,random,0.25426051591280335,0.012856768162947172,0.24216295014944633,-0.012097565763357021,nan,nan,0.08770283311605453,536,2361,2432
fold_3,train,2481,exp016_static_strict_oof_proxy,retrieval,0.30149842891272716,0.19200274028012745,0.2968854274669943,-0.004613001445732845,-2.7431072518229485,2.667590379714966,0.07551687210798264,1432,1824,2432
fold_3,train,2481,exp016_static_strict_oof_proxy,recent,0.30149842891272716,0.20884782463395762,0.29891858705349095,-0.0025798418592362093,nan,nan,0.0584629587829113,2400,2431,2432
fold_3,train,2481,exp016_static_strict_oof_proxy,random,0.30149842891272716,0.1771765149819134,0.29740887016460044,-0.00408955874812672,nan,nan,0.0757041797041893,497,2426,2432
fold_3,train,2482,exp016_static_strict_oof_proxy,retrieval,0.32037178843086483,0.24858091959202663,0.3207576096411976,0.0003858212103327596,-3.025635041296482,2.947499990463257,0.07813505083322525,1137,2400,2432
fold_3,train,2482,exp016_static_strict_oof_proxy,recent,0.32037178843086483,0.26633972861053523,0.32298803803111575,0.0026162496002509195,nan,nan,0.0584629587829113,2400,2431,2432
fold_3,train,2482,exp016_static_strict_oof_proxy,random,0.32037178843086483,0.250689686546207,0.32221088476374726,0.0018390963328824284,nan,nan,0.07771234214305878,528,2404,2432
fold_3,train,2483,exp016_static_strict_oof_proxy,retrieval,0.1854903126390418,0.13807030480911642,0.18329606734069662,-0.0021942452983451932,-3.141669198870659,3.0696773529052734,0.07199184596538544,1441,2402,2432
fold_3,train,2483,exp016_static_strict_oof_proxy,recent,0.1854903126390418,0.14963054526161224,0.18495204289140751,-0.0005382697476342957,nan,nan,0.0584629587829113,2400,2431,2432
fold_3,train,2483,exp016_static_strict_oof_proxy,random,0.1854903126390418,0.10925284099540972,0.18110419166962657,-0.004386120969415236,nan,nan,0.08250472694635391,623,2431,2432
fold_3,train,2484,exp016_static_strict_oof_proxy,retrieval,0.12111530817734552,0.11303945627189663,0.1225131214862326,0.0013978133088870803,-5.0577540546655655,4.97861385345459,0.07914020121097565,1190,2413,2432
fold_3,train,2484,exp016_static_strict_oof_proxy,recent,0.12111530817734552,0.08022600560288937,0.11963303730228217,-0.001482270875063349,nan,nan,0.0584629587829113,2400,2431,2432
fold_3,train,2484,exp016_static_strict_oof_proxy,random,0.12111530817734552,0.060403255462412105,0.11815230955020241,-0.0029629986271431097,nan,nan,0.07400429993867874,491,2397,2432
fold_3,train,2485,exp016_static_strict_oof_proxy,retrieval,0.13539406353187144,0.05919566112689339,0.12983285693823204,-0.005561206593639401,-3.485923931002617,3.409738540649414,0.07618539035320282,1161,2300,2432
fold_3,train,2485,exp016_static_strict_oof_proxy,recent,0.13539406353187144,0.06125858732302973,0.13021749875827635,-0.005176564773595099,nan,nan,0.0584629587829113,2400,2431,2432
fold_3,train,2485,exp016_static_strict_oof_proxy,random,0.13539406353187144,0.05428566126887496,0.1294788099149497,-0.005915253616921745,nan,nan,0.08572403341531754,548,2330,2432
fold_3,train,2486,exp016_static_strict_oof_proxy,retrieval,0.157712091179978,0.1641560079187797,0.16110769365037927,0.003395602470401271,-3.596488229930401,3.5147171020507812,0.0817711278796196,1131,2408,2432
fold_3,train,2486,exp016_static_strict_oof_proxy,recent,0.157712091179978,0.14098659481647416,0.15913850991726286,0.001426418737284857,nan,nan,0.0584629587829113,2400,2431,2432
fold_3,train,2486,exp016_static_strict_oof_proxy,random,0.157712091179978,0.14877473190917975,0.1596461951243744,0.001934103944396387,nan,nan,0.07792822271585464,515,2339,2432
fold_3,train,2487,exp016_static_strict_oof_proxy,retrieval,0.08785267072212839,0.07748221461283025,0.0893426799477972,0.0014900092256688036,-3.3761388659477234,3.307886838912964,0.06825202703475952,1167,2408,2432
fold_3,train,2487,exp016_static_strict_oof_proxy,recent,0.08785267072212839,0.0629334660963915,0.08776696165797401,-8.570906415437951e-05,nan,nan,0.0584629587829113,2400,2431,2432
fold_3,train,2487,exp016_static_strict_oof_proxy,random,0.08785267072212839,0.08516771957648782,0.0900120176117299,0.00215934688960151,nan,nan,0.08401890099048615,513,2413,2432
fold_3,train,2488,exp016_static_strict_oof_proxy,retrieval,0.2024397090353235,0.1637379342584691,0.20313734975113792,0.0006976407158144349,-3.1929605826735497,3.1230955123901367,0.06986507028341293,1240,2408,2432
fold_3,train,2488,exp016_static_strict_oof_proxy,recent,0.2024397090353235,0.17184933641047903,0.20459067532761088,0.002150966292287393,nan,nan,0.0584629587829113,2400,2431,2432
fold_3,train,2488,exp016_static_strict_oof_proxy,random,0.2024397090353235,0.2238487818038606,0.20895902392833174,0.006519314893008249,nan,nan,0.10296737402677536,586,2390,2432
fold_3,train,2489,exp016_static_strict_oof_proxy,retrieval,0.3151474923153804,0.2881982018201782,0.32012359014655717,0.004976097831176751,-4.588118635118008,4.503404140472412,0.08471449464559555,1467,2381,2432
fold_3,train,2489,exp016_static_strict_oof_proxy,recent,0.3151474923153804,0.23684834541904093,0.3165508107492504,0.0014033184338699822,nan,nan,0.0584629587829113,2400,2431,2432
fold_3,train,2489,exp016_static_strict_oof_proxy,random,0.3151474923153804,0.23455820592310453,0.3166439680328408,0.001496475717460366,nan,nan,0.08663230389356613,500,2399,2432
fold_3,train,2490,exp016_static_strict_oof_proxy,retrieval,0.21730591377844927,0.17593873882653657,0.21775531699860173,0.0004494032201524667,-3.418482266366482,3.342674970626831,0.07580729573965073,1435,2401,2432
fold_3,train,2490,exp016_static_strict_oof_proxy,recent,0.21730591377844927,0.14012691208366504,0.21436828435918817,-0.0029376294192610952,nan,nan,0.0584629587829113,2400,2431,2432
fold_3,train,2490,exp016_static_strict_oof_proxy,random,0.21730591377844927,0.11923811683036156,0.21332897825313063,-0.003976935525318637,nan,nan,0.08861568570137024,627,2364,2432
fold_3,train,2491,exp016_static_strict_oof_proxy,retrieval,0.274333204915953,0.18007226782452912,0.2726292191415041,-0.0017039857744488573,-3.3084467574954033,3.229541063308716,0.07890569418668747,1441,2401,2432
fold_3,train,2491,exp016_static_strict_oof_proxy,recent,0.274333204915953,0.18104017448687915,0.2732053945982726,-0.0011278103176803889,nan,nan,0.0584629587829113,2400,2431,2432
fold_3,train,2491,exp016_static_strict_oof_proxy,random,0.274333204915953,0.2118888803563762,0.27522889700832764,0.000895692092374667,nan,nan,0.07439947873353958,516,2411,2432
fold_3,train,2492,exp016_static_strict_oof_proxy,retrieval,0.1815777054439773,0.1776527756704911,0.18575171830498113,0.0041740128610038285,-3.755263529717922,3.677867889404297,0.07739564031362534,1138,2401,2432
fold_3,train,2492,exp016_static_strict_oof_proxy,recent,0.1815777054439773,0.14849956076972087,0.18323861912685793,0.001660913682880627,nan,nan,0.0584629587829113,2400,2431,2432
fold_3,train,2492,exp016_static_strict_oof_proxy,random,0.1815777054439773,0.1549814174036402,0.183511078440521,0.0019333729965436974,nan,nan,0.08427591621875763,544,2413,2432
fold_3,train,2493,exp016_static_strict_oof_proxy,retrieval,0.24340968825084416,0.17037160458772546,0.2414473491516117,-0.001962339099232463,-3.4395780488848686,3.362859010696411,0.07671903818845749,1433,1750,2432
fold_3,train,2493,exp016_static_strict_oof_proxy,recent,0.24340968825084416,0.1725455493280903,0.24262830553391646,-0.0007813827169277088,nan,nan,0.0584629587829113,2400,2431,2432
fold_3,train,2493,exp016_static_strict_oof_proxy,random,0.24340968825084416,0.15774141111436518,0.24099808541395273,-0.00241160283689143,nan,nan,0.07956580817699432,506,2371,2432
fold_3,train,2494,exp016_static_strict_oof_proxy,retrieval,0.1868721252978496,0.1848439068956499,0.19114539071120296,0.00427326541335335,-3.6884508952498436,3.5986733436584473,0.08977755159139633,1131,2401,2432
fold_3,train,2494,exp016_static_strict_oof_proxy,recent,0.1868721252978496,0.17042243913829924,0.1898991583213908,0.0030270330235411813,nan,nan,0.0584629587829113,2400,2431,2432
fold_3,train,2494,exp016_static_strict_oof_proxy,random,0.1868721252978496,0.2245362898764976,0.1960729909854065,0.009200865687556903,nan,nan,0.0795045867562294,531,2369,2432
fold_3,train,2495,exp016_static_strict_oof_proxy,retrieval,0.15889558339568233,0.1854891441323806,0.16449371880917407,0.005598135413491745,-3.674082927405834,3.587289810180664,0.08679311722517014,1131,2402,2432
fold_3,train,2495,exp016_static_strict_oof_proxy,recent,0.15889558339568233,0.17397769258233528,0.16338284743346113,0.004487264037778799,nan,nan,0.0584629587829113,2400,2431,2432
fold_3,train,2495,exp016_static_strict_oof_proxy,random,0.15889558339568233,0.1854482503531171,0.16476374110511746,0.0058681577094351345,nan,nan,0.08202513307332993,520,2307,2432
fold_3,train,2496,exp016_static_strict_oof_proxy,retrieval,0.13312734027979212,0.0998764476778359,0.13405924296927682,0.0009319026894847038,-3.193736895918846,3.117025852203369,0.07671104371547699,1246,2402,2432
fold_3,train,2496,exp016_static_strict_oof_proxy,recent,0.13312734027979212,0.08833826942534181,0.1328914005713798,-0.00023593970841231937,nan,nan,0.0584629587829113,2400,2431,2432
fold_3,train,2496,exp016_static_strict_oof_proxy,random,0.13312734027979212,0.0880968124155377,0.13277777268837768,-0.00034956759141444027,nan,nan,0.08324342966079712,500,2418,2432
fold_3,train,2497,exp016_static_strict_oof_proxy,retrieval,0.13017179023119915,0.08469470706286515,0.12806264666814485,-0.0021091435630543054,-2.99289058893919,2.918311595916748,0.07457899302244186,1129,2408,2432
fold_3,train,2497,exp016_static_strict_oof_proxy,recent,0.13017179023119915,0.07189143594050093,0.1275574200989394,-0.0026143701322597634,nan,nan,0.0584629587829113,2400,2431,2432
fold_3,train,2497,exp016_static_strict_oof_proxy,random,0.13017179023119915,0.08260966825724599,0.12783517703938932,-0.002336613191809833,nan,nan,0.08234194666147232,523,2407,2432
fold_3,train,2498,exp016_static_strict_oof_proxy,retrieval,0.14564781762443557,0.09118016229796973,0.1433780951777157,-0.002269722446719885,-3.8830133080482483,3.7985379695892334,0.08447533845901489,1131,2407,2432
fold_3,train,2498,exp016_static_strict_oof_proxy,recent,0.14564781762443557,0.08472917403138154,0.14284180808599564,-0.0028060095384399297,nan,nan,0.0584629587829113,2400,2431,2432
fold_3,train,2498,exp016_static_strict_oof_proxy,random,0.14564781762443557,0.1027632034440931,0.14498530966264664,-0.0006625079617889329,nan,nan,0.09038358926773071,509,2396,2432
fold_3,train,2499,exp016_static_strict_oof_proxy,retrieval,0.2625974399851809,0.19306870622931782,0.26095980134901553,-0.001637638636165395,-2.9205892458558083,2.8354930877685547,0.08509615808725357,1243,2408,2432
fold_3,train,2499,exp016_static_strict_oof_proxy,recent,0.2625974399851809,0.17978695276067852,0.2602157538670431,-0.002381686118137827,nan,nan,0.0584629587829113,2400,2431,2432
fold_3,train,2499,exp016_static_strict_oof_proxy,random,0.2625974399851809,0.17170966151323513,0.25969652860735226,-0.0029009113778286633,nan,nan,0.10701026767492294,700,2407,2432
fold_3,train,2500,exp016_static_strict_oof_proxy,retrieval,0.14525584546654866,0.09518450173932544,0.1429697477333529,-0.002286097733195769,-2.8201939240098,2.74371600151062,0.07647792249917984,1137,2400,2432
fold_3,train,2500,exp016_static_strict_oof_proxy,recent,0.14525584546654866,0.0969080471275176,0.1429702171361375,-0.0022856283304111547,nan,nan,0.0584629587829113,2400,2431,2432
fold_3,train,2500,exp016_static_strict_oof_proxy,random,0.14525584546654866,0.08790941545277832,0.14244229027813057,-0.002813555188418082,nan,nan,0.08149228245019913,555,2376,2432
fold_3,train,2501,exp016_static_strict_oof_proxy,retrieval,0.2076639845557425,0.19325508565692,0.2106314874511231,0.002967502895380586,-2.734299510717392,2.665005683898926,0.06929382681846619,1129,2408,2432
fold_3,train,2501,exp016_static_strict_oof_proxy,recent,0.2076639845557425,0.17960774442632935,0.20863917413163202,0.0009751895758895179,nan,nan,0.0584629587829113,2400,2431,2432
fold_3,train,2501,exp016_static_strict_oof_proxy,random,0.2076639845557425,0.15686986544429155,0.20663379347418825,-0.0010301910815542492,nan,nan,0.08465389162302017,504,2371,2432
fold_3,train,2502,exp016_static_strict_oof_proxy,retrieval,0.26025824358162636,0.23260528793392973,0.2612186471239619,0.0009604035423355639,-2.7422857210040092,2.665133237838745,0.07715248316526413,1129,2401,2432
fold_3,train,2502,exp016_static_strict_oof_proxy,recent,0.26025824358162636,0.23281493685969898,0.26164677887809096,0.0013885352964645992,nan,nan,0.0584629587829113,2400,2431,2432
fold_3,train,2502,exp016_static_strict_oof_proxy,random,0.26025824358162636,0.22701257292633914,0.26240894932668357,0.002150705745057213,nan,nan,0.08202951401472092,500,2408,2432
fold_3,train,2503,exp016_static_strict_oof_proxy,retrieval,0.2762733985473795,0.24088249025953587,0.2776629118263893,0.0013895132790098241,-3.035065032541752,2.957923650741577,0.07714138180017471,1129,2408,2432
fold_3,train,2503,exp016_static_strict_oof_proxy,recent,0.2762733985473795,0.2550862899054136,0.27982841338083303,0.0035550148334535514,nan,nan,0.0584629587829113,2400,2431,2432
fold_3,train,2503,exp016_static_strict_oof_proxy,random,0.2762733985473795,0.22089544401575997,0.2755544223466634,-0.0007189762007160927,nan,nan,0.07170828431844711,513,2359,2432
fold_3,train,2504,exp016_static_strict_oof_proxy,retrieval,0.373849695387477,0.26051059312220665,0.3710319427133805,-0.002817752674096452,-3.0398967266082764,2.965989828109741,0.07390689849853516,800,2408,2432
fold_3,train,2504,exp016_static_strict_oof_proxy,recent,0.373849695387477,0.3027984753463507,0.375037646584483,0.001187951197006043,nan,nan,0.0584629587829113,2400,2431,2432
fold_3,train,2504,exp016_static_strict_oof_proxy,random,0.373849695387477,0.27656688978913807,0.3718414173774905,-0.002008278009986486,nan,nan,0.07917346060276031,551,2410,2432
fold_3,train,2505,exp016_static_strict_oof_proxy,retrieval,0.3694609928279365,0.2695556703834539,0.3665941365280786,-0.0028668562998578895,-2.7797608077526093,2.708381175994873,0.0713796317577362,1129,2408,2432
fold_3,train,2505,exp016_static_strict_oof_proxy,recent,0.3694609928279365,0.27301303897947443,0.3680704931459639,-0.001390499681972579,nan,nan,0.0584629587829113,2400,2431,2432
fold_3,train,2505,exp016_static_strict_oof_proxy,random,0.3694609928279365,0.26268872898742857,0.3661257117057366,-0.0033352811221998846,nan,nan,0.08340690284967422,487,2334,2432
fold_3,train,2506,exp016_static_strict_oof_proxy,retrieval,0.3012070855447557,0.03882749855836216,0.28457439005542096,-0.01663269548933477,-4.093757517635822,4.009979724884033,0.08377779275178909,1100,2420,2432
fold_3,train,2506,exp016_static_strict_oof_proxy,recent,0.3012070855447557,0.25589129777654757,0.3032588217987991,0.002051736254043368,nan,nan,0.0584629587829113,2400,2431,2432
fold_3,train,2506,exp016_static_strict_oof_proxy,random,0.3012070855447557,0.20529001649913026,0.297855816325295,-0.0033512692194607174,nan,nan,0.07437343150377274,498,2408,2432
fold_3,train,2507,exp016_static_strict_oof_proxy,retrieval,0.2583068152598723,0.20439524905921905,0.2590730344871759,0.0007662192273035773,-3.6537014544010162,3.576030969619751,0.07767048478126526,1167,2410,2432
fold_3,train,2507,exp016_static_strict_oof_proxy,recent,0.2583068152598723,0.22696925967772055,0.262308198065619,0.004001382805746689,nan,nan,0.0584629587829113,2400,2431,2432
fold_3,train,2507,exp016_static_strict_oof_proxy,random,0.2583068152598723,0.19712975311174105,0.25772446806094496,-0.0005823471989273576,nan,nan,0.08110830187797546,515,2391,2432
fold_3,train,2508,exp016_static_strict_oof_proxy,retrieval,0.1997607717594193,0.16236883885964964,0.20210975728496336,0.0023489855255440506,-5.562066048383713,5.474698066711426,0.08736798167228699,1009,2379,2432
fold_3,train,2508,exp016_static_strict_oof_proxy,recent,0.1997607717594193,0.1727367185889687,0.2038723234281583,0.004111551668739,nan,nan,0.0584629587829113,2400,2431,2432
fold_3,train,2508,exp016_static_strict_oof_proxy,random,0.1997607717594193,0.1879964340014187,0.2056276719851229,0.005866900225703603,nan,nan,0.09099356085062027,500,2373,2432
fold_3,train,2509,exp016_static_strict_oof_proxy,retrieval,0.06923959816579818,0.04296744114776511,0.06907808549250462,-0.00016151267329356234,-4.014751821756363,3.9351985454559326,0.0795532763004303,1101,2406,2432
fold_3,train,2509,exp016_static_strict_oof_proxy,recent,0.06923959816579818,0.0059432578726200435,0.06495359924450318,-0.004285998921294998,nan,nan,0.0584629587829113,2400,2431,2432
fold_3,train,2509,exp016_static_strict_oof_proxy,random,0.06923959816579818,-0.003549024489507715,0.06454642416713736,-0.004693173998660816,nan,nan,0.08365968614816666,570,2342,2432
fold_3,train,2510,exp016_static_strict_oof_proxy,retrieval,0.09551396708896492,0.18590610565995522,0.10801384912146217,0.012499882032497245,-8.455317236483097,8.352792739868164,0.10252449661493301,632,2384,2432
fold_3,train,2510,exp016_static_strict_oof_proxy,recent,0.09551396708896492,0.10123959201383753,0.09986871808989473,0.004354751000929802,nan,nan,0.0584629587829113,2400,2431,2432
fold_3,train,2510,exp016_static_strict_oof_proxy,random,0.09551396708896492,0.06966332519001756,0.09635079342156364,0.0008368263325987113,nan,nan,0.08053769916296005,578,2408,2432
fold_3,train,2511,exp016_static_strict_oof_proxy,retrieval,0.0017215492179285844,0.08198991832457968,0.010734116175271622,0.009012566957343038,-4.260567158460617,4.179930210113525,0.08063694834709167,1083,2406,2432
fold_3,train,2511,exp016_static_strict_oof_proxy,recent,0.0017215492179285844,0.03307117071882063,0.0067149239758324455,0.004993374757903861,nan,nan,0.0584629587829113,2400,2431,2432
fold_3,train,2511,exp016_static_strict_oof_proxy,random,0.0017215492179285844,0.12600155890752046,0.014559677960251656,0.012838128742323072,nan,nan,0.12101482599973679,502,2394,2432
fold_3,train,2512,exp016_static_strict_oof_proxy,retrieval,-0.0022509296244336047,0.03374674684858647,0.0018302428294412157,0.004081172453874821,-5.308508902788162,5.226018905639648,0.0824899971485138,1101,2413,2432
fold_3,train,2512,exp016_static_strict_oof_proxy,recent,-0.0022509296244336047,0.004433827992847648,-0.001018572917116296,0.0012323567073173087,nan,nan,0.0584629587829113,2400,2431,2432
fold_3,train,2512,exp016_static_strict_oof_proxy,random,-0.0022509296244336047,0.01356870091276833,-1.5137119460745374e-05,0.0022357925049728594,nan,nan,0.07378891110420227,746,2410,2432
fold_3,train,2513,exp016_static_strict_oof_proxy,retrieval,0.01306256249342979,-0.02663409509037776,0.010741570568041606,-0.002320991925388184,-3.3261365443468094,3.2474498748779297,0.0786866694688797,1101,2410,2432
fold_3,train,2513,exp016_static_strict_oof_proxy,recent,0.01306256249342979,-0.014779848235894207,0.011852419135658526,-0.0012101433577712643,nan,nan,0.0584629587829113,2400,2431,2432
fold_3,train,2513,exp016_static_strict_oof_proxy,random,0.01306256249342979,-0.017769542159958653,0.011965973285877347,-0.0010965892075524425,nan,nan,0.08919832110404968,563,2415,2432
fold_3,train,2514,exp016_static_strict_oof_proxy,retrieval,0.09376820728426666,0.060457743139739076,0.09287204508169562,-0.0008961622025710353,-5.868809320032597,5.77280330657959,0.09600601345300674,562,2257,2432
fold_3,train,2514,exp016_static_strict_oof_proxy,recent,0.09376820728426666,0.12523435734783903,0.0998079676107576,0.006039760326490937,nan,nan,0.0584629587829113,2400,2431,2432
fold_3,train,2514,exp016_static_strict_oof_proxy,random,0.09376820728426666,0.10046451588106986,0.09708729843428668,0.0033190911500200204,nan,nan,0.08303659409284592,508,2346,2432
fold_3,train,2515,exp016_static_strict_oof_proxy,retrieval,0.07595044445446464,0.11258074521557125,0.08133542547807697,0.005384981023612331,-3.0324364379048347,2.951737403869629,0.08069903403520584,1190,2421,2432
fold_3,train,2515,exp016_static_strict_oof_proxy,recent,0.07595044445446464,0.11622920037225365,0.08165198621489862,0.005701541760433984,nan,nan,0.0584629587829113,2400,2431,2432
fold_3,train,2515,exp016_static_strict_oof_proxy,random,0.07595044445446464,0.11870310923640832,0.08171814379486995,0.005767699340405316,nan,nan,0.06981208175420761,561,2408,2432
fold_3,train,2516,exp016_static_strict_oof_proxy,retrieval,0.09624618059419002,0.10217340735768056,0.09791103900031552,0.0016648584061254995,-4.231228105723858,4.1547698974609375,0.07645820826292038,1101,2421,2432
fold_3,train,2516,exp016_static_strict_oof_proxy,recent,0.09624618059419002,0.08847470217689679,0.09622235037559695,-2.383021859306278e-05,nan,nan,0.0584629587829113,2400,2431,2432
fold_3,train,2516,exp016_static_strict_oof_proxy,random,0.09624618059419002,0.09135809112476084,0.09657324092645751,0.0003270603322674953,nan,nan,0.08252426236867905,540,2412,2432
fold_3,train,2517,exp016_static_strict_oof_proxy,retrieval,0.12805761249859063,0.12362043769849337,0.12907013439094148,0.0010125218923508483,-2.9368078857660294,2.863947629928589,0.07286025583744049,1179,2399,2432
fold_3,train,2517,exp016_static_strict_oof_proxy,recent,0.12805761249859063,0.15251998428230823,0.13261805723501896,0.004560444736428332,nan,nan,0.0584629587829113,2400,2431,2432
fold_3,train,2517,exp016_static_strict_oof_proxy,random,0.12805761249859063,0.15677731221788802,0.13361984420689213,0.005562231708301502,nan,nan,0.07647853344678879,533,2365,2432
fold_3,train,2518,exp016_static_strict_oof_proxy,retrieval,0.12704092845067036,0.1490667462339577,0.1308781086287394,0.0038371801780690273,-2.462727040052414,2.389364004135132,0.0733630359172821,2223,2401,2432
fold_3,train,2518,exp016_static_strict_oof_proxy,recent,0.12704092845067036,0.16084857217295057,0.13283602940135245,0.005795100950682086,nan,nan,0.0584629587829113,2400,2431,2432
fold_3,train,2518,exp016_static_strict_oof_proxy,random,0.12704092845067036,0.15528253505053774,0.1323555676195988,0.005314639168928437,nan,nan,0.07780275493860245,608,2403,2432
fold_3,train,2519,exp016_static_strict_oof_proxy,retrieval,0.0695537154105139,0.1315967771680944,0.07766621729594118,0.008112501885427281,-3.1497759222984314,3.077716588973999,0.07205933332443237,1130,2414,2432
fold_3,train,2519,exp016_static_strict_oof_proxy,recent,0.0695537154105139,0.08390863416414285,0.07228194919684071,0.002728233786326806,nan,nan,0.0584629587829113,2400,2431,2432
fold_3,train,2519,exp016_static_strict_oof_proxy,random,0.0695537154105139,0.09750298392777425,0.07378080068676304,0.00422708527624914,nan,nan,0.09245570003986359,524,2428,2432
fold_3,train,2520,exp016_static_strict_oof_proxy,retrieval,0.09221905832260029,0.035520786392035875,0.08889081301964605,-0.0033282453029542386,-5.698064789175987,5.607338905334473,0.09072588384151459,1131,2386,2432
fold_3,train,2520,exp016_static_strict_oof_proxy,recent,0.09221905832260029,0.04027735114504525,0.08995004187440973,-0.002269016448190553,nan,nan,0.0584629587829113,2400,2431,2432
fold_3,train,2520,exp016_static_strict_oof_proxy,random,0.09221905832260029,0.01373415250740517,0.08755101047344496,-0.004668047849155324,nan,nan,0.08620047569274902,487,2382,2432
fold_3,train,2521,exp016_static_strict_oof_proxy,retrieval,0.07164646394693923,0.10394648147777226,0.07767823164982263,0.006031767702883398,-3.105825364589691,3.0252845287323,0.08054083585739136,802,2406,2432
fold_3,train,2521,exp016_static_strict_oof_proxy,recent,0.07164646394693923,0.10234675727920796,0.0779540100495023,0.006307546102563066,nan,nan,0.0584629587829113,2400,2431,2432
fold_3,train,2521,exp016_static_strict_oof_proxy,random,0.07164646394693923,0.05485964208353419,0.07280555665314897,0.001159092706209744,nan,nan,0.08483294397592545,559,2403,2432
fold_3,train,2522,exp016_static_strict_oof_proxy,retrieval,0.11973568155635303,0.15835442903447,0.12597232854582027,0.006236646989467243,-2.3851368278265,2.300671339035034,0.08446548879146576,1129,2428,2432
fold_3,train,2522,exp016_static_strict_oof_proxy,recent,0.11973568155635303,0.17560394462225912,0.1283557415521082,0.008620059995755158,nan,nan,0.0584629587829113,2400,2431,2432
fold_3,train,2522,exp016_static_strict_oof_proxy,random,0.11973568155635303,0.16795231037925637,0.12685597804891333,0.007120296492560296,nan,nan,0.07397756725549698,492,2351,2432
fold_3,train,2523,exp016_static_strict_oof_proxy,retrieval,0.009960599047097377,0.014479694366191873,0.012346906481970267,0.00238630743487289,-3.0128020122647285,2.9422848224639893,0.07051718980073929,1106,2421,2432
fold_3,train,2523,exp016_static_strict_oof_proxy,recent,0.009960599047097377,0.003635639641511145,0.011260359458689268,0.0012997604115918913,nan,nan,0.0584629587829113,2400,2431,2432
fold_3,train,2523,exp016_static_strict_oof_proxy,random,0.009960599047097377,0.009001235920562527,0.011910824211191712,0.0019502251640943352,nan,nan,0.07976386696100235,491,2418,2432
fold_3,train,2524,exp016_static_strict_oof_proxy,retrieval,0.011915490619295845,0.00585750243479119,0.012289687993915067,0.0003741973746192225,-3.2559670358896255,3.1742568016052246,0.08171023428440094,1131,2406,2432
fold_3,train,2524,exp016_static_strict_oof_proxy,recent,0.011915490619295845,0.028492980110805085,0.015445952349785566,0.003530461730489721,nan,nan,0.0584629587829113,2400,2431,2432
fold_3,train,2524,exp016_static_strict_oof_proxy,random,0.011915490619295845,0.01560036651590952,0.014062993879193669,0.002147503259897824,nan,nan,0.07981647551059723,504,2431,2432
fold_3,train,2525,exp016_static_strict_oof_proxy,retrieval,0.10436799783416782,0.14773738707861744,0.11051689863173521,0.006148900797567386,-3.1137670353055,3.027982711791992,0.08578432351350784,788,2396,2432
fold_3,train,2525,exp016_static_strict_oof_proxy,recent,0.10436799783416782,0.1534821416026152,0.11107887784699733,0.006710880012829504,nan,nan,0.0584629587829113,2400,2431,2432
fold_3,train,2525,exp016_static_strict_oof_proxy,random,0.10436799783416782,0.13723959075956182,0.10961391976890407,0.005245921934736247,nan,nan,0.08291174471378326,527,2408,2432
fold_3,train,2526,exp016_static_strict_oof_proxy,retrieval,0.13450056818209424,0.1777758621178845,0.1412609900233252,0.0067604218412309625,-2.56121676415205,2.4861693382263184,0.07504742592573166,1110,2400,2432
fold_3,train,2526,exp016_static_strict_oof_proxy,recent,0.13450056818209424,0.1851934531138806,0.1426406985041198,0.008140130322025568,nan,nan,0.0584629587829113,2400,2431,2432
fold_3,train,2526,exp016_static_strict_oof_proxy,random,0.13450056818209424,0.14040844515452272,0.1379048244543796,0.0034042562722853553,nan,nan,0.09356676042079926,558,2337,2432
fold_3,train,2527,exp016_static_strict_oof_proxy,retrieval,0.07728689793408845,0.11076480753727487,0.0811063477294155,0.003819449795327043,-2.2616686448454857,2.1811037063598633,0.0805649384856224,2030,2399,2432
fold_3,train,2527,exp016_static_strict_oof_proxy,recent,0.07728689793408845,0.12880099432447076,0.08335486202424178,0.006067964090153324,nan,nan,0.0584629587829113,2400,2431,2432
fold_3,train,2527,exp016_static_strict_oof_proxy,random,0.07728689793408845,0.041983617309358554,0.0754743105842696,-0.0018125873498188588,nan,nan,0.08445795625448227,491,2387,2432
fold_3,train,2528,exp016_static_strict_oof_proxy,retrieval,0.12401746294721715,0.18965199585975442,0.13239163701569176,0.008374174068474613,-2.6795162931084633,2.5980873107910156,0.08142898231744766,1167,2416,2432
fold_3,train,2528,exp016_static_strict_oof_proxy,recent,0.12401746294721715,0.21650478814999982,0.13513304666289552,0.011115583715678376,nan,nan,0.0584629587829113,2400,2431,2432
fold_3,train,2528,exp016_static_strict_oof_proxy,random,0.12401746294721715,0.15939575277988147,0.12927516085269583,0.005257697905478684,nan,nan,0.08984820544719696,505,2383,2432
fold_3,train,2529,exp016_static_strict_oof_proxy,retrieval,0.08998524775003956,0.11142653935791871,0.0933862406523229,0.003400992902283337,-2.129139557480812,2.057447910308838,0.07169164717197418,1110,2428,2432
fold_3,train,2529,exp016_static_strict_oof_proxy,recent,0.08998524775003956,0.10737916332079238,0.09207397244606474,0.002088724696025182,nan,nan,0.0584629587829113,2400,2431,2432
fold_3,train,2529,exp016_static_strict_oof_proxy,random,0.08998524775003956,0.10130046554671797,0.09234315503517189,0.002357907285132327,nan,nan,0.07165728509426117,516,2428,2432
fold_3,train,2530,exp016_static_strict_oof_proxy,retrieval,0.05572483487503882,0.05063644490194787,0.05554246260745397,-0.0001823722675848502,-3.166752800345421,3.0803918838500977,0.08636091649532318,803,2414,2432
fold_3,train,2530,exp016_static_strict_oof_proxy,recent,0.05572483487503882,0.05609408676677555,0.05643206362357117,0.0007072287485323514,nan,nan,0.0584629587829113,2400,2431,2432
fold_3,train,2530,exp016_static_strict_oof_proxy,random,0.05572483487503882,0.054995442256754554,0.056247681008321344,0.0005228461332825243,nan,nan,0.08371712267398834,673,2357,2432
fold_3,train,2531,exp016_static_strict_oof_proxy,retrieval,0.07781059551596266,0.0484375551756764,0.07640032100145362,-0.0014102745145090356,-2.722472809255123,2.6460089683532715,0.07646384090185165,1167,2431,2432
fold_3,train,2531,exp016_static_strict_oof_proxy,recent,0.07781059551596266,0.03893886064138191,0.0759960530850222,-0.0018145424309404523,nan,nan,0.0584629587829113,2400,2431,2432
fold_3,train,2531,exp016_static_strict_oof_proxy,random,0.07781059551596266,0.04225799703113953,0.07590602183735878,-0.0019045736786038742,nan,nan,0.08714597672224045,522,2258,2432
fold_3,train,2532,exp016_static_strict_oof_proxy,retrieval,0.06884679418778095,0.048128930819747194,0.06855178358162398,-0.00029501060615697017,-2.60740714520216,2.527117967605591,0.08028917759656906,1110,2431,2432
fold_3,train,2532,exp016_static_strict_oof_proxy,recent,0.06884679418778095,0.011931547918101405,0.06467709469121215,-0.004169699496568799,nan,nan,0.0584629587829113,2400,2431,2432
fold_3,train,2532,exp016_static_strict_oof_proxy,random,0.06884679418778095,-0.004157709166987891,0.06331372290065394,-0.005533071287127003,nan,nan,0.08388981223106384,543,2408,2432
fold_3,train,2533,exp016_static_strict_oof_proxy,retrieval,0.1273671669166907,0.03516666363230256,0.1212999514955607,-0.006067215421129993,-3.4031142964959145,3.3251149654388428,0.07799933105707169,1131,2427,2432
fold_3,train,2533,exp016_static_strict_oof_proxy,recent,0.1273671669166907,0.008384196817099015,0.11887478151774147,-0.008492385398949226,nan,nan,0.0584629587829113,2400,2431,2432
fold_3,train,2533,exp016_static_strict_oof_proxy,random,0.1273671669166907,0.013892765210562727,0.1191602304220999,-0.008206936494590797,nan,nan,0.09115608036518097,635,2429,2432
fold_3,train,2534,exp016_static_strict_oof_proxy,retrieval,0.1905181043575098,0.12821032835550197,0.1890152906426895,-0.0015028137148203058,-3.2894005849957466,3.207106113433838,0.08229447156190872,2215,2406,2432
fold_3,train,2534,exp016_static_strict_oof_proxy,recent,0.1905181043575098,0.1752680192149008,0.19531035010809647,0.004792245750586677,nan,nan,0.0584629587829113,2400,2431,2432
fold_3,train,2534,exp016_static_strict_oof_proxy,random,0.1905181043575098,0.1678288602352391,0.19387290598937787,0.0033548016318680762,nan,nan,0.08172199875116348,561,2215,2432
fold_3,train,2535,exp016_static_strict_oof_proxy,retrieval,0.2437923822224777,0.21144474792261836,0.24637882816227932,0.002586445939801618,-3.131313882768154,3.0651774406433105,0.0661364421248436,979,2400,2432
fold_3,train,2535,exp016_static_strict_oof_proxy,recent,0.2437923822224777,0.2029815530762927,0.2466455902407044,0.002853208018226694,nan,nan,0.0584629587829113,2400,2431,2432
fold_3,train,2535,exp016_static_strict_oof_proxy,random,0.2437923822224777,0.1968802831500397,0.24477421540383634,0.0009818331813586378,nan,nan,0.08172036707401276,493,2404,2432
fold_3,train,2536,exp016_static_strict_oof_proxy,retrieval,0.28568312421690517,0.2408518921326099,0.28616026260932403,0.00047713839241886324,-2.2595790922641754,2.1846652030944824,0.074913889169693,1129,2428,2432
fold_3,train,2536,exp016_static_strict_oof_proxy,recent,0.28568312421690517,0.23388385264544576,0.2856957680093866,1.2643792481448202e-05,nan,nan,0.0584629587829113,2400,2431,2432
fold_3,train,2536,exp016_static_strict_oof_proxy,random,0.28568312421690517,0.1617843398629519,0.28091522074796954,-0.00476790346893563,nan,nan,0.09183713048696518,488,2428,2432
fold_3,train,2537,exp016_static_strict_oof_proxy,retrieval,0.2738480829416957,0.1732426993603499,0.26780512510902826,-0.0060429578326674505,-2.325737841427326,2.248976230621338,0.07676161080598831,2039,2428,2432
fold_3,train,2537,exp016_static_strict_oof_proxy,recent,0.2738480829416957,0.18271617532443218,0.2691368665091549,-0.004711216432540799,nan,nan,0.0584629587829113,2400,2431,2432
fold_3,train,2537,exp016_static_strict_oof_proxy,random,0.2738480829416957,0.17417134311798163,0.26821864454142064,-0.0056294384002750775,nan,nan,0.07928873598575592,497,2427,2432
fold_3,train,2538,exp016_static_strict_oof_proxy,retrieval,0.19668108342492444,0.12823167365729982,0.19426537319644133,-0.002415710228483109,-2.2254344075918198,2.1538429260253906,0.07159148156642914,1129,2431,2432
fold_3,train,2538,exp016_static_strict_oof_proxy,recent,0.19668108342492444,0.10678624007574701,0.19168573960021226,-0.004995343824712173,nan,nan,0.0584629587829113,2400,2431,2432
fold_3,train,2538,exp016_static_strict_oof_proxy,random,0.19668108342492444,0.1353538310985911,0.1949394156847794,-0.001741667740145031,nan,nan,0.0824282094836235,507,2272,2432
fold_3,train,2539,exp016_static_strict_oof_proxy,retrieval,0.1548655764710822,0.08669601860977226,0.1508468817337316,-0.004018694737350614,-2.7506199777126312,2.669772148132324,0.080847829580307,1131,2406,2432
fold_3,train,2539,exp016_static_strict_oof_proxy,recent,0.1548655764710822,0.08740638912865259,0.1510234927895333,-0.003842083681548897,nan,nan,0.0584629587829113,2400,2431,2432
fold_3,train,2539,exp016_static_strict_oof_proxy,random,0.1548655764710822,0.08814708339736313,0.15123994131783597,-0.003625635153246237,nan,nan,0.08058596402406693,538,2170,2432
fold_3,train,2540,exp016_static_strict_oof_proxy,retrieval,0.18289193890345998,0.1375759159005353,0.18238367147707085,-0.0005082674263891251,-1.951430544257164,1.8761852979660034,0.07524524629116058,1129,2431,2432
fold_3,train,2540,exp016_static_strict_oof_proxy,recent,0.18289193890345998,0.15584058257664088,0.18494767191314795,0.0020557330096879767,nan,nan,0.0584629587829113,2400,2431,2432
fold_3,train,2540,exp016_static_strict_oof_proxy,random,0.18289193890345998,0.13936935409391968,0.18255082451336316,-0.00034111439009681943,nan,nan,0.08540622889995575,495,2344,2432
fold_3,train,2541,exp016_static_strict_oof_proxy,retrieval,0.12165657388794547,0.0945487938302147,0.12172103444606382,6.44605581183455e-05,-7.196910813450813,7.121851444244385,0.07505936920642853,671,2411,2432
fold_3,train,2541,exp016_static_strict_oof_proxy,recent,0.12165657388794547,0.07427145797372896,0.11968907763530372,-0.001967496252641754,nan,nan,0.0584629587829113,2400,2431,2432
fold_3,train,2541,exp016_static_strict_oof_proxy,random,0.12165657388794547,0.07390389043004825,0.11988747477739119,-0.0017690991105542841,nan,nan,0.08436626195907593,542,2380,2432
fold_3,train,2542,exp016_static_strict_oof_proxy,retrieval,0.161817827181407,0.148878679323748,0.16377997184337842,0.001962144661971421,-2.5418320074677467,2.465920925140381,0.07591108232736588,1059,2408,2432
fold_3,train,2542,exp016_static_strict_oof_proxy,recent,0.161817827181407,0.19482155442066842,0.1686046144459331,0.006786787264526112,nan,nan,0.0584629587829113,2400,2431,2432
fold_3,train,2542,exp016_static_strict_oof_proxy,random,0.161817827181407,0.1371291508029549,0.16333510379797034,0.00151727661656334,nan,nan,0.08592210710048676,523,2402,2432
fold_3,train,2543,exp016_static_strict_oof_proxy,retrieval,0.13532729354315765,0.07904149027090182,0.1320567790452385,-0.0032705144979191525,-4.251129373908043,4.165596961975098,0.08553241193294525,2003,2411,2432
fold_3,train,2543,exp016_static_strict_oof_proxy,recent,0.13532729354315765,0.10676393183735414,0.13542125747478204,9.39639316243912e-05,nan,nan,0.0584629587829113,2400,2431,2432
fold_3,train,2543,exp016_static_strict_oof_proxy,random,0.13532729354315765,0.06711725325086347,0.1312018062759165,-0.004125487267241157,nan,nan,0.08011943101882935,495,2412,2432
fold_3,train,2544,exp016_static_strict_oof_proxy,retrieval,0.06942149633777783,0.014238294198543128,0.06426659407157016,-0.00515490226620767,-2.832606792449951,2.7556686401367188,0.07693815231323242,2223,2415,2432
fold_3,train,2544,exp016_static_strict_oof_proxy,recent,0.06942149633777783,0.08165989440676472,0.0709087274397815,0.001487231102003661,nan,nan,0.0584629587829113,2400,2431,2432
fold_3,train,2544,exp016_static_strict_oof_proxy,random,0.06942149633777783,0.05367702087693314,0.06831492545617109,-0.001106570881606747,nan,nan,0.07819228619337082,506,2328,2432
fold_3,train,2545,exp016_static_strict_oof_proxy,retrieval,0.16088326813858514,0.05830421734365277,0.15264954866251357,-0.008233719476071572,-2.884767159819603,2.8103480339050293,0.07441912591457367,1113,2414,2432
fold_3,train,2545,exp016_static_strict_oof_proxy,recent,0.16088326813858514,0.13153488588828072,0.15975670269928258,-0.0011265654393025626,nan,nan,0.0584629587829113,2400,2431,2432
fold_3,train,2545,exp016_static_strict_oof_proxy,random,0.16088326813858514,0.08641219519081807,0.1551004754811503,-0.005782792657434838,nan,nan,0.07391148805618286,497,2269,2432
fold_3,train,2546,exp016_static_strict_oof_proxy,retrieval,0.20235217961924448,0.13568814090481623,0.19841172823826114,-0.00394045138098334,-2.4967518150806427,2.419116497039795,0.07763531804084778,2030,2395,2432
fold_3,train,2546,exp016_static_strict_oof_proxy,recent,0.20235217961924448,0.15774110612477102,0.20095334980994198,-0.0013988298093025042,nan,nan,0.0584629587829113,2400,2431,2432
fold_3,train,2546,exp016_static_strict_oof_proxy,random,0.20235217961924448,0.10220623923606305,0.19619174172022982,-0.006160437899014659,nan,nan,0.0791674256324768,544,2384,2432
fold_3,train,2547,exp016_static_strict_oof_proxy,retrieval,0.2251698354898338,0.15601047549195718,0.22214220870137907,-0.0030276267884547237,-2.175073839724064,2.110008716583252,0.06506512314081192,1110,2426,2432
fold_3,train,2547,exp016_static_strict_oof_proxy,recent,0.2251698354898338,0.16763822170364764,0.22372536772781762,-0.0014444677620161772,nan,nan,0.0584629587829113,2400,2431,2432
fold_3,train,2547,exp016_static_strict_oof_proxy,random,0.2251698354898338,0.15470185563586508,0.22223297266376313,-0.0029368628260706686,nan,nan,0.08548241853713989,503,2367,2432
fold_3,train,2548,exp016_static_strict_oof_proxy,retrieval,0.3516189091734417,0.34309186395307045,0.3571824720866486,0.005563562913206921,-2.812204420566559,2.7372803688049316,0.0749240517616272,970,2414,2432
fold_3,train,2548,exp016_static_strict_oof_proxy,recent,0.3516189091734417,0.358280848003251,0.3599906681509139,0.008371758977472221,nan,nan,0.0584629587829113,2400,2431,2432
fold_3,train,2548,exp016_static_strict_oof_proxy,random,0.3516189091734417,0.3317427333704177,0.3560443520095197,0.004425442836078042,nan,nan,0.08612506836652756,505,2354,2432
fold_3,train,2549,exp016_static_strict_oof_proxy,retrieval,0.2760998073791271,0.14744581857265723,0.2708170762292263,-0.005282731149900799,-4.894815765321255,4.812493801116943,0.08232196420431137,1179,2411,2432
fold_3,train,2549,exp016_static_strict_oof_proxy,recent,0.2760998073791271,0.19561079430157324,0.27676468539016286,0.0006648780110357633,nan,nan,0.0584629587829113,2400,2431,2432
fold_3,train,2549,exp016_static_strict_oof_proxy,random,0.2760998073791271,0.15191919916868826,0.2720601423276113,-0.004039665051515817,nan,nan,0.0753159150481224,623,2409,2432
fold_3,train,2550,exp016_static_strict_oof_proxy,retrieval,0.2282997458605956,0.19394504200053347,0.22936504772297467,0.0010653018623790755,-2.7123605087399483,2.642721652984619,0.06963885575532913,1333,2401,2432
fold_3,train,2550,exp016_static_strict_oof_proxy,recent,0.2282997458605956,0.20274960230202924,0.2305733239244192,0.0022735780638236114,nan,nan,0.0584629587829113,2400,2431,2432
fold_3,train,2550,exp016_static_strict_oof_proxy,random,0.2282997458605956,0.16668406175017889,0.2269834955771029,-0.0013162502834926926,nan,nan,0.09215881675481796,679,2395,2432
fold_3,train,2551,exp016_static_strict_oof_proxy,retrieval,0.21633617970496083,0.12943254813400937,0.21242128479719327,-0.003914894907767558,-2.577755443751812,2.503504753112793,0.07425069063901901,992,2414,2432
fold_3,train,2551,exp016_static_strict_oof_proxy,recent,0.21633617970496083,0.17711675708646296,0.2168214949625743,0.00048531525761347227,nan,nan,0.0584629587829113,2400,2431,2432
fold_3,train,2551,exp016_static_strict_oof_proxy,random,0.21633617970496083,0.11553350371499173,0.21147970948447853,-0.004856470220482301,nan,nan,0.09418898075819016,530,2311,2432
fold_3,train,2552,exp016_static_strict_oof_proxy,retrieval,0.22401926816695025,0.1489895648726909,0.22051841158687946,-0.0035008565800707936,-1.8823174238204956,1.8174141645431519,0.06490325927734375,1129,2428,2432
fold_3,train,2552,exp016_static_strict_oof_proxy,recent,0.22401926816695025,0.1659317201583483,0.22261092681272088,-0.0014083413542293755,nan,nan,0.0584629587829113,2400,2431,2432
fold_3,train,2552,exp016_static_strict_oof_proxy,random,0.22401926816695025,0.14544380433563875,0.22036343184145146,-0.0036558363254987902,nan,nan,0.07895679026842117,540,2419,2432
fold_3,train,2553,exp016_static_strict_oof_proxy,retrieval,0.1881107872013026,0.15892385426277358,0.18920019216303632,0.0010894049617337365,-1.9464200623333454,1.8877590894699097,0.058660972863435745,1265,2426,2432
fold_3,train,2553,exp016_static_strict_oof_proxy,recent,0.1881107872013026,0.1674784067731943,0.1902317649329558,0.0021209777316532064,nan,nan,0.0584629587829113,2400,2431,2432
fold_3,train,2553,exp016_static_strict_oof_proxy,random,0.1881107872013026,0.14298717817211734,0.18773864562635648,-0.000372141574946111,nan,nan,0.0808292105793953,734,2412,2432
fold_3,train,2554,exp016_static_strict_oof_proxy,retrieval,0.1330229982769395,0.11366436859721649,0.13326062752785672,0.00023762925091722065,-4.393041551113129,4.318769454956055,0.07427209615707397,800,2427,2432
fold_3,train,2554,exp016_static_strict_oof_proxy,recent,0.1330229982769395,0.11268570778845415,0.13322317539941805,0.0002001771224785509,nan,nan,0.0584629587829113,2400,2431,2432
fold_3,train,2554,exp016_static_strict_oof_proxy,random,0.1330229982769395,0.09385484900611005,0.13117384577786645,-0.0018491524990730535,nan,nan,0.07588312029838562,511,2302,2432
fold_3,train,2555,exp016_static_strict_oof_proxy,retrieval,0.14983805138806097,0.18350275519222814,0.15627146442718814,0.006433413039127173,-2.1200564801692963,2.036964178085327,0.08309230208396912,1097,2431,2432
fold_3,train,2555,exp016_static_strict_oof_proxy,recent,0.14983805138806097,0.1631816721156206,0.15472407451486478,0.004886023126803807,nan,nan,0.0584629587829113,2400,2431,2432
fold_3,train,2555,exp016_static_strict_oof_proxy,random,0.14983805138806097,0.14507296687013338,0.15298820170861094,0.003150150320549966,nan,nan,0.09644798934459686,486,2397,2432
fold_3,train,2556,exp016_static_strict_oof_proxy,retrieval,0.12240840373188748,0.1536697573699504,0.1285419532361107,0.006133549504223221,-2.294837325811386,2.2254769802093506,0.06936034560203552,1119,2431,2432
fold_3,train,2556,exp016_static_strict_oof_proxy,recent,0.12240840373188748,0.12453945146492905,0.1261441622708871,0.0037357585389996145,nan,nan,0.0584629587829113,2400,2431,2432
fold_3,train,2556,exp016_static_strict_oof_proxy,random,0.12240840373188748,0.1010494464206163,0.12449777997290679,0.0020893762410193056,nan,nan,0.08392427116632462,489,2395,2432
fold_3,train,2557,exp016_static_strict_oof_proxy,retrieval,0.09577688434571019,0.08087825654564727,0.09743360891712209,0.0016567245714119022,-2.1110265031456947,2.0329933166503906,0.07803318649530411,1110,2426,2432
fold_3,train,2557,exp016_static_strict_oof_proxy,recent,0.09577688434571019,0.07620327181693531,0.09775436902427503,0.0019774846785648448,nan,nan,0.0584629587829113,2400,2431,2432
fold_3,train,2557,exp016_static_strict_oof_proxy,random,0.09577688434571019,0.09955992843514239,0.09933265133088783,0.003555766985177636,nan,nan,0.10478507727384567,563,2431,2432
fold_3,train,2558,exp016_static_strict_oof_proxy,retrieval,0.1593702052090678,0.10974579459450225,0.15784771487780017,-0.0015224903312676397,-2.2072808817029,2.137437343597412,0.06984353810548782,1141,2426,2432
fold_3,train,2558,exp016_static_strict_oof_proxy,recent,0.1593702052090678,0.07873245643588714,0.15498175073094295,-0.004388454478124859,nan,nan,0.0584629587829113,2400,2431,2432
fold_3,train,2558,exp016_static_strict_oof_proxy,random,0.1593702052090678,0.11587485078782402,0.15892749172275,-0.00044271348631780283,nan,nan,0.08126550912857056,545,2252,2432
fold_3,train,2559,exp016_static_strict_oof_proxy,retrieval,0.1658613859312295,0.21574397904701753,0.17652745406700265,0.010666068135773143,-3.9843740686774254,3.902215003967285,0.08215906471014023,1131,2421,2432
fold_3,train,2559,exp016_static_strict_oof_proxy,recent,0.1658613859312295,0.13178082389352003,0.16677046894003433,0.000909083008804823,nan,nan,0.0584629587829113,2400,2431,2432
fold_3,train,2559,exp016_static_strict_oof_proxy,random,0.1658613859312295,0.06969856419833137,0.16031550542376755,-0.005545880507461964,nan,nan,0.07760141789913177,554,2420,2432
fold_3,train,2560,exp016_static_strict_oof_proxy,retrieval,0.13682549521841836,0.033779973163062214,0.1291650816875886,-0.007660413530829746,-2.165027007460594,2.1011369228363037,0.06389008462429047,1305,2426,2432
fold_3,train,2560,exp016_static_strict_oof_proxy,recent,0.13682549521841836,0.018977420329046795,0.12799549574449148,-0.008829999473926875,nan,nan,0.0584629587829113,2400,2431,2432
fold_3,train,2560,exp016_static_strict_oof_proxy,random,0.13682549521841836,0.04135500929332196,0.13036399333091583,-0.006461501887502524,nan,nan,0.07443800568580627,595,2343,2432
fold_3,train,2561,exp016_static_strict_oof_proxy,retrieval,0.09079498681455524,-0.02923082895167947,0.07982458000048953,-0.010970406814065706,-2.149256106466055,2.0881314277648926,0.06112467870116234,1319,2426,2432
fold_3,train,2561,exp016_static_strict_oof_proxy,recent,0.09079498681455524,-0.020320579134804076,0.08090282277549866,-0.009892164039056572,nan,nan,0.0584629587829113,2400,2431,2432
fold_3,train,2561,exp016_static_strict_oof_proxy,random,0.09079498681455524,0.016207454280652782,0.08486710133248511,-0.005927885482070128,nan,nan,0.0742902085185051,514,2368,2432
fold_3,train,2562,exp016_static_strict_oof_proxy,retrieval,0.05580529202558879,-0.023514749689673903,0.04814941307984397,-0.007655878945744821,-3.2128155678510666,3.1353015899658203,0.07751397788524628,992,2421,2432
fold_3,train,2562,exp016_static_strict_oof_proxy,recent,0.05580529202558879,0.007397719762488493,0.05064708367831261,-0.0051582083472761775,nan,nan,0.0584629587829113,2400,2431,2432
fold_3,train,2562,exp016_static_strict_oof_proxy,random,0.05580529202558879,-0.02684017742700694,0.04784976061743265,-0.007955531408156136,nan,nan,0.0831100195646286,505,2374,2432
fold_3,train,2563,exp016_static_strict_oof_proxy,retrieval,-0.01903487272948174,-0.01536420961931093,-0.020451642430326728,-0.001416769700844988,-2.452526979148388,2.381167411804199,0.07135956734418869,1111,2426,2432
fold_3,train,2563,exp016_static_strict_oof_proxy,recent,-0.01903487272948174,0.01528395640694727,-0.017253248284428445,0.0017816244450532953,nan,nan,0.0584629587829113,2400,2431,2432
fold_3,train,2563,exp016_static_strict_oof_proxy,random,-0.01903487272948174,-0.0038007624518546874,-0.018892376038623836,0.0001424966908579045,nan,nan,0.07710391283035278,589,2402,2432
fold_3,train,2564,exp016_static_strict_oof_proxy,retrieval,0.006563690158027261,0.011231436801988653,0.005329566559860209,-0.0012341235981670516,-6.5850236266851425,6.496138572692871,0.08888505399227142,1009,2362,2432
fold_3,train,2564,exp016_static_strict_oof_proxy,recent,0.006563690158027261,-0.008032108735800429,0.003557843629979127,-0.0030058465280481343,nan,nan,0.0584629587829113,2400,2431,2432
fold_3,train,2564,exp016_static_strict_oof_proxy,random,0.006563690158027261,0.0065795422781745865,0.005178101555652927,-0.0013855886023743337,nan,nan,0.08106181770563126,508,2306,2432
fold_3,train,2565,exp016_static_strict_oof_proxy,retrieval,0.045833102533340594,0.02801415759754355,0.043212835299561075,-0.002620267233779519,-2.428730122745037,2.3556456565856934,0.07308446615934372,1209,2426,2432
fold_3,train,2565,exp016_static_strict_oof_proxy,recent,0.045833102533340594,0.08001987113792465,0.04836399262290771,0.0025308900895671185,nan,nan,0.0584629587829113,2400,2431,2432
fold_3,train,2565,exp016_static_strict_oof_proxy,random,0.045833102533340594,0.02832248895214346,0.043472854409133614,-0.0023602481242069803,nan,nan,0.09670493006706238,495,2316,2432
fold_3,train,2566,exp016_static_strict_oof_proxy,retrieval,0.0958407725562796,0.07281551701302652,0.09619373574609383,0.0003529631898142316,-2.80788691341877,2.7315735816955566,0.0763133317232132,1049,2426,2432
fold_3,train,2566,exp016_static_strict_oof_proxy,recent,0.0958407725562796,0.08824396720679073,0.09764350628343284,0.0018027337271532412,nan,nan,0.0584629587829113,2400,2431,2432
fold_3,train,2566,exp016_static_strict_oof_proxy,random,0.0958407725562796,0.09398834553953964,0.09802859468209271,0.002187822125813116,nan,nan,0.0700056403875351,519,2283,2432
fold_3,train,2567,exp016_static_strict_oof_proxy,retrieval,0.10030594919494877,0.058376402677130686,0.0997794123192752,-0.0005265368756735694,-2.2256077863276005,2.1694376468658447,0.05617013946175575,1066,2426,2432
fold_3,train,2567,exp016_static_strict_oof_proxy,recent,0.10030594919494877,0.06132316015722119,0.10014511036140204,-0.00016083883354672812,nan,nan,0.0584629587829113,2400,2431,2432
fold_3,train,2567,exp016_static_strict_oof_proxy,random,0.10030594919494877,0.05903008098268537,0.09964359641217779,-0.000662352782770978,nan,nan,0.10421805083751678,553,2418,2432
fold_3,train,2568,exp016_static_strict_oof_proxy,retrieval,-0.012072300045039876,-0.04536062238573266,-0.016441479113842663,-0.004369179068802787,-2.22437609359622,2.165754795074463,0.058621298521757126,1305,2426,2432
fold_3,train,2568,exp016_static_strict_oof_proxy,recent,-0.012072300045039876,-0.006984925254222752,-0.012398760904202954,-0.0003264608591630781,nan,nan,0.0584629587829113,2400,2431,2432
fold_3,train,2568,exp016_static_strict_oof_proxy,random,-0.012072300045039876,0.012981892870995706,-0.010038726333117321,0.0020335737119225542,nan,nan,0.07640772312879562,535,2377,2432
fold_3,train,2569,exp016_static_strict_oof_proxy,retrieval,0.053585959857001424,0.060975162502595,0.05624869874830359,0.002662738891302169,-2.3034809418022633,2.2421176433563232,0.06136329844594002,1209,2426,2432
fold_3,train,2569,exp016_static_strict_oof_proxy,recent,0.053585959857001424,0.059886608043119655,0.05587870100435162,0.0022927411473501955,nan,nan,0.0584629587829113,2400,2431,2432
fold_3,train,2569,exp016_static_strict_oof_proxy,random,0.053585959857001424,0.06515353401954367,0.05602948952718954,0.002443529670188113,nan,nan,0.07826455682516098,568,2406,2432
fold_3,train,2570,exp016_static_strict_oof_proxy,retrieval,-0.11203762104968507,-0.07122526838925247,-0.11092853182084825,0.0011090892288368182,-2.376054562628269,2.308875560760498,0.06717900186777115,1066,2426,2432
fold_3,train,2570,exp016_static_strict_oof_proxy,recent,-0.11203762104968507,-0.04206553961177006,-0.1079677140641093,0.004069906985575772,nan,nan,0.0584629587829113,2400,2431,2432
fold_3,train,2570,exp016_static_strict_oof_proxy,random,-0.11203762104968507,-0.025082770342869293,-0.10665411401576587,0.0053835070339191965,nan,nan,0.07525738328695297,493,2421,2432
fold_3,train,2571,exp016_static_strict_oof_proxy,retrieval,0.003851236069901213,-0.07334159901284147,-0.0036297326156050766,-0.00748096868550629,-2.6673867478966713,2.6047539710998535,0.06263277679681778,1276,2418,2432
fold_3,train,2571,exp016_static_strict_oof_proxy,recent,0.003851236069901213,-0.03682083125417846,0.00015175132144010697,-0.003699484748461106,nan,nan,0.0584629587829113,2400,2431,2432
fold_3,train,2571,exp016_static_strict_oof_proxy,random,0.003851236069901213,-0.06687714451977984,-0.0030382656531798735,-0.0068895017230810865,nan,nan,0.07635478675365448,504,2413,2432
fold_3,train,2572,exp016_static_strict_oof_proxy,retrieval,-0.0299741518693915,-0.07318474376948296,-0.03583678364195342,-0.005862631772561917,-2.277304667979479,2.215728759765625,0.061575908213853836,1198,2426,2432
fold_3,train,2572,exp016_static_strict_oof_proxy,recent,-0.0299741518693915,-0.07397531567099645,-0.035851510200326994,-0.0058773583309354935,nan,nan,0.0584629587829113,2400,2431,2432
fold_3,train,2572,exp016_static_strict_oof_proxy,random,-0.0299741518693915,-0.08535872097838229,-0.03757079205770288,-0.007596640188311382,nan,nan,0.0821501761674881,563,2318,2432
fold_3,train,2573,exp016_static_strict_oof_proxy,retrieval,0.09139853269520917,0.07679392950300372,0.09202783357832763,0.0006293008831184527,-4.898720934987068,4.818421840667725,0.08029909431934357,640,2421,2432
fold_3,train,2573,exp016_static_strict_oof_proxy,recent,0.09139853269520917,0.0638450294708496,0.0906640303284885,-0.0007345023667206657,nan,nan,0.0584629587829113,2400,2431,2432
fold_3,train,2573,exp016_static_strict_oof_proxy,random,0.09139853269520917,0.027765001475102205,0.08735260609481363,-0.004045926600395544,nan,nan,0.08230288326740265,602,2405,2432
fold_3,train,2574,exp016_static_strict_oof_proxy,retrieval,-0.014836955824862148,-0.11913030642461352,-0.026331670481093205,-0.011494714656231057,-2.3924849182367325,2.3210196495056152,0.07146526873111725,988,2430,2432
fold_3,train,2574,exp016_static_strict_oof_proxy,recent,-0.014836955824862148,-0.12032967925249581,-0.026907683537485978,-0.01207072771262383,nan,nan,0.0584629587829113,2400,2431,2432
fold_3,train,2574,exp016_static_strict_oof_proxy,random,-0.014836955824862148,-0.10537409089199845,-0.025046475618188752,-0.010209519793326604,nan,nan,0.08154487609863281,510,2412,2432
fold_3,train,2575,exp016_static_strict_oof_proxy,retrieval,0.09934534036452855,0.05260889923657123,0.09691429904452546,-0.0024310413200030884,-5.323474176228046,5.2324419021606445,0.09103227406740189,1009,2427,2432
fold_3,train,2575,exp016_static_strict_oof_proxy,recent,0.09934534036452855,0.05318971982686815,0.09690587018219021,-0.002439470182338338,nan,nan,0.0584629587829113,2400,2431,2432
fold_3,train,2575,exp016_static_strict_oof_proxy,random,0.09934534036452855,0.0663581124238456,0.09794994478675569,-0.001395395577772865,nan,nan,0.08005443960428238,598,2402,2432
fold_3,train,2576,exp016_static_strict_oof_proxy,retrieval,0.0002896651155869429,-0.06905315861006407,-0.00831244192281406,-0.008602107038401002,-2.4306772723793983,2.3538031578063965,0.07687411457300186,1209,2431,2432
fold_3,train,2576,exp016_static_strict_oof_proxy,recent,0.0002896651155869429,-0.046752571831130234,-0.0064068356264912725,-0.006696500742078215,nan,nan,0.0584629587829113,2400,2431,2432
fold_3,train,2576,exp016_static_strict_oof_proxy,random,0.0002896651155869429,-0.0556074572237038,-0.0070968062445209085,-0.007386471360107851,nan,nan,0.08274728059768677,498,2390,2432
fold_3,train,2577,exp016_static_strict_oof_proxy,retrieval,-0.032638224587180985,-0.08461891210054813,-0.039762859065288335,-0.00712463447810735,-2.475358061492443,2.4009275436401367,0.07443051785230637,1108,2431,2432
fold_3,train,2577,exp016_static_strict_oof_proxy,recent,-0.032638224587180985,-0.0587809335059983,-0.03742205215069184,-0.0047838275635108535,nan,nan,0.0584629587829113,2400,2431,2432
fold_3,train,2577,exp016_static_strict_oof_proxy,random,-0.032638224587180985,-0.06149390259356267,-0.03691476079525922,-0.004276536208078233,nan,nan,0.08079471439123154,537,2363,2432
fold_3,train,2578,exp016_static_strict_oof_proxy,retrieval,-0.05142533403786204,-0.1407982127978999,-0.06297585837373917,-0.011550524335877131,-2.337255023419857,2.257039785385132,0.08021523803472519,1129,2431,2432
fold_3,train,2578,exp016_static_strict_oof_proxy,recent,-0.05142533403786204,-0.11134963632207141,-0.059379394472394834,-0.00795406043453279,nan,nan,0.0584629587829113,2400,2431,2432
fold_3,train,2578,exp016_static_strict_oof_proxy,random,-0.05142533403786204,-0.11457291412439877,-0.059732917025993655,-0.008307582988131612,nan,nan,0.08293161541223526,551,2314,2432
fold_3,train,2579,exp016_static_strict_oof_proxy,retrieval,-0.07473911109448339,-0.11559733553305364,-0.08180859520780544,-0.007069484113322047,-2.330670416355133,2.261486530303955,0.06918388605117798,2227,2431,2432
fold_3,train,2579,exp016_static_strict_oof_proxy,recent,-0.07473911109448339,-0.09689095622344121,-0.08014021512866165,-0.005401104034178261,nan,nan,0.0584629587829113,2400,2431,2432
fold_3,train,2579,exp016_static_strict_oof_proxy,random,-0.07473911109448339,-0.09814522544470554,-0.07996418487504203,-0.005225073780558642,nan,nan,0.0822034403681755,526,2429,2432
fold_3,train,2580,exp016_static_strict_oof_proxy,retrieval,-0.06663919672369321,-0.09044986634648373,-0.07073105533586979,-0.004091858612176577,-2.701921448111534,2.6278772354125977,0.07404421269893646,1276,2431,2432
fold_3,train,2580,exp016_static_strict_oof_proxy,recent,-0.06663919672369321,-0.06811076619202112,-0.06878436551236902,-0.002145168788675808,nan,nan,0.0584629587829113,2400,2431,2432
fold_3,train,2580,exp016_static_strict_oof_proxy,random,-0.06663919672369321,-0.07054296726079498,-0.06899387136894625,-0.0023546746452530326,nan,nan,0.08105181157588959,560,2096,2432
fold_3,train,2581,exp016_static_strict_oof_proxy,retrieval,-0.06540463527616942,-0.048446116606563824,-0.06556756802813665,-0.00016293275196722912,-3.5750880017876625,3.4974639415740967,0.07762406021356583,1108,2431,2432
fold_3,train,2581,exp016_static_strict_oof_proxy,recent,-0.06540463527616942,-0.06013049122989906,-0.06696716053935646,-0.0015625252631870368,nan,nan,0.0584629587829113,2400,2431,2432
fold_3,train,2581,exp016_static_strict_oof_proxy,random,-0.06540463527616942,-0.05296121801963276,-0.0660256996411517,-0.0006210643649822711,nan,nan,0.08169092237949371,494,2387,2432
fold_3,train,2582,exp016_static_strict_oof_proxy,retrieval,0.022844255639131904,-0.013611263809572293,0.01902301344924197,-0.003821242189889936,-4.910527884960175,4.82541561126709,0.08511227369308472,640,2421,2432
fold_3,train,2582,exp016_static_strict_oof_proxy,recent,0.022844255639131904,-0.009089042835163685,0.01926037587835532,-0.0035838797607765857,nan,nan,0.0584629587829113,2400,2431,2432
fold_3,train,2582,exp016_static_strict_oof_proxy,random,0.022844255639131904,0.010492430629834739,0.021286865659987376,-0.0015573899791445286,nan,nan,0.0806124210357666,489,2312,2432
fold_3,train,2583,exp016_static_strict_oof_proxy,retrieval,0.00043561629809813195,0.003556737484491132,0.0006628411895060998,0.00022722489140796783,-2.2930830270051956,2.2227797508239746,0.07030327618122101,1110,2426,2432
fold_3,train,2583,exp016_static_strict_oof_proxy,recent,0.00043561629809813195,0.006580235660982466,0.00029825453493794086,-0.0001373617631601911,nan,nan,0.0584629587829113,2400,2431,2432
fold_3,train,2583,exp016_static_strict_oof_proxy,random,0.00043561629809813195,0.005521111805592594,0.0008618267497873594,0.0004262104516892274,nan,nan,0.08280978351831436,530,2425,2432
fold_3,train,2584,exp016_static_strict_oof_proxy,retrieval,0.1387214516055169,0.09190506368294535,0.13789081748840612,-0.00083063411711079,-3.133589245378971,3.060309648513794,0.07327959686517715,1059,2407,2432
fold_3,train,2584,exp016_static_strict_oof_proxy,recent,0.1387214516055169,0.07883967634016445,0.13626650730797035,-0.0024549442975465574,nan,nan,0.0584629587829113,2400,2431,2432
fold_3,train,2584,exp016_static_strict_oof_proxy,random,0.1387214516055169,0.07484066486848995,0.1364020300297166,-0.0023194215758003123,nan,nan,0.07946072518825531,559,2428,2432
fold_3,train,2585,exp016_static_strict_oof_proxy,retrieval,0.16027239182445016,0.10064511416114284,0.15751678422938659,-0.002755607595063575,-2.197207063436508,2.134063720703125,0.06314334273338318,1110,2415,2432
fold_3,train,2585,exp016_static_strict_oof_proxy,recent,0.16027239182445016,0.0812240729475873,0.15624832407477182,-0.0040240677496783395,nan,nan,0.0584629587829113,2400,2431,2432
fold_3,train,2585,exp016_static_strict_oof_proxy,random,0.16027239182445016,0.08927166609310068,0.15727291860970596,-0.002999473214744197,nan,nan,0.08718925714492798,537,2333,2432
fold_3,train,2586,exp016_static_strict_oof_proxy,retrieval,0.2019593846151303,0.16695649599660878,0.2033948600781529,0.0014354754630226119,-1.982470080256462,1.9206191301345825,0.06185095012187958,2039,2428,2432
fold_3,train,2586,exp016_static_strict_oof_proxy,recent,0.2019593846151303,0.16124448276165812,0.20283625311849088,0.0008768685033605783,nan,nan,0.0584629587829113,2400,2431,2432
fold_3,train,2586,exp016_static_strict_oof_proxy,random,0.2019593846151303,0.16324725349054398,0.20302732831193135,0.0010679436968010492,nan,nan,0.07714591920375824,571,2395,2432
fold_3,train,2587,exp016_static_strict_oof_proxy,retrieval,0.2040303199084387,0.14566688701489533,0.20282721008131857,-0.0012031098271201301,-2.2385345436632633,2.17648983001709,0.06204471364617348,1133,2428,2432
fold_3,train,2587,exp016_static_strict_oof_proxy,recent,0.2040303199084387,0.13509380798575762,0.20205169107676837,-0.001978628831670326,nan,nan,0.0584629587829113,2400,2431,2432
fold_3,train,2587,exp016_static_strict_oof_proxy,random,0.2040303199084387,0.14822996315124592,0.2030456442256415,-0.000984675682797198,nan,nan,0.08646578341722488,514,2368,2432
fold_3,train,2588,exp016_static_strict_oof_proxy,retrieval,0.1907090499047797,0.14169053143526578,0.18959670593130673,-0.0011123439734729568,-1.9681555032730103,1.9007009267807007,0.06745457649230957,1133,2431,2432
fold_3,train,2588,exp016_static_strict_oof_proxy,recent,0.1907090499047797,0.11567773935515223,0.18655631513878457,-0.00415273476599512,nan,nan,0.0584629587829113,2400,2431,2432
fold_3,train,2588,exp016_static_strict_oof_proxy,random,0.1907090499047797,0.12166304914518988,0.1874644696420465,-0.0032445802627331932,nan,nan,0.0800245851278305,511,2241,2432
fold_3,train,2589,exp016_static_strict_oof_proxy,retrieval,0.11255148724327063,0.09633476878231678,0.11314789569768327,0.0005964084544126391,-6.121603645384312,6.038250923156738,0.0833527222275734,1190,2421,2432
fold_3,train,2589,exp016_static_strict_oof_proxy,recent,0.11255148724327063,0.09873152959573096,0.11374880267731481,0.00119731543404418,nan,nan,0.0584629587829113,2400,2431,2432
fold_3,train,2589,exp016_static_strict_oof_proxy,random,0.11255148724327063,0.10576247429890782,0.11396007755588643,0.0014085903126157956,nan,nan,0.07632576674222946,526,2298,2432
fold_3,train,2590,exp016_static_strict_oof_proxy,retrieval,0.011274724301106515,0.03317564549190635,0.013418816769266638,0.0021440924681601237,-2.841016463935375,2.7665624618530273,0.07445400208234787,1059,2399,2432
fold_3,train,2590,exp016_static_strict_oof_proxy,recent,0.011274724301106515,0.04467197303629316,0.013452992555320521,0.0021782682542140063,nan,nan,0.0584629587829113,2400,2431,2432
fold_3,train,2590,exp016_static_strict_oof_proxy,random,0.011274724301106515,0.04857298169194838,0.013448763476971758,0.0021740391758652434,nan,nan,0.08249277621507645,509,2365,2432
fold_3,train,2591,exp016_static_strict_oof_proxy,retrieval,-0.01763580967954049,-0.014257834730322381,-0.018422350738890182,-0.0007865410593496935,-2.754136987030506,2.681046724319458,0.07309026271104813,2030,2415,2432
fold_3,train,2591,exp016_static_strict_oof_proxy,recent,-0.01763580967954049,-0.00843839429750378,-0.01831140184574653,-0.0006755921662060412,nan,nan,0.0584629587829113,2400,2431,2432
fold_3,train,2591,exp016_static_strict_oof_proxy,random,-0.01763580967954049,0.004358538091560635,-0.01655745664534227,0.0010783530341982178,nan,nan,0.07935363054275513,512,2328,2432
fold_3,train,2592,exp016_static_strict_oof_proxy,retrieval,-0.06148375579635066,-0.04353444207737649,-0.06164597770422811,-0.0001622219078774509,-2.218793947249651,2.158198356628418,0.060595590621232986,1330,2428,2432
fold_3,train,2592,exp016_static_strict_oof_proxy,recent,-0.06148375579635066,-0.02745013151518475,-0.060666442858901125,0.0008173129374495353,nan,nan,0.0584629587829113,2400,2431,2432
fold_3,train,2592,exp016_static_strict_oof_proxy,random,-0.06148375579635066,-0.015013769479508924,-0.05900722341953206,0.0024765323768186007,nan,nan,0.07766931504011154,518,2429,2432
fold_3,train,2593,exp016_static_strict_oof_proxy,retrieval,-0.06657206225420101,-0.07961417723232003,-0.07072672459312049,-0.004154662338919479,-2.378116264939308,2.305433511734009,0.07268275320529938,1129,2431,2432
fold_3,train,2593,exp016_static_strict_oof_proxy,recent,-0.06657206225420101,-0.09380293063164241,-0.07278735628681197,-0.006215294032610966,nan,nan,0.0584629587829113,2400,2431,2432
fold_3,train,2593,exp016_static_strict_oof_proxy,random,-0.06657206225420101,-0.06426099816108978,-0.06937699182132094,-0.002804929567119932,nan,nan,0.0823628380894661,547,2430,2432
fold_3,train,2594,exp016_static_strict_oof_proxy,retrieval,-0.13315304831344066,-0.12599536939198697,-0.13662574776395872,-0.003472699450518063,-2.7790503725409508,2.7083966732025146,0.07065369933843613,1059,2400,2432
fold_3,train,2594,exp016_static_strict_oof_proxy,recent,-0.13315304831344066,-0.11765807914572733,-0.13708638958555686,-0.0039333412721161976,nan,nan,0.0584629587829113,2400,2431,2432
fold_3,train,2594,exp016_static_strict_oof_proxy,random,-0.13315304831344066,-0.16078918658962787,-0.14085851470803196,-0.007705466394591298,nan,nan,0.07973629236221313,565,2428,2432
fold_3,train,2595,exp016_static_strict_oof_proxy,retrieval,-0.08821335637205316,-0.04673032793792759,-0.08586800434569267,0.002345352026360492,-2.300952598452568,2.237133502960205,0.06381909549236298,1330,2428,2432
fold_3,train,2595,exp016_static_strict_oof_proxy,recent,-0.08821335637205316,-0.03649051732936067,-0.08635773480849789,0.0018556215635552736,nan,nan,0.0584629587829113,2400,2431,2432
fold_3,train,2595,exp016_static_strict_oof_proxy,random,-0.08821335637205316,-0.047125656525728546,-0.08709550469446782,0.001117851677585338,nan,nan,0.0814468190073967,508,2265,2432
fold_3,train,2596,exp016_static_strict_oof_proxy,retrieval,-0.033585220584666786,0.012889636729085937,-0.03041296862273546,0.003172251961931327,-2.4198784306645393,2.354897975921631,0.06498045474290848,1097,2412,2432
fold_3,train,2596,exp016_static_strict_oof_proxy,recent,-0.033585220584666786,0.02489910355793399,-0.02970392298021293,0.0038812976044538573,nan,nan,0.0584629587829113,2400,2431,2432
fold_3,train,2596,exp016_static_strict_oof_proxy,random,-0.033585220584666786,0.014726917106030439,-0.030461736801781443,0.003123483782885343,nan,nan,0.06862714886665344,526,2407,2432
fold_3,train,2597,exp016_static_strict_oof_proxy,retrieval,0.06675614527203093,0.11388218318316727,0.07245929739758801,0.005703152125557082,-3.0272598043084145,2.951754570007324,0.07550523430109024,1059,2400,2432
fold_3,train,2597,exp016_static_strict_oof_proxy,recent,0.06675614527203093,0.1003730550896498,0.07074384421103472,0.003987698939003789,nan,nan,0.0584629587829113,2400,2431,2432
fold_3,train,2597,exp016_static_strict_oof_proxy,random,0.06675614527203093,0.10616858697856772,0.07130986777788541,0.0045537225058544795,nan,nan,0.08393663167953491,536,2422,2432
fold_3,train,2598,exp016_static_strict_oof_proxy,retrieval,0.049120610181860716,0.07196569444303517,0.05219788269623953,0.0030772725143788163,-2.319286111742258,2.2581987380981445,0.06108737364411354,1110,2418,2432
fold_3,train,2598,exp016_static_strict_oof_proxy,recent,0.049120610181860716,0.05661173990511651,0.050686948215612905,0.001566338033752189,nan,nan,0.0584629587829113,2400,2431,2432
fold_3,train,2598,exp016_static_strict_oof_proxy,random,0.049120610181860716,0.047571804650434264,0.049444401531256066,0.0003237913493953498,nan,nan,0.08376770466566086,534,2404,2432
fold_3,train,2599,exp016_static_strict_oof_proxy,retrieval,0.22166328520506273,0.20231985607026282,0.22448942544852116,0.002826140243458425,-3.037545807659626,2.9723715782165527,0.06517422944307327,1238,2412,2432
fold_3,train,2599,exp016_static_strict_oof_proxy,recent,0.22166328520506273,0.1904581997449591,0.22431610768701482,0.0026528224819520885,nan,nan,0.0584629587829113,2400,2431,2432
fold_3,train,2599,exp016_static_strict_oof_proxy,random,0.22166328520506273,0.19091882475770905,0.22379005116032208,0.0021267659552593465,nan,nan,0.08126568049192429,556,2401,2432
fold_3,train,2600,exp016_static_strict_oof_proxy,retrieval,0.18545551145353886,0.18748601598692607,0.1889085599839066,0.003453048530367736,-2.6748195998370647,2.6132090091705322,0.061610590666532516,1117,2412,2432
fold_3,train,2600,exp016_static_strict_oof_proxy,recent,0.18545551145353886,0.24036621154929202,0.19513245292325174,0.009676941469712874,nan,nan,0.0584629587829113,2400,2431,2432
fold_3,train,2600,exp016_static_strict_oof_proxy,random,0.18545551145353886,0.1982517772153434,0.19041777316641564,0.004962261712876781,nan,nan,0.0842905342578888,514,2383,2432
fold_3,train,2601,exp016_static_strict_oof_proxy,retrieval,0.10204993602491867,0.09556269551772124,0.10330557723473147,0.001255641209812794,-2.425008624792099,2.3597211837768555,0.06528744101524353,1117,2415,2432
fold_3,train,2601,exp016_static_strict_oof_proxy,recent,0.10204993602491867,0.12636550456396675,0.10666763334003873,0.004617697315120059,nan,nan,0.0584629587829113,2400,2431,2432
fold_3,train,2601,exp016_static_strict_oof_proxy,random,0.10204993602491867,0.07456057690383824,0.10118377508953971,-0.0008661609353789596,nan,nan,0.07218948751688004,533,2408,2432
fold_3,train,2602,exp016_static_strict_oof_proxy,retrieval,0.16802297430593335,0.14632536969033774,0.1696681734151629,0.001645199109229556,-2.331927854567766,2.271422863006592,0.06050499156117439,1180,2418,2432
fold_3,train,2602,exp016_static_strict_oof_proxy,recent,0.16802297430593335,0.1764855865093453,0.17359409991473984,0.0055711256088064876,nan,nan,0.0584629587829113,2400,2431,2432
fold_3,train,2602,exp016_static_strict_oof_proxy,random,0.16802297430593335,0.09561296254320745,0.16553390048055677,-0.002489073825376581,nan,nan,0.08899307250976562,514,2342,2432
fold_3,train,2603,exp016_static_strict_oof_proxy,retrieval,0.11127517382764243,0.06298279637951744,0.10899140816447331,-0.002283765663169124,-2.618939734995365,2.5584983825683594,0.06044135242700577,1330,2415,2432
fold_3,train,2603,exp016_static_strict_oof_proxy,recent,0.11127517382764243,0.09178781478248196,0.1120627823188312,0.0007876084911887654,nan,nan,0.0584629587829113,2400,2431,2432
fold_3,train,2603,exp016_static_strict_oof_proxy,random,0.11127517382764243,0.07471499112436106,0.11023995840078561,-0.0010352154268568198,nan,nan,0.08583932369947433,527,2401,2432
fold_3,train,2604,exp016_static_strict_oof_proxy,retrieval,0.10669950096652617,0.05203608979981032,0.10320557108447963,-0.0034939298820465398,-2.9535005390644073,2.880268096923828,0.07323244214057922,970,2422,2432
fold_3,train,2604,exp016_static_strict_oof_proxy,recent,0.10669950096652617,0.1192174433352378,0.10977778498094984,0.003078284014423671,nan,nan,0.0584629587829113,2400,2431,2432
fold_3,train,2604,exp016_static_strict_oof_proxy,random,0.10669950096652617,0.10579208930528859,0.10839444921251379,0.0016949482459876208,nan,nan,0.08479856699705124,498,2374,2432
fold_3,train,2605,exp016_static_strict_oof_proxy,retrieval,0.1721524571002367,0.10712015109542428,0.16861781156265018,-0.003534645537586506,-2.045313835144043,1.9825106859207153,0.06280314922332764,1110,2428,2432
fold_3,train,2605,exp016_static_strict_oof_proxy,recent,0.1721524571002367,0.11837702718011459,0.17007913116393264,-0.002073325936304049,nan,nan,0.0584629587829113,2400,2431,2432
fold_3,train,2605,exp016_static_strict_oof_proxy,random,0.1721524571002367,0.06713234228118906,0.16626138890746756,-0.005891068192769133,nan,nan,0.07929709553718567,531,2429,2432
fold_3,train,2606,exp016_static_strict_oof_proxy,retrieval,0.3044093247135128,0.19524132048111023,0.2999527465578667,-0.004456578155646096,-2.2085531055927277,2.1452927589416504,0.06326034665107727,1097,2418,2432
fold_3,train,2606,exp016_static_strict_oof_proxy,recent,0.3044093247135128,0.2005224377241358,0.30078186757301445,-0.003627457140498336,nan,nan,0.0584629587829113,2400,2431,2432
fold_3,train,2606,exp016_static_strict_oof_proxy,random,0.3044093247135128,0.1980519190620209,0.2999774114893961,-0.004431913224116679,nan,nan,0.07277955859899521,616,2410,2432
fold_3,train,2607,exp016_static_strict_oof_proxy,retrieval,0.30363812796007394,0.23898508389014586,0.3033867677033688,-0.0002513602567051354,-2.2309953048825264,2.1676254272460938,0.06336987763643265,1133,2415,2432
fold_3,train,2607,exp016_static_strict_oof_proxy,recent,0.30363812796007394,0.2441605226420176,0.3048807372421073,0.0012426092820333468,nan,nan,0.0584629587829113,2400,2431,2432
fold_3,train,2607,exp016_static_strict_oof_proxy,random,0.30363812796007394,0.24751941322122048,0.3041941915980027,0.0005560636379287609,nan,nan,0.08437436819076538,556,2428,2432
fold_3,train,2608,exp016_static_strict_oof_proxy,retrieval,0.3716289110941788,0.32138947315639366,0.37350475823763324,0.0018758471434544566,-4.570681244134903,4.489145278930664,0.08153596520423889,1131,2414,2432
fold_3,train,2608,exp016_static_strict_oof_proxy,recent,0.3716289110941788,0.3422579076375454,0.3766780617212638,0.005049150627084997,nan,nan,0.0584629587829113,2400,2431,2432
fold_3,train,2608,exp016_static_strict_oof_proxy,random,0.3716289110941788,0.35373024232884454,0.37636212130526325,0.004733210211084471,nan,nan,0.07793299108743668,524,2424,2432
fold_3,train,2609,exp016_static_strict_oof_proxy,retrieval,0.3874413508806566,0.34193453261449613,0.39126547993745303,0.0038241290567964104,-2.306051157414913,2.2355198860168457,0.07053127139806747,1110,2426,2432
fold_3,train,2609,exp016_static_strict_oof_proxy,recent,0.3874413508806566,0.32804794093225553,0.39133145149701537,0.0038901006163587493,nan,nan,0.0584629587829113,2400,2431,2432
fold_3,train,2609,exp016_static_strict_oof_proxy,random,0.3874413508806566,0.337628164193355,0.3909704138036838,0.003529062923027182,nan,nan,0.07127420604228973,504,2388,2432
fold_3,train,2610,exp016_static_strict_oof_proxy,retrieval,0.31398963168395916,0.301195940267777,0.31894359759271346,0.004953965908754299,-2.644681930541992,2.565995693206787,0.07868623733520508,992,2421,2432
fold_3,train,2610,exp016_static_strict_oof_proxy,recent,0.31398963168395916,0.2995094317333067,0.3194270781127001,0.005437446428740944,nan,nan,0.0584629587829113,2400,2431,2432
fold_3,train,2610,exp016_static_strict_oof_proxy,random,0.31398963168395916,0.30611330676315246,0.3194658357849291,0.005476204100969939,nan,nan,0.0777115747332573,527,2181,2432
fold_3,train,2611,exp016_static_strict_oof_proxy,retrieval,0.21046297113993154,0.1714838391017816,0.21054169783344925,7.872669351771666e-05,-3.3801412284374237,3.3081676959991455,0.0719735324382782,973,2414,2432
fold_3,train,2611,exp016_static_strict_oof_proxy,recent,0.21046297113993154,0.17857434665429975,0.21165778366038854,0.0011948125204570004,nan,nan,0.0584629587829113,2400,2431,2432
fold_3,train,2611,exp016_static_strict_oof_proxy,random,0.21046297113993154,0.18915032672916174,0.2133318209372851,0.002868849797353551,nan,nan,0.10428754985332489,501,2413,2432
fold_3,train,2612,exp016_static_strict_oof_proxy,retrieval,0.1253084839636754,0.09364295486565195,0.12444574099216459,-0.000862742971510802,-3.2277452126145363,3.1461124420166016,0.08163277059793472,1184,2430,2432
fold_3,train,2612,exp016_static_strict_oof_proxy,recent,0.1253084839636754,0.0799741884140847,0.12420760101076861,-0.0011008829529067787,nan,nan,0.0584629587829113,2400,2431,2432
fold_3,train,2612,exp016_static_strict_oof_proxy,random,0.1253084839636754,0.08156275707187592,0.12449415838446005,-0.0008143255792153331,nan,nan,0.08354997634887695,570,2358,2432
fold_3,train,2613,exp016_static_strict_oof_proxy,retrieval,0.1891047447626873,0.14722656966823594,0.19081584570868534,0.0017111009459980508,-2.4350159987807274,2.3643579483032227,0.07065805047750473,1090,2431,2432
fold_3,train,2613,exp016_static_strict_oof_proxy,recent,0.1891047447626873,0.13468661710173213,0.18946034402830667,0.00035559926561937183,nan,nan,0.0584629587829113,2400,2431,2432
fold_3,train,2613,exp016_static_strict_oof_proxy,random,0.1891047447626873,0.14283421377766822,0.19039509795416232,0.0012903531914750244,nan,nan,0.08263865113258362,553,2263,2432
fold_3,train,2614,exp016_static_strict_oof_proxy,retrieval,0.2241034580702428,0.1731527804773573,0.22556234293364774,0.0014588848634049523,-2.819764755666256,2.7387096881866455,0.08105506747961044,1150,2431,2432
fold_3,train,2614,exp016_static_strict_oof_proxy,recent,0.2241034580702428,0.12344274992632512,0.2218748349711142,-0.0022286230991285794,nan,nan,0.0584629587829113,2400,2431,2432
fold_3,train,2614,exp016_static_strict_oof_proxy,random,0.2241034580702428,0.13589507655422883,0.22279860530076348,-0.0013048527694793088,nan,nan,0.07537093758583069,661,2380,2432
fold_3,train,2615,exp016_static_strict_oof_proxy,retrieval,0.20492794648125065,0.1484558691380891,0.20438516624423583,-0.0005427802370148171,-2.820174068212509,2.7413103580474854,0.0788637101650238,2030,2431,2432
fold_3,train,2615,exp016_static_strict_oof_proxy,recent,0.20492794648125065,0.14085070752586015,0.20418884298211512,-0.0007391034991355294,nan,nan,0.0584629587829113,2400,2431,2432
fold_3,train,2615,exp016_static_strict_oof_proxy,random,0.20492794648125065,0.11789916817376668,0.20267138393352088,-0.002256562547729768,nan,nan,0.10148695856332779,760,2352,2432
fold_3,train,2616,exp016_static_strict_oof_proxy,retrieval,0.19126927275672187,0.09238819944356713,0.18617348211953222,-0.005095790637189651,-2.236617363989353,2.165620803833008,0.07099656015634537,1097,2426,2432
fold_3,train,2616,exp016_static_strict_oof_proxy,recent,0.19126927275672187,0.0853980191564339,0.18623432213451227,-0.0050349506222096,nan,nan,0.0584629587829113,2400,2431,2432
fold_3,train,2616,exp016_static_strict_oof_proxy,random,0.19126927275672187,0.08790865697133733,0.1859521896547548,-0.005317083101967074,nan,nan,0.07709629088640213,511,2431,2432
fold_3,train,2617,exp016_static_strict_oof_proxy,retrieval,0.2281021175932006,0.1432983334549497,0.2247697072386595,-0.003332410354541099,-2.018021799623966,1.9399755001068115,0.0780462995171547,1097,2426,2432
fold_3,train,2617,exp016_static_strict_oof_proxy,recent,0.2281021175932006,0.13188057402518943,0.2241904081338916,-0.003911709459308993,nan,nan,0.0584629587829113,2400,2431,2432
fold_3,train,2617,exp016_static_strict_oof_proxy,random,0.2281021175932006,0.12816137387720064,0.22343770757013406,-0.004664410023066529,nan,nan,0.07368724793195724,691,2431,2432
fold_3,train,2618,exp016_static_strict_oof_proxy,retrieval,0.19051836647953274,0.09969830962235507,0.18564503382624198,-0.004873332653290763,-3.1758924201130867,3.1005406379699707,0.075351782143116,1110,2426,2432
fold_3,train,2618,exp016_static_strict_oof_proxy,recent,0.19051836647953274,0.103637582321755,0.18666129238773582,-0.0038570740917969193,nan,nan,0.0584629587829113,2400,2431,2432
fold_3,train,2618,exp016_static_strict_oof_proxy,random,0.19051836647953274,0.10133197539730678,0.18573640797941174,-0.004781958500121003,nan,nan,0.08519639074802399,503,2386,2432
fold_3,train,2619,exp016_static_strict_oof_proxy,retrieval,0.1062671897000226,0.06312742818795626,0.10426856102057244,-0.001998628679450151,-3.4244343116879463,3.348538875579834,0.07589543610811234,2178,2431,2432
fold_3,train,2619,exp016_static_strict_oof_proxy,recent,0.1062671897000226,0.09026185394677565,0.10706692234680092,0.0007997326467783228,nan,nan,0.0584629587829113,2400,2431,2432
fold_3,train,2619,exp016_static_strict_oof_proxy,random,0.1062671897000226,0.08612716794075267,0.10609797516755613,-0.00016921453246646068,nan,nan,0.08920107781887054,564,2425,2432
fold_3,train,2620,exp016_static_strict_oof_proxy,retrieval,0.15081075047204412,0.11855946188004679,0.15122729205957774,0.00041654158753362536,-1.9802442230284214,1.9183731079101562,0.06187111511826515,1129,2431,2432
fold_3,train,2620,exp016_static_strict_oof_proxy,recent,0.15081075047204412,0.11888032244316123,0.1521371824083898,0.0013264319363456845,nan,nan,0.0584629587829113,2400,2431,2432
fold_3,train,2620,exp016_static_strict_oof_proxy,random,0.15081075047204412,0.11727405775714182,0.15177210250264314,0.000961352030599022,nan,nan,0.076906718313694,495,2385,2432
fold_3,train,2621,exp016_static_strict_oof_proxy,retrieval,0.21276642967450746,0.14731008420636324,0.21180902420858078,-0.0009574054659266806,-2.0630082339048386,1.9967529773712158,0.06625525653362274,2185,2431,2432
fold_3,train,2621,exp016_static_strict_oof_proxy,recent,0.21276642967450746,0.14635742051291453,0.21172953259970143,-0.0010368970748060313,nan,nan,0.0584629587829113,2400,2431,2432
fold_3,train,2621,exp016_static_strict_oof_proxy,random,0.21276642967450746,0.12747790360609504,0.20990690478621377,-0.0028595248882936908,nan,nan,0.07290764898061752,493,2386,2432
fold_3,train,2622,exp016_static_strict_oof_proxy,retrieval,0.027592591656251608,0.0036447657222228383,0.025897529402874132,-0.001695062253377476,-2.689196966588497,2.6083145141601562,0.08088245242834091,978,2425,2432
fold_3,train,2622,exp016_static_strict_oof_proxy,recent,0.027592591656251608,-0.012511893651500587,0.024209933038394884,-0.0033826586178567243,nan,nan,0.0584629587829113,2400,2431,2432
fold_3,train,2622,exp016_static_strict_oof_proxy,random,0.027592591656251608,0.02332528118884729,0.027443103562962052,-0.00014948809328955634,nan,nan,0.10060745477676392,562,2380,2432
fold_3,train,2623,exp016_static_strict_oof_proxy,retrieval,0.06867897500432975,0.04041484922354424,0.06716683266340231,-0.0015121423409274332,-5.014659360051155,4.928900241851807,0.08575911819934845,1131,2401,2432
fold_3,train,2623,exp016_static_strict_oof_proxy,recent,0.06867897500432975,0.045527646309299556,0.06807348309894057,-0.00060549190538918,nan,nan,0.0584629587829113,2400,2431,2432
fold_3,train,2623,exp016_static_strict_oof_proxy,random,0.06867897500432975,0.07218081609740307,0.07092523152614179,0.00224625652181204,nan,nan,0.07861383259296417,593,2409,2432
fold_3,train,2624,exp016_static_strict_oof_proxy,retrieval,0.03579593550970775,0.03480841174313713,0.037339864616043,0.0015439291063352525,-2.0614225938916206,1.990675687789917,0.07074690610170364,1097,2428,2432
fold_3,train,2624,exp016_static_strict_oof_proxy,recent,0.03579593550970775,0.0173885554581519,0.03559866821122656,-0.00019726729848119212,nan,nan,0.0584629587829113,2400,2431,2432
fold_3,train,2624,exp016_static_strict_oof_proxy,random,0.03579593550970775,0.023997959351177035,0.036201080040692855,0.0004051445309851062,nan,nan,0.07419035583734512,570,2352,2432
fold_3,train,2625,exp016_static_strict_oof_proxy,retrieval,0.014614128927957692,-0.030827096357699486,0.008972266942403363,-0.005641861985554329,-2.108641229569912,2.0427870750427246,0.06585415452718735,1333,2431,2432
fold_3,train,2625,exp016_static_strict_oof_proxy,recent,0.014614128927957692,-0.026136845559365948,0.009109880960870292,-0.0055042479670874,nan,nan,0.0584629587829113,2400,2431,2432
fold_3,train,2625,exp016_static_strict_oof_proxy,random,0.014614128927957692,-0.0262489044926256,0.009255921738268917,-0.005358207189688775,nan,nan,0.08539219945669174,515,2411,2432
fold_3,train,2626,exp016_static_strict_oof_proxy,retrieval,0.07328125004463847,0.024203705146397688,0.06979371025771412,-0.003487539786924343,-1.9249913543462753,1.8571462631225586,0.06784509122371674,1129,2431,2432
fold_3,train,2626,exp016_static_strict_oof_proxy,recent,0.07328125004463847,0.034855034937455905,0.07074757221269992,-0.002533677831938544,nan,nan,0.0584629587829113,2400,2431,2432
fold_3,train,2626,exp016_static_strict_oof_proxy,random,0.07328125004463847,0.03963981157801213,0.07118453479781503,-0.0020967152468234357,nan,nan,0.08017443120479584,496,2400,2432
fold_3,train,2627,exp016_static_strict_oof_proxy,retrieval,0.0728155856169381,0.015093724803847793,0.06869885636143644,-0.004116729255501661,-2.1253110989928246,2.0533580780029297,0.07195302098989487,1097,2428,2432
fold_3,train,2627,exp016_static_strict_oof_proxy,recent,0.0728155856169381,0.03161516019186172,0.07054862364142638,-0.002266961975511725,nan,nan,0.0584629587829113,2400,2431,2432
fold_3,train,2627,exp016_static_strict_oof_proxy,random,0.0728155856169381,0.017266078525588067,0.06857731096939446,-0.004238274647543644,nan,nan,0.07881433516740799,534,2407,2432
fold_3,train,2628,exp016_static_strict_oof_proxy,retrieval,0.07470223861188617,-0.14755723965644926,0.053777608299792015,-0.020924630312094156,-4.74587781727314,4.660329341888428,0.08554847538471222,2003,2399,2432
fold_3,train,2628,exp016_static_strict_oof_proxy,recent,0.07470223861188617,-0.12029225752320422,0.056772036138910194,-0.017930202472975977,nan,nan,0.0584629587829113,2400,2431,2432
fold_3,train,2628,exp016_static_strict_oof_proxy,random,0.07470223861188617,-0.11049478761460402,0.057094325711563906,-0.017607912900322265,nan,nan,0.07758092880249023,495,2402,2432
fold_3,train,2629,exp016_static_strict_oof_proxy,retrieval,0.06660343808793448,-0.07374468839152265,0.053270621042922774,-0.013332817045011706,-2.812497392296791,2.738105058670044,0.07439233362674713,1340,2431,2432
fold_3,train,2629,exp016_static_strict_oof_proxy,recent,0.06660343808793448,-0.04652701441394997,0.05645257428342183,-0.010150863804512647,nan,nan,0.0584629587829113,2400,2431,2432
fold_3,train,2629,exp016_static_strict_oof_proxy,random,0.06660343808793448,-0.03210868878046695,0.05788589073153307,-0.008717547356401407,nan,nan,0.08165901899337769,501,2414,2432
fold_3,train,2630,exp016_static_strict_oof_proxy,retrieval,0.0815246743684936,0.0028492687762575893,0.07486770706275363,-0.006656967305739975,-3.417338617146015,3.3356845378875732,0.08165407925844193,1131,2421,2432
fold_3,train,2630,exp016_static_strict_oof_proxy,recent,0.0815246743684936,0.026407748693607805,0.0765373111851202,-0.004987363183373408,nan,nan,0.0584629587829113,2400,2431,2432
fold_3,train,2630,exp016_static_strict_oof_proxy,random,0.0815246743684936,0.023240747996570117,0.07638094499078739,-0.005143729377706213,nan,nan,0.08247927576303482,695,2420,2432
fold_3,train,2631,exp016_static_strict_oof_proxy,retrieval,-0.0591889656432289,-0.11066981561676092,-0.06667330055454034,-0.007484334911311438,-2.1727934032678604,2.099961042404175,0.07283236086368561,1129,2431,2432
fold_3,train,2631,exp016_static_strict_oof_proxy,recent,-0.0591889656432289,-0.05794581848281401,-0.06201422312939396,-0.0028252574861650642,nan,nan,0.0584629587829113,2400,2431,2432
fold_3,train,2631,exp016_static_strict_oof_proxy,random,-0.0591889656432289,-0.061833707480628636,-0.062053844278094704,-0.002864878634865807,nan,nan,0.07456905394792557,545,2338,2432
fold_3,train,2632,exp016_static_strict_oof_proxy,retrieval,0.017404791287563014,-0.022726792441012587,0.012684374315158101,-0.004720416972404913,-2.622365601360798,2.5489985942840576,0.07336700707674026,1158,2430,2432
fold_3,train,2632,exp016_static_strict_oof_proxy,recent,0.017404791287563014,-0.012001633135555877,0.013129459229111549,-0.004275332058451466,nan,nan,0.0584629587829113,2400,2431,2432
fold_3,train,2632,exp016_static_strict_oof_proxy,random,0.017404791287563014,-0.041313109043428754,0.00988754420666278,-0.007517247080900234,nan,nan,0.07464970648288727,538,2421,2432
fold_3,train,2633,exp016_static_strict_oof_proxy,retrieval,0.051156852099551925,-0.04107101647157966,0.04262740789040989,-0.008529444209142034,-2.5057893097400665,2.441420555114746,0.06436875462532043,1110,2426,2432
fold_3,train,2633,exp016_static_strict_oof_proxy,recent,0.051156852099551925,-0.02874976428449788,0.043529988815516,-0.007626863284035924,nan,nan,0.0584629587829113,2400,2431,2432
fold_3,train,2633,exp016_static_strict_oof_proxy,random,0.051156852099551925,-0.04756696416699153,0.04187830729106431,-0.009278544808487617,nan,nan,0.0955650582909584,514,2351,2432
fold_3,train,2634,exp016_static_strict_oof_proxy,retrieval,0.030497604242408743,0.028835291980363886,0.03035989495363339,-0.00013770928877535407,-2.1207393929362297,2.039130926132202,0.08160846680402756,1068,2426,2432
fold_3,train,2634,exp016_static_strict_oof_proxy,recent,0.030497604242408743,0.039519546433458494,0.031246806713939236,0.0007492024715304926,nan,nan,0.0584629587829113,2400,2431,2432
fold_3,train,2634,exp016_static_strict_oof_proxy,random,0.030497604242408743,0.004613783286598418,0.02802604683041879,-0.002471557411989952,nan,nan,0.08151895552873611,493,2380,2432
fold_3,train,2635,exp016_static_strict_oof_proxy,retrieval,-0.04064528940968749,-0.013870107150444358,-0.03929015019032776,0.00135513921935973,-1.9888931214809418,1.9215482473373413,0.06734487414360046,1119,2426,2432
fold_3,train,2635,exp016_static_strict_oof_proxy,recent,-0.04064528940968749,-0.005451775524899615,-0.038472439332726475,0.002172850076961018,nan,nan,0.0584629587829113,2400,2431,2432
fold_3,train,2635,exp016_static_strict_oof_proxy,random,-0.04064528940968749,-0.036463949286894275,-0.041930407022247054,-0.001285117612559561,nan,nan,0.08665958791971207,536,2423,2432
fold_3,train,2636,exp016_static_strict_oof_proxy,retrieval,-0.018707047651097174,-0.05693191050901857,-0.023121203628087797,-0.004414155976990623,-1.9884191006422043,1.9189081192016602,0.06951098144054413,1124,2426,2432
fold_3,train,2636,exp016_static_strict_oof_proxy,recent,-0.018707047651097174,-0.07548717781313193,-0.024963381210532567,-0.006256333559435393,nan,nan,0.0584629587829113,2400,2431,2432
fold_3,train,2636,exp016_static_strict_oof_proxy,random,-0.018707047651097174,-0.09361813777747796,-0.026758278120058748,-0.008051230468961574,nan,nan,0.11114252358675003,498,2429,2432
fold_3,train,2637,exp016_static_strict_oof_proxy,retrieval,-0.032523987307384414,-0.08906148627628252,-0.040849338847196805,-0.008325351539812391,-2.2576353922486305,2.191129684448242,0.06650570780038834,1110,2431,2432
fold_3,train,2637,exp016_static_strict_oof_proxy,recent,-0.032523987307384414,-0.07989355165847141,-0.04022489692385742,-0.007700909616473003,nan,nan,0.0584629587829113,2400,2431,2432
fold_3,train,2637,exp016_static_strict_oof_proxy,random,-0.032523987307384414,-0.07944210099779421,-0.03882735287485918,-0.006303365567474767,nan,nan,0.07687916606664658,520,2363,2432
fold_3,train,2638,exp016_static_strict_oof_proxy,retrieval,-0.10081681384007825,-0.13646165096310586,-0.10792006703833992,-0.007103253198261675,-3.6977776139974594,3.6127355098724365,0.08504210412502289,1009,2427,2432
fold_3,train,2638,exp016_static_strict_oof_proxy,recent,-0.10081681384007825,-0.13342172009019168,-0.10816234191191205,-0.007345528071833807,nan,nan,0.0584629587829113,2400,2431,2432
fold_3,train,2638,exp016_static_strict_oof_proxy,random,-0.10081681384007825,-0.14492667581985016,-0.10848260855373441,-0.0076657947136561655,nan,nan,0.08518187701702118,492,2412,2432
fold_3,train,2639,exp016_static_strict_oof_proxy,retrieval,-0.11287513262222118,-0.14365995682398935,-0.1206918479387571,-0.007816715316535924,-2.3350870609283447,2.2535817623138428,0.08150529861450195,1097,2426,2432
fold_3,train,2639,exp016_static_strict_oof_proxy,recent,-0.11287513262222118,-0.13942347689437581,-0.1205010646522948,-0.007625932030073626,nan,nan,0.0584629587829113,2400,2431,2432
fold_3,train,2639,exp016_static_strict_oof_proxy,random,-0.11287513262222118,-0.11085922603094553,-0.11726845174626895,-0.004393319124047765,nan,nan,0.08881627768278122,594,2421,2432
fold_3,train,2640,exp016_static_strict_oof_proxy,retrieval,0.011569212720860346,-0.060778902465463365,0.0045405865960556485,-0.0070286261248046975,-1.995829626917839,1.9266672134399414,0.06916241347789764,1271,2431,2432
fold_3,train,2640,exp016_static_strict_oof_proxy,recent,0.011569212720860346,-0.07945533333895115,0.0023502832059529863,-0.00921892951490736,nan,nan,0.0584629587829113,2400,2431,2432
fold_3,train,2640,exp016_static_strict_oof_proxy,random,0.011569212720860346,-0.06432138839211668,0.00416649653834949,-0.0074027161825108555,nan,nan,0.07958239316940308,547,2364,2432
fold_3,train,2641,exp016_static_strict_oof_proxy,retrieval,0.09076805880876647,0.02530814095553827,0.08527806616754471,-0.005489992641221755,-2.0269798934459686,1.9629648923873901,0.06401500105857849,1209,2428,2432
fold_3,train,2641,exp016_static_strict_oof_proxy,recent,0.09076805880876647,0.013418599406035979,0.08420576583237147,-0.006562292976395004,nan,nan,0.0584629587829113,2400,2431,2432
fold_3,train,2641,exp016_static_strict_oof_proxy,random,0.09076805880876647,0.061205853985626266,0.08917035711470978,-0.001597701694056694,nan,nan,0.0745415985584259,561,2409,2432
fold_3,train,2642,exp016_static_strict_oof_proxy,retrieval,0.2877631929019264,0.13867710857934967,0.28196516902019736,-0.005798023881729064,-2.173112317919731,2.101592540740967,0.07151977717876434,988,2430,2432
fold_3,train,2642,exp016_static_strict_oof_proxy,recent,0.2877631929019264,0.18831433943303502,0.2861429503195136,-0.0016202425824128341,nan,nan,0.0584629587829113,2400,2431,2432
fold_3,train,2642,exp016_static_strict_oof_proxy,random,0.2877631929019264,0.18175127152667084,0.28537970236335747,-0.0023834905385689553,nan,nan,0.08447159081697464,517,2410,2432
fold_3,train,2643,exp016_static_strict_oof_proxy,retrieval,0.36766592722143404,0.3691966748170156,0.3767878222214519,0.009121895000017866,-2.597077466547489,2.5208840370178223,0.0761934295296669,1184,2431,2432
fold_3,train,2643,exp016_static_strict_oof_proxy,recent,0.36766592722143404,0.2680173087749798,0.3683176645769544,0.0006517373555203765,nan,nan,0.0584629587829113,2400,2431,2432
fold_3,train,2643,exp016_static_strict_oof_proxy,random,0.36766592722143404,0.1769035246742772,0.36110826906639704,-0.006557658155037005,nan,nan,0.07215220481157303,493,2376,2432
fold_3,train,2644,exp016_static_strict_oof_proxy,retrieval,0.3934440249019134,0.32715756046896616,0.39997982574305746,0.006535800841144079,-2.11062590777874,2.036588191986084,0.07403771579265594,990,2426,2432
fold_3,train,2644,exp016_static_strict_oof_proxy,recent,0.3934440249019134,0.2974490931372067,0.39768828170097553,0.004244256799062152,nan,nan,0.0584629587829113,2400,2431,2432
fold_3,train,2644,exp016_static_strict_oof_proxy,random,0.3934440249019134,0.3349870119853823,0.39858628006200447,0.0051422551600910915,nan,nan,0.0795014426112175,487,2318,2432
fold_3,train,2645,exp016_static_strict_oof_proxy,retrieval,0.3455594741808451,0.3607771043413819,0.356580618961333,0.01102114478048788,-2.039774112403393,1.9709614515304565,0.06881266087293625,1183,2431,2432
fold_3,train,2645,exp016_static_strict_oof_proxy,recent,0.3455594741808451,0.26266556034822736,0.34759688515668347,0.002037410975838372,nan,nan,0.0584629587829113,2400,2431,2432
fold_3,train,2645,exp016_static_strict_oof_proxy,random,0.3455594741808451,0.3149538754826605,0.35185648147898635,0.006297007298141255,nan,nan,0.07880891114473343,518,2378,2432
fold_3,train,2646,exp016_static_strict_oof_proxy,retrieval,0.3468776954227265,0.36161859057965745,0.35780524939162156,0.010927553968895054,-2.250123009085655,2.1806955337524414,0.0694274753332138,1198,2430,2432
fold_3,train,2646,exp016_static_strict_oof_proxy,recent,0.3468776954227265,0.2663754934274428,0.3494244271991858,0.00254673177645931,nan,nan,0.0584629587829113,2400,2431,2432
fold_3,train,2646,exp016_static_strict_oof_proxy,random,0.3468776954227265,0.3185752746404231,0.353174439681538,0.006296744258811493,nan,nan,0.07642561197280884,530,2427,2432
fold_3,train,2647,exp016_static_strict_oof_proxy,retrieval,0.11141202207914346,0.12791513928160816,0.11699016623616568,0.005578144157022222,-2.337799958884716,2.2548208236694336,0.08297913521528244,977,2425,2432
fold_3,train,2647,exp016_static_strict_oof_proxy,recent,0.11141202207914346,0.12492008249937249,0.11647415253527589,0.005062130456132435,nan,nan,0.0584629587829113,2400,2431,2432
fold_3,train,2647,exp016_static_strict_oof_proxy,random,0.11141202207914346,0.1371475013160345,0.11795256077032079,0.006540538691177336,nan,nan,0.08495450019836426,537,2383,2432
fold_3,train,2648,exp016_static_strict_oof_proxy,retrieval,0.060061842673642195,0.09244233542522264,0.06605905637734773,0.005997213703705533,-3.932474933564663,3.845245838165283,0.08722909539937973,994,2401,2432
fold_3,train,2648,exp016_static_strict_oof_proxy,recent,0.060061842673642195,0.09987442971867848,0.06715751522594676,0.0070956725523045674,nan,nan,0.0584629587829113,2400,2431,2432
fold_3,train,2648,exp016_static_strict_oof_proxy,random,0.060061842673642195,0.09618074448295644,0.0668918087583837,0.006829966084741505,nan,nan,0.08383936434984207,514,2375,2432
fold_3,train,2649,exp016_static_strict_oof_proxy,retrieval,0.05183608009741192,0.002565847150901335,0.048788323332799304,-0.003047756764612615,-2.9177263379096985,2.8419644832611084,0.07576185464859009,2030,2431,2432
fold_3,train,2649,exp016_static_strict_oof_proxy,recent,0.05183608009741192,0.023288694603179737,0.05084722786913524,-0.0009888522282766807,nan,nan,0.0584629587829113,2400,2431,2432
fold_3,train,2649,exp016_static_strict_oof_proxy,random,0.05183608009741192,0.06735911375559395,0.05519676828870536,0.00336068819129344,nan,nan,0.08046844601631165,733,2380,2432
fold_3,train,2650,exp016_static_strict_oof_proxy,retrieval,0.02239561835679587,-0.01547681918811199,0.018362005002723045,-0.004033613354072825,-2.4743210151791573,2.405606746673584,0.06871426850557327,1014,2431,2432
fold_3,train,2650,exp016_static_strict_oof_proxy,recent,0.02239561835679587,-0.008185966327305602,0.019736673761990807,-0.0026589445948050627,nan,nan,0.0584629587829113,2400,2431,2432
fold_3,train,2650,exp016_static_strict_oof_proxy,random,0.02239561835679587,-0.002981142426991053,0.02067738094513497,-0.0017182374116609007,nan,nan,0.08742634207010269,547,2401,2432
fold_3,train,2651,exp016_static_strict_oof_proxy,retrieval,-0.05168747893685881,-0.023869505633666886,-0.051377237361365014,0.0003102415754937943,-2.1567143499851227,2.0978498458862305,0.05886450409889221,1271,2426,2432
fold_3,train,2651,exp016_static_strict_oof_proxy,recent,-0.05168747893685881,-0.004528872980977209,-0.0492025338197858,0.0024849451170730064,nan,nan,0.0584629587829113,2400,2431,2432
fold_3,train,2651,exp016_static_strict_oof_proxy,random,-0.05168747893685881,-0.012951884987596432,-0.04947556105148595,0.002211917885372859,nan,nan,0.0810830295085907,522,2403,2432
fold_3,train,2652,exp016_static_strict_oof_proxy,retrieval,-0.09343797166308161,-0.04963840684259537,-0.09130862092921341,0.0021293507338682044,-2.200616344809532,2.136577844619751,0.06403850018978119,1023,2426,2432
fold_3,train,2652,exp016_static_strict_oof_proxy,recent,-0.09343797166308161,-0.040172179307405124,-0.09051974922538715,0.002918222437694462,nan,nan,0.0584629587829113,2400,2431,2432
fold_3,train,2652,exp016_static_strict_oof_proxy,random,-0.09343797166308161,-0.09203717024751956,-0.09583018992253146,-0.002392218259449852,nan,nan,0.07144767045974731,547,2403,2432
fold_3,train,2653,exp016_static_strict_oof_proxy,retrieval,-0.15527540950173932,-0.08256156623139047,-0.1517875041095543,0.00348790539218502,-2.306760400533676,2.2413835525512695,0.06537684798240662,1209,2431,2432
fold_3,train,2653,exp016_static_strict_oof_proxy,recent,-0.15527540950173932,-0.04860619914235913,-0.14902150244075013,0.006253907060989189,nan,nan,0.0584629587829113,2400,2431,2432
fold_3,train,2653,exp016_static_strict_oof_proxy,random,-0.15527540950173932,-0.07479350205515699,-0.15100840895722217,0.004267000544517147,nan,nan,0.07767944037914276,514,2349,2432
fold_3,train,2654,exp016_static_strict_oof_proxy,retrieval,-0.18295846598158372,-0.17266324619468937,-0.1867314192953602,-0.0037729533137764726,-2.3048126846551895,2.239870071411133,0.0649426132440567,1276,2431,2432
fold_3,train,2654,exp016_static_strict_oof_proxy,recent,-0.18295846598158372,-0.13132965049290032,-0.1828981379920564,6.03279895273201e-05,nan,nan,0.0584629587829113,2400,2431,2432
fold_3,train,2654,exp016_static_strict_oof_proxy,random,-0.18295846598158372,-0.12145561181595912,-0.18222598081352484,0.0007324851680588773,nan,nan,0.10160400718450546,554,2423,2432
fold_3,train,2655,exp016_static_strict_oof_proxy,retrieval,-0.10635524521409043,-0.07865117179276408,-0.1070385312919316,-0.0006832860778411692,-2.3198702335357666,2.266252040863037,0.05361819267272949,1277,2428,2432
fold_3,train,2655,exp016_static_strict_oof_proxy,recent,-0.10635524521409043,-0.06651808558180973,-0.10594081127632707,0.0004144339377633588,nan,nan,0.0584629587829113,2400,2431,2432
fold_3,train,2655,exp016_static_strict_oof_proxy,random,-0.10635524521409043,-0.10505120626854839,-0.10967610892349512,-0.003320863709404695,nan,nan,0.0802016332745552,499,2358,2432
fold_3,train,2656,exp016_static_strict_oof_proxy,retrieval,-0.0951622464724697,-0.10846760944327753,-0.09993610827202512,-0.004773861799555426,-2.5134041532874107,2.4542064666748047,0.05919768661260605,977,2426,2432
fold_3,train,2656,exp016_static_strict_oof_proxy,recent,-0.0951622464724697,-0.08375692953513375,-0.09751649464962882,-0.002354248177159124,nan,nan,0.0584629587829113,2400,2431,2432
fold_3,train,2656,exp016_static_strict_oof_proxy,random,-0.0951622464724697,-0.09733449606037663,-0.09777343700729028,-0.00261119053482059,nan,nan,0.08734973520040512,505,2337,2432
fold_3,train,2657,exp016_static_strict_oof_proxy,retrieval,-0.16919544970721095,-0.15584302864709243,-0.17228367208651216,-0.003088222379301203,-2.506323214620352,2.4481334686279297,0.058189745992422104,1181,2426,2432
fold_3,train,2657,exp016_static_strict_oof_proxy,recent,-0.16919544970721095,-0.1276853980056817,-0.16958637744737662,-0.0003909277401656641,nan,nan,0.0584629587829113,2400,2431,2432
fold_3,train,2657,exp016_static_strict_oof_proxy,random,-0.16919544970721095,-0.15041061384176924,-0.17142049190474615,-0.002225042197535193,nan,nan,0.0805644616484642,510,2342,2432
fold_3,train,2658,exp016_static_strict_oof_proxy,retrieval,-0.16225208634628446,-0.13556955866636414,-0.16394471336605113,-0.0016926270197666626,-2.2845024839043617,2.223170280456543,0.061332203447818756,1209,2426,2432
fold_3,train,2658,exp016_static_strict_oof_proxy,recent,-0.16225208634628446,-0.11960656294772219,-0.16234771881211094,-9.563246582647289e-05,nan,nan,0.0584629587829113,2400,2431,2432
fold_3,train,2658,exp016_static_strict_oof_proxy,random,-0.16225208634628446,-0.13989767511631396,-0.16444959741151752,-0.0021975110652330543,nan,nan,0.06793008744716644,528,2426,2432
fold_3,train,2659,exp016_static_strict_oof_proxy,retrieval,0.039821041141324315,0.06655275570215728,0.04240368057722249,0.0025826394358981763,-2.276726081967354,2.2098915576934814,0.06683452427387238,1188,2426,2432
fold_3,train,2659,exp016_static_strict_oof_proxy,recent,0.039821041141324315,0.07395493479721611,0.043354407917934996,0.0035333667766106816,nan,nan,0.0584629587829113,2400,2431,2432
fold_3,train,2659,exp016_static_strict_oof_proxy,random,0.039821041141324315,0.05416495143622724,0.04157769003490669,0.0017566488935823743,nan,nan,0.08947865664958954,606,2426,2432
fold_3,train,2660,exp016_static_strict_oof_proxy,retrieval,-0.01860970330533789,0.04133948850811925,-0.014714753589025086,0.0038949497163128025,-2.2797493785619736,2.217221975326538,0.06252740323543549,1133,2428,2432
fold_3,train,2660,exp016_static_strict_oof_proxy,recent,-0.01860970330533789,0.04406882489848276,-0.014588979796025005,0.004020723509312884,nan,nan,0.0584629587829113,2400,2431,2432
fold_3,train,2660,exp016_static_strict_oof_proxy,random,-0.01860970330533789,0.0359520395386223,-0.01588715380318379,0.0027225495021540973,nan,nan,0.07638998329639435,509,2266,2432
fold_3,train,2661,exp016_static_strict_oof_proxy,retrieval,0.015508850371774668,0.10007829774409492,0.02380568670054103,0.008296836328766363,-2.307097911834717,2.2401301860809326,0.06696772575378418,1119,2428,2432
fold_3,train,2661,exp016_static_strict_oof_proxy,recent,0.015508850371774668,0.08762291147424385,0.02244739589195792,0.0069385455201832515,nan,nan,0.0584629587829113,2400,2431,2432
fold_3,train,2661,exp016_static_strict_oof_proxy,random,0.015508850371774668,0.12055373060063838,0.026206909544592503,0.010698059172817836,nan,nan,0.07558351010084152,511,2326,2432
fold_3,train,2662,exp016_static_strict_oof_proxy,retrieval,0.1827503006282802,0.21071917921128341,0.18983165540521182,0.007081354776931614,-2.5154783874750137,2.4510345458984375,0.06444384157657623,1209,2426,2432
fold_3,train,2662,exp016_static_strict_oof_proxy,recent,0.1827503006282802,0.20130071578025155,0.18908086277337183,0.006330562145091617,nan,nan,0.0584629587829113,2400,2431,2432
fold_3,train,2662,exp016_static_strict_oof_proxy,random,0.1827503006282802,0.1882121928084232,0.18797841484630667,0.005228114218026464,nan,nan,0.0905877947807312,559,2406,2432
fold_3,train,2663,exp016_static_strict_oof_proxy,retrieval,0.2662165993724686,0.22484234017192167,0.2685770518997217,0.0023604525272530874,-2.517623633146286,2.450838088989258,0.0667855441570282,984,2426,2432
fold_3,train,2663,exp016_static_strict_oof_proxy,recent,0.2662165993724686,0.2087229983864211,0.2675102219394261,0.0012936225669574752,nan,nan,0.0584629587829113,2400,2431,2432
fold_3,train,2663,exp016_static_strict_oof_proxy,random,0.2662165993724686,0.22332045502218884,0.2678891249479766,0.0016725255755080104,nan,nan,0.09114547073841095,486,2410,2432
fold_3,train,2664,exp016_static_strict_oof_proxy,retrieval,0.1620358051342516,0.15313190517507616,0.16381704853238335,0.0017812433981317655,-2.4673068076372147,2.402437686920166,0.06486912071704865,980,2412,2432
fold_3,train,2664,exp016_static_strict_oof_proxy,recent,0.1620358051342516,0.16255293941386603,0.16524945230923135,0.003213647174979767,nan,nan,0.0584629587829113,2400,2431,2432
fold_3,train,2664,exp016_static_strict_oof_proxy,random,0.1620358051342516,0.137295288941434,0.1628028838115331,0.000767078677281513,nan,nan,0.07708147913217545,535,2316,2432
fold_3,train,2665,exp016_static_strict_oof_proxy,retrieval,0.16619964014978736,0.1045727591285242,0.16377269142157475,-0.0024269487282126134,-2.199274368584156,2.1329121589660645,0.06636220961809158,990,2412,2432
fold_3,train,2665,exp016_static_strict_oof_proxy,recent,0.16619964014978736,0.12780731797243577,0.16622477599649668,2.513584670932323e-05,nan,nan,0.0584629587829113,2400,2431,2432
fold_3,train,2665,exp016_static_strict_oof_proxy,random,0.16619964014978736,0.08524255469625434,0.1632819951271485,-0.0029176450226388595,nan,nan,0.07799924165010452,556,2391,2432
fold_3,train,2666,exp016_static_strict_oof_proxy,retrieval,0.08472221953919416,0.04248107815666753,0.08227721143131002,-0.0024450081078841446,-2.223092805594206,2.165025234222412,0.05806757137179375,1117,2412,2432
fold_3,train,2666,exp016_static_strict_oof_proxy,recent,0.08472221953919416,0.06382992971315736,0.08422472303216598,-0.0004974965070281834,nan,nan,0.0584629587829113,2400,2431,2432
fold_3,train,2666,exp016_static_strict_oof_proxy,random,0.08472221953919416,0.03791002005438134,0.08173481340127885,-0.002987406137915316,nan,nan,0.07231011986732483,614,2356,2432
fold_3,train,2667,exp016_static_strict_oof_proxy,retrieval,0.21304320427992474,0.14056324100320308,0.20872137274851993,-0.004321831531404807,-2.1986322179436684,2.1288819313049316,0.06975028663873672,1129,2415,2432
fold_3,train,2667,exp016_static_strict_oof_proxy,recent,0.21304320427992474,0.15147063270160568,0.21045536634007128,-0.0025878379398534546,nan,nan,0.0584629587829113,2400,2431,2432
fold_3,train,2667,exp016_static_strict_oof_proxy,random,0.21304320427992474,0.15148032459481078,0.21074063067828305,-0.002302573601641683,nan,nan,0.069625623524189,505,2383,2432
fold_3,train,2668,exp016_static_strict_oof_proxy,retrieval,0.09564565930950747,0.053787080719698094,0.09257884502940819,-0.003066814280099278,-3.1110200956463814,3.0282628536224365,0.08275724202394485,1167,2431,2432
fold_3,train,2668,exp016_static_strict_oof_proxy,recent,0.09564565930950747,0.0616149706689751,0.09220901071654017,-0.0034366485929673007,nan,nan,0.0584629587829113,2400,2431,2432
fold_3,train,2668,exp016_static_strict_oof_proxy,random,0.09564565930950747,0.06499087941624522,0.09310761883698591,-0.002538040472521555,nan,nan,0.08269644528627396,517,2386,2432
fold_3,train,2669,exp016_static_strict_oof_proxy,retrieval,0.2474371674620189,0.1881420539360176,0.2459285830897853,-0.0015085843722336123,-2.218515656888485,2.1428661346435547,0.07564952224493027,1110,2426,2432
fold_3,train,2669,exp016_static_strict_oof_proxy,recent,0.2474371674620189,0.18220212470362548,0.24654918195976264,-0.0008879855022562722,nan,nan,0.0584629587829113,2400,2431,2432
fold_3,train,2669,exp016_static_strict_oof_proxy,random,0.2474371674620189,0.17393341508912347,0.24637128932552044,-0.0010658781364984715,nan,nan,0.07755672186613083,491,2378,2432
fold_3,train,2670,exp016_static_strict_oof_proxy,retrieval,0.14491899297970265,0.09699821602447022,0.14317405634789848,-0.001744936631804167,-2.2827665880322456,2.215862274169922,0.06690431386232376,990,2426,2432
fold_3,train,2670,exp016_static_strict_oof_proxy,recent,0.14491899297970265,0.08654248529786253,0.14274563983682906,-0.002173353142873591,nan,nan,0.0584629587829113,2400,2431,2432
fold_3,train,2670,exp016_static_strict_oof_proxy,random,0.14491899297970265,0.06834847410498517,0.14096990948034369,-0.003949083499358963,nan,nan,0.0830623209476471,550,2425,2432
fold_3,train,2671,exp016_static_strict_oof_proxy,retrieval,0.14882061092153942,0.09024392362350583,0.1458840096538498,-0.0029366012676896314,-2.1134041137993336,2.0510482788085938,0.06235583499073982,1117,2418,2432
fold_3,train,2671,exp016_static_strict_oof_proxy,recent,0.14882061092153942,0.07899789116482282,0.1448271723847305,-0.003993438536808919,nan,nan,0.0584629587829113,2400,2431,2432
fold_3,train,2671,exp016_static_strict_oof_proxy,random,0.14882061092153942,0.07878889251921775,0.1449673848152938,-0.003853226106245611,nan,nan,0.07716209441423416,498,2332,2432
fold_3,train,2672,exp016_static_strict_oof_proxy,retrieval,-0.09717635679154588,-0.04798141355641416,-0.09456272037746319,0.0026136364140826873,-2.36792803555727,2.297719955444336,0.07020808011293411,1110,2426,2432
fold_3,train,2672,exp016_static_strict_oof_proxy,recent,-0.09717635679154588,-0.05781627595181364,-0.09621044206493484,0.0009659147266110335,nan,nan,0.0584629587829113,2400,2431,2432
fold_3,train,2672,exp016_static_strict_oof_proxy,random,-0.09717635679154588,-0.047132134065783246,-0.0951624140164882,0.0020139427750576755,nan,nan,0.08909350633621216,605,2425,2432
fold_3,train,2673,exp016_static_strict_oof_proxy,retrieval,0.004527346397646828,-0.043294048157521386,-0.0008893138459663834,-0.005416660243613211,-4.3921855464577675,4.310362815856934,0.08182273060083389,1131,2421,2432
fold_3,train,2673,exp016_static_strict_oof_proxy,recent,0.004527346397646828,-0.008753344836845152,0.0020239207594620607,-0.002503425638184767,nan,nan,0.0584629587829113,2400,2431,2432
fold_3,train,2673,exp016_static_strict_oof_proxy,random,0.004527346397646828,0.09332524989014575,0.012930920592301389,0.00840357419465456,nan,nan,0.09013624489307404,501,2429,2432
fold_3,train,2674,exp016_static_strict_oof_proxy,retrieval,-0.03658536339543703,0.03828802114563274,-0.030261041945691413,0.00632432144974562,-2.20940750092268,2.1464505195617676,0.06295698136091232,1117,2417,2432
fold_3,train,2674,exp016_static_strict_oof_proxy,recent,-0.03658536339543703,0.03369852342870927,-0.030527250930284706,0.006058112465152327,nan,nan,0.0584629587829113,2400,2431,2432
fold_3,train,2674,exp016_static_strict_oof_proxy,random,-0.03658536339543703,0.050007374215898466,-0.02900156298369033,0.007583800411746704,nan,nan,0.09063553065061569,585,2405,2432
fold_3,train,2675,exp016_static_strict_oof_proxy,retrieval,-0.0700472578262513,-0.019453286522393892,-0.0680286799665804,0.0020185778596709114,-3.1031651347875595,3.0306546688079834,0.07251046597957611,1059,2400,2432
fold_3,train,2675,exp016_static_strict_oof_proxy,recent,-0.0700472578262513,-0.021382321217919782,-0.06884856187455109,0.0011986959517002183,nan,nan,0.0584629587829113,2400,2431,2432
fold_3,train,2675,exp016_static_strict_oof_proxy,random,-0.0700472578262513,-0.05131654170846862,-0.07206383735918029,-0.002016579532928983,nan,nan,0.09726211428642273,487,2426,2432
fold_3,train,2676,exp016_static_strict_oof_proxy,retrieval,-0.07173934277772229,-0.02905036247583057,-0.06961769147470459,0.0021216513030176964,-2.259667992591858,2.197096347808838,0.06257164478302002,1133,2412,2432
fold_3,train,2676,exp016_static_strict_oof_proxy,recent,-0.07173934277772229,0.0296608911872323,-0.06477165888503557,0.0069676838926867185,nan,nan,0.0584629587829113,2400,2431,2432
fold_3,train,2676,exp016_static_strict_oof_proxy,random,-0.07173934277772229,-0.016444445819441485,-0.06832153411831163,0.0034178086594106594,nan,nan,0.08056942373514175,489,2382,2432
fold_3,train,2677,exp016_static_strict_oof_proxy,retrieval,-0.0073727513182498304,0.03675543872642955,-0.0037659252224519196,0.003606826095797911,-3.3008143976330757,3.219935417175293,0.08087898045778275,1136,2403,2432
fold_3,train,2677,exp016_static_strict_oof_proxy,recent,-0.0073727513182498304,0.04298801715144198,-0.0027042386393240202,0.00466851267892581,nan,nan,0.0584629587829113,2400,2431,2432
fold_3,train,2677,exp016_static_strict_oof_proxy,random,-0.0073727513182498304,0.0008309613409078718,-0.006963093403745549,0.00040965791450428123,nan,nan,0.09814237058162689,587,2350,2432
fold_3,train,2678,exp016_static_strict_oof_proxy,retrieval,0.054752847731167835,0.09303209158361107,0.05924378722839031,0.004490939497222478,-2.5151269510388374,2.4484496116638184,0.06667733937501907,1332,2412,2432
fold_3,train,2678,exp016_static_strict_oof_proxy,recent,0.054752847731167835,0.12404089680964649,0.062408997835026,0.007656150103858166,nan,nan,0.0584629587829113,2400,2431,2432
fold_3,train,2678,exp016_static_strict_oof_proxy,random,0.054752847731167835,0.10227788731487937,0.060501357806713014,0.0057485100755451796,nan,nan,0.08149982243776321,539,2416,2432
fold_3,train,2679,exp016_static_strict_oof_proxy,retrieval,0.053608332498273854,0.05062788463160033,0.05445607802970014,0.0008477455314262888,-2.770806349813938,2.6970748901367188,0.07373145967721939,981,2414,2432
fold_3,train,2679,exp016_static_strict_oof_proxy,recent,0.053608332498273854,0.123236030724165,0.061784843989740774,0.00817651149146692,nan,nan,0.0584629587829113,2400,2431,2432
fold_3,train,2679,exp016_static_strict_oof_proxy,random,0.053608332498273854,0.15372924464166604,0.0656734010310292,0.012065068532755345,nan,nan,0.08807838708162308,506,2421,2432
fold_3,train,2680,exp016_static_strict_oof_proxy,retrieval,-0.014963228299917872,-0.023445424116670714,-0.017426936755595628,-0.002463708455677756,-3.272507004439831,3.2053029537200928,0.067204050719738,2030,2412,2432
fold_3,train,2680,exp016_static_strict_oof_proxy,recent,-0.014963228299917872,0.021041600306975064,-0.012852759975897821,0.002110468324020051,nan,nan,0.0584629587829113,2400,2431,2432
fold_3,train,2680,exp016_static_strict_oof_proxy,random,-0.014963228299917872,0.04463857102450975,-0.010714661012642727,0.004248567287275145,nan,nan,0.08057862520217896,505,2371,2432
fold_3,train,2681,exp016_static_strict_oof_proxy,retrieval,-0.01005017134314612,-0.021401991943419938,-0.011629671591118369,-0.0015795002479722497,-3.0190920159220695,2.952242612838745,0.06684940308332443,1117,2418,2432
fold_3,train,2681,exp016_static_strict_oof_proxy,recent,-0.01005017134314612,0.012341734129258717,-0.008608008174026632,0.0014421631691194873,nan,nan,0.0584629587829113,2400,2431,2432
fold_3,train,2681,exp016_static_strict_oof_proxy,random,-0.01005017134314612,0.00120724045318586,-0.009174549205036905,0.0008756221381092145,nan,nan,0.06573104113340378,510,2396,2432
fold_3,train,2682,exp016_static_strict_oof_proxy,retrieval,0.010451902073870858,0.00535036101078369,0.00940364272386607,-0.0010482593500047883,-2.503490723669529,2.4395060539245605,0.06398466974496841,1140,2412,2432
fold_3,train,2682,exp016_static_strict_oof_proxy,recent,0.010451902073870858,0.03564183005162009,0.012204359216977052,0.0017524571431061942,nan,nan,0.0584629587829113,2400,2431,2432
fold_3,train,2682,exp016_static_strict_oof_proxy,random,0.010451902073870858,-0.030402905024653846,0.006002694687107482,-0.004449207386763376,nan,nan,0.07660021632909775,496,2404,2432
fold_3,train,2683,exp016_static_strict_oof_proxy,retrieval,0.032067872394874,-0.04333005488435279,0.02604260693779472,-0.006025265457079279,-2.39672464877367,2.3327291011810303,0.06399554759263992,1117,2412,2432
fold_3,train,2683,exp016_static_strict_oof_proxy,recent,0.032067872394874,-0.013071301869367254,0.029014347370764457,-0.003053525024109542,nan,nan,0.0584629587829113,2400,2431,2432
fold_3,train,2683,exp016_static_strict_oof_proxy,random,0.032067872394874,-0.02009915321434858,0.028194048377114554,-0.0038738240177594446,nan,nan,0.08171968162059784,498,2375,2432
fold_3,train,2684,exp016_static_strict_oof_proxy,retrieval,-0.03053383294529453,-0.049717462977374255,-0.033279434735164794,-0.0027456017898702632,-2.773607298731804,2.7007813453674316,0.07282595336437225,991,2414,2432
fold_3,train,2684,exp016_static_strict_oof_proxy,recent,-0.03053383294529453,-0.0162441353507914,-0.030209173371112164,0.0003246595741823663,nan,nan,0.0584629587829113,2400,2431,2432
fold_3,train,2684,exp016_static_strict_oof_proxy,random,-0.03053383294529453,-0.04450133419375834,-0.033004134129505855,-0.0024703011842113244,nan,nan,0.08102203160524368,564,2411,2432
fold_3,train,2685,exp016_static_strict_oof_proxy,retrieval,0.13859190073691507,0.07488046099156402,0.1354233752892982,-0.0031685254476168656,-2.0988138988614082,2.0332274436950684,0.06558645516633987,1129,2415,2432
fold_3,train,2685,exp016_static_strict_oof_proxy,recent,0.13859190073691507,0.08751642458193512,0.13687399045638912,-0.0017179102805259527,nan,nan,0.0584629587829113,2400,2431,2432
fold_3,train,2685,exp016_static_strict_oof_proxy,random,0.13859190073691507,0.08578586269199028,0.1365948923288294,-0.001997008408085671,nan,nan,0.08785083144903183,508,2415,2432
fold_3,train,2686,exp016_static_strict_oof_proxy,retrieval,0.11536806588274466,-0.06943016463913501,0.09931134524918858,-0.01605672063355608,-2.22059229016304,2.1521401405334473,0.0684521496295929,1118,2417,2432
fold_3,train,2686,exp016_static_strict_oof_proxy,recent,0.11536806588274466,-0.05632245007100446,0.1006807990175779,-0.014687266865166762,nan,nan,0.0584629587829113,2400,2431,2432
fold_3,train,2686,exp016_static_strict_oof_proxy,random,0.11536806588274466,-0.04440235720918775,0.10193110983084058,-0.013436956051904078,nan,nan,0.09521635621786118,508,2230,2432
fold_3,train,2687,exp016_static_strict_oof_proxy,retrieval,-0.0505344418944793,-0.18275592965559878,-0.06569222150496017,-0.015157779610480863,-3.120802827179432,3.0479164123535156,0.07288641482591629,1154,2401,2432
fold_3,train,2687,exp016_static_strict_oof_proxy,recent,-0.0505344418944793,-0.19283338958161644,-0.0667122017358425,-0.016177759841363194,nan,nan,0.0584629587829113,2400,2431,2432
fold_3,train,2687,exp016_static_strict_oof_proxy,random,-0.0505344418944793,-0.22048777052995647,-0.06924751230244777,-0.01871307040796847,nan,nan,0.07561896741390228,516,2374,2432
fold_3,train,2688,exp016_static_strict_oof_proxy,retrieval,-0.11490103235952741,-0.2934169927229531,-0.1358020840938119,-0.020901051734284484,-2.7326019033789635,2.6549129486083984,0.07768895477056503,1129,2414,2432
fold_3,train,2688,exp016_static_strict_oof_proxy,recent,-0.11490103235952741,-0.2789389165196136,-0.13533734424821792,-0.02043631188869051,nan,nan,0.0584629587829113,2400,2431,2432
fold_3,train,2688,exp016_static_strict_oof_proxy,random,-0.11490103235952741,-0.24705797137706884,-0.13160126303142855,-0.016700230671901142,nan,nan,0.09747902303934097,655,2415,2432
fold_3,train,2689,exp016_static_strict_oof_proxy,retrieval,-0.20251102129966858,-0.34114238704266064,-0.22281452987179712,-0.020303508572128537,-4.489023081958294,4.410403251647949,0.0786198303103447,1131,2421,2432
fold_3,train,2689,exp016_static_strict_oof_proxy,recent,-0.20251102129966858,-0.37188724690610997,-0.22464244429813984,-0.022131422998471262,nan,nan,0.0584629587829113,2400,2431,2432
fold_3,train,2689,exp016_static_strict_oof_proxy,random,-0.20251102129966858,-0.3445517114750664,-0.2217829473886217,-0.019271926088953117,nan,nan,0.07579920440912247,488,2332,2432
fold_3,train,2690,exp016_static_strict_oof_proxy,retrieval,-0.20984036256598929,-0.2571739876579421,-0.22126417178336846,-0.011423809217379177,-4.105984747409821,4.026711463928223,0.0792732834815979,800,2427,2432
fold_3,train,2690,exp016_static_strict_oof_proxy,recent,-0.20984036256598929,-0.3061162016088554,-0.2258511357077745,-0.0160107731417852,nan,nan,0.0584629587829113,2400,2431,2432
fold_3,train,2690,exp016_static_strict_oof_proxy,random,-0.20984036256598929,-0.27639102915791725,-0.22268406172269284,-0.012843699156703553,nan,nan,0.07874877750873566,659,2422,2432
fold_3,train,2691,exp016_static_strict_oof_proxy,retrieval,-0.1396957941911576,0.07724045299042596,-0.12872117152984738,0.010974622661310218,-55.86000543832779,55.71199035644531,0.1480150818824768,630,2384,2432
fold_3,train,2691,exp016_static_strict_oof_proxy,recent,-0.1396957941911576,0.14909753429744996,-0.12648575060764722,0.013210043583510384,nan,nan,0.0584629587829113,2400,2431,2432
fold_3,train,2691,exp016_static_strict_oof_proxy,random,-0.1396957941911576,0.13951151130988343,-0.12649096020121925,0.013204833989938353,nan,nan,0.07929737120866776,499,2405,2432
fold_3,train,2692,exp016_static_strict_oof_proxy,retrieval,-0.05232724100924455,-0.007495986972748624,-0.05117375162860759,0.00115348938063696,-31.394607715308666,31.29575538635254,0.09885232895612717,630,2384,2432
fold_3,train,2692,exp016_static_strict_oof_proxy,recent,-0.05232724100924455,-0.0975343663379751,-0.06040960496048331,-0.008082363951238757,nan,nan,0.0584629587829113,2400,2431,2432
fold_3,train,2692,exp016_static_strict_oof_proxy,random,-0.05232724100924455,-0.11861829140107773,-0.06214426480868096,-0.009817023799436407,nan,nan,0.08566957712173462,504,2321,2432
fold_3,train,2693,exp016_static_strict_oof_proxy,retrieval,0.12012582643456811,0.11786705797934367,0.12040591432090836,0.0002800878863402495,-4.5225308537483215,4.448409080505371,0.07412177324295044,1157,2406,2432
fold_3,train,2693,exp016_static_strict_oof_proxy,recent,0.12012582643456811,0.08644523990632533,0.11627095053552042,-0.003854875899047691,nan,nan,0.0584629587829113,2400,2431,2432
fold_3,train,2693,exp016_static_strict_oof_proxy,random,0.12012582643456811,0.105279216661348,0.11875738464111052,-0.0013684417934575893,nan,nan,0.08415434509515762,551,2233,2432
fold_3,train,2694,exp016_static_strict_oof_proxy,retrieval,0.16039851748634523,0.10023791415783653,0.1577700791781648,-0.0026284383081804363,-4.360121876001358,4.286611557006836,0.0735103189945221,1136,2406,2432
fold_3,train,2694,exp016_static_strict_oof_proxy,recent,0.16039851748634523,0.1447543102534949,0.1622361058573886,0.0018375883710433638,nan,nan,0.0584629587829113,2400,2431,2432
fold_3,train,2694,exp016_static_strict_oof_proxy,random,0.16039851748634523,0.11915636656906782,0.16049054832032536,9.20308339801279e-05,nan,nan,0.09078405052423477,488,2346,2432
fold_3,train,2695,exp016_static_strict_oof_proxy,retrieval,0.1632660300718606,0.15643610192107302,0.16490719261119344,0.00164116253933283,-4.005382381379604,3.925726890563965,0.0796554908156395,1131,2406,2432
fold_3,train,2695,exp016_static_strict_oof_proxy,recent,0.1632660300718606,0.17054175054493517,0.1672029183743582,0.003936888302497582,nan,nan,0.0584629587829113,2400,2431,2432
fold_3,train,2695,exp016_static_strict_oof_proxy,random,0.1632660300718606,0.17404087590567824,0.16742262149718698,0.0041565914253263725,nan,nan,0.0786704495549202,631,2284,2432
fold_3,train,2696,exp016_static_strict_oof_proxy,retrieval,-0.02624648682213861,-0.08915384225335649,-0.033959155149007096,-0.007712668326868486,-4.991644710302353,4.904572486877441,0.0870722234249115,1131,2401,2432
fold_3,train,2696,exp016_static_strict_oof_proxy,recent,-0.02624648682213861,-0.06932029776246433,-0.03241844542882538,-0.006171958606686772,nan,nan,0.0584629587829113,2400,2431,2432
fold_3,train,2696,exp016_static_strict_oof_proxy,random,-0.02624648682213861,-0.08998087941285128,-0.03466800176785831,-0.008421514945719698,nan,nan,0.08798383176326752,530,2323,2432
fold_3,train,2697,exp016_static_strict_oof_proxy,retrieval,-0.0020926324263844413,-0.08000394663125429,-0.00986754093442899,-0.007774908508044549,-4.083821304142475,4.001161575317383,0.08265972882509232,1131,2402,2432
fold_3,train,2697,exp016_static_strict_oof_proxy,recent,-0.0020926324263844413,-0.07861144395695079,-0.010369963313910305,-0.008277330887525865,nan,nan,0.0584629587829113,2400,2431,2432
fold_3,train,2697,exp016_static_strict_oof_proxy,random,-0.0020926324263844413,-0.0869770362713248,-0.009632110866546096,-0.007539478440161655,nan,nan,0.0879855826497078,515,2429,2432
fold_3,train,2698,exp016_static_strict_oof_proxy,retrieval,0.09712483135821297,0.05270033769944426,0.09367279903189081,-0.0034520323263221575,-2.7760106548666954,2.7001607418060303,0.07584991306066513,1136,2412,2432
fold_3,train,2698,exp016_static_strict_oof_proxy,recent,0.09712483135821297,0.06505744428709974,0.09541982488112485,-0.001705006477088114,nan,nan,0.0584629587829113,2400,2431,2432
fold_3,train,2698,exp016_static_strict_oof_proxy,random,0.09712483135821297,0.038551171179124426,0.09258968364749608,-0.004535147710716891,nan,nan,0.07722388952970505,508,2379,2432
fold_3,train,2699,exp016_static_strict_oof_proxy,retrieval,0.1312352583024117,0.0532501469437525,0.1257785400515784,-0.005456718250833298,-3.1512924879789352,3.0755043029785156,0.07578818500041962,1129,2414,2432
fold_3,train,2699,exp016_static_strict_oof_proxy,recent,0.1312352583024117,0.041550889960139295,0.12455499912428963,-0.006680259178122067,nan,nan,0.0584629587829113,2400,2431,2432
fold_3,train,2699,exp016_static_strict_oof_proxy,random,0.1312352583024117,0.042099780782835466,0.12425365272852389,-0.006981605573887814,nan,nan,0.07618064433336258,557,2388,2432
fold_3,train,2700,exp016_static_strict_oof_proxy,retrieval,0.0017877503369026822,-0.05323094179473695,-0.004798665381797788,-0.006586415718700471,-2.8023360073566437,2.731204032897949,0.07113197445869446,1129,2414,2432
fold_3,train,2700,exp016_static_strict_oof_proxy,recent,0.0017877503369026822,-0.06164671441257572,-0.005455554765969138,-0.007243305102871821,nan,nan,0.0584629587829113,2400,2431,2432
fold_3,train,2700,exp016_static_strict_oof_proxy,random,0.0017877503369026822,-0.046640513281530134,-0.004209002458044922,-0.005996752794947604,nan,nan,0.07558782398700714,564,2314,2432
fold_3,train,2701,exp016_static_strict_oof_proxy,retrieval,-0.05967462334059234,-0.05035902724738049,-0.060353637774534466,-0.0006790144339421239,-4.331391341984272,4.253177642822266,0.07821369916200638,1159,2400,2432
fold_3,train,2701,exp016_static_strict_oof_proxy,recent,-0.05967462334059234,-0.055462982632621574,-0.06171945752479651,-0.002044834184204168,nan,nan,0.0584629587829113,2400,2431,2432
fold_3,train,2701,exp016_static_strict_oof_proxy,random,-0.05967462334059234,-0.06380783444926276,-0.06174168605527072,-0.0020670627146783804,nan,nan,0.08428283780813217,709,2417,2432
fold_3,train,2702,exp016_static_strict_oof_proxy,retrieval,-0.10494052826427058,-0.18542548674040304,-0.1152883964073816,-0.01034786814311102,-3.218227133154869,3.150364875793457,0.06786225736141205,1136,2412,2432
fold_3,train,2702,exp016_static_strict_oof_proxy,recent,-0.10494052826427058,-0.18541887279046465,-0.11631565462450066,-0.011375126360230081,nan,nan,0.0584629587829113,2400,2431,2432
fold_3,train,2702,exp016_static_strict_oof_proxy,random,-0.10494052826427058,-0.18205274260113616,-0.11528538704787962,-0.010344858783609037,nan,nan,0.0875384584069252,610,2401,2432
fold_3,train,2703,exp016_static_strict_oof_proxy,retrieval,0.048063019461686465,-0.01086091218299018,0.04255105681726682,-0.005511962644419645,-3.398152783513069,3.3153672218322754,0.08278556168079376,1138,2406,2432
fold_3,train,2703,exp016_static_strict_oof_proxy,recent,0.048063019461686465,-0.061336333094631414,0.038083591645629966,-0.0099794278160565,nan,nan,0.0584629587829113,2400,2431,2432
fold_3,train,2703,exp016_static_strict_oof_proxy,random,0.048063019461686465,-0.06885803815670276,0.037449152462981194,-0.01061386699870527,nan,nan,0.088628388941288,512,2369,2432
fold_3,train,2704,exp016_static_strict_oof_proxy,retrieval,0.14355793284649226,0.12278668564950153,0.14522041957690998,0.001662486730417717,-3.30308585613966,3.227386474609375,0.07569938153028488,1136,2408,2432
fold_3,train,2704,exp016_static_strict_oof_proxy,recent,0.14355793284649226,0.11920718494976593,0.145003583157139,0.0014456503106467233,nan,nan,0.0584629587829113,2400,2431,2432
fold_3,train,2704,exp016_static_strict_oof_proxy,random,0.14355793284649226,0.12619715887286612,0.14585600867828272,0.0022980758317904526,nan,nan,0.08230974525213242,534,2407,2432
fold_3,train,2705,exp016_static_strict_oof_proxy,retrieval,0.308016293117539,0.2944029047749422,0.3121684746561929,0.004152181538653932,-3.397956870496273,3.3276684284210205,0.07028844207525253,1136,2406,2432
fold_3,train,2705,exp016_static_strict_oof_proxy,recent,0.308016293117539,0.2676242861364971,0.3116176165822618,0.0036013234647228054,nan,nan,0.0584629587829113,2400,2431,2432
fold_3,train,2705,exp016_static_strict_oof_proxy,random,0.308016293117539,0.3369085487310399,0.3172544064732206,0.009238113355681643,nan,nan,0.08584844321012497,498,2329,2432
fold_3,train,2706,exp016_static_strict_oof_proxy,retrieval,0.34712304400289784,0.29674762938156884,0.34845148074196736,0.0013284367390695162,-4.455317281186581,4.372269630432129,0.08304765075445175,1131,2402,2432
fold_3,train,2706,exp016_static_strict_oof_proxy,recent,0.34712304400289784,0.2509802351206157,0.34553021781136956,-0.0015928261915282849,nan,nan,0.0584629587829113,2400,2431,2432
fold_3,train,2706,exp016_static_strict_oof_proxy,random,0.34712304400289784,0.23608128535483958,0.3433796965694988,-0.003743347433399047,nan,nan,0.08535024523735046,537,2383,2432
fold_3,train,2707,exp016_static_strict_oof_proxy,retrieval,0.3666918587443225,0.30133724930062444,0.3665055705594188,-0.00018628818490368237,-5.337320156395435,5.258879661560059,0.07844049483537674,1245,2403,2432
fold_3,train,2707,exp016_static_strict_oof_proxy,recent,0.3666918587443225,0.37636961340734126,0.37649863201922423,0.009806773274901759,nan,nan,0.0584629587829113,2400,2431,2432
fold_3,train,2707,exp016_static_strict_oof_proxy,random,0.3666918587443225,0.36564054374225324,0.3741540498265866,0.007462191082264147,nan,nan,0.07761261612176895,540,2266,2432
fold_3,train,2708,exp016_static_strict_oof_proxy,retrieval,0.28410229229369394,0.17490061459346207,0.2791916929783734,-0.004910599315320563,-5.182297237217426,5.103421211242676,0.07887602597475052,1245,2403,2432
fold_3,train,2708,exp016_static_strict_oof_proxy,recent,0.28410229229369394,0.1882112240535848,0.281696524614779,-0.0024057676789149274,nan,nan,0.0584629587829113,2400,2431,2432
fold_3,train,2708,exp016_static_strict_oof_proxy,random,0.28410229229369394,0.17068400930547284,0.2807775316757365,-0.003324760617957445,nan,nan,0.09047818928956985,508,2404,2432
fold_3,train,2709,exp016_static_strict_oof_proxy,retrieval,0.23262922874574526,0.16783185739122716,0.23050017912265025,-0.002129049623095014,-4.393576540052891,4.310059547424316,0.08351699262857437,1131,2406,2432
fold_3,train,2709,exp016_static_strict_oof_proxy,recent,0.23262922874574526,0.16143346263637337,0.23104712985340956,-0.0015820988923357093,nan,nan,0.0584629587829113,2400,2431,2432
fold_3,train,2709,exp016_static_strict_oof_proxy,random,0.23262922874574526,0.15963546393828124,0.2300421767139209,-0.002587052031824355,nan,nan,0.07185054570436478,634,2377,2432
fold_3,train,2710,exp016_static_strict_oof_proxy,retrieval,0.17890424509314648,0.23410167024298886,0.18855624987364292,0.009652004780496437,-6.500264786183834,6.414759159088135,0.08550562709569931,1189,2384,2432
fold_3,train,2710,exp016_static_strict_oof_proxy,recent,0.17890424509314648,0.19025232574154638,0.18547108518854835,0.006566840095401871,nan,nan,0.0584629587829113,2400,2431,2432
fold_3,train,2710,exp016_static_strict_oof_proxy,random,0.17890424509314648,0.2146265406772303,0.18728429320311782,0.008380048109971339,nan,nan,0.08116628229618073,532,2218,2432
fold_3,train,2711,exp016_static_strict_oof_proxy,retrieval,0.3639553967981977,0.3853568002845341,0.3749745287272877,0.011019131929089987,-6.424771033227444,6.334342956542969,0.09042807668447495,1440,2411,2432
fold_3,train,2711,exp016_static_strict_oof_proxy,recent,0.3639553967981977,0.30881125263875353,0.37046521502292434,0.006509818224726627,nan,nan,0.0584629587829113,2400,2431,2432
fold_3,train,2711,exp016_static_strict_oof_proxy,random,0.3639553967981977,0.33025057199316266,0.37127712890998205,0.007321732111784329,nan,nan,0.09632442891597748,619,2428,2432
fold_3,train,2712,exp016_static_strict_oof_proxy,retrieval,0.33927992027009535,0.27801822546336724,0.33934930758738346,6.938731728811653e-05,-4.756155535578728,4.667924880981445,0.08823065459728241,1441,2400,2432
fold_3,train,2712,exp016_static_strict_oof_proxy,recent,0.33927992027009535,0.23954010050190092,0.3377724560221412,-0.0015074642479541711,nan,nan,0.0584629587829113,2400,2431,2432
fold_3,train,2712,exp016_static_strict_oof_proxy,random,0.33927992027009535,0.23367615908133962,0.33709510228770645,-0.002184817982388898,nan,nan,0.08494032919406891,523,2401,2432
fold_3,train,2713,exp016_static_strict_oof_proxy,retrieval,0.2895938832775186,0.30245742789595487,0.2965344088410304,0.006940525563511768,-3.9377317056059837,3.861468553543091,0.07626315206289291,1247,2406,2432
fold_3,train,2713,exp016_static_strict_oof_proxy,recent,0.2895938832775186,0.3024042235196788,0.2985946371951802,0.009000753917661586,nan,nan,0.0584629587829113,2400,2431,2432
fold_3,train,2713,exp016_static_strict_oof_proxy,random,0.2895938832775186,0.28311897552920007,0.2962861669273578,0.0066922836498392035,nan,nan,0.07463017106056213,524,2341,2432
fold_3,train,2714,exp016_static_strict_oof_proxy,retrieval,0.250376283965265,0.18197849668191263,0.24781422273386589,-0.0025620612313991264,-4.8087102472782135,4.727744102478027,0.08096614480018616,1441,2401,2432
fold_3,train,2714,exp016_static_strict_oof_proxy,recent,0.250376283965265,0.13238801593955202,0.24488451784820944,-0.005491766117055569,nan,nan,0.0584629587829113,2400,2431,2432
fold_3,train,2714,exp016_static_strict_oof_proxy,random,0.250376283965265,0.174736293733629,0.24777916267720296,-0.0025971212880620542,nan,nan,0.0771043673157692,494,2380,2432
fold_3,train,2715,exp016_static_strict_oof_proxy,retrieval,0.1826314678879527,0.16308452303398208,0.18452564869821417,0.0018941808102614643,-4.923750497400761,4.847084999084473,0.076665498316288,1131,2413,2432
fold_3,train,2715,exp016_static_strict_oof_proxy,recent,0.1826314678879527,0.1493952071012113,0.18365757096315982,0.0010261030752071187,nan,nan,0.0584629587829113,2400,2431,2432
fold_3,train,2715,exp016_static_strict_oof_proxy,random,0.1826314678879527,0.17697717894843373,0.18657546128532373,0.003943993397371032,nan,nan,0.0767759308218956,569,2406,2432
fold_3,train,2716,exp016_static_strict_oof_proxy,retrieval,0.22638057007430032,0.161091223898823,0.22429159246169458,-0.0020889776126057358,-5.437794007360935,5.357466697692871,0.08032730966806412,1245,2403,2432
fold_3,train,2716,exp016_static_strict_oof_proxy,recent,0.22638057007430032,0.16014108256370904,0.2253981529838472,-0.0009824170904531304,nan,nan,0.0584629587829113,2400,2431,2432
fold_3,train,2716,exp016_static_strict_oof_proxy,random,0.22638057007430032,0.13575981468493045,0.22334985449187353,-0.0030307155824267906,nan,nan,0.0896311029791832,575,2389,2432
fold_3,train,2717,exp016_static_strict_oof_proxy,retrieval,0.22028642867713896,0.1578269139399889,0.21909791639294585,-0.0011885122841931162,-8.821109354496002,8.732420921325684,0.0886884331703186,582,2380,2432
fold_3,train,2717,exp016_static_strict_oof_proxy,recent,0.22028642867713896,0.24280721063017247,0.22793246124066446,0.007646032563525501,nan,nan,0.0584629587829113,2400,2431,2432
fold_3,train,2717,exp016_static_strict_oof_proxy,random,0.22028642867713896,0.24641262280933443,0.22775182994460047,0.007465401267461508,nan,nan,0.0930909812450409,488,2416,2432
fold_3,train,2718,exp016_static_strict_oof_proxy,retrieval,0.234106591149427,0.2257387798491833,0.23748084152258095,0.0033742503731539475,-3.9535448253154755,3.8810887336730957,0.07245609164237976,1441,2406,2432
fold_3,train,2718,exp016_static_strict_oof_proxy,recent,0.234106591149427,0.2086101190191596,0.23730385806503357,0.003197266915606567,nan,nan,0.0584629587829113,2400,2431,2432
fold_3,train,2718,exp016_static_strict_oof_proxy,random,0.234106591149427,0.18219213707246923,0.2353090874655294,0.0012024963161023916,nan,nan,0.08763100206851959,540,2424,2432
fold_3,train,2719,exp016_static_strict_oof_proxy,retrieval,0.2356375606100692,0.2931068737900117,0.2448131973684857,0.009175636758416483,-4.999520629644394,4.918514251708984,0.08100637793540955,1245,2427,2432
fold_3,train,2719,exp016_static_strict_oof_proxy,recent,0.2356375606100692,0.2272877458066934,0.2394788105680303,0.0038412499579610904,nan,nan,0.0584629587829113,2400,2431,2432
fold_3,train,2719,exp016_static_strict_oof_proxy,random,0.2356375606100692,0.2383503161272369,0.23979322837119593,0.004155667761126719,nan,nan,0.08384346961975098,489,2298,2432
fold_3,train,2720,exp016_static_strict_oof_proxy,retrieval,0.2453746040266527,0.200958855571354,0.24773362614104674,0.002359022114394038,-9.799829013645649,9.709394454956055,0.09043455868959427,630,2384,2432
fold_3,train,2720,exp016_static_strict_oof_proxy,recent,0.2453746040266527,0.2635271405155926,0.25302903055558135,0.007654426528928643,nan,nan,0.0584629587829113,2400,2431,2432
fold_3,train,2720,exp016_static_strict_oof_proxy,random,0.2453746040266527,0.2452064721577961,0.25101065574148046,0.005636051714827756,nan,nan,0.08055968582630157,533,2351,2432
fold_3,train,2721,exp016_static_strict_oof_proxy,retrieval,0.16273363721079673,0.14121311100101003,0.16615826219758234,0.0034246249867856127,-5.469161733984947,5.386157035827637,0.08300469815731049,1537,2377,2432
fold_3,train,2721,exp016_static_strict_oof_proxy,recent,0.16273363721079673,0.10379308249433623,0.16208915787533343,-0.0006444793354632994,nan,nan,0.0584629587829113,2400,2431,2432
fold_3,train,2721,exp016_static_strict_oof_proxy,random,0.16273363721079673,0.09967367513942503,0.1616020878237782,-0.0011315493870185378,nan,nan,0.08163011819124222,509,2387,2432
fold_3,train,2722,exp016_static_strict_oof_proxy,retrieval,0.22569618194954436,0.2305711747128688,0.22991925066399405,0.00422306871444969,-7.185398675501347,7.102537155151367,0.0828615203499794,1245,2379,2432
fold_3,train,2722,exp016_static_strict_oof_proxy,recent,0.22569618194954436,0.2469751855994522,0.23271577417633912,0.007019592226794769,nan,nan,0.0584629587829113,2400,2431,2432
fold_3,train,2722,exp016_static_strict_oof_proxy,random,0.22569618194954436,0.24202449895130201,0.23170374912089756,0.006007567171353201,nan,nan,0.08566376566886902,565,2429,2432
fold_3,train,2723,exp016_static_strict_oof_proxy,retrieval,0.1835033003713108,0.10348122014858815,0.18291011356108172,-0.0005931868102290738,-4.576414033770561,4.499248027801514,0.07716600596904755,1084,2410,2432
fold_3,train,2723,exp016_static_strict_oof_proxy,recent,0.1835033003713108,0.16386678646728314,0.18622935796187792,0.002726057590567127,nan,nan,0.0584629587829113,2400,2431,2432
fold_3,train,2723,exp016_static_strict_oof_proxy,random,0.1835033003713108,0.1415988222628054,0.184061480440916,0.0005581800696052019,nan,nan,0.08164916932582855,537,2315,2432
fold_3,train,2724,exp016_static_strict_oof_proxy,retrieval,0.2429830804734081,0.15857922489526888,0.2411022858145506,-0.0018807946588575153,-4.405363753437996,4.326460361480713,0.07890339195728302,1083,2410,2432
fold_3,train,2724,exp016_static_strict_oof_proxy,recent,0.2429830804734081,0.20393038294682034,0.24641775968829044,0.00343467921488233,nan,nan,0.0584629587829113,2400,2431,2432
fold_3,train,2724,exp016_static_strict_oof_proxy,random,0.2429830804734081,0.1991415156864905,0.24509765065385858,0.00211457018045047,nan,nan,0.0777553990483284,528,2399,2432
fold_3,train,2725,exp016_static_strict_oof_proxy,retrieval,0.25157183215820594,0.2506655623813329,0.2556651222362157,0.004093290078009737,-4.454326078295708,4.378342628479004,0.0759834498167038,1442,2407,2432
fold_3,train,2725,exp016_static_strict_oof_proxy,recent,0.25157183215820594,0.2715946518276423,0.2595128854905519,0.00794105333234596,nan,nan,0.0584629587829113,2400,2431,2432
fold_3,train,2725,exp016_static_strict_oof_proxy,random,0.25157183215820594,0.22174341671007786,0.2536365917509948,0.002064759592788845,nan,nan,0.078997902572155,511,2321,2432
fold_3,train,2726,exp016_static_strict_oof_proxy,retrieval,0.11662943628069043,0.07016654224216672,0.1161866824233084,-0.00044275385738203055,-5.8821026012301445,5.799938201904297,0.08216439932584763,1245,2413,2432
fold_3,train,2726,exp016_static_strict_oof_proxy,recent,0.11662943628069043,0.2137181588411745,0.13036100982556,0.013731573544869577,nan,nan,0.0584629587829113,2400,2431,2432
fold_3,train,2726,exp016_static_strict_oof_proxy,random,0.11662943628069043,0.18380759915514114,0.12711547611177423,0.010486039831083802,nan,nan,0.08010049164295197,546,2407,2432
fold_3,train,2727,exp016_static_strict_oof_proxy,retrieval,0.15316016368698854,0.04896530310170105,0.14756937128626052,-0.005590792400728017,-5.114744655787945,5.032774448394775,0.0819702073931694,1246,2410,2432
fold_3,train,2727,exp016_static_strict_oof_proxy,recent,0.15316016368698854,0.20718671452360538,0.1631522848502555,0.009992121163266976,nan,nan,0.0584629587829113,2400,2431,2432
fold_3,train,2727,exp016_static_strict_oof_proxy,random,0.15316016368698854,0.1968571717690544,0.16230492943882574,0.009144765751837203,nan,nan,0.08378160744905472,488,2411,2432
fold_3,train,2728,exp016_static_strict_oof_proxy,retrieval,0.22440123601582612,0.17208054672866052,0.22355570192721888,-0.0008455340886072416,-5.3647972866892815,5.2850565910339355,0.07974069565534592,1638,2411,2432
fold_3,train,2728,exp016_static_strict_oof_proxy,recent,0.22440123601582612,0.18457918753646665,0.22578389264683332,0.0013826566310072008,nan,nan,0.0584629587829113,2400,2431,2432
fold_3,train,2728,exp016_static_strict_oof_proxy,random,0.22440123601582612,0.1779650308891053,0.2250448982750316,0.0006436622592054797,nan,nan,0.07659275084733963,595,2304,2432
fold_3,train,2729,exp016_static_strict_oof_proxy,retrieval,0.16092650321851146,0.10471551825552347,0.15796014707559056,-0.0029663561429209007,-3.1059099212288857,3.033435344696045,0.07247457653284073,2244,2421,2432
fold_3,train,2729,exp016_static_strict_oof_proxy,recent,0.16092650321851146,0.11353242809001632,0.1591065041754394,-0.0018199990430720625,nan,nan,0.0584629587829113,2400,2431,2432
fold_3,train,2729,exp016_static_strict_oof_proxy,random,0.16092650321851146,0.10139732005083435,0.15818801258409054,-0.0027384906344209148,nan,nan,0.11086170375347137,584,2389,2432
fold_3,train,2730,exp016_static_strict_oof_proxy,retrieval,-0.005245693027281384,-0.0477549978833105,-0.010093355993405944,-0.0048476629661245605,-3.6289220303297043,3.5592610836029053,0.06966094672679901,1129,2431,2432
fold_3,train,2730,exp016_static_strict_oof_proxy,recent,-0.005245693027281384,-0.04170191999742955,-0.009239184004640579,-0.003993490977359195,nan,nan,0.0584629587829113,2400,2431,2432
fold_3,train,2730,exp016_static_strict_oof_proxy,random,-0.005245693027281384,-0.036006589663928015,-0.00845815567650981,-0.0032124626492284264,nan,nan,0.08392047137022018,507,2421,2432
fold_3,train,2731,exp016_static_strict_oof_proxy,retrieval,0.047475101712097394,-0.009903148522809964,0.04325101720443322,-0.004224084507664171,-5.7962485402822495,5.707139492034912,0.08910904824733734,1091,2427,2432
fold_3,train,2731,exp016_static_strict_oof_proxy,recent,0.047475101712097394,-0.1246298522621818,0.030538531695679334,-0.01693657001641806,nan,nan,0.0584629587829113,2400,2431,2432
fold_3,train,2731,exp016_static_strict_oof_proxy,random,0.047475101712097394,-0.14999362033436994,0.028221810697355246,-0.019253291014742147,nan,nan,0.08187315613031387,588,2428,2432
fold_3,train,2732,exp016_static_strict_oof_proxy,retrieval,0.020053875825354162,0.02621659687504884,0.021112269504313677,0.0010583936789595148,-3.3036119788885117,3.229078769683838,0.07453320920467377,1129,2431,2432
fold_3,train,2732,exp016_static_strict_oof_proxy,recent,0.020053875825354162,-0.0121243670697031,0.01799737797009874,-0.002056497855255423,nan,nan,0.0584629587829113,2400,2431,2432
fold_3,train,2732,exp016_static_strict_oof_proxy,random,0.020053875825354162,0.011152286406888586,0.019937287988806885,-0.00011658783654727722,nan,nan,0.08774755150079727,564,2396,2432
fold_3,train,2733,exp016_static_strict_oof_proxy,retrieval,-0.035158909990816604,-0.04637859864007116,-0.037582289156173225,-0.0024233791653566206,-2.932781472802162,2.858987808227539,0.07379366457462311,2026,2430,2432
fold_3,train,2733,exp016_static_strict_oof_proxy,recent,-0.035158909990816604,-0.05810183200348909,-0.03899074738524418,-0.0038318373944275785,nan,nan,0.0584629587829113,2400,2431,2432
fold_3,train,2733,exp016_static_strict_oof_proxy,random,-0.035158909990816604,-0.04707418502092831,-0.03765092177629075,-0.0024920117854741464,nan,nan,0.08645869046449661,514,2425,2432
fold_3,train,2734,exp016_static_strict_oof_proxy,retrieval,0.11744516928584005,0.163447612910105,0.12426062294496311,0.006815453659123061,-3.328612834215164,3.25264048576355,0.07597234845161438,1129,2412,2432
fold_3,train,2734,exp016_static_strict_oof_proxy,recent,0.11744516928584005,0.15976391945205498,0.12403259531102079,0.00658742602518074,nan,nan,0.0584629587829113,2400,2431,2432
fold_3,train,2734,exp016_static_strict_oof_proxy,random,0.11744516928584005,0.16923655453507613,0.12503397511779926,0.007588805831959214,nan,nan,0.08851747959852219,539,2408,2432
fold_3,train,2735,exp016_static_strict_oof_proxy,retrieval,0.17321810896674736,0.1913391144624536,0.17843413191671648,0.005216022949969118,-2.692983329296112,2.6168813705444336,0.07610195875167847,1129,2428,2432
fold_3,train,2735,exp016_static_strict_oof_proxy,recent,0.17321810896674736,0.18497430260782768,0.1782070023836087,0.004988893416861345,nan,nan,0.0584629587829113,2400,2431,2432
fold_3,train,2735,exp016_static_strict_oof_proxy,random,0.17321810896674736,0.1688441783074533,0.17604270840654826,0.002824599439800901,nan,nan,0.0842290073633194,494,2323,2432
fold_3,train,2736,exp016_static_strict_oof_proxy,retrieval,0.14237333615954148,0.0628081076944756,0.13700381506278872,-0.005369521096752761,-4.514231793582439,4.43536901473999,0.07886277884244919,1179,2411,2432
fold_3,train,2736,exp016_static_strict_oof_proxy,recent,0.14237333615954148,0.07346389578574163,0.13942007220747651,-0.002953263952064966,nan,nan,0.0584629587829113,2400,2431,2432
fold_3,train,2736,exp016_static_strict_oof_proxy,random,0.14237333615954148,0.06799342676767435,0.13848346579675933,-0.003889870362782155,nan,nan,0.07539059221744537,486,2361,2432
fold_3,train,2737,exp016_static_strict_oof_proxy,retrieval,0.12654649151881264,0.09849325815434193,0.12548130714950775,-0.001065184369304889,-2.920674353837967,2.8436765670776367,0.0769977867603302,2226,2402,2432
fold_3,train,2737,exp016_static_strict_oof_proxy,recent,0.12654649151881264,0.1043007729456716,0.12674177202955692,0.00019528051074427233,nan,nan,0.0584629587829113,2400,2431,2432
fold_3,train,2737,exp016_static_strict_oof_proxy,random,0.12654649151881264,0.09507114600250582,0.12535161001286596,-0.0011948815059466822,nan,nan,0.08037908375263214,601,2318,2432
fold_3,train,2738,exp016_static_strict_oof_proxy,retrieval,0.058958010424158006,0.06945544179323525,0.060974724481964115,0.00201671405780611,-2.729583129286766,2.6602509021759033,0.06933222711086273,2223,2412,2432
fold_3,train,2738,exp016_static_strict_oof_proxy,recent,0.058958010424158006,0.09294108915322882,0.06378123990631247,0.0048232294821544675,nan,nan,0.0584629587829113,2400,2431,2432
fold_3,train,2738,exp016_static_strict_oof_proxy,random,0.058958010424158006,0.07145892081842913,0.061074944759353274,0.0021169343351952682,nan,nan,0.07141070067882538,525,2211,2432
fold_3,train,2739,exp016_static_strict_oof_proxy,retrieval,0.003189131195157888,-0.06230794181106645,-0.0035396103612583764,-0.0067287415564162645,-3.5563037991523743,3.483729839324951,0.0725739598274231,1129,2414,2432
fold_3,train,2739,exp016_static_strict_oof_proxy,recent,0.003189131195157888,0.0033153676943201284,0.0030340495579160675,-0.00015508163724182056,nan,nan,0.0584629587829113,2400,2431,2432
fold_3,train,2739,exp016_static_strict_oof_proxy,random,0.003189131195157888,-0.014567640787083103,0.001336179368209333,-0.001852951826948555,nan,nan,0.07583634555339813,565,2384,2432
fold_3,train,2740,exp016_static_strict_oof_proxy,retrieval,0.0017682798258895998,-0.026051247699772465,-0.001935092675727112,-0.0037033725016167116,-4.899109557271004,4.816659927368164,0.08244962990283966,1131,2402,2432
fold_3,train,2740,exp016_static_strict_oof_proxy,recent,0.0017682798258895998,0.0062438961543763985,0.001889377481656903,0.00012109765576730322,nan,nan,0.0584629587829113,2400,2431,2432
fold_3,train,2740,exp016_static_strict_oof_proxy,random,0.0017682798258895998,-0.06251336565889885,-0.005268222675240264,-0.007036502501129864,nan,nan,0.09394290298223495,629,2395,2432
fold_3,train,2741,exp016_static_strict_oof_proxy,retrieval,-0.030382674836963462,0.006023059212602,-0.027543892828124687,0.002838782008838775,-2.566831447184086,2.495509147644043,0.07132229954004288,2223,2415,2432
fold_3,train,2741,exp016_static_strict_oof_proxy,recent,-0.030382674836963462,0.029502091787586417,-0.025319388841052545,0.005063285995910917,nan,nan,0.0584629587829113,2400,2431,2432
fold_3,train,2741,exp016_static_strict_oof_proxy,random,-0.030382674836963462,-0.015489235009089865,-0.030040071434171988,0.00034260340279147414,nan,nan,0.07589653879404068,571,2411,2432
fold_3,train,2742,exp016_static_strict_oof_proxy,retrieval,-0.029920495281745826,-0.03618373862285022,-0.031229109946166934,-0.001308614664421108,-2.4781196266412735,2.40240478515625,0.0757148414850235,2240,2415,2432
fold_3,train,2742,exp016_static_strict_oof_proxy,recent,-0.029920495281745826,0.007147421907168308,-0.027294797072131376,0.00262569820961445,nan,nan,0.0584629587829113,2400,2431,2432
fold_3,train,2742,exp016_static_strict_oof_proxy,random,-0.029920495281745826,-0.03840382521507203,-0.032464684492267616,-0.0025441892105217898,nan,nan,0.08177108317613602,498,2404,2432
fold_3,train,2743,exp016_static_strict_oof_proxy,retrieval,0.037102926336569836,0.0558024278173571,0.039781557456918915,0.0026786311203490787,-2.7912729009985924,2.7125678062438965,0.07870509475469589,2226,2403,2432
fold_3,train,2743,exp016_static_strict_oof_proxy,recent,0.037102926336569836,0.08145127650372308,0.04257923870247118,0.005476312365901341,nan,nan,0.0584629587829113,2400,2431,2432
fold_3,train,2743,exp016_static_strict_oof_proxy,random,0.037102926336569836,0.08021923743088401,0.04245769339237327,0.005354767055803435,nan,nan,0.07281974703073502,549,2404,2432
fold_3,train,2744,exp016_static_strict_oof_proxy,retrieval,0.16589033127329403,0.14759239882444147,0.16734147230234014,0.0014511410290461157,-2.6516809314489365,2.5826988220214844,0.06898210942745209,1129,2415,2432
fold_3,train,2744,exp016_static_strict_oof_proxy,recent,0.16589033127329403,0.15159084647044868,0.16846167527637734,0.0025713440030833146,nan,nan,0.0584629587829113,2400,2431,2432
fold_3,train,2744,exp016_static_strict_oof_proxy,random,0.16589033127329403,0.1561709957159659,0.16861366876353379,0.002723337490239758,nan,nan,0.07691602408885956,626,2430,2432
fold_3,train,2745,exp016_static_strict_oof_proxy,retrieval,0.18707249706873835,0.17496314083819545,0.18908099074606555,0.0020084936773271944,-3.0536012947559357,2.9792613983154297,0.07433989644050598,2030,2401,2432
fold_3,train,2745,exp016_static_strict_oof_proxy,recent,0.18707249706873835,0.1743933742857089,0.18987063052148226,0.002798133452743906,nan,nan,0.0584629587829113,2400,2431,2432
fold_3,train,2745,exp016_static_strict_oof_proxy,random,0.18707249706873835,0.15105644553792594,0.18723096587702778,0.00015846880828943033,nan,nan,0.07812285423278809,492,2211,2432
fold_3,train,2746,exp016_static_strict_oof_proxy,retrieval,0.22866596079624535,0.15725420792102507,0.22535437366351105,-0.0033115871327343005,-3.009726569056511,2.933927059173584,0.07579950988292694,1129,2414,2432
fold_3,train,2746,exp016_static_strict_oof_proxy,recent,0.22866596079624535,0.17256161068446652,0.22682971206605362,-0.0018362487301917252,nan,nan,0.0584629587829113,2400,2431,2432
fold_3,train,2746,exp016_static_strict_oof_proxy,random,0.22866596079624535,0.16205409434556084,0.22595585290627368,-0.002710107889971669,nan,nan,0.07138615846633911,490,2425,2432
fold_3,train,2747,exp016_static_strict_oof_proxy,retrieval,0.21151227933468236,0.13010763611721035,0.20624240898233126,-0.005269870352351103,-2.991221435368061,2.910533905029297,0.08068753033876419,2223,2401,2432
fold_3,train,2747,exp016_static_strict_oof_proxy,recent,0.21151227933468236,0.1430776026800834,0.2078388320786973,-0.003673447255985063,nan,nan,0.0584629587829113,2400,2431,2432
fold_3,train,2747,exp016_static_strict_oof_proxy,random,0.21151227933468236,0.11204221686465417,0.20593208539635618,-0.005580193938326178,nan,nan,0.08429722487926483,607,2331,2432
fold_3,train,2748,exp016_static_strict_oof_proxy,retrieval,0.14764153231546623,0.103259858287051,0.14520008132953066,-0.002441450985935567,-2.7182750180363655,2.6421961784362793,0.07607883960008621,1133,2415,2432
fold_3,train,2748,exp016_static_strict_oof_proxy,recent,0.14764153231546623,0.13727972377578973,0.1489262334954229,0.0012847011799566599,nan,nan,0.0584629587829113,2400,2431,2432
fold_3,train,2748,exp016_static_strict_oof_proxy,random,0.14764153231546623,0.12214474121212296,0.14819178573778927,0.0005502534223230382,nan,nan,0.07664976269006729,561,2349,2432
fold_3,train,2749,exp016_static_strict_oof_proxy,retrieval,0.010264486398908331,0.0023316793914579595,0.009549762308359066,-0.0007147240905492659,-3.0780316963791847,3.0046474933624268,0.07338420301675797,1129,2416,2432
fold_3,train,2749,exp016_static_strict_oof_proxy,recent,0.010264486398908331,0.04140795630960743,0.012545980755369697,0.002281494356461366,nan,nan,0.0584629587829113,2400,2431,2432
fold_3,train,2749,exp016_static_strict_oof_proxy,random,0.010264486398908331,-0.013535972755944006,0.007983682531516082,-0.0022808038673922497,nan,nan,0.08554455637931824,622,2381,2432
fold_3,train,2750,exp016_static_strict_oof_proxy,retrieval,-0.07473156754492247,-0.06859365150592169,-0.07618686048099864,-0.0014552929360761718,-3.954888381063938,3.876275062561035,0.07861331850290298,1131,2402,2432
fold_3,train,2750,exp016_static_strict_oof_proxy,recent,-0.07473156754492247,-0.061709567852490786,-0.07590739605589195,-0.0011758285109694788,nan,nan,0.0584629587829113,2400,2431,2432
fold_3,train,2750,exp016_static_strict_oof_proxy,random,-0.07473156754492247,-0.038586765605335284,-0.07362940873828258,0.0011021588066398857,nan,nan,0.0779922679066658,513,2376,2432
fold_3,train,2751,exp016_static_strict_oof_proxy,retrieval,0.07495348051512361,0.04202887991061858,0.07348379267385063,-0.0014696878412729791,-7.24121555685997,7.156851768493652,0.08436378836631775,1027,2379,2432
fold_3,train,2751,exp016_static_strict_oof_proxy,recent,0.07495348051512361,-0.045500681374209845,0.06522785239865649,-0.009725628116467128,nan,nan,0.0584629587829113,2400,2431,2432
fold_3,train,2751,exp016_static_strict_oof_proxy,random,0.07495348051512361,-0.060121496816801234,0.06345081400833254,-0.011502666506791076,nan,nan,0.08076906204223633,791,2402,2432
fold_3,train,2752,exp016_static_strict_oof_proxy,retrieval,-0.04218141485722916,-0.1246303462290307,-0.051331587008148466,-0.009150172150919303,-3.20492185652256,3.124377965927124,0.0805438905954361,1131,2406,2432
fold_3,train,2752,exp016_static_strict_oof_proxy,recent,-0.04218141485722916,-0.049042821089323826,-0.04448559024546515,-0.0023041753882359836,nan,nan,0.0584629587829113,2400,2431,2432
fold_3,train,2752,exp016_static_strict_oof_proxy,random,-0.04218141485722916,0.026234222376844887,-0.036729611525386556,0.005451803331842607,nan,nan,0.08886038511991501,509,2380,2432
fold_3,train,2753,exp016_static_strict_oof_proxy,retrieval,-0.10804394442296221,-0.06404595693006054,-0.10804309728983241,8.471331297971174e-07,-3.403038963675499,3.325820207595825,0.07721875607967377,1179,2400,2432
fold_3,train,2753,exp016_static_strict_oof_proxy,recent,-0.10804394442296221,-0.06414889805721437,-0.10998090590991284,-0.0019369614869506335,nan,nan,0.0584629587829113,2400,2431,2432
fold_3,train,2753,exp016_static_strict_oof_proxy,random,-0.10804394442296221,-0.17092902878946906,-0.12012265158572477,-0.012078707162762561,nan,nan,0.07716035097837448,519,2412,2432
fold_3,train,2754,exp016_static_strict_oof_proxy,retrieval,-0.02681322150888985,0.022831478747698423,-0.02290819120274989,0.0039050303061399574,-4.430097930133343,4.351357936859131,0.07873999327421188,1190,2403,2432
fold_3,train,2754,exp016_static_strict_oof_proxy,recent,-0.02681322150888985,0.008636309247671637,-0.02457328374384693,0.0022399377650429188,nan,nan,0.0584629587829113,2400,2431,2432
fold_3,train,2754,exp016_static_strict_oof_proxy,random,-0.02681322150888985,-0.029566572885659594,-0.0273893317848221,-0.0005761102759322505,nan,nan,0.071929432451725,493,2313,2432
fold_3,train,2755,exp016_static_strict_oof_proxy,retrieval,-0.03758363935206474,-0.03387451014507042,-0.038598006837738404,-0.0010143674856736631,-2.705450624227524,2.6330528259277344,0.07239779829978943,2227,2415,2432
fold_3,train,2755,exp016_static_strict_oof_proxy,recent,-0.03758363935206474,0.009697200382899418,-0.03473267735861752,0.0028509619934472194,nan,nan,0.0584629587829113,2400,2431,2432
fold_3,train,2755,exp016_static_strict_oof_proxy,random,-0.03758363935206474,0.037585618250058184,-0.031700325265378484,0.005883314086686256,nan,nan,0.06936855614185333,579,2335,2432
fold_3,train,2756,exp016_static_strict_oof_proxy,retrieval,0.08247048468674537,0.08455993752165358,0.08406281664535747,0.0015923319586121087,-2.3399076610803604,2.2711739540100098,0.06873370707035065,1110,2415,2432
fold_3,train,2756,exp016_static_strict_oof_proxy,recent,0.08247048468674537,0.09720805566901014,0.08555412167901183,0.003083636992266464,nan,nan,0.0584629587829113,2400,2431,2432
fold_3,train,2756,exp016_static_strict_oof_proxy,random,0.08247048468674537,0.14614426413308806,0.09064191025417527,0.008171425567429905,nan,nan,0.07995952665805817,564,2389,2432
fold_3,train,2757,exp016_static_strict_oof_proxy,retrieval,0.08324758666568574,0.0829571622541187,0.08487334237272369,0.0016257557070379486,-2.6484010964632034,2.5727286338806152,0.0756724625825882,1110,2415,2432
fold_3,train,2757,exp016_static_strict_oof_proxy,recent,0.08324758666568574,0.09519066223732156,0.08657391376126133,0.003326327095575593,nan,nan,0.0584629587829113,2400,2431,2432
fold_3,train,2757,exp016_static_strict_oof_proxy,random,0.08324758666568574,0.09315211521991623,0.08680466366264132,0.00355707699695558,nan,nan,0.07921232283115387,490,2428,2432
fold_3,train,2758,exp016_static_strict_oof_proxy,retrieval,0.08291427602092691,0.04903122922087292,0.08096020106145638,-0.001954074959470531,-2.4401447027921677,2.363356113433838,0.07678858935832977,1129,2415,2432
fold_3,train,2758,exp016_static_strict_oof_proxy,recent,0.08291427602092691,0.06398995748565191,0.08263575929472954,-0.00027851672619737255,nan,nan,0.0584629587829113,2400,2431,2432
fold_3,train,2758,exp016_static_strict_oof_proxy,random,0.08291427602092691,0.05727484050328315,0.08143711355397536,-0.001477162466951551,nan,nan,0.07990352064371109,506,2392,2432
fold_3,train,2759,exp016_static_strict_oof_proxy,retrieval,0.1839873057681009,0.14461861085837055,0.18284735719720696,-0.001139948570893945,-2.253790147602558,2.177950382232666,0.07583976536989212,2030,2412,2432
fold_3,train,2759,exp016_static_strict_oof_proxy,recent,0.1839873057681009,0.15828905132745255,0.18520415986776315,0.0012168540996622401,nan,nan,0.0584629587829113,2400,2431,2432
fold_3,train,2759,exp016_static_strict_oof_proxy,random,0.1839873057681009,0.1446342807019214,0.1831410024369217,-0.0008463033311792156,nan,nan,0.09585623443126678,694,2416,2432
fold_3,train,2760,exp016_static_strict_oof_proxy,retrieval,0.24054212534350436,0.21381721385470429,0.24326658304463936,0.002724457701134997,-2.3438098281621933,2.2754926681518555,0.06831716001033783,2229,2414,2432
fold_3,train,2760,exp016_static_strict_oof_proxy,recent,0.24054212534350436,0.2243209992649815,0.24537899514712944,0.004836869803625077,nan,nan,0.0584629587829113,2400,2431,2432
fold_3,train,2760,exp016_static_strict_oof_proxy,random,0.24054212534350436,0.19857564732768396,0.24332473263857252,0.002782607295068157,nan,nan,0.0872693881392479,506,2427,2432
fold_3,train,2761,exp016_static_strict_oof_proxy,retrieval,0.2596201052325567,0.23186232577956917,0.262050650482529,0.002430545249972327,-2.3564512580633163,2.2944204807281494,0.06203077733516693,2039,2431,2432
fold_3,train,2761,exp016_static_strict_oof_proxy,recent,0.2596201052325567,0.2232576338338503,0.26304813537935356,0.003428030146796879,nan,nan,0.0584629587829113,2400,2431,2432
fold_3,train,2761,exp016_static_strict_oof_proxy,random,0.2596201052325567,0.22944734256313962,0.2617924425635695,0.002172337331012797,nan,nan,0.07061518728733063,523,2283,2432
fold_3,train,2762,exp016_static_strict_oof_proxy,retrieval,0.19073271329849995,0.20561589112229478,0.19692223483475135,0.006189521536251408,-3.846974700689316,3.766726493835449,0.08024820685386658,1131,2401,2432
fold_3,train,2762,exp016_static_strict_oof_proxy,recent,0.19073271329849995,0.21196670787151317,0.19752461659973444,0.006791903301234498,nan,nan,0.0584629587829113,2400,2431,2432
fold_3,train,2762,exp016_static_strict_oof_proxy,random,0.19073271329849995,0.18703670307792256,0.19478643362809836,0.004053720329598415,nan,nan,0.08298308402299881,503,2359,2432
fold_3,train,2763,exp016_static_strict_oof_proxy,retrieval,0.25292502015447565,0.22875518537162853,0.25681130194419555,0.003886281789719892,-2.8634416684508324,2.795266628265381,0.06817504018545151,2227,2415,2432
fold_3,train,2763,exp016_static_strict_oof_proxy,recent,0.25292502015447565,0.21924248870430985,0.2570212587587122,0.004096238604236524,nan,nan,0.0584629587829113,2400,2431,2432
fold_3,train,2763,exp016_static_strict_oof_proxy,random,0.25292502015447565,0.23063626355376748,0.2565024831781368,0.0035774630236611316,nan,nan,0.09111081808805466,496,2323,2432
fold_3,train,2764,exp016_static_strict_oof_proxy,retrieval,0.2983774024443609,0.2646558374199852,0.3016148356360476,0.0032374331916866783,-2.7031795978546143,2.630795955657959,0.07238364219665527,2247,2402,2432
fold_3,train,2764,exp016_static_strict_oof_proxy,recent,0.2983774024443609,0.25569744248540277,0.30156283573804815,0.0031854332936872565,nan,nan,0.0584629587829113,2400,2431,2432
fold_3,train,2764,exp016_static_strict_oof_proxy,random,0.2983774024443609,0.2675075545697055,0.302629401957685,0.004251999513324112,nan,nan,0.08912433683872223,540,2428,2432
fold_3,train,2765,exp016_static_strict_oof_proxy,retrieval,0.22491192702529883,0.10442975011248037,0.21782570263085754,-0.007086224394441287,-2.480809658765793,2.402066230773926,0.07874342799186707,2249,2431,2432
fold_3,train,2765,exp016_static_strict_oof_proxy,recent,0.22491192702529883,0.13766407177393175,0.22158252816013,-0.0033293988651688367,nan,nan,0.0584629587829113,2400,2431,2432
fold_3,train,2765,exp016_static_strict_oof_proxy,random,0.22491192702529883,0.1413466476710126,0.22153568174498114,-0.0033762452803176857,nan,nan,0.08917664736509323,560,2369,2432
fold_3,train,2766,exp016_static_strict_oof_proxy,retrieval,0.06268196574653523,0.007719482337030781,0.058548932719221604,-0.004133033027313625,-2.704680822789669,2.628784656524658,0.07589616626501083,1167,2416,2432
fold_3,train,2766,exp016_static_strict_oof_proxy,recent,0.06268196574653523,0.006347822673207116,0.058302064129468506,-0.004379901617066723,nan,nan,0.0584629587829113,2400,2431,2432
fold_3,train,2766,exp016_static_strict_oof_proxy,random,0.06268196574653523,-0.025151006640823845,0.055108358397414306,-0.007573607349120923,nan,nan,0.08449704200029373,601,2362,2432
fold_3,train,2767,exp016_static_strict_oof_proxy,retrieval,0.02163414352030808,-0.09516543480856383,0.010023252737732028,-0.011610890782576051,-3.2335664555430412,3.150836944580078,0.0827295109629631,1131,2431,2432
fold_3,train,2767,exp016_static_strict_oof_proxy,recent,0.02163414352030808,-0.09007847589246634,0.009703866942060105,-0.011930276578247974,nan,nan,0.0584629587829113,2400,2431,2432
fold_3,train,2767,exp016_static_strict_oof_proxy,random,0.02163414352030808,-0.09956225324702216,0.008848818998724944,-0.012785324521583135,nan,nan,0.07077641040086746,540,2412,2432
fold_3,train,2768,exp016_static_strict_oof_proxy,retrieval,0.10018124274514853,0.06467442352714234,0.09926626546890652,-0.0009149772762420127,-2.6798898801207542,2.608555793762207,0.07133408635854721,2222,2400,2432
fold_3,train,2768,exp016_static_strict_oof_proxy,recent,0.10018124274514853,0.054930662896249254,0.09851942806745019,-0.0016618146776983395,nan,nan,0.0584629587829113,2400,2431,2432
fold_3,train,2768,exp016_static_strict_oof_proxy,random,0.10018124274514853,0.0596811166311213,0.09837129675652691,-0.0018099459886216224,nan,nan,0.08709114044904709,492,2381,2432
fold_3,train,2769,exp016_static_strict_oof_proxy,retrieval,0.04885047909753452,-0.0014700105248386238,0.044854897493371355,-0.003995581604163162,-2.274650774896145,2.1966946125030518,0.07795616239309311,1129,2428,2432
fold_3,train,2769,exp016_static_strict_oof_proxy,recent,0.04885047909753452,-0.00500820512805874,0.04382185216679333,-0.005028626930741187,nan,nan,0.0584629587829113,2400,2431,2432
fold_3,train,2769,exp016_static_strict_oof_proxy,random,0.04885047909753452,0.01491574444494046,0.046179676745647,-0.002670802351887519,nan,nan,0.08167504519224167,514,2393,2432
fold_3,train,2770,exp016_static_strict_oof_proxy,retrieval,0.09647511150788035,0.07428800701269228,0.09578875496830214,-0.0006863565395782145,-2.993183769285679,2.9177188873291016,0.0754648819565773,1129,2415,2432
fold_3,train,2770,exp016_static_strict_oof_proxy,recent,0.09647511150788035,0.06901412880181158,0.09594955474788835,-0.0005255567599919964,nan,nan,0.0584629587829113,2400,2431,2432
fold_3,train,2770,exp016_static_strict_oof_proxy,random,0.09647511150788035,0.11998906977528039,0.10053354652362385,0.004058435015743503,nan,nan,0.10073170810937881,507,2394,2432
fold_3,train,2771,exp016_static_strict_oof_proxy,retrieval,0.143270014529302,0.12333987879057537,0.1436224725534662,0.00035245802416419836,-2.83369442820549,2.754168748855591,0.07952567934989929,2030,2400,2432
fold_3,train,2771,exp016_static_strict_oof_proxy,recent,0.143270014529302,0.1403689358175053,0.14571538538151305,0.002445370852211054,nan,nan,0.0584629587829113,2400,2431,2432
fold_3,train,2771,exp016_static_strict_oof_proxy,random,0.143270014529302,0.14453650047676375,0.14759889993713107,0.004328885407829081,nan,nan,0.09293299913406372,521,2424,2432
fold_3,train,2772,exp016_static_strict_oof_proxy,retrieval,0.20137809671781162,0.15206735878307787,0.20053700837192337,-0.0008410883458882523,-3.7894320636987686,3.7067112922668457,0.08272077143192291,1159,2400,2432
fold_3,train,2772,exp016_static_strict_oof_proxy,recent,0.20137809671781162,0.11104926986957664,0.19679161470222906,-0.004586482015582566,nan,nan,0.0584629587829113,2400,2431,2432
fold_3,train,2772,exp016_static_strict_oof_proxy,random,0.20137809671781162,0.11278831379163778,0.19648300374489833,-0.004895092972913295,nan,nan,0.07299016416072845,601,2211,2432
fold_3,train,2773,exp016_static_strict_oof_proxy,retrieval,0.12514855717081708,0.07024270045905767,0.12150955367867633,-0.0036390034921407466,-2.9984642639756203,2.9281558990478516,0.07030836492776871,2030,2401,2432
fold_3,train,2773,exp016_static_strict_oof_proxy,recent,0.12514855717081708,0.0571890126421042,0.12054332314640089,-0.004605234024416191,nan,nan,0.0584629587829113,2400,2431,2432
fold_3,train,2773,exp016_static_strict_oof_proxy,random,0.12514855717081708,0.06768155557342946,0.12202398333425768,-0.0031245738365593967,nan,nan,0.07285729050636292,578,2402,2432
fold_3,train,2774,exp016_static_strict_oof_proxy,retrieval,0.14986860841418204,0.08817624889360678,0.14567150649793176,-0.004197101916250279,-2.7473891004920006,2.6769518852233887,0.07043721526861191,2232,2404,2432
fold_3,train,2774,exp016_static_strict_oof_proxy,recent,0.14986860841418204,0.11347566192501807,0.14868679820496813,-0.0011818102092139016,nan,nan,0.0584629587829113,2400,2431,2432
fold_3,train,2774,exp016_static_strict_oof_proxy,random,0.14986860841418204,0.13335743104488115,0.15088873159585484,0.0010201231816727996,nan,nan,0.07905840128660202,531,2274,2432
fold_3,train,2775,exp016_static_strict_oof_proxy,retrieval,0.14764152242986306,0.060134201507390184,0.14166652473359098,-0.0059749976962720774,-2.9959091395139694,2.922513484954834,0.07339565455913544,2232,2412,2432
fold_3,train,2775,exp016_static_strict_oof_proxy,recent,0.14764152242986306,0.06473252911789147,0.14176890687614455,-0.005872615553718513,nan,nan,0.0584629587829113,2400,2431,2432
fold_3,train,2775,exp016_static_strict_oof_proxy,random,0.14764152242986306,0.07556622709706384,0.1442439381618725,-0.0033975842679905555,nan,nan,0.08930667489767075,614,2271,2432
fold_3,train,2776,exp016_static_strict_oof_proxy,retrieval,0.06301516152208027,0.02307694658577469,0.060125938914244094,-0.002889222607836174,-2.725440502166748,2.6502761840820312,0.0751643180847168,2240,2415,2432
fold_3,train,2776,exp016_static_strict_oof_proxy,recent,0.06301516152208027,0.013794482065879118,0.059083900190021625,-0.003931261332058643,nan,nan,0.0584629587829113,2400,2431,2432
fold_3,train,2776,exp016_static_strict_oof_proxy,random,0.06301516152208027,0.023004672541191647,0.05973206607534187,-0.003283095446738396,nan,nan,0.08217184990644455,492,2392,2432
fold_3,train,2777,exp016_static_strict_oof_proxy,retrieval,-0.025012165428006456,-0.06857871492322233,-0.029819645848864377,-0.004807480420857921,-3.475720204412937,3.399704933166504,0.07601527124643326,2030,2404,2432
fold_3,train,2777,exp016_static_strict_oof_proxy,recent,-0.025012165428006456,-0.06427157287943071,-0.030056414209975756,-0.0050442487819692995,nan,nan,0.0584629587829113,2400,2431,2432
fold_3,train,2777,exp016_static_strict_oof_proxy,random,-0.025012165428006456,-0.06460761422578772,-0.029730731452290125,-0.004718566024283669,nan,nan,0.0866122841835022,549,2264,2432
fold_3,train,2778,exp016_static_strict_oof_proxy,retrieval,-0.02200733346208356,-0.08114040905224036,-0.028190927455304084,-0.006183593993220524,-2.577574960887432,2.5039734840393066,0.07360147684812546,2030,2401,2432
fold_3,train,2778,exp016_static_strict_oof_proxy,recent,-0.02200733346208356,-0.06083988905626145,-0.026555272804825013,-0.004547939342741454,nan,nan,0.0584629587829113,2400,2431,2432
fold_3,train,2778,exp016_static_strict_oof_proxy,random,-0.02200733346208356,-0.043919649597597046,-0.025464327121045578,-0.003456993658962019,nan,nan,0.07265053689479828,716,2405,2432
fold_3,train,2779,exp016_static_strict_oof_proxy,retrieval,0.08047072743576167,-0.002423088802315993,0.07376243544644125,-0.006708291989320422,-2.9357040598988533,2.858299493789673,0.07740456610918045,1133,2401,2432
fold_3,train,2779,exp016_static_strict_oof_proxy,recent,0.08047072743576167,0.0202495245171239,0.07617915109142614,-0.004291576344335524,nan,nan,0.0584629587829113,2400,2431,2432
fold_3,train,2779,exp016_static_strict_oof_proxy,random,0.08047072743576167,0.030910162341388225,0.07689556070082762,-0.003575166734934049,nan,nan,0.09555390477180481,502,2348,2432
fold_3,train,2780,exp016_static_strict_oof_proxy,retrieval,0.042893585438378345,0.00767607438043437,0.03958805886612448,-0.0033055265722538654,-2.444593019783497,2.368976593017578,0.07561642676591873,1110,2415,2432
fold_3,train,2780,exp016_static_strict_oof_proxy,recent,0.042893585438378345,0.013138648969388392,0.0400321622872041,-0.0028614231511742486,nan,nan,0.0584629587829113,2400,2431,2432
fold_3,train,2780,exp016_static_strict_oof_proxy,random,0.042893585438378345,0.02249481507247825,0.040678671297946,-0.0022149141404323447,nan,nan,0.08679752796888351,600,2386,2432
fold_3,train,2781,exp016_static_strict_oof_proxy,retrieval,0.025772235314873576,0.018110260149535318,0.0252531353152972,-0.0005190999995763751,-6.0166920349001884,5.934128761291504,0.08256327360868454,1190,2421,2432
fold_3,train,2781,exp016_static_strict_oof_proxy,recent,0.025772235314873576,0.04331775254761426,0.02806013333612784,0.0022878980212542623,nan,nan,0.0584629587829113,2400,2431,2432
fold_3,train,2781,exp016_static_strict_oof_proxy,random,0.025772235314873576,0.01733240948653394,0.025400221205572917,-0.0003720141093006592,nan,nan,0.08170454949140549,536,2379,2432
fold_3,train,2782,exp016_static_strict_oof_proxy,retrieval,-0.005259848019278289,-0.04814485894669285,-0.010426919895812028,-0.005167071876533739,-3.081466518342495,3.005105972290039,0.0763605460524559,2237,2406,2432
fold_3,train,2782,exp016_static_strict_oof_proxy,recent,-0.005259848019278289,-0.023351995305866204,-0.008395955443032564,-0.0031361074237542747,nan,nan,0.0584629587829113,2400,2431,2432
fold_3,train,2782,exp016_static_strict_oof_proxy,random,-0.005259848019278289,-0.03572911407081792,-0.00938647102625983,-0.004126623006981541,nan,nan,0.08206851035356522,673,2415,2432
fold_3,train,2783,exp016_static_strict_oof_proxy,retrieval,0.022160981978941206,-0.019106523245826325,0.017213285602597186,-0.00494769637634402,-2.8537233620882034,2.7828197479248047,0.07090361416339874,2030,2404,2432
fold_3,train,2783,exp016_static_strict_oof_proxy,recent,0.022160981978941206,-0.001240828120237968,0.01938512962378632,-0.002775852355154887,nan,nan,0.0584629587829113,2400,2431,2432
fold_3,train,2783,exp016_static_strict_oof_proxy,random,0.022160981978941206,-0.05036572022873147,0.014485706950820847,-0.007675275028120359,nan,nan,0.08976218104362488,588,2428,2432
fold_3,train,2784,exp016_static_strict_oof_proxy,retrieval,0.022016397128769228,-0.016618079626456797,0.01844537377607526,-0.0035710233526939673,-2.5570197105407715,2.485940933227539,0.07107877731323242,2240,2412,2432
fold_3,train,2784,exp016_static_strict_oof_proxy,recent,0.022016397128769228,0.027263764250414123,0.02273678267906841,0.0007203855502991817,nan,nan,0.0584629587829113,2400,2431,2432
fold_3,train,2784,exp016_static_strict_oof_proxy,random,0.022016397128769228,0.025546222225003135,0.022661960660654044,0.0006455635318848157,nan,nan,0.0766298770904541,560,2418,2432
fold_3,train,2785,exp016_static_strict_oof_proxy,retrieval,-0.12283432644912279,-0.18866229023949882,-0.13209151538124544,-0.009257188932122656,-3.0332266241312027,2.9569900035858154,0.07623662054538727,2008,2401,2432
fold_3,train,2785,exp016_static_strict_oof_proxy,recent,-0.12283432644912279,-0.13135581547741312,-0.12772313599048957,-0.004888809541366779,nan,nan,0.0584629587829113,2400,2431,2432
fold_3,train,2785,exp016_static_strict_oof_proxy,random,-0.12283432644912279,-0.20760976840133272,-0.13466581659373625,-0.01183149014461346,nan,nan,0.0861373320221901,503,2338,2432
fold_3,train,2786,exp016_static_strict_oof_proxy,retrieval,-0.08971860086472634,-0.14420149144969607,-0.09910131968819756,-0.00938271882347122,-2.5341100245714188,2.469801902770996,0.06430812180042267,2039,2415,2432
fold_3,train,2786,exp016_static_strict_oof_proxy,recent,-0.08971860086472634,-0.08713030041137299,-0.09431196240393246,-0.0045933615392061145,nan,nan,0.0584629587829113,2400,2431,2432
fold_3,train,2786,exp016_static_strict_oof_proxy,random,-0.08971860086472634,-0.14861959828690247,-0.10004690148691427,-0.010328300622187925,nan,nan,0.08025707304477692,639,2384,2432
fold_3,train,2787,exp016_static_strict_oof_proxy,retrieval,0.0017366776822153515,-0.11549965190230244,-0.009988307152329118,-0.011724984834544469,-2.5461003482341766,2.4818294048309326,0.06427094340324402,2232,2415,2432
fold_3,train,2787,exp016_static_strict_oof_proxy,recent,0.0017366776822153515,-0.10276217585721108,-0.009211261508424773,-0.010947939190640124,nan,nan,0.0584629587829113,2400,2431,2432
fold_3,train,2787,exp016_static_strict_oof_proxy,random,0.0017366776822153515,-0.1070886833584821,-0.009464937339696397,-0.011201615021911748,nan,nan,0.08230160176753998,518,2409,2432
fold_3,train,2788,exp016_static_strict_oof_proxy,retrieval,0.13045388841685565,0.067654441179646,0.1262217337839216,-0.004232154632934054,-2.5247386172413826,2.455850601196289,0.06888801604509354,1133,2415,2432
fold_3,train,2788,exp016_static_strict_oof_proxy,recent,0.13045388841685565,0.04121944495053702,0.1239595566254954,-0.006494331791360247,nan,nan,0.0584629587829113,2400,2431,2432
fold_3,train,2788,exp016_static_strict_oof_proxy,random,0.13045388841685565,0.055554457455966204,0.12540645590703306,-0.005047432509822591,nan,nan,0.09572026878595352,604,2415,2432
fold_3,train,2789,exp016_static_strict_oof_proxy,retrieval,0.13067419636322394,0.10490546126561999,0.13057463818263737,-9.955818058657306e-05,-2.8596667125821114,2.7919793128967285,0.06768739968538284,1133,2418,2432
fold_3,train,2789,exp016_static_strict_oof_proxy,recent,0.13067419636322394,0.05969203679109153,0.1263241416256283,-0.004350054737595643,nan,nan,0.0584629587829113,2400,2431,2432
fold_3,train,2789,exp016_static_strict_oof_proxy,random,0.13067419636322394,0.019402671244302467,0.12233838340466605,-0.008335812958557898,nan,nan,0.09143379330635071,493,2419,2432
fold_3,train,2790,exp016_static_strict_oof_proxy,retrieval,0.08700160262754703,0.11021705798441905,0.09104304291850514,0.004041440290958112,-3.78279335051775,3.7028517723083496,0.07994157820940018,1131,2401,2432
fold_3,train,2790,exp016_static_strict_oof_proxy,recent,0.08700160262754703,0.05278415867787488,0.08575268520155378,-0.0012489174259932428,nan,nan,0.0584629587829113,2400,2431,2432
fold_3,train,2790,exp016_static_strict_oof_proxy,random,0.08700160262754703,0.06957941817163862,0.08693932947133573,-6.227315621129548e-05,nan,nan,0.0819329172372818,491,2406,2432
fold_3,train,2791,exp016_static_strict_oof_proxy,retrieval,0.11491359239907643,0.13404841787699304,0.11933644142694201,0.004422849027865577,-2.509653776884079,2.439880609512329,0.06977316737174988,1110,2412,2432
fold_3,train,2791,exp016_static_strict_oof_proxy,recent,0.11491359239907643,0.15909673109597244,0.12196670988004567,0.007053117480969234,nan,nan,0.0584629587829113,2400,2431,2432
fold_3,train,2791,exp016_static_strict_oof_proxy,random,0.11491359239907643,0.17670843053369334,0.12370256770496191,0.008788975305885474,nan,nan,0.07855548709630966,549,2407,2432
fold_3,train,2792,exp016_static_strict_oof_proxy,retrieval,-0.03647006683750937,0.011196398575180193,-0.03241827245089487,0.004051794386614502,-2.638367846608162,2.5680956840515137,0.07027216255664825,1110,2412,2432
fold_3,train,2792,exp016_static_strict_oof_proxy,recent,-0.03647006683750937,0.005174149175051831,-0.033191107081535526,0.003278959755973844,nan,nan,0.0584629587829113,2400,2431,2432
fold_3,train,2792,exp016_static_strict_oof_proxy,random,-0.03647006683750937,0.040757333838612284,-0.029634892846500956,0.006835173991008414,nan,nan,0.07462312281131744,558,2431,2432
fold_3,train,2793,exp016_static_strict_oof_proxy,retrieval,-0.2080844184980577,-0.14498355130779023,-0.2073279397894181,0.0007564787086395963,-2.9374320283532143,2.8618688583374023,0.07556317001581192,1136,2400,2432
fold_3,train,2793,exp016_static_strict_oof_proxy,recent,-0.2080844184980577,-0.09727466115004715,-0.20322510977834027,0.004859308719717431,nan,nan,0.0584629587829113,2400,2431,2432
fold_3,train,2793,exp016_static_strict_oof_proxy,random,-0.2080844184980577,-0.12020708733622835,-0.205148899895312,0.0029355186027457125,nan,nan,0.07860752940177917,526,2355,2432
fold_3,train,2794,exp016_static_strict_oof_proxy,retrieval,-0.2573683344315474,-0.11852669654626624,-0.2505388854555503,0.006829448975997077,-3.3744047954678535,3.2968826293945312,0.0775221660733223,1139,2401,2432
fold_3,train,2794,exp016_static_strict_oof_proxy,recent,-0.2573683344315474,-0.08175739669543504,-0.24854562077812833,0.008822713653419051,nan,nan,0.0584629587829113,2400,2431,2432
fold_3,train,2794,exp016_static_strict_oof_proxy,random,-0.2573683344315474,-0.0774855510838646,-0.2480038548487179,0.009364479582829488,nan,nan,0.07285849004983902,511,2407,2432
fold_3,train,2795,exp016_static_strict_oof_proxy,retrieval,-0.25160968578166737,-0.1675186504297203,-0.2500832724377274,0.0015264133439399918,-4.527298167347908,4.445256233215332,0.08204193413257599,1159,2400,2432
fold_3,train,2795,exp016_static_strict_oof_proxy,recent,-0.25160968578166737,-0.08479631800248459,-0.24326470735837358,0.008344978423293792,nan,nan,0.0584629587829113,2400,2431,2432
fold_3,train,2795,exp016_static_strict_oof_proxy,random,-0.25160968578166737,-0.10020340965182113,-0.24452957494280672,0.007080110838860648,nan,nan,0.08492794632911682,497,2396,2432
fold_3,train,2796,exp016_static_strict_oof_proxy,retrieval,0.031370396459070984,0.04797385776503629,0.03346237618739208,0.0020919797283210986,-5.876972176134586,5.792383193969727,0.08458898216485977,1131,2250,2432
fold_3,train,2796,exp016_static_strict_oof_proxy,recent,0.031370396459070984,0.03626359998030381,0.03259357442516422,0.001223177966093239,nan,nan,0.0584629587829113,2400,2431,2432
fold_3,train,2796,exp016_static_strict_oof_proxy,random,0.031370396459070984,0.036761083585555146,0.03292626954490153,0.0015558730858305433,nan,nan,0.08313799649477005,561,2349,2432
fold_3,train,2797,exp016_static_strict_oof_proxy,retrieval,0.25761041540942775,0.20864455525854558,0.25819302162447316,0.0005826062150454114,-3.9989905059337616,3.911620616912842,0.0873698890209198,1435,2401,2432
fold_3,train,2797,exp016_static_strict_oof_proxy,recent,0.25761041540942775,0.20424334901866997,0.2588101157661765,0.0011997003567487674,nan,nan,0.0584629587829113,2400,2431,2432
fold_3,train,2797,exp016_static_strict_oof_proxy,random,0.25761041540942775,0.1946776245883554,0.25829623098553495,0.000685815576107196,nan,nan,0.07335546612739563,564,2418,2432
fold_3,train,2798,exp016_static_strict_oof_proxy,retrieval,0.36779079566223616,0.2628648336115824,0.3647274437053368,-0.003063351956899385,-4.428682744503021,4.356573104858398,0.0721096396446228,1441,2398,2432
fold_3,train,2798,exp016_static_strict_oof_proxy,recent,0.36779079566223616,0.27049839020054783,0.36693406314811566,-0.0008567325141204951,nan,nan,0.0584629587829113,2400,2431,2432
fold_3,train,2798,exp016_static_strict_oof_proxy,random,0.36779079566223616,0.261100414691795,0.36652139787479,-0.0012693977874461693,nan,nan,0.07637747377157211,493,2371,2432
fold_3,train,2799,exp016_static_strict_oof_proxy,retrieval,0.4273008989670688,0.30983901505717426,0.42448877338849605,-0.002812125578572744,-4.1595145389437675,4.078531265258789,0.08098327368497849,1441,2401,2432
fold_3,train,2799,exp016_static_strict_oof_proxy,recent,0.4273008989670688,0.3352047996984144,0.4277077399169867,0.000406840949917886,nan,nan,0.0584629587829113,2400,2431,2432
fold_3,train,2799,exp016_static_strict_oof_proxy,random,0.4273008989670688,0.35593829571471486,0.4312297718331404,0.0039288728660715755,nan,nan,0.12666034698486328,641,2424,2432
fold_3,train,2800,exp016_static_strict_oof_proxy,retrieval,0.39123623288364845,0.28483212806350366,0.3885941109987211,-0.002642121884927351,-5.348283536732197,5.26302433013916,0.08525920659303665,1438,2250,2432
fold_3,train,2800,exp016_static_strict_oof_proxy,recent,0.39123623288364845,0.2573722789554332,0.38893595336319814,-0.00230027952045031,nan,nan,0.0584629587829113,2400,2431,2432
fold_3,train,2800,exp016_static_strict_oof_proxy,random,0.39123623288364845,0.2773616904094138,0.390444282438211,-0.0007919504454374504,nan,nan,0.08583930879831314,525,2389,2432
fold_3,train,2801,exp016_static_strict_oof_proxy,retrieval,0.3376370479246385,0.23353038418656624,0.33364178640924474,-0.003995261515393755,-4.38167117536068,4.311450958251953,0.0702202171087265,1441,1738,2432
fold_3,train,2801,exp016_static_strict_oof_proxy,recent,0.3376370479246385,0.2101556166092626,0.3325359821079979,-0.005101065816640604,nan,nan,0.0584629587829113,2400,2431,2432
fold_3,train,2801,exp016_static_strict_oof_proxy,random,0.3376370479246385,0.16722246087595755,0.3296713371812729,-0.007965710743365606,nan,nan,0.06928487122058868,547,2406,2432
fold_3,train,2802,exp016_static_strict_oof_proxy,retrieval,0.21045368621445965,0.08352431461894201,0.20197975513598732,-0.00847393107847233,-4.849063061177731,4.780725955963135,0.0683371052145958,1509,1736,2432
fold_3,train,2802,exp016_static_strict_oof_proxy,recent,0.21045368621445965,0.11111823620457065,0.2054433621328525,-0.005010324081607148,nan,nan,0.0584629587829113,2400,2431,2432
fold_3,train,2802,exp016_static_strict_oof_proxy,random,0.21045368621445965,0.1367956719459633,0.2078225610345167,-0.0026311251799429336,nan,nan,0.08423673361539841,497,2388,2432
fold_3,train,2803,exp016_static_strict_oof_proxy,retrieval,0.12635285289260825,0.08398558785182658,0.12536600304003637,-0.000986849852571886,-5.2302307188510895,5.1431427001953125,0.08708801865577698,1439,2375,2432
fold_3,train,2803,exp016_static_strict_oof_proxy,recent,0.12635285289260825,0.08248340088749466,0.12451509224338785,-0.0018377606492204074,nan,nan,0.0584629587829113,2400,2431,2432
fold_3,train,2803,exp016_static_strict_oof_proxy,random,0.12635285289260825,0.07365845668784425,0.12349574451110416,-0.0028571083815040893,nan,nan,0.09407100081443787,537,2413,2432
fold_3,train,2804,exp016_static_strict_oof_proxy,retrieval,0.11270749151166216,0.05619639867012376,0.10948273582716887,-0.003224755684493291,-5.4639027044177055,5.385492324829102,0.07841037958860397,1245,2406,2432
fold_3,train,2804,exp016_static_strict_oof_proxy,recent,0.11270749151166216,0.023491724182447018,0.10665278171089933,-0.006054709800762836,nan,nan,0.0584629587829113,2400,2431,2432
fold_3,train,2804,exp016_static_strict_oof_proxy,random,0.11270749151166216,0.033249025094886156,0.10751642052109049,-0.005191070990571672,nan,nan,0.07744898647069931,518,2424,2432
fold_3,train,2805,exp016_static_strict_oof_proxy,retrieval,0.10244720289322543,0.09492143300458739,0.10275584230990015,0.00030863941667472194,-5.128900229930878,5.031726837158203,0.09717339277267456,1131,2406,2432
fold_3,train,2805,exp016_static_strict_oof_proxy,recent,0.10244720289322543,-0.05472969962356829,0.08913304781459659,-0.013314155078628834,nan,nan,0.0584629587829113,2400,2431,2432
fold_3,train,2805,exp016_static_strict_oof_proxy,random,0.10244720289322543,-0.05926000023609138,0.08839821029525141,-0.014048992597974014,nan,nan,0.07711973041296005,546,2405,2432
fold_3,train,2806,exp016_static_strict_oof_proxy,retrieval,0.10174698204867069,0.05806092919111741,0.09957128850360446,-0.0021756935450662346,-4.820063881576061,4.734828948974609,0.08523493260145187,1131,2404,2432
fold_3,train,2806,exp016_static_strict_oof_proxy,recent,0.10174698204867069,0.04318817709087545,0.09824784316475065,-0.003499138883920047,nan,nan,0.0584629587829113,2400,2431,2432
fold_3,train,2806,exp016_static_strict_oof_proxy,random,0.10174698204867069,0.0349487169056861,0.09675235646395351,-0.00499462558471718,nan,nan,0.08713415265083313,494,2296,2432
fold_3,train,2807,exp016_static_strict_oof_proxy,retrieval,0.11231508718096919,0.035433018502381196,0.10727686229352924,-0.005038224887439949,-3.526699297130108,3.4525985717773438,0.07410072535276413,1154,2408,2432
fold_3,train,2807,exp016_static_strict_oof_proxy,recent,0.11231508718096919,0.05788428081434823,0.10979698169208806,-0.0025181054888811366,nan,nan,0.0584629587829113,2400,2431,2432
fold_3,train,2807,exp016_static_strict_oof_proxy,random,0.11231508718096919,0.079645117720636,0.1113256301482034,-0.0009894570327657892,nan,nan,0.07257520407438278,560,2261,2432
fold_3,train,2808,exp016_static_strict_oof_proxy,retrieval,0.06539681109551475,0.021884397482709598,0.062152139040356005,-0.0032446720551587427,-3.74797173589468,3.673569440841675,0.07440229505300522,1247,2402,2432
fold_3,train,2808,exp016_static_strict_oof_proxy,recent,0.06539681109551475,0.007214568029232528,0.06063089136898392,-0.004765919726530829,nan,nan,0.0584629587829113,2400,2431,2432
fold_3,train,2808,exp016_static_strict_oof_proxy,random,0.06539681109551475,0.01890410311074502,0.06150214600003165,-0.003894665095483099,nan,nan,0.08346138149499893,643,2418,2432
fold_3,train,2809,exp016_static_strict_oof_proxy,retrieval,0.051851206553491076,0.07691172476711293,0.055875991275713265,0.004024784722222188,-3.951322004199028,3.8753676414489746,0.0759543627500534,1447,2405,2432
fold_3,train,2809,exp016_static_strict_oof_proxy,recent,0.051851206553491076,-0.02251785641675327,0.0452294272670921,-0.006621779286398975,nan,nan,0.0584629587829113,2400,2431,2432
fold_3,train,2809,exp016_static_strict_oof_proxy,random,0.051851206553491076,-0.03318992987545733,0.04457461154734431,-0.007276595006146767,nan,nan,0.08302914351224899,501,2352,2432
fold_3,train,2810,exp016_static_strict_oof_proxy,retrieval,-0.02565375078712074,-0.06418563824028843,-0.030368220477659864,-0.004714469690539125,-5.455179281532764,5.372142314910889,0.08303696662187576,1131,2406,2432
fold_3,train,2810,exp016_static_strict_oof_proxy,recent,-0.02565375078712074,-0.0934376136053545,-0.03317113661943432,-0.007517385832313581,nan,nan,0.0584629587829113,2400,2431,2432
fold_3,train,2810,exp016_static_strict_oof_proxy,random,-0.02565375078712074,-0.10155980513081217,-0.03381925454514534,-0.008165503758024599,nan,nan,0.0949850007891655,531,2408,2432
fold_3,train,2811,exp016_static_strict_oof_proxy,retrieval,0.05181955881551692,-0.00638866009359491,0.045972177429695116,-0.005847381385821804,-4.076968491077423,3.9961583614349365,0.08081012964248657,1131,2406,2432
fold_3,train,2811,exp016_static_strict_oof_proxy,recent,0.05181955881551692,-0.028109879025467525,0.04495898898882134,-0.006860569826695577,nan,nan,0.0584629587829113,2400,2431,2432
fold_3,train,2811,exp016_static_strict_oof_proxy,random,0.05181955881551692,0.010902181761219038,0.04959630587878668,-0.002223252936730237,nan,nan,0.09340915828943253,490,2282,2432
fold_3,train,2812,exp016_static_strict_oof_proxy,retrieval,0.04077649897711823,-0.014648151865172898,0.035993442082636655,-0.004783056894481573,-3.4323087707161903,3.355968713760376,0.07634005695581436,1136,2408,2432
fold_3,train,2812,exp016_static_strict_oof_proxy,recent,0.04077649897711823,-0.011115289197811804,0.03620969772885578,-0.004566801248262448,nan,nan,0.0584629587829113,2400,2431,2432
fold_3,train,2812,exp016_static_strict_oof_proxy,random,0.04077649897711823,0.024518609905981703,0.039617524537904195,-0.0011589744392140333,nan,nan,0.08850625902414322,529,2372,2432
fold_3,train,2813,exp016_static_strict_oof_proxy,retrieval,0.049831070204142194,0.014242417557517258,0.04780509938467216,-0.0020259708194700354,-3.725982539355755,3.6426310539245605,0.0833514854311943,1441,2406,2432
fold_3,train,2813,exp016_static_strict_oof_proxy,recent,0.049831070204142194,-0.0005140472328362673,0.04641456776553777,-0.0034165024386044254,nan,nan,0.0584629587829113,2400,2431,2432
fold_3,train,2813,exp016_static_strict_oof_proxy,random,0.049831070204142194,0.007990273959399784,0.046927253698112605,-0.00290381650602959,nan,nan,0.08056765049695969,512,2390,2432
fold_3,train,2814,exp016_static_strict_oof_proxy,retrieval,0.1572432583820985,0.176713875394242,0.16275049543526307,0.005507237053164582,-3.4403204023838043,3.3661916255950928,0.07412877678871155,1160,2406,2432
fold_3,train,2814,exp016_static_strict_oof_proxy,recent,0.1572432583820985,0.17273465921226294,0.1634317565705846,0.006188498188486102,nan,nan,0.0584629587829113,2400,2431,2432
fold_3,train,2814,exp016_static_strict_oof_proxy,random,0.1572432583820985,0.1783886499760143,0.16393921706945508,0.00669595868735659,nan,nan,0.07720757275819778,509,2409,2432
fold_3,train,2815,exp016_static_strict_oof_proxy,retrieval,0.2669919142379528,0.22123924946737666,0.26869952407838626,0.0017076098404334439,-5.061526156961918,4.9776763916015625,0.08384976536035538,1467,2398,2432
fold_3,train,2815,exp016_static_strict_oof_proxy,recent,0.2669919142379528,0.17247260986325993,0.2659005604877177,-0.0010913537502351134,nan,nan,0.0584629587829113,2400,2431,2432
fold_3,train,2815,exp016_static_strict_oof_proxy,random,0.2669919142379528,0.18041232371828597,0.2659232325024116,-0.0010686817355411993,nan,nan,0.0838145911693573,489,2385,2432
fold_3,train,2816,exp016_static_strict_oof_proxy,retrieval,0.24620786869099112,0.2528916245054122,0.25058497134747076,0.004377102656479642,-4.572344824671745,4.486238956451416,0.08610586822032928,1131,2401,2432
fold_3,train,2816,exp016_static_strict_oof_proxy,recent,0.24620786869099112,0.22711550551294915,0.24960500692947837,0.0033971382384872517,nan,nan,0.0584629587829113,2400,2431,2432
fold_3,train,2816,exp016_static_strict_oof_proxy,random,0.24620786869099112,0.18177360145790522,0.24407908543512247,-0.002128783255868655,nan,nan,0.07468459755182266,494,2425,2432
fold_3,train,2817,exp016_static_strict_oof_proxy,retrieval,0.30809131322736033,0.32513749710000284,0.3169822958676597,0.00889098264029936,-4.657922796905041,4.571622371673584,0.08630042523145676,1131,2403,2432
fold_3,train,2817,exp016_static_strict_oof_proxy,recent,0.30809131322736033,0.32151618472677457,0.3174986401633421,0.009407326935981786,nan,nan,0.0584629587829113,2400,2431,2432
fold_3,train,2817,exp016_static_strict_oof_proxy,random,0.30809131322736033,0.19379602168202745,0.3068036504487679,-0.0012876627785924355,nan,nan,0.09320956468582153,500,2268,2432
fold_3,train,2818,exp016_static_strict_oof_proxy,retrieval,0.2994077483038335,0.3411997769754121,0.30829239293381183,0.008884644629978344,-4.2486894726753235,4.16891622543335,0.07977324724197388,1138,2402,2432
fold_3,train,2818,exp016_static_strict_oof_proxy,recent,0.2994077483038335,0.3108090572695377,0.307151568256304,0.007743819952470532,nan,nan,0.0584629587829113,2400,2431,2432
fold_3,train,2818,exp016_static_strict_oof_proxy,random,0.2994077483038335,0.2989429877739306,0.30590032106325704,0.006492572759423554,nan,nan,0.0779101699590683,550,2211,2432
fold_3,train,2819,exp016_static_strict_oof_proxy,retrieval,0.22182682083578192,0.2531355814447623,0.22877727200472858,0.006950451168946659,-4.105445936322212,4.03019905090332,0.0752468854188919,1161,2402,2432
fold_3,train,2819,exp016_static_strict_oof_proxy,recent,0.22182682083578192,0.261192866787793,0.23069055859233253,0.00886373775655061,nan,nan,0.0584629587829113,2400,2431,2432
fold_3,train,2819,exp016_static_strict_oof_proxy,random,0.22182682083578192,0.2572849403501883,0.230134756600772,0.008307935764990088,nan,nan,0.08630924671888351,686,2380,2432
fold_3,train,2820,exp016_static_strict_oof_proxy,retrieval,0.1510964270831101,0.1262714703568755,0.15223403630582588,0.0011376092227157741,-5.462455593049526,5.364477157592773,0.09797843545675278,1131,2401,2432
fold_3,train,2820,exp016_static_strict_oof_proxy,recent,0.1510964270831101,0.13795307112536367,0.15386138227225307,0.0027649551891429647,nan,nan,0.0584629587829113,2400,2431,2432
fold_3,train,2820,exp016_static_strict_oof_proxy,random,0.1510964270831101,0.11873439900567767,0.15185086889622335,0.000754441813113238,nan,nan,0.08979775756597519,487,2298,2432
fold_3,train,2821,exp016_static_strict_oof_proxy,retrieval,0.13813464396736835,0.14997259543365282,0.1425782459725934,0.004443602005225034,-4.057946585118771,3.9871890544891357,0.07075753062963486,1130,2408,2432
fold_3,train,2821,exp016_static_strict_oof_proxy,recent,0.13813464396736835,0.13839682714431623,0.1412591822908473,0.003124538323478948,nan,nan,0.0584629587829113,2400,2431,2432
fold_3,train,2821,exp016_static_strict_oof_proxy,random,0.13813464396736835,0.13614957153401966,0.14077810701239826,0.002643463045029909,nan,nan,0.08966919779777527,501,2396,2432
fold_3,train,2822,exp016_static_strict_oof_proxy,retrieval,0.12686894328237566,0.10375990187884432,0.12723637150966377,0.000367428227288108,-5.056460402905941,4.972695350646973,0.08376505225896835,1138,2427,2432
fold_3,train,2822,exp016_static_strict_oof_proxy,recent,0.12686894328237566,0.06461296577138133,0.1234831350136585,-0.0033858082687171637,nan,nan,0.0584629587829113,2400,2431,2432
fold_3,train,2822,exp016_static_strict_oof_proxy,random,0.12686894328237566,0.08393527239515657,0.12460263467042465,-0.0022663086119510123,nan,nan,0.09197226166725159,494,2311,2432
fold_3,train,2823,exp016_static_strict_oof_proxy,retrieval,0.1669927234286419,0.1126984188015347,0.16524149794382562,-0.0017512254848162934,-3.90204206854105,3.820446014404297,0.08159605413675308,1131,2406,2432
fold_3,train,2823,exp016_static_strict_oof_proxy,recent,0.1669927234286419,0.1042714893108878,0.16501142174524175,-0.0019813016834001607,nan,nan,0.0584629587829113,2400,2431,2432
fold_3,train,2823,exp016_static_strict_oof_proxy,random,0.1669927234286419,0.09141687698005876,0.16416507532113045,-0.00282764810751146,nan,nan,0.07769212871789932,516,2396,2432
fold_3,train,2824,exp016_static_strict_oof_proxy,retrieval,0.21183423554470132,0.14855453430304227,0.21056510287147123,-0.001269132673230089,-3.6137596666812897,3.5296406745910645,0.08411899209022522,1138,2408,2432
fold_3,train,2824,exp016_static_strict_oof_proxy,recent,0.21183423554470132,0.12455636063005118,0.2088508748582553,-0.0029833606864460294,nan,nan,0.0584629587829113,2400,2431,2432
fold_3,train,2824,exp016_static_strict_oof_proxy,random,0.21183423554470132,0.1351337959263684,0.21007289045100738,-0.001761345093693939,nan,nan,0.07581564784049988,521,2288,2432
fold_3,train,2825,exp016_static_strict_oof_proxy,retrieval,0.24554242944367802,0.19069045540298546,0.24504520550399594,-0.0004972239396820732,-3.6936784461140633,3.622218132019043,0.0714603140950203,1154,2406,2432
fold_3,train,2825,exp016_static_strict_oof_proxy,recent,0.24554242944367802,0.17368421512382815,0.2441959197854394,-0.001346509658238626,nan,nan,0.0584629587829113,2400,2431,2432
fold_3,train,2825,exp016_static_strict_oof_proxy,random,0.24554242944367802,0.1902168435356967,0.24545700152645136,-8.542791722665477e-05,nan,nan,0.07865878194570541,653,2422,2432
fold_3,train,2826,exp016_static_strict_oof_proxy,retrieval,0.24674369410645874,0.23489799833926772,0.25003620048747877,0.0032925063810200217,-3.4251915737986565,3.3409063816070557,0.0842851921916008,1131,2401,2432
fold_3,train,2826,exp016_static_strict_oof_proxy,recent,0.24674369410645874,0.244363107281606,0.2524751772016287,0.005731483095169965,nan,nan,0.0584629587829113,2400,2431,2432
fold_3,train,2826,exp016_static_strict_oof_proxy,random,0.24674369410645874,0.2220051543476932,0.2495868625694755,0.002843168463016743,nan,nan,0.07765261083841324,519,2371,2432
fold_3,train,2827,exp016_static_strict_oof_proxy,retrieval,0.30273814165473517,0.23978461063563614,0.3043726441343484,0.0016345024796132201,-3.702119156718254,3.624441623687744,0.07767753303050995,1130,2408,2432
fold_3,train,2827,exp016_static_strict_oof_proxy,recent,0.30273814165473517,0.2487601906605877,0.30445929068018485,0.0017211490254496753,nan,nan,0.0584629587829113,2400,2431,2432
fold_3,train,2827,exp016_static_strict_oof_proxy,random,0.30273814165473517,0.24748038417705,0.3035376216219385,0.0007994799672033093,nan,nan,0.06902604550123215,527,2368,2432
fold_3,train,2828,exp016_static_strict_oof_proxy,retrieval,0.23120892101921844,0.16555965896889432,0.22987042613133427,-0.0013384948878841785,-4.1699065417051315,4.09238338470459,0.07752315700054169,1131,2406,2432
fold_3,train,2828,exp016_static_strict_oof_proxy,recent,0.23120892101921844,0.18587557503391589,0.23133469930355102,0.00012577828433257832,nan,nan,0.0584629587829113,2400,2431,2432
fold_3,train,2828,exp016_static_strict_oof_proxy,random,0.23120892101921844,0.19486836154918533,0.2327645955256131,0.0015556745063946553,nan,nan,0.08035039901733398,716,2398,2432
fold_3,train,2829,exp016_static_strict_oof_proxy,retrieval,0.12338494742060373,0.06338707703655798,0.12021308695052983,-0.003171860470073895,-3.2252998799085617,3.14793062210083,0.07736925780773163,1442,2406,2432
fold_3,train,2829,exp016_static_strict_oof_proxy,recent,0.12338494742060373,0.06854918133048904,0.12115503186352701,-0.002229915557076717,nan,nan,0.0584629587829113,2400,2431,2432
fold_3,train,2829,exp016_static_strict_oof_proxy,random,0.12338494742060373,0.03875269199478264,0.11796429695845738,-0.005420650462146348,nan,nan,0.08091629296541214,610,2381,2432
fold_3,train,2830,exp016_static_strict_oof_proxy,retrieval,0.12188975906798592,0.030471038705828,0.11501079675437184,-0.0068789623136140815,-4.327923208475113,4.245753288269043,0.08216992020606995,1131,2406,2432
fold_3,train,2830,exp016_static_strict_oof_proxy,recent,0.12188975906798592,0.03679986903919138,0.11566357676208845,-0.006226182305897471,nan,nan,0.0584629587829113,2400,2431,2432
fold_3,train,2830,exp016_static_strict_oof_proxy,random,0.12188975906798592,0.06044079877677804,0.11810406130546851,-0.003785697762517415,nan,nan,0.11351986229419708,487,2387,2432
fold_3,train,2831,exp016_static_strict_oof_proxy,retrieval,0.04619582349136091,-0.04570410299997171,0.03850769633941224,-0.007688127151948665,-2.9481214806437492,2.8785958290100098,0.06952565163373947,1129,2412,2432
fold_3,train,2831,exp016_static_strict_oof_proxy,recent,0.04619582349136091,-0.05657460429915937,0.037499397961748504,-0.008696425529612403,nan,nan,0.0584629587829113,2400,2431,2432
fold_3,train,2831,exp016_static_strict_oof_proxy,random,0.04619582349136091,-0.05596547462927269,0.037525760531462664,-0.008670062959898243,nan,nan,0.06765168160200119,541,2424,2432
fold_3,train,2832,exp016_static_strict_oof_proxy,retrieval,0.007041992080161948,-0.05318714925482982,0.001140661334938579,-0.005901330745223369,-3.5513916611671448,3.4883995056152344,0.0629921555519104,1161,2414,2432
fold_3,train,2832,exp016_static_strict_oof_proxy,recent,0.007041992080161948,-0.11235805490307157,-0.005410946576693893,-0.01245293865685584,nan,nan,0.0584629587829113,2400,2431,2432
fold_3,train,2832,exp016_static_strict_oof_proxy,random,0.007041992080161948,-0.08989603037121204,-0.002861755660952585,-0.009903747741114532,nan,nan,0.08469976484775543,533,2235,2432
fold_3,train,2833,exp016_static_strict_oof_proxy,retrieval,-0.0686982137194848,-0.13986364361716125,-0.07688100473054083,-0.008182791011056026,-3.4993884041905403,3.425955295562744,0.07343310862779617,1131,2408,2432
fold_3,train,2833,exp016_static_strict_oof_proxy,recent,-0.0686982137194848,-0.15618090023099826,-0.07869138239528058,-0.009993168675795777,nan,nan,0.0584629587829113,2400,2431,2432
fold_3,train,2833,exp016_static_strict_oof_proxy,random,-0.0686982137194848,-0.15589760259598814,-0.07869915762213175,-0.010000943902646955,nan,nan,0.08516291528940201,529,2404,2432
fold_3,train,2834,exp016_static_strict_oof_proxy,retrieval,0.043178343316454273,-0.013379117379903913,0.03930393691556431,-0.003874406400889964,-3.5026746168732643,3.4213898181915283,0.08128479868173599,1138,2408,2432
fold_3,train,2834,exp016_static_strict_oof_proxy,recent,0.043178343316454273,-0.033758861166885826,0.03741322341591049,-0.0057651199005437845,nan,nan,0.0584629587829113,2400,2431,2432
fold_3,train,2834,exp016_static_strict_oof_proxy,random,0.043178343316454273,-0.03224768120387002,0.03741743171891541,-0.005760911597538866,nan,nan,0.0855136588215828,523,2319,2432
fold_3,train,2835,exp016_static_strict_oof_proxy,retrieval,0.11102671923103744,0.07527969730408833,0.11073077970181673,-0.000295939529220704,-3.4511807709932327,3.376253604888916,0.07492716610431671,1131,2406,2432
fold_3,train,2835,exp016_static_strict_oof_proxy,recent,0.11102671923103744,0.0688831711730321,0.11042681216756024,-0.0005999070634771925,nan,nan,0.0584629587829113,2400,2431,2432
fold_3,train,2835,exp016_static_strict_oof_proxy,random,0.11102671923103744,0.07415375292562351,0.11119959633938976,0.00017287710835232895,nan,nan,0.08041799813508987,513,2405,2432
fold_3,train,2836,exp016_static_strict_oof_proxy,retrieval,0.18472702574223784,0.04871071243666119,0.17757872204671013,-0.0071483036955277135,-2.9824130088090897,2.914332389831543,0.06808061897754669,1129,2414,2432
fold_3,train,2836,exp016_static_strict_oof_proxy,recent,0.18472702574223784,0.19430444641313388,0.19074270929847678,0.006015683556238938,nan,nan,0.0584629587829113,2400,2431,2432
fold_3,train,2836,exp016_static_strict_oof_proxy,random,0.18472702574223784,0.1954069127922063,0.18994095207472758,0.005213926332489738,nan,nan,0.09337019175291061,513,2421,2432
fold_3,train,2837,exp016_static_strict_oof_proxy,retrieval,0.29068850693379544,0.258920656662675,0.2931120735903652,0.002423566656569731,-3.1354499012231827,3.063201427459717,0.07224847376346588,1129,2408,2432
fold_3,train,2837,exp016_static_strict_oof_proxy,recent,0.29068850693379544,0.26148640422612157,0.29460230443219454,0.003913797498399096,nan,nan,0.0584629587829113,2400,2431,2432
fold_3,train,2837,exp016_static_strict_oof_proxy,random,0.29068850693379544,0.16479761701957385,0.28558577457825884,-0.005102732355536599,nan,nan,0.08668418973684311,511,2307,2432
fold_3,train,2838,exp016_static_strict_oof_proxy,retrieval,0.3655725813201727,0.3211884923085375,0.36816670407102897,0.002594122750856298,-3.37322511523962,3.3007707595825195,0.07245435565710068,1129,2414,2432
fold_3,train,2838,exp016_static_strict_oof_proxy,recent,0.3655725813201727,0.33417561269990986,0.37001597221324656,0.004443390893073884,nan,nan,0.0584629587829113,2400,2431,2432
fold_3,train,2838,exp016_static_strict_oof_proxy,random,0.3655725813201727,0.3413546878078852,0.37119551672262924,0.005622935402456564,nan,nan,0.09918025881052017,619,2395,2432
fold_3,train,2839,exp016_static_strict_oof_proxy,retrieval,0.28572700225531394,0.20245708520766867,0.2838818839903938,-0.0018451182649201203,-5.478301338851452,5.401459217071533,0.07684212177991867,1190,2421,2432
fold_3,train,2839,exp016_static_strict_oof_proxy,recent,0.28572700225531394,0.23370545271945217,0.28749988790827674,0.0017728856529627968,nan,nan,0.0584629587829113,2400,2431,2432
fold_3,train,2839,exp016_static_strict_oof_proxy,random,0.28572700225531394,0.19142307294472788,0.2825521902078527,-0.0031748120474612285,nan,nan,0.08758340775966644,509,2262,2432
fold_3,train,2840,exp016_static_strict_oof_proxy,retrieval,0.16147450399431565,0.06825654224679145,0.15733440145488822,-0.004140102539427426,-3.760496698319912,3.6943395137786865,0.06615718454122543,1246,2410,2432
fold_3,train,2840,exp016_static_strict_oof_proxy,recent,0.16147450399431565,0.1605707084655786,0.16525542104145072,0.0037809170471350684,nan,nan,0.0584629587829113,2400,2431,2432
fold_3,train,2840,exp016_static_strict_oof_proxy,random,0.16147450399431565,0.15741335350268407,0.1651300006233543,0.0036554966290386626,nan,nan,0.078655906021595,517,2381,2432
fold_3,train,2841,exp016_static_strict_oof_proxy,retrieval,0.05150798871953384,0.015985542556817323,0.04774910873430903,-0.003758879985224811,-3.6692451536655426,3.59525203704834,0.07399311661720276,1246,2410,2432
fold_3,train,2841,exp016_static_strict_oof_proxy,recent,0.05150798871953384,0.02245595662078701,0.048118734875685666,-0.0033892538438481737,nan,nan,0.0584629587829113,2400,2431,2432
fold_3,train,2841,exp016_static_strict_oof_proxy,random,0.05150798871953384,0.031000194725384365,0.04937525477125442,-0.002132733948279418,nan,nan,0.07379180192947388,586,2402,2432
fold_3,train,2842,exp016_static_strict_oof_proxy,retrieval,-0.049814181339731804,0.05546503975901717,-0.040169566606910706,0.009644614732821098,-5.115490645170212,5.036323547363281,0.07916709780693054,1245,2402,2432
fold_3,train,2842,exp016_static_strict_oof_proxy,recent,-0.049814181339731804,-0.11102945551216933,-0.05815310091652754,-0.008338919576795736,nan,nan,0.0584629587829113,2400,2431,2432
fold_3,train,2842,exp016_static_strict_oof_proxy,random,-0.049814181339731804,-0.05805083689477109,-0.05216407609148583,-0.0023498947517540253,nan,nan,0.07292287051677704,546,2386,2432
fold_3,train,2843,exp016_static_strict_oof_proxy,retrieval,-0.09235554071363192,-0.08124603484334937,-0.09328779741929638,-0.0009322567056644637,-5.722463026642799,5.642651557922363,0.0798114687204361,1537,2330,2432
fold_3,train,2843,exp016_static_strict_oof_proxy,recent,-0.09235554071363192,-0.1334451809707288,-0.09890710151931421,-0.006551560805682297,nan,nan,0.0584629587829113,2400,2431,2432
fold_3,train,2843,exp016_static_strict_oof_proxy,random,-0.09235554071363192,-0.18876350537580164,-0.10441160973525976,-0.012056069021627841,nan,nan,0.08184532821178436,559,2322,2432
fold_3,train,2844,exp016_static_strict_oof_proxy,retrieval,-0.05318078267398617,-0.016244734470851226,-0.05092500932246888,0.00225577335151729,-4.8375503942370415,4.757593154907227,0.07995723932981491,1101,2406,2432
fold_3,train,2844,exp016_static_strict_oof_proxy,recent,-0.05318078267398617,-0.02639811380910997,-0.05243256557742839,0.0007482170965577781,nan,nan,0.0584629587829113,2400,2431,2432
fold_3,train,2844,exp016_static_strict_oof_proxy,random,-0.05318078267398617,-0.041641280752049065,-0.0540437372584834,-0.0008629545844972344,nan,nan,0.0770130455493927,514,2385,2432
fold_3,train,2845,exp016_static_strict_oof_proxy,retrieval,0.04602851307869683,0.024925404507041976,0.04545790916042052,-0.0005706039182763051,-3.9015766233205795,3.8249824047088623,0.07659421861171722,1131,2406,2432
fold_3,train,2845,exp016_static_strict_oof_proxy,recent,0.04602851307869683,0.056839526696924325,0.04856796745438814,0.002539454375691315,nan,nan,0.0584629587829113,2400,2431,2432
fold_3,train,2845,exp016_static_strict_oof_proxy,random,0.04602851307869683,0.023364178095019013,0.045258798826051924,-0.0007697142526449027,nan,nan,0.08346104621887207,500,2419,2432
fold_3,train,2846,exp016_static_strict_oof_proxy,retrieval,0.06115009209707789,0.08832250911279677,0.0646541533803063,0.0035040612832284157,-3.4814014732837677,3.404376268386841,0.07702520489692688,1131,2408,2432
fold_3,train,2846,exp016_static_strict_oof_proxy,recent,0.06115009209707789,0.10286667961578867,0.06601028480675071,0.00486019270967282,nan,nan,0.0584629587829113,2400,2431,2432
fold_3,train,2846,exp016_static_strict_oof_proxy,random,0.06115009209707789,0.06914312095469029,0.0633556508591377,0.0022055587620598144,nan,nan,0.07622495293617249,564,2309,2432
fold_3,train,2847,exp016_static_strict_oof_proxy,retrieval,0.007646056903688224,0.06841826436512022,0.012710861664526627,0.005064804760838403,-3.4289690554142,3.354431390762329,0.07453766465187073,1140,2416,2432
fold_3,train,2847,exp016_static_strict_oof_proxy,recent,0.007646056903688224,0.06934001650855,0.01299896896329438,0.0053529120596061555,nan,nan,0.0584629587829113,2400,2431,2432
fold_3,train,2847,exp016_static_strict_oof_proxy,random,0.007646056903688224,0.06971347884936933,0.013019382198710393,0.005373325295022169,nan,nan,0.10591650009155273,499,2430,2432
fold_3,train,2848,exp016_static_strict_oof_proxy,retrieval,0.08916777329184375,0.16443545122065412,0.09749260394310139,0.008324830651257636,-2.858591668307781,2.776759147644043,0.08183252066373825,1103,2414,2432
fold_3,train,2848,exp016_static_strict_oof_proxy,recent,0.08916777329184375,0.17553245299148437,0.09873652322190722,0.009568749930063472,nan,nan,0.0584629587829113,2400,2431,2432
fold_3,train,2848,exp016_static_strict_oof_proxy,random,0.08916777329184375,0.1641751643511776,0.09750860838103063,0.008340835089186885,nan,nan,0.08026973903179169,691,2369,2432
fold_3,train,2849,exp016_static_strict_oof_proxy,retrieval,0.1535880107908693,0.15146464548752148,0.15554896726858872,0.0019609564777194055,-3.0070012137293816,2.928299903869629,0.07870130985975266,1103,2412,2432
fold_3,train,2849,exp016_static_strict_oof_proxy,recent,0.1535880107908693,0.1542269319261844,0.1564731202155494,0.0028851094246800935,nan,nan,0.0584629587829113,2400,2431,2432
fold_3,train,2849,exp016_static_strict_oof_proxy,random,0.1535880107908693,0.12971604102036385,0.15441192403570936,0.0008239132448400466,nan,nan,0.07849492132663727,519,2418,2432
fold_3,train,2850,exp016_static_strict_oof_proxy,retrieval,0.10166555699131388,0.11511552259677707,0.10432454324835416,0.00265898625704028,-3.958570174872875,3.879098892211914,0.07947128266096115,1131,2404,2432
fold_3,train,2850,exp016_static_strict_oof_proxy,recent,0.10166555699131388,0.1300077103360308,0.10670011906972957,0.005034562078415683,nan,nan,0.0584629587829113,2400,2431,2432
fold_3,train,2850,exp016_static_strict_oof_proxy,random,0.10166555699131388,0.1118810566860646,0.10450766072774152,0.0028421037364276397,nan,nan,0.09061605483293533,512,2423,2432
fold_3,train,2851,exp016_static_strict_oof_proxy,retrieval,0.05287603482388333,0.04197848685957681,0.05308581136706305,0.00020977654317971828,-3.3259879276156425,3.2440311908721924,0.08195673674345016,1798,2421,2432
fold_3,train,2851,exp016_static_strict_oof_proxy,recent,0.05287603482388333,0.05746763375924428,0.054007720119361724,0.001131685295478392,nan,nan,0.0584629587829113,2400,2431,2432
fold_3,train,2851,exp016_static_strict_oof_proxy,random,0.05287603482388333,0.03495675995685356,0.05173965781445374,-0.00113637700942959,nan,nan,0.07168223708868027,654,2284,2432
fold_3,train,2852,exp016_static_strict_oof_proxy,retrieval,0.0036508076079140236,-0.04656184236900511,-0.0018330585216106154,-0.005483866129524639,-2.568733088672161,2.49442720413208,0.07430588454008102,1129,2431,2432
fold_3,train,2852,exp016_static_strict_oof_proxy,recent,0.0036508076079140236,-0.0375747553600908,-0.0011571525221679075,-0.004807960130081931,nan,nan,0.0584629587829113,2400,2431,2432
fold_3,train,2852,exp016_static_strict_oof_proxy,random,0.0036508076079140236,-0.027071807491639472,0.0005804260503483417,-0.003070381557565682,nan,nan,0.08826099336147308,490,2376,2432
fold_3,train,2853,exp016_static_strict_oof_proxy,retrieval,-0.12810889906980394,-0.17038056360833362,-0.13549656167729487,-0.007387662607490936,-3.846808522939682,3.7635464668273926,0.08326205611228943,982,2427,2432
fold_3,train,2853,exp016_static_strict_oof_proxy,recent,-0.12810889906980394,-0.15960311376496641,-0.1352654852520602,-0.007156586182256258,nan,nan,0.0584629587829113,2400,2431,2432
fold_3,train,2853,exp016_static_strict_oof_proxy,random,-0.12810889906980394,-0.19713407862857962,-0.1378173162154883,-0.00970841714568435,nan,nan,0.08945014327764511,524,2392,2432
fold_3,train,2854,exp016_static_strict_oof_proxy,retrieval,-0.1855726798288708,-0.23558932754742115,-0.19368498805035078,-0.008112308221479986,-3.200364612042904,3.1224422454833984,0.07792236655950546,1129,2415,2432
fold_3,train,2854,exp016_static_strict_oof_proxy,recent,-0.1855726798288708,-0.26798658780639695,-0.1985182353233165,-0.012945555494445704,nan,nan,0.0584629587829113,2400,2431,2432
fold_3,train,2854,exp016_static_strict_oof_proxy,random,-0.1855726798288708,-0.22202234331952572,-0.19334817684906003,-0.0077754970201892315,nan,nan,0.07956152409315109,538,2340,2432
fold_3,train,2855,exp016_static_strict_oof_proxy,retrieval,-0.21572182456562217,-0.29840513116935746,-0.22928853395537832,-0.013566709389756154,-3.3174765780568123,3.242025375366211,0.07545120269060135,1129,2431,2432
fold_3,train,2855,exp016_static_strict_oof_proxy,recent,-0.21572182456562217,-0.29158872720702156,-0.22967482150406576,-0.013952996938443596,nan,nan,0.0584629587829113,2400,2431,2432
fold_3,train,2855,exp016_static_strict_oof_proxy,random,-0.21572182456562217,-0.3053940697626327,-0.2308554072210509,-0.015133582655428746,nan,nan,0.07613479346036911,539,2307,2432
fold_3,train,2856,exp016_static_strict_oof_proxy,retrieval,-0.175841432132832,-0.22499342862198368,-0.18600818676829664,-0.010166754635464653,-2.861601024866104,2.7889156341552734,0.07268539071083069,1090,2431,2432
fold_3,train,2856,exp016_static_strict_oof_proxy,recent,-0.175841432132832,-0.23061509785333642,-0.18759020728245812,-0.011748775149626134,nan,nan,0.0584629587829113,2400,2431,2432
fold_3,train,2856,exp016_static_strict_oof_proxy,random,-0.175841432132832,-0.1997841358286498,-0.18430659782231007,-0.008465165689478082,nan,nan,0.07921183854341507,494,2394,2432
fold_3,train,2857,exp016_static_strict_oof_proxy,retrieval,-0.07563106896133462,-0.08452340825825873,-0.07919841886562903,-0.0035673499042944146,-2.6768744215369225,2.6008267402648926,0.07604768127202988,1242,2430,2432
fold_3,train,2857,exp016_static_strict_oof_proxy,recent,-0.07563106896133462,-0.08514391190955593,-0.07925105444219993,-0.003619985480865312,nan,nan,0.0584629587829113,2400,2431,2432
fold_3,train,2857,exp016_static_strict_oof_proxy,random,-0.07563106896133462,-0.0862036317729155,-0.07930787219319572,-0.003676803231861106,nan,nan,0.0781673938035965,635,2404,2432
fold_3,train,2858,exp016_static_strict_oof_proxy,retrieval,0.09532699133045772,0.0467496626081209,0.09291859273430421,-0.0024083985961535076,-5.529771730303764,5.448513031005859,0.08125869929790497,633,2411,2432
fold_3,train,2858,exp016_static_strict_oof_proxy,recent,0.09532699133045772,0.01551646292478341,0.08911632672183946,-0.006210664608618258,nan,nan,0.0584629587829113,2400,2431,2432
fold_3,train,2858,exp016_static_strict_oof_proxy,random,0.09532699133045772,0.02803506807437929,0.08992317711441543,-0.005403814216042288,nan,nan,0.07931884378194809,638,2285,2432
fold_3,train,2859,exp016_static_strict_oof_proxy,retrieval,0.1296774612620308,0.12162297132602355,0.1325200928263865,0.0028426315643556854,-3.344786658883095,3.2770843505859375,0.06770230829715729,1157,2399,2432
fold_3,train,2859,exp016_static_strict_oof_proxy,recent,0.1296774612620308,0.09724112174582758,0.1301896858476226,0.0005122245855918028,nan,nan,0.0584629587829113,2400,2431,2432
fold_3,train,2859,exp016_static_strict_oof_proxy,random,0.1296774612620308,0.07221528440006024,0.12719591471923336,-0.002481546542797447,nan,nan,0.08884071558713913,540,2379,2432
fold_3,train,2860,exp016_static_strict_oof_proxy,retrieval,0.17335309500460291,0.1308954792711011,0.17197332415191327,-0.0013797708526896435,-2.8260698169469833,2.751892566680908,0.07417725026607513,1140,2401,2432
fold_3,train,2860,exp016_static_strict_oof_proxy,recent,0.17335309500460291,0.12183222987753695,0.17224257078208285,-0.0011105242225200596,nan,nan,0.0584629587829113,2400,2431,2432
fold_3,train,2860,exp016_static_strict_oof_proxy,random,0.17335309500460291,0.0919487803069801,0.1694652537968851,-0.003887841207717818,nan,nan,0.09600529074668884,491,2379,2432
fold_3,train,2861,exp016_static_strict_oof_proxy,retrieval,0.24514743204584827,0.21993274311779104,0.24701255532009994,0.0018651232742516732,-2.5924617275595665,2.517408847808838,0.07505287975072861,1129,2414,2432
fold_3,train,2861,exp016_static_strict_oof_proxy,recent,0.24514743204584827,0.2102104645940262,0.24662715165916754,0.0014797196133192747,nan,nan,0.0584629587829113,2400,2431,2432
fold_3,train,2861,exp016_static_strict_oof_proxy,random,0.24514743204584827,0.21098522391649402,0.24605222955942468,0.0009047975135764164,nan,nan,0.0986429825425148,489,2352,2432
fold_3,train,2862,exp016_static_strict_oof_proxy,retrieval,0.11835067382516289,0.09707548215543085,0.11857501588677784,0.00022434206161495163,-2.721955545246601,2.6430165767669678,0.07893896847963333,1129,2404,2432
fold_3,train,2862,exp016_static_strict_oof_proxy,recent,0.11835067382516289,0.10492259629204759,0.11998986592359923,0.00163919209843634,nan,nan,0.0584629587829113,2400,2431,2432
fold_3,train,2862,exp016_static_strict_oof_proxy,random,0.11835067382516289,0.1060367388235256,0.12014975864227724,0.0017990848171143548,nan,nan,0.07820338010787964,597,2418,2432
fold_3,train,2863,exp016_static_strict_oof_proxy,retrieval,0.16463011066892433,0.10376680679497682,0.1620734545145785,-0.002556656154345832,-2.652664080262184,2.5709545612335205,0.08170951902866364,1129,2415,2432
fold_3,train,2863,exp016_static_strict_oof_proxy,recent,0.16463011066892433,0.10921861495698648,0.16292135214747414,-0.0017087585214501932,nan,nan,0.0584629587829113,2400,2431,2432
fold_3,train,2863,exp016_static_strict_oof_proxy,random,0.16463011066892433,0.11129034380420572,0.16285389314107435,-0.0017762175278499825,nan,nan,0.08705860376358032,486,2422,2432
fold_3,train,2864,exp016_static_strict_oof_proxy,retrieval,0.049240710638646414,-0.025768910781072362,0.042642775786723756,-0.006597934851922657,-3.1996851190924644,3.124706506729126,0.07497861236333847,1129,2415,2432
fold_3,train,2864,exp016_static_strict_oof_proxy,recent,0.049240710638646414,-0.022517057118063365,0.04341166757890916,-0.005829043059737256,nan,nan,0.0584629587829113,2400,2431,2432
fold_3,train,2864,exp016_static_strict_oof_proxy,random,0.049240710638646414,-0.0018039680290685796,0.04484205370006099,-0.0043986569385854254,nan,nan,0.08421112596988678,505,2381,2432
fold_3,train,2865,exp016_static_strict_oof_proxy,retrieval,0.11173273969215987,0.037218936908409855,0.10664784521881311,-0.005084894473346757,-2.689378000795841,2.6101303100585938,0.07924769073724747,1140,2421,2432
fold_3,train,2865,exp016_static_strict_oof_proxy,recent,0.11173273969215987,0.042307091233232536,0.10729183319483972,-0.004440906497320152,nan,nan,0.0584629587829113,2400,2431,2432
fold_3,train,2865,exp016_static_strict_oof_proxy,random,0.11173273969215987,0.033837237360270764,0.10665576367534736,-0.005076976016812507,nan,nan,0.08870157599449158,501,2415,2432
fold_3,train,2866,exp016_static_strict_oof_proxy,retrieval,-0.019714895004507172,-0.04884516301627122,-0.02305148731075924,-0.003336592306252068,-3.419346109032631,3.3417129516601562,0.07763315737247467,973,2414,2432
fold_3,train,2866,exp016_static_strict_oof_proxy,recent,-0.019714895004507172,-0.060423388594979054,-0.02402821999772873,-0.004313324993221557,nan,nan,0.0584629587829113,2400,2431,2432
fold_3,train,2866,exp016_static_strict_oof_proxy,random,-0.019714895004507172,-0.06419984758676804,-0.024127461749706588,-0.004412566745199416,nan,nan,0.11283083260059357,493,2305,2432
fold_3,train,2867,exp016_static_strict_oof_proxy,retrieval,0.08097310587389352,0.0631557810459749,0.08113600363799903,0.00016289776410551016,-3.4910646229982376,3.4084415435791016,0.08262307941913605,1798,2421,2432
fold_3,train,2867,exp016_static_strict_oof_proxy,recent,0.08097310587389352,0.03629800003442172,0.07772048124294817,-0.003252624630945347,nan,nan,0.0584629587829113,2400,2431,2432
fold_3,train,2867,exp016_static_strict_oof_proxy,random,0.08097310587389352,0.039829815125371516,0.07825299942508934,-0.0027201064488041743,nan,nan,0.09058744460344315,522,2328,2432
fold_3,train,2868,exp016_static_strict_oof_proxy,retrieval,0.037592031145765585,-0.06391194005973137,0.028115423273797693,-0.009476607871967892,-2.598453424870968,2.522940158843994,0.07551326602697372,1129,2430,2432
fold_3,train,2868,exp016_static_strict_oof_proxy,recent,0.037592031145765585,-0.07417903204657478,0.026854817739304704,-0.010737213406460881,nan,nan,0.0584629587829113,2400,2431,2432
fold_3,train,2868,exp016_static_strict_oof_proxy,random,0.037592031145765585,-0.03181693252843936,0.030653701220533843,-0.006938329925231742,nan,nan,0.09100796282291412,637,2372,2432
fold_3,train,2869,exp016_static_strict_oof_proxy,retrieval,-0.0171081745274277,-0.10203718451439689,-0.027544609952526482,-0.010436435425098783,-4.4034460708498955,4.320228576660156,0.08321749418973923,1131,2421,2432
fold_3,train,2869,exp016_static_strict_oof_proxy,recent,-0.0171081745274277,-0.1432648466768581,-0.032092439255571654,-0.014984264728143955,nan,nan,0.0584629587829113,2400,2431,2432
fold_3,train,2869,exp016_static_strict_oof_proxy,random,-0.0171081745274277,-0.12500602736437985,-0.03016452658054873,-0.013056352053121032,nan,nan,0.08077281713485718,555,2422,2432
fold_3,train,2870,exp016_static_strict_oof_proxy,retrieval,-0.09912433865085045,-0.1635675657706505,-0.10842825075493187,-0.009303912104081422,-2.803840771317482,2.7234301567077637,0.08041061460971832,2170,2415,2432
fold_3,train,2870,exp016_static_strict_oof_proxy,recent,-0.09912433865085045,-0.1708683886829098,-0.10909186090134691,-0.009967522250496463,nan,nan,0.0584629587829113,2400,2431,2432
fold_3,train,2870,exp016_static_strict_oof_proxy,random,-0.09912433865085045,-0.15059640097119278,-0.10720729241059528,-0.008082953759744826,nan,nan,0.07945283502340317,510,2185,2432
fold_3,train,2871,exp016_static_strict_oof_proxy,retrieval,-0.07706404103863648,-0.11595858809986881,-0.08478593246477929,-0.00772189142614281,-2.6470038294792175,2.5629217624664307,0.08408206701278687,1140,2421,2432
fold_3,train,2871,exp016_static_strict_oof_proxy,recent,-0.07706404103863648,-0.11699468356488942,-0.08456583371948014,-0.0075017926808436525,nan,nan,0.0584629587829113,2400,2431,2432
fold_3,train,2871,exp016_static_strict_oof_proxy,random,-0.07706404103863648,-0.12051002178596684,-0.08458212655358355,-0.007518085514947065,nan,nan,0.08106444776058197,523,2390,2432
fold_3,train,2872,exp016_static_strict_oof_proxy,retrieval,-0.031747596937691004,-0.07692455418218827,-0.038475858961155206,-0.0067282620234642015,-3.6426927596330643,3.5650241374969482,0.07766862213611603,1190,2421,2432
fold_3,train,2872,exp016_static_strict_oof_proxy,recent,-0.031747596937691004,-0.1007374958011295,-0.04038148428720493,-0.008633887349513925,nan,nan,0.0584629587829113,2400,2431,2432
fold_3,train,2872,exp016_static_strict_oof_proxy,random,-0.031747596937691004,-0.08639775614799307,-0.0388785803325254,-0.007130983394834395,nan,nan,0.08321990817785263,513,2350,2432
fold_3,train,2873,exp016_static_strict_oof_proxy,retrieval,0.07219077826712371,0.04198879272290804,0.07133171639721697,-0.0008590618699067382,-3.207988917827606,3.1353931427001953,0.07259577512741089,1147,2421,2432
fold_3,train,2873,exp016_static_strict_oof_proxy,recent,0.07219077826712371,0.012155432355794004,0.06718552141212243,-0.005005256855001278,nan,nan,0.0584629587829113,2400,2431,2432
fold_3,train,2873,exp016_static_strict_oof_proxy,random,0.07219077826712371,0.025548302611582762,0.06865182887222639,-0.0035389493948973227,nan,nan,0.08532994240522385,647,2363,2432
fold_3,train,2874,exp016_static_strict_oof_proxy,retrieval,0.12234078426087198,0.10163547779870254,0.12137526197453351,-0.0009655222863384771,-3.463184989988804,3.382446765899658,0.08073822408914566,1131,2408,2432
fold_3,train,2874,exp016_static_strict_oof_proxy,recent,0.12234078426087198,0.09950192159011233,0.12115787723400809,-0.001182907026863897,nan,nan,0.0584629587829113,2400,2431,2432
fold_3,train,2874,exp016_static_strict_oof_proxy,random,0.12234078426087198,0.005575870008694881,0.114252919034716,-0.008087865226155982,nan,nan,0.08891511708498001,520,2430,2432
fold_3,train,2875,exp016_static_strict_oof_proxy,retrieval,0.13414298401727648,0.04716261883774388,0.1266799054940778,-0.007463078523198691,-3.049534872174263,2.980473518371582,0.06906135380268097,1179,2406,2432
fold_3,train,2875,exp016_static_strict_oof_proxy,recent,0.13414298401727648,0.043431237700390535,0.12660242508176914,-0.007540558935507341,nan,nan,0.0584629587829113,2400,2431,2432
fold_3,train,2875,exp016_static_strict_oof_proxy,random,0.13414298401727648,-0.005690717347964773,0.12397822186525233,-0.010164762152024151,nan,nan,0.08000193536281586,523,2258,2432
fold_3,train,2876,exp016_static_strict_oof_proxy,retrieval,0.2974573476496298,0.28435845052889064,0.3009272539625347,0.0034699063129049468,-3.0478753447532654,2.965252637863159,0.0826227068901062,803,2415,2432
fold_3,train,2876,exp016_static_strict_oof_proxy,recent,0.2974573476496298,0.28454742132544697,0.3014491289385842,0.0039917812889544435,nan,nan,0.0584629587829113,2400,2431,2432
fold_3,train,2876,exp016_static_strict_oof_proxy,random,0.2974573476496298,0.27164419725428307,0.2997838176358981,0.0023264699862683424,nan,nan,0.08551589399576187,503,2428,2432
fold_3,train,2877,exp016_static_strict_oof_proxy,retrieval,0.30772013189417025,0.25723414884153956,0.3086527734980629,0.0009326416038926699,-2.989295408129692,2.920340061187744,0.06895534694194794,1129,2415,2432
fold_3,train,2877,exp016_static_strict_oof_proxy,recent,0.30772013189417025,0.2667943900745013,0.3098063683262648,0.002086236432094546,nan,nan,0.0584629587829113,2400,2431,2432
fold_3,train,2877,exp016_static_strict_oof_proxy,random,0.30772013189417025,0.2841150740444907,0.31126389472979077,0.003543762835620523,nan,nan,0.07662471383810043,556,2430,2432
fold_3,train,2878,exp016_static_strict_oof_proxy,retrieval,0.2913966793706174,0.23880746375966985,0.291242555194001,-0.00015412417661642142,-3.680761441588402,3.602712392807007,0.07804904878139496,973,2414,2432
fold_3,train,2878,exp016_static_strict_oof_proxy,recent,0.2913966793706174,0.2420939466875199,0.29145276114252083,5.608177190341568e-05,nan,nan,0.0584629587829113,2400,2431,2432
fold_3,train,2878,exp016_static_strict_oof_proxy,random,0.2913966793706174,0.21109570636230499,0.2886955982486198,-0.0027010811219976283,nan,nan,0.08673292398452759,541,2405,2432
fold_3,train,2879,exp016_static_strict_oof_proxy,retrieval,0.2316709699186902,0.050440329661528165,0.21961678474038082,-0.01205418517830939,-3.31388983130455,3.2468838691711426,0.06700596213340759,1154,2400,2432
fold_3,train,2879,exp016_static_strict_oof_proxy,recent,0.2316709699186902,0.11429070711844011,0.22670274618631847,-0.00496822373237174,nan,nan,0.0584629587829113,2400,2431,2432
fold_3,train,2879,exp016_static_strict_oof_proxy,random,0.2316709699186902,0.14906469506006023,0.23055458765543843,-0.0011163822632517806,nan,nan,0.07955712080001831,502,2349,2432
fold_3,train,2880,exp016_static_strict_oof_proxy,retrieval,0.2603038002777725,0.25366356464806167,0.265630249652688,0.005326449374915498,-4.403155982494354,4.323430061340332,0.07972592115402222,1131,2402,2432
fold_3,train,2880,exp016_static_strict_oof_proxy,recent,0.2603038002777725,0.24853075889309026,0.26550746107834483,0.0052036608005723295,nan,nan,0.0584629587829113,2400,2431,2432
fold_3,train,2880,exp016_static_strict_oof_proxy,random,0.2603038002777725,0.2968588599347357,0.26965432647829624,0.009350526200523734,nan,nan,0.08586285263299942,543,2395,2432
fold_3,train,2881,exp016_static_strict_oof_proxy,retrieval,0.20655425645246062,0.22552161985911506,0.2126980181111678,0.0061437616587071975,-2.560307301580906,2.4804232120513916,0.07988408952951431,1129,2414,2432
fold_3,train,2881,exp016_static_strict_oof_proxy,recent,0.20655425645246062,0.23646471107347936,0.21407604429808993,0.007521787845629319,nan,nan,0.0584629587829113,2400,2431,2432
fold_3,train,2881,exp016_static_strict_oof_proxy,random,0.20655425645246062,0.19863192514275224,0.21022289137970512,0.0036686349272445073,nan,nan,0.08257777243852615,523,2405,2432
fold_3,train,2882,exp016_static_strict_oof_proxy,retrieval,0.2025203316110132,0.17875933246644451,0.20417164363699775,0.001651312025984536,-2.5445894598960876,2.467616081237793,0.07697337865829468,1129,2415,2432
fold_3,train,2882,exp016_static_strict_oof_proxy,recent,0.2025203316110132,0.1767508693992852,0.20455541661877066,0.0020350850077574534,nan,nan,0.0584629587829113,2400,2431,2432
fold_3,train,2882,exp016_static_strict_oof_proxy,random,0.2025203316110132,0.1800102169553618,0.20464000404402183,0.002119672433008618,nan,nan,0.08002390712499619,687,2423,2432
fold_3,train,2883,exp016_static_strict_oof_proxy,retrieval,0.08871579531883493,0.05950204978840812,0.0878265873086793,-0.0008892080101556288,-2.926032140851021,2.85249924659729,0.07353289425373077,1192,2421,2432
fold_3,train,2883,exp016_static_strict_oof_proxy,recent,0.08871579531883493,0.057064174275116286,0.0877534713794783,-0.0009623239393566352,nan,nan,0.0584629587829113,2400,2431,2432
fold_3,train,2883,exp016_static_strict_oof_proxy,random,0.08871579531883493,0.08626987123909154,0.08998034324066816,0.0012645479218332256,nan,nan,0.0802188515663147,490,2426,2432
fold_3,train,2884,exp016_static_strict_oof_proxy,retrieval,0.030560820423494374,-0.006294163961438973,0.027590788334889364,-0.0029700320886050097,-2.9044003039598465,2.827317237854004,0.07708306610584259,1131,2406,2432
fold_3,train,2884,exp016_static_strict_oof_proxy,recent,0.030560820423494374,-0.02094034769996627,0.026223887532093607,-0.004336932891400767,nan,nan,0.0584629587829113,2400,2431,2432
fold_3,train,2884,exp016_static_strict_oof_proxy,random,0.030560820423494374,-0.0074970818280452305,0.02765809506735234,-0.0029027253561420344,nan,nan,0.07998795062303543,531,2408,2432
fold_3,train,2885,exp016_static_strict_oof_proxy,retrieval,0.009175287093749186,-0.05781026281890845,0.0026536200228769774,-0.006521667070872209,-3.320708751678467,3.2444889545440674,0.07621979713439941,1129,2414,2432
fold_3,train,2885,exp016_static_strict_oof_proxy,recent,0.009175287093749186,-0.06739922621425277,0.001639603414169325,-0.007535683679579861,nan,nan,0.0584629587829113,2400,2431,2432
fold_3,train,2885,exp016_static_strict_oof_proxy,random,0.009175287093749186,-0.06511358503487419,0.0018814112863625176,-0.007293875807386669,nan,nan,0.07565335184335709,518,2400,2432
fold_3,train,2886,exp016_static_strict_oof_proxy,retrieval,0.09091541062540903,0.08545420856582749,0.09184105657113668,0.0009256459457276517,-2.6166457757353783,2.5493810176849365,0.06726475805044174,2020,2412,2432
fold_3,train,2886,exp016_static_strict_oof_proxy,recent,0.09091541062540903,0.07301439202949149,0.09093704207425045,2.1631448841416545e-05,nan,nan,0.0584629587829113,2400,2431,2432
fold_3,train,2886,exp016_static_strict_oof_proxy,random,0.09091541062540903,0.04763089256928078,0.09079620654558555,-0.00011920407982347891,nan,nan,0.08552584052085876,511,2429,2432
fold_3,train,2887,exp016_static_strict_oof_proxy,retrieval,0.10972077544019627,0.05587049003310673,0.10679022736426488,-0.002930548075931391,-3.209628663957119,3.140395164489746,0.0692334994673729,1192,2401,2432
fold_3,train,2887,exp016_static_strict_oof_proxy,recent,0.10972077544019627,0.09722524198689249,0.11140861074082173,0.0016878353006254537,nan,nan,0.0584629587829113,2400,2431,2432
fold_3,train,2887,exp016_static_strict_oof_proxy,random,0.10972077544019627,0.1607946160253134,0.116791193562444,0.007070418122247721,nan,nan,0.07396535575389862,491,2186,2432
fold_3,train,2888,exp016_static_strict_oof_proxy,retrieval,0.16921551580190522,0.15917363270211737,0.1715800706371634,0.002364554835258187,-2.2712355107069016,2.200623035430908,0.07061247527599335,2039,2412,2432
fold_3,train,2888,exp016_static_strict_oof_proxy,recent,0.16921551580190522,0.1383265797028777,0.1700463028409864,0.0008307870390811822,nan,nan,0.0584629587829113,2400,2431,2432
fold_3,train,2888,exp016_static_strict_oof_proxy,random,0.16921551580190522,0.12734168168876944,0.16865788254524766,-0.0005576332566575581,nan,nan,0.08341464400291443,651,2384,2432
fold_3,train,2889,exp016_static_strict_oof_proxy,retrieval,0.16577751467266635,0.13037121947635524,0.1666988644498859,0.0009213497772195545,-2.8324796110391617,2.7573375701904297,0.075142040848732,1139,2408,2432
fold_3,train,2889,exp016_static_strict_oof_proxy,recent,0.16577751467266635,0.16678628331269973,0.17019199480239056,0.004414480129724202,nan,nan,0.0584629587829113,2400,2431,2432
fold_3,train,2889,exp016_static_strict_oof_proxy,random,0.16577751467266635,0.14093017883202524,0.16672909733371147,0.0009515826610451139,nan,nan,0.07930023223161697,500,2369,2432
fold_3,train,2890,exp016_static_strict_oof_proxy,retrieval,0.17675961989542405,0.1854854243064517,0.18156794155497133,0.004808321659547282,-2.6827374175190926,2.609337091445923,0.07340032607316971,1133,2401,2432
fold_3,train,2890,exp016_static_strict_oof_proxy,recent,0.17675961989542405,0.1946749491263074,0.18280729368914303,0.006047673793718983,nan,nan,0.0584629587829113,2400,2431,2432
fold_3,train,2890,exp016_static_strict_oof_proxy,random,0.17675961989542405,0.1456214600516917,0.17793084209770935,0.0011712222022852992,nan,nan,0.0809871256351471,493,2394,2432
fold_3,train,2891,exp016_static_strict_oof_proxy,retrieval,0.18541968974511672,0.21078453503516623,0.19170553729148032,0.006285847546363604,-2.438472643494606,2.3679914474487305,0.07048119604587555,1129,2415,2432
fold_3,train,2891,exp016_static_strict_oof_proxy,recent,0.18541968974511672,0.20838736620522974,0.19174343168539226,0.006323741940275546,nan,nan,0.0584629587829113,2400,2431,2432
fold_3,train,2891,exp016_static_strict_oof_proxy,random,0.18541968974511672,0.16163338639621053,0.1870087197169846,0.0015890299718678835,nan,nan,0.1091589704155922,501,2391,2432
fold_3,train,2892,exp016_static_strict_oof_proxy,retrieval,0.10271096054389486,0.13275726756464235,0.10693003088170182,0.004219070337806954,-2.5099917128682137,2.4335520267486572,0.07643968611955643,1129,2415,2432
fold_3,train,2892,exp016_static_strict_oof_proxy,recent,0.10271096054389486,0.13945432178209033,0.10792299362413346,0.005212033080238598,nan,nan,0.0584629587829113,2400,2431,2432
fold_3,train,2892,exp016_static_strict_oof_proxy,random,0.10271096054389486,0.14272329339765835,0.1080837545061964,0.005372793962301531,nan,nan,0.08655474334955215,506,2386,2432
fold_3,train,2893,exp016_static_strict_oof_proxy,retrieval,0.043040424456304543,0.09415951498557035,0.048024944838371685,0.004984520382067141,-2.8029715791344643,2.7290847301483154,0.07388684898614883,1113,2414,2432
fold_3,train,2893,exp016_static_strict_oof_proxy,recent,0.043040424456304543,0.11715343438999032,0.04997753876314349,0.006937114306838944,nan,nan,0.0584629587829113,2400,2431,2432
fold_3,train,2893,exp016_static_strict_oof_proxy,random,0.043040424456304543,0.15108636020242364,0.053284677588305386,0.010244253132000843,nan,nan,0.07674393057823181,519,2421,2432
fold_3,train,2894,exp016_static_strict_oof_proxy,retrieval,0.04760240146070127,0.0218040416682171,0.04487238944834612,-0.0027300120123551486,-3.0979875028133392,3.024068593978882,0.0739189088344574,1131,2408,2432
fold_3,train,2894,exp016_static_strict_oof_proxy,recent,0.04760240146070127,0.008093458570363112,0.043624697849952335,-0.003977703610748937,nan,nan,0.0584629587829113,2400,2431,2432
fold_3,train,2894,exp016_static_strict_oof_proxy,random,0.04760240146070127,-9.159948074482503e-05,0.04267241036837863,-0.004929991092322644,nan,nan,0.07265729457139969,599,2338,2432
fold_3,train,2895,exp016_static_strict_oof_proxy,retrieval,0.04531918067969731,0.049097644527057976,0.04614153075056723,0.0008223500708699205,-2.528238095343113,2.4591636657714844,0.06907442957162857,1139,2408,2432
fold_3,train,2895,exp016_static_strict_oof_proxy,recent,0.04531918067969731,0.07110358140383227,0.04795794144290978,0.0026387607632124693,nan,nan,0.0584629587829113,2400,2431,2432
fold_3,train,2895,exp016_static_strict_oof_proxy,random,0.04531918067969731,0.08743138996991856,0.04928098052882395,0.003961799849126639,nan,nan,0.07632464170455933,569,2397,2432
fold_3,train,2896,exp016_static_strict_oof_proxy,retrieval,-0.017714780785594537,-0.020013936377715896,-0.018542887246292227,-0.0008281064606976904,-2.470322661101818,2.404547691345215,0.06577496975660324,1133,2412,2432
fold_3,train,2896,exp016_static_strict_oof_proxy,recent,-0.017714780785594537,-0.01990662733713717,-0.01847915528312217,-0.0007643744975276319,nan,nan,0.0584629587829113,2400,2431,2432
fold_3,train,2896,exp016_static_strict_oof_proxy,random,-0.017714780785594537,-0.0008734527727664277,-0.0165144623884588,0.0012003183971357363,nan,nan,0.08896508067846298,504,2428,2432
fold_3,train,2897,exp016_static_strict_oof_proxy,retrieval,0.0017757301082635564,-0.014018233555194796,-0.000400732742412253,-0.0021764628506758094,-2.449008047580719,2.381544351577759,0.0674636960029602,1133,2401,2432
fold_3,train,2897,exp016_static_strict_oof_proxy,recent,0.0017757301082635564,-0.02838254551533295,-0.0018176210202006872,-0.0035933511284642434,nan,nan,0.0584629587829113,2400,2431,2432
fold_3,train,2897,exp016_static_strict_oof_proxy,random,0.0017757301082635564,-0.025814198504169716,-0.0010360297725405527,-0.002811759880804109,nan,nan,0.07851291447877884,516,2430,2432
fold_3,train,2898,exp016_static_strict_oof_proxy,retrieval,0.08205306551348399,-0.008649183835146838,0.07452381824439773,-0.007529247269086256,-2.375847764313221,2.311772584915161,0.06407517939805984,2039,2412,2432
fold_3,train,2898,exp016_static_strict_oof_proxy,recent,0.08205306551348399,-0.018943143524692337,0.07378104156528385,-0.008272023948200133,nan,nan,0.0584629587829113,2400,2431,2432
fold_3,train,2898,exp016_static_strict_oof_proxy,random,0.08205306551348399,0.010456621161596581,0.07728375067161407,-0.004769314841869918,nan,nan,0.07346506416797638,563,2347,2432
fold_3,train,2899,exp016_static_strict_oof_proxy,retrieval,-0.01933266793256291,-0.11119817902793676,-0.02948835390070973,-0.01015568596814682,-2.689565859735012,2.62271785736084,0.06684800237417221,1192,2415,2432
fold_3,train,2899,exp016_static_strict_oof_proxy,recent,-0.01933266793256291,-0.11276725949789053,-0.029656512741343025,-0.010323844808780114,nan,nan,0.0584629587829113,2400,2431,2432
fold_3,train,2899,exp016_static_strict_oof_proxy,random,-0.01933266793256291,-0.10515287623892385,-0.02857780421266719,-0.009245136280104281,nan,nan,0.07514510303735733,500,2342,2432
fold_3,train,2900,exp016_static_strict_oof_proxy,retrieval,0.028047211161972892,-0.020095397580337206,0.023788358740614312,-0.0042588524213585804,-2.0672624818980694,2.011504650115967,0.055757831782102585,1192,2426,2432
fold_3,train,2900,exp016_static_strict_oof_proxy,recent,0.028047211161972892,-0.01924883447834488,0.023936739838998713,-0.00411047132297418,nan,nan,0.0584629587829113,2400,2431,2432
fold_3,train,2900,exp016_static_strict_oof_proxy,random,0.028047211161972892,-0.005115000677959752,0.02482262425153038,-0.003224586910442511,nan,nan,0.09249161183834076,653,2414,2432
fold_3,train,2901,exp016_static_strict_oof_proxy,retrieval,-0.01516985520776921,-0.08631770374292375,-0.02298265870291773,-0.007812803495148521,-2.495848596096039,2.4218955039978027,0.07395309209823608,976,2414,2432
fold_3,train,2901,exp016_static_strict_oof_proxy,recent,-0.01516985520776921,-0.06981317546165006,-0.020886174574034428,-0.005716319366265219,nan,nan,0.0584629587829113,2400,2431,2432
fold_3,train,2901,exp016_static_strict_oof_proxy,random,-0.01516985520776921,-0.07975293614464288,-0.02258819948407565,-0.007418344276306442,nan,nan,0.07785266637802124,575,2356,2432
fold_3,train,2902,exp016_static_strict_oof_proxy,retrieval,-0.00389014305953448,-0.09189420979171532,-0.013267844663708124,-0.009377701604173644,-2.7970242649316788,2.726654529571533,0.07036973536014557,1956,2430,2432
fold_3,train,2902,exp016_static_strict_oof_proxy,recent,-0.00389014305953448,-0.11588898595534446,-0.01576487595818011,-0.011874732898645629,nan,nan,0.0584629587829113,2400,2431,2432
fold_3,train,2902,exp016_static_strict_oof_proxy,random,-0.00389014305953448,-0.11716725893836248,-0.0163010410101366,-0.012410897950602118,nan,nan,0.07841426879167557,523,2208,2432
fold_3,train,2903,exp016_static_strict_oof_proxy,retrieval,-0.06351270728080981,-0.16605946060958882,-0.07514282580501022,-0.011630118524200414,-3.2213976606726646,3.145442008972168,0.07595565170049667,981,2414,2432
fold_3,train,2903,exp016_static_strict_oof_proxy,recent,-0.06351270728080981,-0.1668395055438455,-0.0756722104154683,-0.012159503134658495,nan,nan,0.0584629587829113,2400,2431,2432
fold_3,train,2903,exp016_static_strict_oof_proxy,random,-0.06351270728080981,-0.1464368171828638,-0.07313140854391502,-0.009618701263105212,nan,nan,0.08729945123195648,679,2417,2432
fold_3,train,2904,exp016_static_strict_oof_proxy,retrieval,-0.03392543220029141,-0.0358903373021143,-0.034926871313634374,-0.0010014391133429668,-3.4636180698871613,3.383509635925293,0.08010843396186829,1131,2401,2432
fold_3,train,2904,exp016_static_strict_oof_proxy,recent,-0.03392543220029141,-0.07697180223389732,-0.03932990236705981,-0.005404470166768406,nan,nan,0.0584629587829113,2400,2431,2432
fold_3,train,2904,exp016_static_strict_oof_proxy,random,-0.03392543220029141,-0.023121198969592124,-0.03334427512212367,0.000581157078167735,nan,nan,0.07571771740913391,499,2255,2432
fold_3,train,2905,exp016_static_strict_oof_proxy,retrieval,-0.06387781114805911,-0.05437601567216606,-0.06505905344033239,-0.001181242292273274,-2.458600774407387,2.38244891166687,0.07615186274051666,2251,2428,2432
fold_3,train,2905,exp016_static_strict_oof_proxy,recent,-0.06387781114805911,-0.11703941823396993,-0.07100937368991236,-0.007131562541853251,nan,nan,0.0584629587829113,2400,2431,2432
fold_3,train,2905,exp016_static_strict_oof_proxy,random,-0.06387781114805911,-0.10261776668534475,-0.06950652009936616,-0.005628708951307043,nan,nan,0.08257821947336197,585,2403,2432
fold_3,train,2906,exp016_static_strict_oof_proxy,retrieval,-0.08933849957237618,-0.057501344463491935,-0.08788916463124977,0.0014493349411264095,-2.5844306349754333,2.5075647830963135,0.07686585187911987,1167,2414,2432
fold_3,train,2906,exp016_static_strict_oof_proxy,recent,-0.08933849957237618,-0.12427536993073424,-0.09444873708564884,-0.005110237513272664,nan,nan,0.0584629587829113,2400,2431,2432
fold_3,train,2906,exp016_static_strict_oof_proxy,random,-0.08933849957237618,-0.14170193290879707,-0.09595817204163924,-0.006619672469263066,nan,nan,0.07801195979118347,598,2409,2432
fold_3,train,2907,exp016_static_strict_oof_proxy,retrieval,-0.0670384701588055,-0.12893755037818666,-0.07448478342573218,-0.007446313266926685,-2.6152307242155075,2.532895088195801,0.08233563601970673,1154,2421,2432
fold_3,train,2907,exp016_static_strict_oof_proxy,recent,-0.0670384701588055,-0.12597375721917692,-0.07452464650303543,-0.007486176344229933,nan,nan,0.0584629587829113,2400,2431,2432
fold_3,train,2907,exp016_static_strict_oof_proxy,random,-0.0670384701588055,-0.11872028213500434,-0.07329159721546276,-0.006253127056657259,nan,nan,0.08184459805488586,504,2355,2432
fold_3,train,2908,exp016_static_strict_oof_proxy,retrieval,-0.058925487840966545,-0.14343496674598658,-0.0692913749296314,-0.010365887088664857,-2.3442665562033653,2.268552303314209,0.07571425288915634,1129,2415,2432
fold_3,train,2908,exp016_static_strict_oof_proxy,recent,-0.058925487840966545,-0.17301439472388147,-0.07243924282536202,-0.01351375498439547,nan,nan,0.0584629587829113,2400,2431,2432
fold_3,train,2908,exp016_static_strict_oof_proxy,random,-0.058925487840966545,-0.21128798931417017,-0.07644052171238845,-0.017515033871421906,nan,nan,0.07896097749471664,530,2372,2432
fold_3,train,2909,exp016_static_strict_oof_proxy,retrieval,-0.0328318931297021,-0.09787755884092483,-0.04062284503091502,-0.007790951901212921,-3.171156518161297,3.09663462638855,0.07452189177274704,1139,2421,2432
fold_3,train,2909,exp016_static_strict_oof_proxy,recent,-0.0328318931297021,-0.1146163546510244,-0.04240918361203357,-0.009577290482331476,nan,nan,0.0584629587829113,2400,2431,2432
fold_3,train,2909,exp016_static_strict_oof_proxy,random,-0.0328318931297021,-0.013317631264294978,-0.03268239890475293,0.00014949422494917042,nan,nan,0.07874968647956848,540,2417,2432
fold_3,train,2910,exp016_static_strict_oof_proxy,retrieval,0.026276080802892482,-0.022382035284515718,0.022004668852744675,-0.004271411950147807,-2.5707286670804024,2.49289608001709,0.07783258706331253,1128,2421,2432
fold_3,train,2910,exp016_static_strict_oof_proxy,recent,0.026276080802892482,-0.033319458403898855,0.020916643141311426,-0.0053594376615810554,nan,nan,0.0584629587829113,2400,2431,2432
fold_3,train,2910,exp016_static_strict_oof_proxy,random,0.026276080802892482,-0.043124706868083874,0.020266820350607583,-0.006009260452284899,nan,nan,0.08583078533411026,512,2418,2432
fold_3,train,2911,exp016_static_strict_oof_proxy,retrieval,0.06996555656541967,0.06377738231893741,0.0702596596555254,0.0002941030901057323,-2.621141381561756,2.5397861003875732,0.08135528117418289,1129,2408,2432
fold_3,train,2911,exp016_static_strict_oof_proxy,recent,0.06996555656541967,0.02855290333491853,0.06686774672267033,-0.0030978098427493356,nan,nan,0.0584629587829113,2400,2431,2432
fold_3,train,2911,exp016_static_strict_oof_proxy,random,0.06996555656541967,0.030927265369996362,0.0670141106151041,-0.0029514459503155732,nan,nan,0.07486976683139801,613,2415,2432
fold_3,train,2912,exp016_static_strict_oof_proxy,retrieval,0.026582278177602055,-0.04365000917228912,0.018875533286461244,-0.007706744891140812,-2.859465569257736,2.785902500152588,0.07356306910514832,1129,2414,2432
fold_3,train,2912,exp016_static_strict_oof_proxy,recent,0.026582278177602055,-0.03074999247493585,0.019681564315264844,-0.006900713862337211,nan,nan,0.0584629587829113,2400,2431,2432
fold_3,train,2912,exp016_static_strict_oof_proxy,random,0.026582278177602055,-0.03685568942172473,0.019155852535374822,-0.007426425642227234,nan,nan,0.07993559539318085,645,2402,2432
fold_3,train,2913,exp016_static_strict_oof_proxy,retrieval,-0.03738370977711359,-0.028411951188111066,-0.03938782861896592,-0.00200411884185233,-3.08368431776762,3.0027618408203125,0.08092247694730759,1139,2408,2432
fold_3,train,2913,exp016_static_strict_oof_proxy,recent,-0.03738370977711359,0.006299609470957115,-0.036250206762476304,0.0011335030146372854,nan,nan,0.0584629587829113,2400,2431,2432
fold_3,train,2913,exp016_static_strict_oof_proxy,random,-0.03738370977711359,0.023746722147277567,-0.03465324855667918,0.0027304612204344103,nan,nan,0.0856841579079628,566,2363,2432
fold_3,train,2914,exp016_static_strict_oof_proxy,retrieval,-0.039159680858129,-0.06322532724495859,-0.0437287869789146,-0.0045691061207856,-3.559397764503956,3.478999137878418,0.08039862662553787,1131,2402,2432
fold_3,train,2914,exp016_static_strict_oof_proxy,recent,-0.039159680858129,-0.0347426990728987,-0.04081406742787706,-0.001654386569748062,nan,nan,0.0584629587829113,2400,2431,2432
fold_3,train,2914,exp016_static_strict_oof_proxy,random,-0.039159680858129,-0.04707812187643495,-0.04147698397844367,-0.0023173031203146677,nan,nan,0.0878424271941185,591,2419,2432
fold_3,train,2915,exp016_static_strict_oof_proxy,retrieval,-0.16620885722489595,-0.1387701171031624,-0.16815224418067673,-0.0019433869557807792,-3.653115838766098,3.5685110092163086,0.08460482954978943,1131,2406,2432
fold_3,train,2915,exp016_static_strict_oof_proxy,recent,-0.16620885722489595,-0.10472472742638596,-0.1656019038517258,0.0006069533731701549,nan,nan,0.0584629587829113,2400,2431,2432
fold_3,train,2915,exp016_static_strict_oof_proxy,random,-0.16620885722489595,-0.17171700753388933,-0.17181405964564625,-0.005605202420750299,nan,nan,0.0789288580417633,499,2384,2432
fold_3,train,2916,exp016_static_strict_oof_proxy,retrieval,-0.09013664387357566,-0.15677589147343007,-0.10046664678010549,-0.010330002906529828,-2.654914803802967,2.5767369270324707,0.07817787677049637,2237,2421,2432
fold_3,train,2916,exp016_static_strict_oof_proxy,recent,-0.09013664387357566,-0.14823851162032736,-0.09994286210336394,-0.009806218229788277,nan,nan,0.0584629587829113,2400,2431,2432
fold_3,train,2916,exp016_static_strict_oof_proxy,random,-0.09013664387357566,-0.16462428712966623,-0.10100456670803577,-0.010867922834460114,nan,nan,0.07952992618083954,507,2418,2432
fold_3,train,2917,exp016_static_strict_oof_proxy,retrieval,-0.06331751738113778,-0.08413365856581548,-0.06851886213241713,-0.005201344751279355,-2.595978796482086,2.520155906677246,0.07582288980484009,1102,2408,2432
fold_3,train,2917,exp016_static_strict_oof_proxy,recent,-0.06331751738113778,-0.048943600397032626,-0.0650908122981405,-0.0017732949170027185,nan,nan,0.0584629587829113,2400,2431,2432
fold_3,train,2917,exp016_static_strict_oof_proxy,random,-0.06331751738113778,-0.0729878608917931,-0.06725552291084554,-0.003938005529707758,nan,nan,0.0735352411866188,502,2389,2432
official_valid,valid,2918,exp021_full_valid_frozen,retrieval,0.17169947265313731,0.1522231843411591,0.1775677958846128,0.005868323231475486,-2.2923736795783043,2.2111997604370117,0.08117391914129257,2247,2917,2918
official_valid,valid,2918,exp021_full_valid_frozen,recent,0.17169947265313731,0.24887154419903496,0.19166426914762552,0.019964796494488207,nan,nan,0.07431679219007492,2886,2917,2918
official_valid,valid,2918,exp021_full_valid_frozen,random,0.17169947265313731,-0.018847296315983877,0.15782502832839757,-0.013874444324739749,nan,nan,0.0852297991514206,530,2831,2918
official_valid,valid,2919,exp021_full_valid_frozen,retrieval,0.14881321660294014,-0.0904145624441772,0.12980042570063313,-0.01901279090230701,-2.155469186604023,2.0766682624816895,0.07880092412233353,2251,2905,2918
official_valid,valid,2919,exp021_full_valid_frozen,recent,0.14881321660294014,0.28486425721350417,0.17391318660733462,0.025099970004394484,nan,nan,0.07431679219007492,2886,2917,2918
official_valid,valid,2919,exp021_full_valid_frozen,random,0.14881321660294014,-0.10331237226453575,0.1279284570618594,-0.02088475954108074,nan,nan,0.07489825785160065,540,2823,2918
official_valid,valid,2920,exp021_full_valid_frozen,retrieval,0.22772679838080356,0.07499912756190483,0.2184418274124164,-0.009284970968387152,-3.083272196352482,2.9959168434143066,0.0873553529381752,2401,2914,2918
official_valid,valid,2920,exp021_full_valid_frozen,recent,0.22772679838080356,0.2294097241628207,0.24488923377369137,0.01716243539288781,nan,nan,0.07431679219007492,2886,2917,2918
official_valid,valid,2920,exp021_full_valid_frozen,random,0.22772679838080356,0.028922300781218525,0.21372383101117273,-0.014002967369630831,nan,nan,0.08463571965694427,512,2912,2918
official_valid,valid,2921,exp021_full_valid_frozen,retrieval,0.25444482475874225,0.19479646389892524,0.2555117713976468,0.0010669466389045534,-2.9305919781327248,2.84414005279541,0.0864519253373146,1156,2912,2918
official_valid,valid,2921,exp021_full_valid_frozen,recent,0.25444482475874225,0.09314226608755466,0.25729984434982844,0.002855019591086194,nan,nan,0.07431679219007492,2886,2917,2918
official_valid,valid,2921,exp021_full_valid_frozen,random,0.25444482475874225,0.1563962915137459,0.2528731962833488,-0.0015716284753934384,nan,nan,0.07307169586420059,649,2677,2918
official_valid,valid,2922,exp021_full_valid_frozen,retrieval,0.23371895932685324,0.0706523548411232,0.22744545289399246,-0.006273506432860787,-5.184949599206448,5.092536926269531,0.09241267293691635,1131,2915,2918
official_valid,valid,2922,exp021_full_valid_frozen,recent,0.23371895932685324,-0.05840877413915161,0.22423549756485178,-0.00948346176200146,nan,nan,0.07431679219007492,2886,2917,2918
official_valid,valid,2922,exp021_full_valid_frozen,random,0.23371895932685324,0.1458705295272899,0.23288459496670363,-0.0008343643601496087,nan,nan,0.08195725083351135,604,2897,2918
official_valid,valid,2923,exp021_full_valid_frozen,retrieval,0.18542760071165437,0.06519330044580071,0.17879459848917834,-0.0066330022224760365,-2.8103478476405144,2.7275006771087646,0.08284717053174973,2401,2914,2918
official_valid,valid,2923,exp021_full_valid_frozen,recent,0.18542760071165437,-0.06126904567761826,0.17590810485198224,-0.009519495859672128,nan,nan,0.07431679219007492,2886,2917,2918
official_valid,valid,2923,exp021_full_valid_frozen,random,0.18542760071165437,0.06071056199867823,0.1800202597210668,-0.005407340990587567,nan,nan,0.07854839414358139,620,2859,2918
official_valid,valid,2924,exp021_full_valid_frozen,retrieval,0.2534534854829341,0.08701154154561974,0.245588989500989,-0.007864495981945108,-2.9465049728751183,2.8750672340393066,0.07143773883581161,2250,2915,2918
official_valid,valid,2924,exp021_full_valid_frozen,recent,0.2534534854829341,-0.26975839454801365,0.22182294718784262,-0.03163053829509149,nan,nan,0.07431679219007492,2886,2917,2918
official_valid,valid,2924,exp021_full_valid_frozen,random,0.2534534854829341,0.17539517105653588,0.2543673305888679,0.000913845105933786,nan,nan,0.0847577378153801,493,2790,2918
official_valid,valid,2925,exp021_full_valid_frozen,retrieval,0.12598718466743788,0.043703504907254914,0.12061553156046652,-0.005371653106971366,-2.7452229112386703,2.6515612602233887,0.09366165101528168,1138,2914,2918
official_valid,valid,2925,exp021_full_valid_frozen,recent,0.12598718466743788,-0.16320345095757066,0.10716197052382216,-0.018825214143615723,nan,nan,0.07431679219007492,2886,2917,2918
official_valid,valid,2925,exp021_full_valid_frozen,random,0.12598718466743788,-0.07522789739010492,0.10923479809676422,-0.01675238657067367,nan,nan,0.07821983098983765,592,2915,2918
official_valid,valid,2926,exp021_full_valid_frozen,retrieval,0.04692097628166652,-0.027310965184464076,0.04041734555334985,-0.006503630728316667,-2.4659284576773643,2.3909153938293457,0.07501306384801865,2398,2916,2918
official_valid,valid,2926,exp021_full_valid_frozen,recent,0.04692097628166652,-0.020324197163473647,0.043161473201125136,-0.0037595030805413834,nan,nan,0.07431679219007492,2886,2917,2918
official_valid,valid,2926,exp021_full_valid_frozen,random,0.04692097628166652,0.060771067008136385,0.04970360626627013,0.0027826299846036087,nan,nan,0.08792151510715485,527,2717,2918
official_valid,valid,2927,exp021_full_valid_frozen,retrieval,0.01584061119320218,-0.012982890591907858,0.012288270705146345,-0.0035523404880558364,-2.4968838691711426,2.419867992401123,0.07701587677001953,2398,2917,2918
official_valid,valid,2927,exp021_full_valid_frozen,recent,0.01584061119320218,0.10645063831036802,0.02579346981382876,0.00995285862062658,nan,nan,0.07431679219007492,2886,2917,2918
official_valid,valid,2927,exp021_full_valid_frozen,random,0.01584061119320218,-0.07038064524857952,0.006661749861151631,-0.00917886133205055,nan,nan,0.07886657863855362,577,2909,2918
official_valid,valid,2928,exp021_full_valid_frozen,retrieval,0.054949096638128726,-0.02197451811922167,0.04836976889309537,-0.006579327745033357,-4.145408205688,4.063808917999268,0.08159928768873215,2003,2915,2918
official_valid,valid,2928,exp021_full_valid_frozen,recent,0.054949096638128726,0.06215031028218583,0.059402209204821886,0.00445311256669316,nan,nan,0.07431679219007492,2886,2917,2918
official_valid,valid,2928,exp021_full_valid_frozen,random,0.054949096638128726,-0.05216442828423661,0.045333072064974354,-0.009616024573154372,nan,nan,0.07933453470468521,547,2721,2918
official_valid,valid,2929,exp021_full_valid_frozen,retrieval,0.0949199878475073,0.05752013531554102,0.09478453278388616,-0.00013545506362114268,-2.324359804391861,2.251931667327881,0.0724281370639801,2398,2917,2918
official_valid,valid,2929,exp021_full_valid_frozen,recent,0.0949199878475073,0.08570588861734367,0.10101533466614837,0.006095346818641073,nan,nan,0.07431679219007492,2886,2917,2918
official_valid,valid,2929,exp021_full_valid_frozen,random,0.0949199878475073,-0.011017469062871557,0.08725277429078142,-0.00766721355672588,nan,nan,0.0914674699306488,501,2873,2918
official_valid,valid,2930,exp021_full_valid_frozen,retrieval,0.14942165347127154,0.061715009886167065,0.14613792524067595,-0.003283728230595584,-2.428084373474121,2.3512916564941406,0.07679271697998047,2317,2915,2918
official_valid,valid,2930,exp021_full_valid_frozen,recent,0.14942165347127154,0.03445693516385924,0.14856493518451214,-0.0008567182867594003,nan,nan,0.07431679219007492,2886,2917,2918
official_valid,valid,2930,exp021_full_valid_frozen,random,0.14942165347127154,0.054737713960741896,0.1453869388194734,-0.004034714651798138,nan,nan,0.0959610566496849,537,2862,2918
official_valid,valid,2931,exp021_full_valid_frozen,retrieval,0.2209678351147797,0.14402629136344672,0.22150539311238582,0.0005375579976061307,-2.3400940150022507,2.260681390762329,0.07941262423992157,2247,2916,2918
official_valid,valid,2931,exp021_full_valid_frozen,recent,0.2209678351147797,0.046376139932068065,0.21971342351381207,-0.0012544116009676198,nan,nan,0.07431679219007492,2886,2917,2918
official_valid,valid,2931,exp021_full_valid_frozen,random,0.2209678351147797,0.1635784367111794,0.22311098482272063,0.002143149707940939,nan,nan,0.08156368881464005,528,2880,2918
official_valid,valid,2932,exp021_full_valid_frozen,retrieval,0.24356621660441352,0.17381686935685495,0.24536159471798916,0.0017953781135756353,-2.5204619467258453,2.434868812561035,0.08559313416481018,2327,2914,2918
official_valid,valid,2932,exp021_full_valid_frozen,recent,0.24356621660441352,-0.03942227255397128,0.23348976687578998,-0.010076449728623538,nan,nan,0.07431679219007492,2886,2917,2918
official_valid,valid,2932,exp021_full_valid_frozen,random,0.24356621660441352,0.20466664480342944,0.24869479956910964,0.005128582964696121,nan,nan,0.08539745211601257,570,2838,2918
official_valid,valid,2933,exp021_full_valid_frozen,retrieval,0.23346713827728355,0.11321313567274716,0.23380275995223745,0.0003356216749539065,-3.2028399109840393,3.1171889305114746,0.0856509804725647,1131,2915,2918
official_valid,valid,2933,exp021_full_valid_frozen,recent,0.23346713827728355,0.011843410278450898,0.22964375751319213,-0.0038233807640914164,nan,nan,0.07431679219007492,2886,2917,2918
official_valid,valid,2933,exp021_full_valid_frozen,random,0.23346713827728355,0.1820670673802963,0.23764790527919852,0.00418076700191497,nan,nan,0.07834355533123016,613,2840,2918
official_valid,valid,2934,exp021_full_valid_frozen,retrieval,0.1198178015568214,0.03625988931412517,0.11562882467112877,-0.004188976885692627,-3.302957698702812,3.221430540084839,0.08152715861797333,1131,2915,2918
official_valid,valid,2934,exp021_full_valid_frozen,recent,0.1198178015568214,0.08425257841534961,0.12617074829014552,0.006352946733324122,nan,nan,0.07431679219007492,2886,2917,2918
official_valid,valid,2934,exp021_full_valid_frozen,random,0.1198178015568214,0.05181908283595874,0.11710904656868665,-0.0027087549881347484,nan,nan,0.07820376008749008,632,2759,2918
official_valid,valid,2935,exp021_full_valid_frozen,retrieval,0.13347103772117858,0.06378081819978844,0.13256585614024688,-0.0009051815809316965,-2.4642625898122787,2.3816981315612793,0.08256445825099945,1131,2916,2918
official_valid,valid,2935,exp021_full_valid_frozen,recent,0.13347103772117858,0.1024424524109551,0.14155852455675785,0.008087486835579277,nan,nan,0.07431679219007492,2886,2917,2918
official_valid,valid,2935,exp021_full_valid_frozen,random,0.13347103772117858,0.031181443501433183,0.1282089804318757,-0.005262057289302874,nan,nan,0.08056353032588959,607,2806,2918
official_valid,valid,2936,exp021_full_valid_frozen,retrieval,0.12086236137724005,0.06575845737359765,0.11991094715118208,-0.0009514142260579617,-3.1438415944576263,3.0668439865112305,0.07699760794639587,2244,2916,2918
official_valid,valid,2936,exp021_full_valid_frozen,recent,0.12086236137724005,0.1080484188132978,0.12955421598593808,0.008691854608698035,nan,nan,0.07431679219007492,2886,2917,2918
official_valid,valid,2936,exp021_full_valid_frozen,random,0.12086236137724005,0.007061761122908948,0.11423816164974271,-0.006624199727497337,nan,nan,0.08205599337816238,560,2837,2918
official_valid,valid,2937,exp021_full_valid_frozen,retrieval,0.19336361430216856,0.14831229862860795,0.194917941473499,0.001554327171330444,-2.658540189266205,2.570728302001953,0.08781188726425171,2382,2912,2918
official_valid,valid,2937,exp021_full_valid_frozen,recent,0.19336361430216856,0.11605612656214635,0.20166627571339102,0.008302661411222462,nan,nan,0.07431679219007492,2886,2917,2918
official_valid,valid,2937,exp021_full_valid_frozen,random,0.19336361430216856,0.16592379131573556,0.19709838968394877,0.0037347753817802143,nan,nan,0.07571950554847717,493,2839,2918
official_valid,valid,2938,exp021_full_valid_frozen,retrieval,0.14359741252191197,0.05695466910811261,0.14003041600341262,-0.0035669965184993435,-4.119963139295578,4.036714553833008,0.08324858546257019,1131,2915,2918
official_valid,valid,2938,exp021_full_valid_frozen,recent,0.14359741252191197,0.19484478538631547,0.16243953352843712,0.01884212100652516,nan,nan,0.07431679219007492,2886,2917,2918
official_valid,valid,2938,exp021_full_valid_frozen,random,0.14359741252191197,0.03466580884113667,0.13693250779682334,-0.006664904725088627,nan,nan,0.08723974972963333,597,2827,2918
official_valid,valid,2939,exp021_full_valid_frozen,retrieval,0.1688952557420753,0.07952038676214247,0.16870020913111428,-0.00019504661096103604,-2.951685592532158,2.8740577697753906,0.07762782275676727,1131,2915,2918
official_valid,valid,2939,exp021_full_valid_frozen,recent,0.1688952557420753,0.1607594491731848,0.18467043435731667,0.01577517861524136,nan,nan,0.07431679219007492,2886,2917,2918
official_valid,valid,2939,exp021_full_valid_frozen,random,0.1688952557420753,0.05842215797514438,0.1633543954454506,-0.005540860296624706,nan,nan,0.07721181213855743,505,2911,2918
official_valid,valid,2940,exp021_full_valid_frozen,retrieval,0.10695469320032157,0.037987822153930165,0.10292500316125458,-0.004029690039066988,-2.568724639713764,2.4911885261535645,0.07753611356019974,2327,2915,2918
official_valid,valid,2940,exp021_full_valid_frozen,recent,0.10695469320032157,0.08374053656559648,0.11392155841498043,0.006966865214658863,nan,nan,0.07431679219007492,2886,2917,2918
official_valid,valid,2940,exp021_full_valid_frozen,random,0.10695469320032157,0.026297169982186702,0.10169093118288906,-0.005263762017432505,nan,nan,0.07287456095218658,579,2912,2918
official_valid,valid,2941,exp021_full_valid_frozen,retrieval,0.1294245713189161,0.12049345901685309,0.13146893577021446,0.0020443644512983528,-2.9979724436998367,2.909457206726074,0.08851523697376251,1247,2912,2918
official_valid,valid,2941,exp021_full_valid_frozen,recent,0.1294245713189161,0.06003018251413804,0.13319565626715116,0.003771084948235054,nan,nan,0.07431679219007492,2886,2917,2918
official_valid,valid,2941,exp021_full_valid_frozen,random,0.1294245713189161,0.12981857483460366,0.13284612373198015,0.0034215524130640496,nan,nan,0.0778515636920929,562,2880,2918
official_valid,valid,2942,exp021_full_valid_frozen,retrieval,-0.08699136903505739,-0.136880335067527,-0.09642362351386778,-0.009432254478810395,-3.0839653238654137,3.0035476684570312,0.08041765540838242,1131,2915,2918
official_valid,valid,2942,exp021_full_valid_frozen,recent,-0.08699136903505739,-0.13959899238343565,-0.10216018484636599,-0.015168815811308606,nan,nan,0.07431679219007492,2886,2917,2918
official_valid,valid,2942,exp021_full_valid_frozen,random,-0.08699136903505739,-0.14818840525362245,-0.09717796451292614,-0.010186595477868751,nan,nan,0.08572583645582199,531,2869,2918
official_valid,valid,2943,exp021_full_valid_frozen,retrieval,0.019236567322367087,-0.19232698474049195,-0.0018184902663565836,-0.021055057588723673,-3.3977412283420563,3.322587490081787,0.07515373826026917,1131,2916,2918
official_valid,valid,2943,exp021_full_valid_frozen,recent,0.019236567322367087,-0.12644087515825325,0.005385907259188486,-0.013850660063178602,nan,nan,0.07431679219007492,2886,2917,2918
official_valid,valid,2943,exp021_full_valid_frozen,random,0.019236567322367087,0.012784254516113279,0.019391480715581562,0.00015491339321447445,nan,nan,0.0767156258225441,508,2889,2918
official_valid,valid,2944,exp021_full_valid_frozen,retrieval,0.009204682954879426,-0.1271393427955904,-0.00405497358694417,-0.013259656541823596,-2.4053191915154457,2.3364505767822266,0.06886861473321915,2312,2917,2918
official_valid,valid,2944,exp021_full_valid_frozen,recent,0.009204682954879426,-0.17551268026723024,-0.009434438503151616,-0.01863912145803104,nan,nan,0.07431679219007492,2886,2917,2918
official_valid,valid,2944,exp021_full_valid_frozen,random,0.009204682954879426,0.06994437467245451,0.015974934389431966,0.0067702514345525395,nan,nan,0.09229414165019989,628,2903,2918
official_valid,valid,2945,exp021_full_valid_frozen,retrieval,0.050511048815703743,0.15849591179252254,0.06443425680998907,0.013923207994285328,-2.2393542900681496,2.1667463779449463,0.07260791212320328,2264,2908,2918
official_valid,valid,2945,exp021_full_valid_frozen,recent,0.050511048815703743,-0.13970203702602443,0.03569110762065225,-0.014819941195051492,nan,nan,0.07431679219007492,2886,2917,2918
official_valid,valid,2945,exp021_full_valid_frozen,random,0.050511048815703743,0.21529194452728073,0.07016008266964867,0.019649033853944925,nan,nan,0.08345925062894821,652,2891,2918
official_valid,valid,2946,exp021_full_valid_frozen,retrieval,0.17127011111689486,0.27279149076913856,0.18797524575292165,0.016705134636026797,-5.260268531739712,5.1783857345581055,0.08188279718160629,2040,2915,2918
official_valid,valid,2946,exp021_full_valid_frozen,recent,0.17127011111689486,-0.13866345428668572,0.15727750673700494,-0.013992604379889917,nan,nan,0.07431679219007492,2886,2917,2918
official_valid,valid,2946,exp021_full_valid_frozen,random,0.17127011111689486,0.2609547059204484,0.18735877715313956,0.016088666036244703,nan,nan,0.06961950659751892,683,2885,2918
official_valid,valid,2947,exp021_full_valid_frozen,retrieval,0.21166506999501755,0.22723486484500632,0.2233894546431808,0.01172438464816325,-2.3374617770314217,2.264578342437744,0.07288343459367752,2333,2917,2918
official_valid,valid,2947,exp021_full_valid_frozen,recent,0.21166506999501755,-0.19798843806045008,0.18927589011907386,-0.022389179875943688,nan,nan,0.07431679219007492,2886,2917,2918
official_valid,valid,2947,exp021_full_valid_frozen,random,0.21166506999501755,0.28470799573310634,0.22790414995175612,0.016239079956738567,nan,nan,0.08663143962621689,491,2821,2918
official_valid,valid,2948,exp021_full_valid_frozen,retrieval,0.19146012110899913,0.16024239919982997,0.19564618912104886,0.004186068012049737,-3.275371626019478,3.195176124572754,0.08019550144672394,2466,2916,2918
official_valid,valid,2948,exp021_full_valid_frozen,recent,0.19146012110899913,-0.15384078150157732,0.17460793562902874,-0.01685218547997039,nan,nan,0.07431679219007492,2886,2917,2918
official_valid,valid,2948,exp021_full_valid_frozen,random,0.19146012110899913,0.1824165517155041,0.19837410542850328,0.006913984319504157,nan,nan,0.08356274664402008,657,2870,2918
official_valid,valid,2949,exp021_full_valid_frozen,retrieval,0.1397452780013931,0.10379544685603752,0.1423819166808705,0.0026366386794773877,-2.96189197152853,2.8790149688720703,0.08287700265645981,1131,2915,2918
official_valid,valid,2949,exp021_full_valid_frozen,recent,0.1397452780013931,-0.1352094124763904,0.12411210013791892,-0.015633177863474193,nan,nan,0.07431679219007492,2886,2917,2918
official_valid,valid,2949,exp021_full_valid_frozen,random,0.1397452780013931,0.0863576609907836,0.1391932394994654,-0.0005520385019276985,nan,nan,0.0883733257651329,684,2784,2918
official_valid,valid,2950,exp021_full_valid_frozen,retrieval,0.11565074395258598,0.08450159054272259,0.11613507515213643,0.0004843311995504501,-2.1639997512102127,2.077256202697754,0.0867435485124588,2308,2917,2918
official_valid,valid,2950,exp021_full_valid_frozen,recent,0.11565074395258598,-0.15825707473230405,0.09669890336557814,-0.018951840587007843,nan,nan,0.07431679219007492,2886,2917,2918
official_valid,valid,2950,exp021_full_valid_frozen,random,0.11565074395258598,0.09467683873422837,0.1170332030602479,0.0013824591076619236,nan,nan,0.08698875457048416,736,2912,2918
official_valid,valid,2951,exp021_full_valid_frozen,retrieval,0.13545767024095032,0.17816513315784166,0.1447133478972937,0.009255677656343386,-2.3848538547754288,2.288294792175293,0.0965590626001358,2401,2914,2918
official_valid,valid,2951,exp021_full_valid_frozen,recent,0.13545767024095032,-0.12114390655034167,0.12062734490985697,-0.014830325331093352,nan,nan,0.07431679219007492,2886,2917,2918
official_valid,valid,2951,exp021_full_valid_frozen,random,0.13545767024095032,0.24450834423779086,0.15143025639903784,0.015972586158087526,nan,nan,0.07814847677946091,495,2891,2918
official_valid,valid,2952,exp021_full_valid_frozen,retrieval,0.12423501506943163,0.06942973522740432,0.12328004721885369,-0.0009549678505779424,-3.843968018889427,3.7661452293395996,0.07782278954982758,2244,2915,2918
official_valid,valid,2952,exp021_full_valid_frozen,recent,0.12423501506943163,-0.08329726519485603,0.11360227971510961,-0.01063273535432202,nan,nan,0.07431679219007492,2886,2917,2918
official_valid,valid,2952,exp021_full_valid_frozen,random,0.12423501506943163,0.18480110553710938,0.13501514024571395,0.010780125176282324,nan,nan,0.0744982436299324,496,2730,2918
official_valid,valid,2953,exp021_full_valid_frozen,retrieval,0.20995839252607584,0.06471857263379256,0.20493410585700358,-0.005024286669072259,-2.83485247194767,2.7619338035583496,0.07291866838932037,2286,2917,2918
official_valid,valid,2953,exp021_full_valid_frozen,recent,0.20995839252607584,-0.07418153718568819,0.19987140778209078,-0.010086984743985061,nan,nan,0.07431679219007492,2886,2917,2918
official_valid,valid,2953,exp021_full_valid_frozen,random,0.20995839252607584,0.2496717104971658,0.22158223282053296,0.011623840294457122,nan,nan,0.09899585694074631,573,2702,2918
official_valid,valid,2954,exp021_full_valid_frozen,retrieval,0.21633603419147,0.3601829807625608,0.23890639130292643,0.02257035711145644,-2.507515624165535,2.421156167984009,0.08635945618152618,2401,2912,2918
official_valid,valid,2954,exp021_full_valid_frozen,recent,0.21633603419147,-0.09398052632524885,0.20446261407484015,-0.01187342011662984,nan,nan,0.07431679219007492,2886,2917,2918
official_valid,valid,2954,exp021_full_valid_frozen,random,0.21633603419147,0.3618067170504102,0.23896024473033606,0.02262421053886607,nan,nan,0.08031634986400604,507,2873,2918
official_valid,valid,2955,exp021_full_valid_frozen,retrieval,0.18851285227860337,0.19117229180329193,0.20045231512229547,0.0119394628436921,-2.2715986147522926,2.191525459289551,0.08007315546274185,2539,2917,2918
official_valid,valid,2955,exp021_full_valid_frozen,recent,0.18851285227860337,0.008891054918747908,0.1880843492629606,-0.0004285030156427616,nan,nan,0.07431679219007492,2886,2917,2918
official_valid,valid,2955,exp021_full_valid_frozen,random,0.18851285227860337,0.26767923952413636,0.20306347546318282,0.014550623184579448,nan,nan,0.07465100288391113,511,2778,2918
official_valid,valid,2956,exp021_full_valid_frozen,retrieval,0.0902465722728853,0.12690188088679977,0.09729743039255863,0.007050858119673334,-1.9486404210329056,1.8655439615249634,0.0830964595079422,2497,2912,2918
official_valid,valid,2956,exp021_full_valid_frozen,recent,0.0902465722728853,0.04274581271896599,0.09433135222217975,0.004084779949294459,nan,nan,0.07431679219007492,2886,2917,2918
official_valid,valid,2956,exp021_full_valid_frozen,random,0.0902465722728853,0.033345457780252476,0.08752803202274145,-0.0027185402501438416,nan,nan,0.08235850185155869,556,2916,2918
official_valid,valid,2957,exp021_full_valid_frozen,retrieval,0.06999030065885417,0.017874551085440796,0.06755749785544397,-0.0024328028034101973,-2.8144167959690094,2.7365427017211914,0.077874094247818,2244,2916,2918
official_valid,valid,2957,exp021_full_valid_frozen,recent,0.06999030065885417,0.10105626093878081,0.07939532513870304,0.009405024479848867,nan,nan,0.07431679219007492,2886,2917,2918
official_valid,valid,2957,exp021_full_valid_frozen,random,0.06999030065885417,0.0909623634489501,0.07435732527994904,0.004367024621094867,nan,nan,0.0815330222249031,500,2904,2918
official_valid,valid,2958,exp021_full_valid_frozen,retrieval,-0.030687583900777776,0.028115629053495284,-0.025525901762828884,0.005161682137948893,-2.315053917467594,2.2254457473754883,0.08960817009210587,2467,2911,2918
official_valid,valid,2958,exp021_full_valid_frozen,recent,-0.030687583900777776,0.04847972854020272,-0.024926386170733422,0.005761197730044354,nan,nan,0.07431679219007492,2886,2917,2918
official_valid,valid,2958,exp021_full_valid_frozen,random,-0.030687583900777776,0.011908156487638608,-0.027507422077311258,0.003180161823466518,nan,nan,0.08380720764398575,526,2911,2918
official_valid,valid,2959,exp021_full_valid_frozen,retrieval,-0.026180990735913,-0.03921033670298349,-0.02807594389372475,-0.001894953157811751,-4.621582120656967,4.541475296020508,0.08010682463645935,1245,2914,2918
official_valid,valid,2959,exp021_full_valid_frozen,recent,-0.026180990735913,-0.00596990020177476,-0.026225212223230446,-4.422148731744735e-05,nan,nan,0.07431679219007492,2886,2917,2918
official_valid,valid,2959,exp021_full_valid_frozen,random,-0.026180990735913,-0.006428953082710411,-0.024668340072327558,0.0015126506635854409,nan,nan,0.07624663412570953,539,2746,2918
official_valid,valid,2960,exp021_full_valid_frozen,retrieval,0.04992619360882531,0.007022914890751002,0.04831920088187156,-0.0016069927269537487,-3.5639058724045753,3.477682113647461,0.08622375875711441,2401,2915,2918
official_valid,valid,2960,exp021_full_valid_frozen,recent,0.04992619360882531,-0.07240471616039144,0.042496737192001796,-0.007429456416823514,nan,nan,0.07431679219007492,2886,2917,2918
official_valid,valid,2960,exp021_full_valid_frozen,random,0.04992619360882531,0.12114468038782708,0.05916343951679402,0.009237245907968712,nan,nan,0.080572709441185,965,2916,2918
official_valid,valid,2961,exp021_full_valid_frozen,retrieval,0.13460632223766877,-0.06852991145624121,0.1228789667680633,-0.011727355469605474,-2.498350240290165,2.4210009574890137,0.07734928280115128,2521,2917,2918
official_valid,valid,2961,exp021_full_valid_frozen,recent,0.13460632223766877,-0.11228499891225215,0.12074418562400344,-0.013862136613665338,nan,nan,0.07431679219007492,2886,2917,2918
official_valid,valid,2961,exp021_full_valid_frozen,random,0.13460632223766877,0.20141371245973086,0.14760967196817953,0.01300334973051076,nan,nan,0.0877140462398529,516,2885,2918
official_valid,valid,2962,exp021_full_valid_frozen,retrieval,0.08535305267147729,0.08996442534167765,0.08935693083395324,0.004003878162475952,-2.0360999703407288,1.9611694812774658,0.07493048906326294,2401,2914,2918
official_valid,valid,2962,exp021_full_valid_frozen,recent,0.08535305267147729,-0.15213365187412956,0.06799524660704474,-0.017357806064432546,nan,nan,0.07431679219007492,2886,2917,2918
official_valid,valid,2962,exp021_full_valid_frozen,random,0.08535305267147729,0.1430565398809995,0.09447252118374579,0.009119468512268497,nan,nan,0.08505719155073166,490,2843,2918
official_valid,valid,2963,exp021_full_valid_frozen,retrieval,0.10621150053993018,0.1645590868382344,0.11623525789510628,0.010023757355176091,-2.3371573239564896,2.262845039367676,0.07431228458881378,2398,2916,2918
official_valid,valid,2963,exp021_full_valid_frozen,recent,0.10621150053993018,-0.15117415966667877,0.08794760453263742,-0.018263896007292765,nan,nan,0.07431679219007492,2886,2917,2918
official_valid,valid,2963,exp021_full_valid_frozen,random,0.10621150053993018,0.1414315942453977,0.11383524011280295,0.0076237395728727675,nan,nan,0.11837504059076309,501,2911,2918
official_valid,valid,2964,exp021_full_valid_frozen,retrieval,0.1310574935776267,0.1287218374861757,0.13608716502188462,0.0050296714442579216,-2.1680939868092537,2.092869281768799,0.07522470504045486,2399,2917,2918
official_valid,valid,2964,exp021_full_valid_frozen,recent,0.1310574935776267,-0.12209597663064102,0.11626093324017703,-0.014796560337449666,nan,nan,0.07431679219007492,2886,2917,2918
official_valid,valid,2964,exp021_full_valid_frozen,random,0.1310574935776267,0.20707062553487096,0.1428344041991413,0.011776910621514619,nan,nan,0.07456615567207336,709,2914,2918
official_valid,valid,2965,exp021_full_valid_frozen,retrieval,0.17554038816258025,0.15357530744310094,0.18120521275649837,0.005664824593918122,-2.341951698064804,2.264388084411621,0.07756361365318298,2539,2915,2918
official_valid,valid,2965,exp021_full_valid_frozen,recent,0.17554038816258025,-0.07818450304246259,0.16430103207143143,-0.011239356091148817,nan,nan,0.07431679219007492,2886,2917,2918
official_valid,valid,2965,exp021_full_valid_frozen,random,0.17554038816258025,0.2492996834510491,0.1887026367141462,0.013162248551565947,nan,nan,0.08504237979650497,499,2898,2918
official_valid,valid,2966,exp021_full_valid_frozen,retrieval,0.16286309588533415,0.20276062787146334,0.17208220135963226,0.009219105474298106,-1.6692902520298958,1.602231740951538,0.0670585110783577,2325,2905,2918
official_valid,valid,2966,exp021_full_valid_frozen,recent,0.16286309588533415,0.0029551020429123345,0.1597252072217317,-0.003137888663602456,nan,nan,0.07431679219007492,2886,2917,2918
official_valid,valid,2966,exp021_full_valid_frozen,random,0.16286309588533415,0.17802289982663974,0.16958945114530324,0.006726355259969091,nan,nan,0.08035227656364441,489,2896,2918
official_valid,valid,2967,exp021_full_valid_frozen,retrieval,0.14929108423966386,0.18561376961123652,0.1572905741548163,0.007999489915152425,-2.590237431228161,2.5181965827941895,0.0720408484339714,2244,2916,2918
official_valid,valid,2967,exp021_full_valid_frozen,recent,0.14929108423966386,0.004470001332865559,0.1469366867956417,-0.0023543974440221604,nan,nan,0.07431679219007492,2886,2917,2918
official_valid,valid,2967,exp021_full_valid_frozen,random,0.14929108423966386,0.14048611752599216,0.152297323956137,0.0030062397164731247,nan,nan,0.08132009953260422,495,2799,2918
official_valid,valid,2968,exp021_full_valid_frozen,retrieval,0.12435906200463032,0.16245878296967126,0.13209562773406136,0.007736565729431044,-2.3891606554389,2.3185746669769287,0.07058598846197128,2312,2917,2918
official_valid,valid,2968,exp021_full_valid_frozen,recent,0.12435906200463032,0.06994691114985369,0.12861624345329056,0.004257181448660247,nan,nan,0.07431679219007492,2886,2917,2918
official_valid,valid,2968,exp021_full_valid_frozen,random,0.12435906200463032,0.06262975117868745,0.12152990551110655,-0.002829156493523763,nan,nan,0.0675046369433403,487,2831,2918
official_valid,valid,2969,exp021_full_valid_frozen,retrieval,0.06654693772250103,0.04064172729712167,0.06457051588729007,-0.001976421835210962,-2.38079497218132,2.2878823280334473,0.09291264414787292,2251,2914,2918
official_valid,valid,2969,exp021_full_valid_frozen,recent,0.06654693772250103,0.1377659546098916,0.07823198985181708,0.011685052129316045,nan,nan,0.07431679219007492,2886,2917,2918
official_valid,valid,2969,exp021_full_valid_frozen,random,0.06654693772250103,-0.0015096979413522628,0.06082578400148571,-0.0057211537210153235,nan,nan,0.08115533739328384,519,2890,2918
official_valid,valid,2970,exp021_full_valid_frozen,retrieval,0.06989652022477683,-0.02662874916283928,0.06105574941676626,-0.008840770808010566,-2.207344077527523,2.1258883476257324,0.08145572990179062,2392,2908,2918
official_valid,valid,2970,exp021_full_valid_frozen,recent,0.06989652022477683,0.15104098247685316,0.08307347129076617,0.013176951065989345,nan,nan,0.07431679219007492,2886,2917,2918
official_valid,valid,2970,exp021_full_valid_frozen,random,0.06989652022477683,-0.060531539272054756,0.05827468627111627,-0.011621833953660558,nan,nan,0.08683314174413681,529,2763,2918
official_valid,valid,2971,exp021_full_valid_frozen,retrieval,0.09071460389668028,0.12348601817859119,0.09766307756320905,0.006948473666528773,-2.7095821872353554,2.6270596981048584,0.08252248913049698,1131,2916,2918
official_valid,valid,2971,exp021_full_valid_frozen,recent,0.09071460389668028,0.14138636633329435,0.10224704426383507,0.011532440367154798,nan,nan,0.07431679219007492,2886,2917,2918
official_valid,valid,2971,exp021_full_valid_frozen,random,0.09071460389668028,0.052855182765963744,0.0891117269658045,-0.0016028769308757823,nan,nan,0.08328109979629517,630,2870,2918
official_valid,valid,2972,exp021_full_valid_frozen,retrieval,0.12469623555946609,0.19651898432302128,0.1365453575227096,0.011849121963243517,-2.0761805400252342,2.0071163177490234,0.06906422227621078,2388,2917,2918
official_valid,valid,2972,exp021_full_valid_frozen,recent,0.12469623555946609,0.10039763693486872,0.13079658715494882,0.006100351595482736,nan,nan,0.07431679219007492,2886,2917,2918
official_valid,valid,2972,exp021_full_valid_frozen,random,0.12469623555946609,0.08645280630618814,0.12407632794821165,-0.0006199076112544388,nan,nan,0.08376471698284149,684,2908,2918
official_valid,valid,2973,exp021_full_valid_frozen,retrieval,0.08556295245431636,0.062205172382572005,0.08674319072021457,0.0011802382658982064,-2.3472346737980843,2.269679546356201,0.07755512744188309,2325,2915,2918
official_valid,valid,2973,exp021_full_valid_frozen,recent,0.08556295245431636,-0.019919768100828218,0.08074059157819592,-0.004822360876120438,nan,nan,0.07431679219007492,2886,2917,2918
official_valid,valid,2973,exp021_full_valid_frozen,random,0.08556295245431636,0.13716144045856177,0.09355366822970866,0.007990715775392301,nan,nan,0.07850825041532516,499,2847,2918
official_valid,valid,2974,exp021_full_valid_frozen,retrieval,0.07022798540616366,0.07529003232358764,0.07331903579453938,0.0030910503883757184,-2.478896826505661,2.3913352489471436,0.08756157755851746,2317,2915,2918
official_valid,valid,2974,exp021_full_valid_frozen,recent,0.07022798540616366,-0.07144485463173039,0.06027674340579076,-0.009951242000372902,nan,nan,0.07431679219007492,2886,2917,2918
official_valid,valid,2974,exp021_full_valid_frozen,random,0.07022798540616366,0.11990800841362231,0.07790298292682632,0.007674997520662655,nan,nan,0.07851823419332504,637,2917,2918
official_valid,valid,2975,exp021_full_valid_frozen,retrieval,0.04151086172043559,0.10042665945647641,0.04821104340187204,0.006700181681436448,-2.7203489243984222,2.6405885219573975,0.07976040244102478,2317,2915,2918
official_valid,valid,2975,exp021_full_valid_frozen,recent,0.04151086172043559,-0.03057019299180791,0.036312929576537985,-0.0051979321438976045,nan,nan,0.07431679219007492,2886,2917,2918
official_valid,valid,2975,exp021_full_valid_frozen,random,0.04151086172043559,0.10403529682995773,0.048820746909325495,0.007309885188889906,nan,nan,0.08027416467666626,614,2894,2918
official_valid,valid,2976,exp021_full_valid_frozen,retrieval,0.06203694881376728,0.08451548146848781,0.06598958531037014,0.0039526364966028585,-2.28052194416523,2.1992335319519043,0.0812884122133255,2288,2915,2918
official_valid,valid,2976,exp021_full_valid_frozen,recent,0.06203694881376728,-0.10509899371761998,0.04913079316443188,-0.0129061556493354,nan,nan,0.07431679219007492,2886,2917,2918
official_valid,valid,2976,exp021_full_valid_frozen,random,0.06203694881376728,0.13139104899871196,0.07064004573811407,0.008603096924346791,nan,nan,0.08670753240585327,489,2799,2918
official_valid,valid,2977,exp021_full_valid_frozen,retrieval,0.12050141573981528,0.1195132887358169,0.12504973282229184,0.004548317082476563,-2.133098140358925,2.051508665084839,0.081589475274086,2288,2915,2918
official_valid,valid,2977,exp021_full_valid_frozen,recent,0.12050141573981528,-0.011294555986767358,0.11646046007036825,-0.0040409556694470244,nan,nan,0.07431679219007492,2886,2917,2918
official_valid,valid,2977,exp021_full_valid_frozen,random,0.12050141573981528,0.14158781114287433,0.12710413656550626,0.00660272082569098,nan,nan,0.07613514363765717,523,2808,2918
official_valid,valid,2978,exp021_full_valid_frozen,retrieval,0.1459031808433583,0.09123752923684066,0.1459642627811972,6.108193783890825e-05,-3.298826240003109,3.2166178226470947,0.08220841735601425,2312,2915,2918
official_valid,valid,2978,exp021_full_valid_frozen,recent,0.1459031808433583,0.0414057787523353,0.14709734628020305,0.0011941654368447518,nan,nan,0.07431679219007492,2886,2917,2918
official_valid,valid,2978,exp021_full_valid_frozen,random,0.1459031808433583,0.12171205118159706,0.14901980716704474,0.00311662632368645,nan,nan,0.08382178097963333,516,2692,2918
official_valid,valid,2979,exp021_full_valid_frozen,retrieval,0.15868188695769078,0.13694130435722493,0.1615211779657595,0.002839291008068706,-2.481159821152687,2.399916410446167,0.08124341070652008,2317,2905,2918
official_valid,valid,2979,exp021_full_valid_frozen,recent,0.15868188695769078,0.009234146290142279,0.15557683592743568,-0.0031050510302551015,nan,nan,0.07431679219007492,2886,2917,2918
official_valid,valid,2979,exp021_full_valid_frozen,random,0.15868188695769078,0.14539462055456562,0.162588890703766,0.003907003746075222,nan,nan,0.07433899492025375,597,2840,2918
official_valid,valid,2980,exp021_full_valid_frozen,retrieval,0.1867596667702629,0.13493276968762832,0.1876319474420513,0.0008722806717884057,-2.360043540596962,2.278578519821167,0.08146502077579498,2288,2915,2918
official_valid,valid,2980,exp021_full_valid_frozen,recent,0.1867596667702629,-0.03900655899882574,0.1770336489024643,-0.009726017867798586,nan,nan,0.07431679219007492,2886,2917,2918
official_valid,valid,2980,exp021_full_valid_frozen,random,0.1867596667702629,0.1661537598994891,0.19082164737042262,0.00406198060015972,nan,nan,0.1077512726187706,499,2914,2918
official_valid,valid,2981,exp021_full_valid_frozen,retrieval,0.18155245158057173,0.12626765157846043,0.18201762306960134,0.0004651714890296088,-2.0939934849739075,2.018670082092285,0.07532340288162231,2317,2905,2918
official_valid,valid,2981,exp021_full_valid_frozen,recent,0.18155245158057173,-0.07527622480778984,0.16883260237342892,-0.012719849207142808,nan,nan,0.07431679219007492,2886,2917,2918
official_valid,valid,2981,exp021_full_valid_frozen,random,0.18155245158057173,0.17904558089432154,0.18797470724950407,0.006422255668932342,nan,nan,0.07473362237215042,519,2822,2918
official_valid,valid,2982,exp021_full_valid_frozen,retrieval,0.15814274101112083,0.0821780740936966,0.1546916288620481,-0.0034511121490727326,-2.482655242085457,2.3993372917175293,0.08331795036792755,1131,2915,2918
official_valid,valid,2982,exp021_full_valid_frozen,recent,0.15814274101112083,-0.05209346911758396,0.14723563986959798,-0.010907101141522851,nan,nan,0.07431679219007492,2886,2917,2918
official_valid,valid,2982,exp021_full_valid_frozen,random,0.15814274101112083,0.12167839743442231,0.1588901248659966,0.0007473838548757716,nan,nan,0.06801547855138779,677,2895,2918
official_valid,valid,2983,exp021_full_valid_frozen,retrieval,0.17640170699407837,0.08943548038692704,0.1735119820953669,-0.0028897248987114765,-2.465402916073799,2.3800220489501953,0.08538086712360382,1131,2915,2918
official_valid,valid,2983,exp021_full_valid_frozen,recent,0.17640170699407837,-0.061096572805815104,0.16428119970765392,-0.012120507286424442,nan,nan,0.07431679219007492,2886,2917,2918
official_valid,valid,2983,exp021_full_valid_frozen,random,0.17640170699407837,0.1857211776740446,0.18322548947474596,0.0068237824806675895,nan,nan,0.09431884437799454,497,2800,2918
official_valid,valid,2984,exp021_full_valid_frozen,retrieval,0.17042823771186405,0.11781170828390941,0.1700832073390077,-0.0003450303728563531,-2.4648083969950676,2.386456251144409,0.07835214585065842,2288,2916,2918
official_valid,valid,2984,exp021_full_valid_frozen,recent,0.17042823771186405,0.016716109999651684,0.16696459862468005,-0.0034636390871840006,nan,nan,0.07431679219007492,2886,2917,2918
official_valid,valid,2984,exp021_full_valid_frozen,random,0.17042823771186405,0.13785385625335778,0.17155035274339892,0.001122115031534865,nan,nan,0.08392312377691269,621,2810,2918
official_valid,valid,2985,exp021_full_valid_frozen,retrieval,0.13895327472422542,0.0646288194343107,0.13629123389613704,-0.00266204082808838,-2.589947134256363,2.5052738189697266,0.08467331528663635,2288,2915,2918
official_valid,valid,2985,exp021_full_valid_frozen,recent,0.13895327472422542,0.035664991462336156,0.1395542095395346,0.0006009348153091787,nan,nan,0.07431679219007492,2886,2917,2918
official_valid,valid,2985,exp021_full_valid_frozen,random,0.13895327472422542,-0.004391231454801799,0.12775306690538027,-0.011200207818845148,nan,nan,0.07559458166360855,534,2886,2918
official_valid,valid,2986,exp021_full_valid_frozen,retrieval,0.13853269596851184,0.13395730302232292,0.14205401993836006,0.0035213239698482224,-2.298538602888584,2.232083797454834,0.06645480543375015,2246,2917,2918
official_valid,valid,2986,exp021_full_valid_frozen,recent,0.13853269596851184,0.10363241551795294,0.1452057370981687,0.006673041129656859,nan,nan,0.07431679219007492,2886,2917,2918
official_valid,valid,2986,exp021_full_valid_frozen,random,0.13853269596851184,-0.030477046735483047,0.1249717719617915,-0.013560924006720335,nan,nan,0.09680334478616714,547,2917,2918
official_valid,valid,2987,exp021_full_valid_frozen,retrieval,0.1810973896931449,0.13704221048538717,0.18281452065039347,0.0017171309572485693,-2.6920762732625008,2.6095447540283203,0.08253151923418045,2312,2916,2918
official_valid,valid,2987,exp021_full_valid_frozen,recent,0.1810973896931449,0.1107571586697067,0.1878823965374763,0.006785006844331393,nan,nan,0.07431679219007492,2886,2917,2918
official_valid,valid,2987,exp021_full_valid_frozen,random,0.1810973896931449,0.07339799194719857,0.17609134695744044,-0.005006042735704458,nan,nan,0.09302523732185364,614,2810,2918
official_valid,valid,2988,exp021_full_valid_frozen,retrieval,0.15742483670510216,0.05851571292754823,0.15094373433416478,-0.0064811023709373805,-1.8887295424938202,1.8212316036224365,0.06749793887138367,2324,2905,2918
official_valid,valid,2988,exp021_full_valid_frozen,recent,0.15742483670510216,0.1357526835350519,0.16689814487812668,0.009473308173024525,nan,nan,0.07431679219007492,2886,2917,2918
official_valid,valid,2988,exp021_full_valid_frozen,random,0.15742483670510216,0.053697663854016996,0.15068000167117837,-0.006744835033923785,nan,nan,0.08471368253231049,603,2829,2918
official_valid,valid,2989,exp021_full_valid_frozen,retrieval,0.17444756333090175,0.04151776026437628,0.16621556267756718,-0.00823200065333457,-2.3396886736154556,2.26005220413208,0.07963646948337555,2317,2916,2918
official_valid,valid,2989,exp021_full_valid_frozen,recent,0.17444756333090175,0.13934565935104914,0.1843537571632602,0.00990619383235844,nan,nan,0.07431679219007492,2886,2917,2918
official_valid,valid,2989,exp021_full_valid_frozen,random,0.17444756333090175,0.0012175953158564939,0.16158805526392434,-0.012859508066977415,nan,nan,0.07993031293153763,653,2786,2918
official_valid,valid,2990,exp021_full_valid_frozen,retrieval,0.15199405342239616,0.0679316537104038,0.1481332125191435,-0.0038608409032526714,-2.142170690000057,2.0688858032226562,0.07328488677740097,2324,2905,2918
official_valid,valid,2990,exp021_full_valid_frozen,recent,0.15199405342239616,0.12019242032031865,0.16101222449720795,0.009018171074811787,nan,nan,0.07431679219007492,2886,2917,2918
official_valid,valid,2990,exp021_full_valid_frozen,random,0.15199405342239616,0.08354267918130774,0.1498079012969792,-0.0021861521254169514,nan,nan,0.09082475304603577,531,2628,2918
official_valid,valid,2991,exp021_full_valid_frozen,retrieval,0.09367380273334255,0.101013539552693,0.0975129501167675,0.0038391473834249457,-2.7188187539577484,2.633700132369995,0.0851186215877533,2327,2914,2918
official_valid,valid,2991,exp021_full_valid_frozen,recent,0.09367380273334255,0.09164394554812673,0.1014018230853644,0.007728020352021844,nan,nan,0.07431679219007492,2886,2917,2918
official_valid,valid,2991,exp021_full_valid_frozen,random,0.09367380273334255,0.012963528226561861,0.08806040024031443,-0.005613402493028122,nan,nan,0.08615973591804504,684,2858,2918
official_valid,valid,2992,exp021_full_valid_frozen,retrieval,0.04935758682885549,0.014365237856255144,0.047800822826938115,-0.0015567640019173781,-2.5329581573605537,2.4482269287109375,0.08473122864961624,1131,2916,2918
official_valid,valid,2992,exp021_full_valid_frozen,recent,0.04935758682885549,0.13061620685940128,0.06183964524365619,0.012482058414800698,nan,nan,0.07431679219007492,2886,2917,2918
official_valid,valid,2992,exp021_full_valid_frozen,random,0.04935758682885549,0.01469647575294497,0.04777580928253695,-0.0015817775463185454,nan,nan,0.08161241561174393,526,2716,2918
official_valid,valid,2993,exp021_full_valid_frozen,retrieval,-0.009861593956996706,0.09848037421934584,0.000989338587741814,0.01085093254473852,-2.6845152899622917,2.5956015586853027,0.08891373127698898,2265,2914,2918
official_valid,valid,2993,exp021_full_valid_frozen,recent,-0.009861593956996706,0.07986613741231907,-0.0014141537514083709,0.008447440205588335,nan,nan,0.07431679219007492,2886,2917,2918
official_valid,valid,2993,exp021_full_valid_frozen,random,-0.009861593956996706,0.045329421149334574,-0.00454184856577889,0.005319745391217816,nan,nan,0.07674457132816315,514,2831,2918
official_valid,valid,2994,exp021_full_valid_frozen,retrieval,-0.04326146417409008,-0.01749125347167791,-0.042145374486237966,0.0011160896878521162,-3.168708272278309,3.086787700653076,0.0819205716252327,1131,2915,2918
official_valid,valid,2994,exp021_full_valid_frozen,recent,-0.04326146417409008,-0.0022908265371657174,-0.04277233001140668,0.0004891341626834037,nan,nan,0.07431679219007492,2886,2917,2918
official_valid,valid,2994,exp021_full_valid_frozen,random,-0.04326146417409008,0.07754325684028295,-0.03162111209770852,0.01164035207638156,nan,nan,0.07744212448596954,520,2870,2918
official_valid,valid,2995,exp021_full_valid_frozen,retrieval,-0.10375102439864552,-0.010031534693575362,-0.09792747182995738,0.005823552568688134,-2.628304250538349,2.5441646575927734,0.08413959294557571,1131,2915,2918
official_valid,valid,2995,exp021_full_valid_frozen,recent,-0.10375102439864552,0.03088772075967802,-0.0980607528097011,0.005690271588944418,nan,nan,0.07431679219007492,2886,2917,2918
official_valid,valid,2995,exp021_full_valid_frozen,random,-0.10375102439864552,0.15567570206466816,-0.08100798460782731,0.02274303979081821,nan,nan,0.08335698395967484,505,2858,2918
official_valid,valid,2996,exp021_full_valid_frozen,retrieval,-0.1356539286695712,0.04529524990512659,-0.12237316672340716,0.013280761946164052,-2.3088702335953712,2.2220542430877686,0.08681599050760269,2265,2914,2918
official_valid,valid,2996,exp021_full_valid_frozen,recent,-0.1356539286695712,-0.058180355847492586,-0.13896417059580707,-0.0033102419262358573,nan,nan,0.07431679219007492,2886,2917,2918
official_valid,valid,2996,exp021_full_valid_frozen,random,-0.1356539286695712,0.09586124882141855,-0.11713299187734227,0.018520936792228937,nan,nan,0.07535343617200851,505,2905,2918
official_valid,valid,2997,exp021_full_valid_frozen,retrieval,-0.09296496002459748,-0.06219967975385106,-0.09250568823258994,0.0004592717920075401,-3.438149407505989,3.3586032390594482,0.07954616844654083,1131,2915,2918
official_valid,valid,2997,exp021_full_valid_frozen,recent,-0.09296496002459748,-0.09915778291035807,-0.10182275262217891,-0.008857792597581432,nan,nan,0.07431679219007492,2886,2917,2918
official_valid,valid,2997,exp021_full_valid_frozen,random,-0.09296496002459748,0.10660012425221006,-0.07541042488965526,0.01755453513494222,nan,nan,0.0771944522857666,491,2876,2918
official_valid,valid,2998,exp021_full_valid_frozen,retrieval,0.029304710241155402,-0.07139326616714203,0.021296732931750127,-0.008007977309405275,-2.1157469525933266,2.034933567047119,0.08081338554620743,2260,2916,2918
official_valid,valid,2998,exp021_full_valid_frozen,recent,0.029304710241155402,0.04080798900770884,0.03286583093307334,0.003561120691917937,nan,nan,0.07431679219007492,2886,2917,2918
official_valid,valid,2998,exp021_full_valid_frozen,random,0.029304710241155402,0.009494306464891423,0.02866906928111046,-0.0006356409600449427,nan,nan,0.08292055875062943,489,2502,2918
official_valid,valid,2999,exp021_full_valid_frozen,retrieval,0.07223009256056195,0.046157136702744364,0.07182290908590445,-0.00040718347465749927,-2.312543496489525,2.2287683486938477,0.08377514779567719,1131,2916,2918
official_valid,valid,2999,exp021_full_valid_frozen,recent,0.07223009256056195,0.07682537831746024,0.0787312305694551,0.00650113800889314,nan,nan,0.07431679219007492,2886,2917,2918
official_valid,valid,2999,exp021_full_valid_frozen,random,0.07223009256056195,-0.0030810848751338525,0.0664748232901672,-0.0057552692703947556,nan,nan,0.08671417087316513,749,2892,2918
official_valid,valid,3000,exp021_full_valid_frozen,retrieval,0.03541189029719609,0.006842087578695679,0.03316345409050095,-0.0022484362066951397,-2.384698450565338,2.2996082305908203,0.08509021997451782,1131,2916,2918
official_valid,valid,3000,exp021_full_valid_frozen,recent,0.03541189029719609,0.04999981121118268,0.039834878719713744,0.0044229884225176555,nan,nan,0.07431679219007492,2886,2917,2918
official_valid,valid,3000,exp021_full_valid_frozen,random,0.03541189029719609,0.032031997053254616,0.03573860447786092,0.0003267141806648291,nan,nan,0.11509604007005692,491,2913,2918
official_valid,valid,3001,exp021_full_valid_frozen,retrieval,0.10631654860474815,0.048503096155835604,0.10268319417551967,-0.0036333544292284775,-2.1424731463193893,2.063976287841797,0.07849685847759247,2317,2916,2918
official_valid,valid,3001,exp021_full_valid_frozen,recent,0.10631654860474815,0.14232432871296838,0.11834275394223984,0.012026205337491686,nan,nan,0.07431679219007492,2886,2917,2918
official_valid,valid,3001,exp021_full_valid_frozen,random,0.10631654860474815,0.11620401787462784,0.10982544438261951,0.0035088957778713625,nan,nan,0.07486248761415482,546,2830,2918
official_valid,valid,3002,exp021_full_valid_frozen,retrieval,0.06997363087937906,0.016537061623746508,0.06564602595833056,-0.0043276049210485,-2.451538160443306,2.3763320446014404,0.07520611584186554,2244,2916,2918
official_valid,valid,3002,exp021_full_valid_frozen,recent,0.06997363087937906,0.07440680621511607,0.07611091493626508,0.0061372840568860165,nan,nan,0.07431679219007492,2886,2917,2918
official_valid,valid,3002,exp021_full_valid_frozen,random,0.06997363087937906,-0.053184568529733314,0.05840597646769698,-0.011567654411682088,nan,nan,0.08012662827968597,540,2876,2918
official_valid,valid,3003,exp021_full_valid_frozen,retrieval,-0.020236244318343834,-0.03950868479367208,-0.023297564105386817,-0.0030613197870429827,-2.041290692985058,1.9705781936645508,0.07071249932050705,2399,2917,2918
official_valid,valid,3003,exp021_full_valid_frozen,recent,-0.020236244318343834,-0.04666101183582471,-0.02532910752229709,-0.005092863203953257,nan,nan,0.07431679219007492,2886,2917,2918
official_valid,valid,3003,exp021_full_valid_frozen,random,-0.020236244318343834,-0.03005704984190262,-0.022362363535322758,-0.0021261192169789236,nan,nan,0.08313015848398209,540,2901,2918
official_valid,valid,3004,exp021_full_valid_frozen,retrieval,0.054351318038981127,-0.025579846669522666,0.04830005729536989,-0.006051260743611238,-3.446937657892704,3.35992693901062,0.08701071888208389,1131,2915,2918
official_valid,valid,3004,exp021_full_valid_frozen,recent,0.054351318038981127,-0.06814477992545744,0.046538559211651245,-0.007812758827329881,nan,nan,0.07431679219007492,2886,2917,2918
official_valid,valid,3004,exp021_full_valid_frozen,random,0.054351318038981127,-0.0005324298159725492,0.050533567631405596,-0.0038177504075755306,nan,nan,0.0746581107378006,540,2789,2918
official_valid,valid,3005,exp021_full_valid_frozen,retrieval,0.07723091108208158,-0.004845016205727003,0.07069084933398936,-0.006540061748092213,-2.4280835911631584,2.3439927101135254,0.08409088104963303,2288,2915,2918
official_valid,valid,3005,exp021_full_valid_frozen,recent,0.07723091108208158,-0.027603773651441094,0.07254223468028567,-0.004688676401795905,nan,nan,0.07431679219007492,2886,2917,2918
official_valid,valid,3005,exp021_full_valid_frozen,random,0.07723091108208158,-0.00012742459697382555,0.07137721795020588,-0.005853693131875698,nan,nan,0.08993984758853912,516,2888,2918
official_valid,valid,3006,exp021_full_valid_frozen,retrieval,0.018360268692786334,0.04773706634517526,0.020755579831088788,0.0023953111383024535,-2.09807176142931,2.0184860229492188,0.0795857384800911,2317,2905,2918
official_valid,valid,3006,exp021_full_valid_frozen,recent,0.018360268692786334,0.023532651987155064,0.01973815809716959,0.0013778894043832562,nan,nan,0.07431679219007492,2886,2917,2918
official_valid,valid,3006,exp021_full_valid_frozen,random,0.018360268692786334,0.05653640991295064,0.021890879030952694,0.0035306103381663595,nan,nan,0.07640425115823746,550,2904,2918
official_valid,valid,3007,exp021_full_valid_frozen,retrieval,0.03237950491804954,0.005227011409972167,0.029670163846735972,-0.00270934107131357,-2.473744533956051,2.3891026973724365,0.08464183658361435,2288,2915,2918
official_valid,valid,3007,exp021_full_valid_frozen,recent,0.03237950491804954,0.007783085821764694,0.032044870280301965,-0.0003346346377475773,nan,nan,0.07431679219007492,2886,2917,2918
official_valid,valid,3007,exp021_full_valid_frozen,random,0.03237950491804954,0.03555097128764687,0.0330407399308865,0.0006612350128369568,nan,nan,0.08295027166604996,561,2897,2918
official_valid,valid,3008,exp021_full_valid_frozen,retrieval,0.040217244343103094,0.021907985170744843,0.03857069766193057,-0.0016465466811725268,-2.1507358103990555,2.074129819869995,0.07660599052906036,2288,2905,2918
official_valid,valid,3008,exp021_full_valid_frozen,recent,0.040217244343103094,-0.021846043843755554,0.036241249200080906,-0.003975995143022187,nan,nan,0.07431679219007492,2886,2917,2918
official_valid,valid,3008,exp021_full_valid_frozen,random,0.040217244343103094,-0.050745164763001185,0.03148362294314327,-0.008733621399959826,nan,nan,0.0746336281299591,533,2816,2918
official_valid,valid,3009,exp021_full_valid_frozen,retrieval,-0.04887878465543676,0.0026296423852018775,-0.0460489242333849,0.0028298604220518622,-2.635496139526367,2.5516128540039062,0.08388328552246094,2288,2915,2918
official_valid,valid,3009,exp021_full_valid_frozen,recent,-0.04887878465543676,-0.06726971486885071,-0.05547693202056361,-0.006598147365126851,nan,nan,0.07431679219007492,2886,2917,2918
official_valid,valid,3009,exp021_full_valid_frozen,random,-0.04887878465543676,-0.06555041448664678,-0.052896544241181294,-0.004017759585744532,nan,nan,0.08005382865667343,523,2896,2918
official_valid,valid,3010,exp021_full_valid_frozen,retrieval,-0.010992796545212152,-0.018584923048415757,-0.013153251828198376,-0.0021604552829862234,-1.823339693248272,1.7523596286773682,0.07098006457090378,2546,2916,2918
official_valid,valid,3010,exp021_full_valid_frozen,recent,-0.010992796545212152,-0.1336627710777225,-0.026158769417355777,-0.015165972872143624,nan,nan,0.07431679219007492,2886,2917,2918
official_valid,valid,3010,exp021_full_valid_frozen,random,-0.010992796545212152,-0.011950221206409319,-0.012349914732478736,-0.0013571181872665834,nan,nan,0.08648329228162766,531,2713,2918
official_valid,valid,3011,exp021_full_valid_frozen,retrieval,0.06609826692349408,0.07591398106656694,0.06838902313734135,0.002290756213847278,-2.4824342504143715,2.4093308448791504,0.0731034055352211,2324,2904,2918
official_valid,valid,3011,exp021_full_valid_frozen,recent,0.06609826692349408,-0.132627346195055,0.04962397095316844,-0.016474295970325632,nan,nan,0.07431679219007492,2886,2917,2918
official_valid,valid,3011,exp021_full_valid_frozen,random,0.06609826692349408,0.05441530772358387,0.06649255695316608,0.00039429002967200644,nan,nan,0.0804421529173851,515,2893,2918
official_valid,valid,3012,exp021_full_valid_frozen,retrieval,0.12075548518721219,0.10261075779059614,0.12222179421324102,0.0014663090260288308,-1.9989822059869766,1.932757019996643,0.06622518599033356,2246,2890,2918
official_valid,valid,3012,exp021_full_valid_frozen,recent,0.12075548518721219,-0.14716181330192368,0.10188826175759025,-0.018867223429621938,nan,nan,0.07431679219007492,2886,2917,2918
official_valid,valid,3012,exp021_full_valid_frozen,random,0.12075548518721219,0.08079352376392901,0.12046061696353369,-0.0002948682236784961,nan,nan,0.08727684617042542,496,2793,2918
official_valid,valid,3013,exp021_full_valid_frozen,retrieval,0.12065842924577569,0.04096037809408923,0.11629843658170627,-0.0043599926640694175,-1.5414526164531708,1.4698855876922607,0.07156702876091003,2544,2908,2918
official_valid,valid,3013,exp021_full_valid_frozen,recent,0.12065842924577569,-0.12775993848614328,0.10358683550535593,-0.017071593740419763,nan,nan,0.07431679219007492,2886,2917,2918
official_valid,valid,3013,exp021_full_valid_frozen,random,0.12065842924577569,0.07977934391806564,0.11945836016406916,-0.0012000690817065285,nan,nan,0.07986381649971008,514,2915,2918
official_valid,valid,3014,exp021_full_valid_frozen,retrieval,0.13779567057995568,0.03652589027581833,0.13245357397594415,-0.005342096604011526,-2.4181389808654785,2.3382363319396973,0.07990264892578125,2539,2915,2918
official_valid,valid,3014,exp021_full_valid_frozen,recent,0.13779567057995568,-0.040239651076770036,0.13002750903358848,-0.007768161546367197,nan,nan,0.07431679219007492,2886,2917,2918
official_valid,valid,3014,exp021_full_valid_frozen,random,0.13779567057995568,0.11533606901954398,0.13901412783709455,0.0012184572571388719,nan,nan,0.08278806507587433,806,2786,2918
official_valid,valid,3015,exp021_full_valid_frozen,retrieval,0.18971051598401137,0.09612144224140257,0.18703124192561546,-0.0026792740583959085,-2.4259372279047966,2.3464770317077637,0.07946019619703293,2401,2915,2918
official_valid,valid,3015,exp021_full_valid_frozen,recent,0.18971051598401137,-0.061716054543018525,0.17802324940545095,-0.011687266578560424,nan,nan,0.07431679219007492,2886,2917,2918
official_valid,valid,3015,exp021_full_valid_frozen,random,0.18971051598401137,0.1772103711173015,0.19394328737220615,0.004232771388194778,nan,nan,0.08309747278690338,833,2838,2918
official_valid,valid,3016,exp021_full_valid_frozen,retrieval,0.13607227576037284,0.11793526681209214,0.13752664127356942,0.0014543655131965816,-2.0602511167526245,1.9860705137252808,0.07418060302734375,2401,2908,2918
official_valid,valid,3016,exp021_full_valid_frozen,recent,0.13607227576037284,0.0194047649135324,0.13364809921973372,-0.002424176540639117,nan,nan,0.07431679219007492,2886,2917,2918
official_valid,valid,3016,exp021_full_valid_frozen,random,0.13607227576037284,0.10395132360094976,0.13664254439493317,0.0005702686345603336,nan,nan,0.115462526679039,556,2849,2918
official_valid,valid,3017,exp021_full_valid_frozen,retrieval,0.11531440020940945,0.03521209564610352,0.11017739234077085,-0.005137007868638591,-2.1831712499260902,2.1082191467285156,0.07495210319757462,2247,2916,2918
official_valid,valid,3017,exp021_full_valid_frozen,recent,0.11531440020940945,-0.07035366275083996,0.10405844011463145,-0.011255960094778,nan,nan,0.07431679219007492,2886,2917,2918
official_valid,valid,3017,exp021_full_valid_frozen,random,0.11531440020940945,0.06348922099074146,0.11343909968576879,-0.001875300523640655,nan,nan,0.08334266394376755,565,2901,2918
official_valid,valid,3018,exp021_full_valid_frozen,retrieval,0.11220299319046395,0.12525503881681657,0.11622113143360276,0.004018138243138805,-1.9939977899193764,1.916808009147644,0.07718978077173233,2317,2916,2918
official_valid,valid,3018,exp021_full_valid_frozen,recent,0.11220299319046395,-0.020658905313308246,0.1064619878627467,-0.00574100532771725,nan,nan,0.07431679219007492,2886,2917,2918
official_valid,valid,3018,exp021_full_valid_frozen,random,0.11220299319046395,0.16585220513826016,0.12087057162359026,0.008667578433126308,nan,nan,0.08226000517606735,501,2848,2918
official_valid,valid,3019,exp021_full_valid_frozen,retrieval,0.1239341767061161,0.06447291772003612,0.12104553407610202,-0.0028886426300140794,-2.677349679172039,2.594717025756836,0.0826326534152031,2317,2915,2918
official_valid,valid,3019,exp021_full_valid_frozen,recent,0.1239341767061161,-0.05430965187221751,0.11449392956487241,-0.009440247141243696,nan,nan,0.07431679219007492,2886,2917,2918
official_valid,valid,3019,exp021_full_valid_frozen,random,0.1239341767061161,0.16471861901961277,0.13092483055021978,0.006990653844103675,nan,nan,0.07807549089193344,555,2833,2918
official_valid,valid,3020,exp021_full_valid_frozen,retrieval,0.10765892971258113,0.07305201502092995,0.10663364978081828,-0.0010252799317628514,-1.8418909907341003,1.7699655294418335,0.07192546129226685,2325,2908,2918
official_valid,valid,3020,exp021_full_valid_frozen,recent,0.10765892971258113,-0.028858392662988234,0.10114543968406853,-0.006513490028512606,nan,nan,0.07431679219007492,2886,2917,2918
official_valid,valid,3020,exp021_full_valid_frozen,random,0.10765892971258113,0.10104754665274643,0.11060146067390947,0.002942530961328335,nan,nan,0.09133969247341156,597,2904,2918
official_valid,valid,3021,exp021_full_valid_frozen,retrieval,0.04822668383665834,-0.030816958011971353,0.041156433643956825,-0.007070250192701515,-2.1669852137565613,2.0868427753448486,0.08014243841171265,2317,2915,2918
official_valid,valid,3021,exp021_full_valid_frozen,recent,0.04822668383665834,-0.05603116743771151,0.04013509857924678,-0.008091585257411563,nan,nan,0.07431679219007492,2886,2917,2918
official_valid,valid,3021,exp021_full_valid_frozen,random,0.04822668383665834,-0.014991200841970415,0.042889021715016754,-0.005337662121641586,nan,nan,0.07455020397901535,568,2842,2918
official_valid,valid,3022,exp021_full_valid_frozen,retrieval,-0.03484332026501421,-0.05853348220780826,-0.039188890984249436,-0.004345570719235227,-1.7426505237817764,1.6699848175048828,0.07266570627689362,2527,2916,2918
official_valid,valid,3022,exp021_full_valid_frozen,recent,-0.03484332026501421,-0.039165376684339975,-0.03871744608453941,-0.0038741258195252037,nan,nan,0.07431679219007492,2886,2917,2918
official_valid,valid,3022,exp021_full_valid_frozen,random,-0.03484332026501421,-0.08696967835315914,-0.04205108456579331,-0.0072077643007791015,nan,nan,0.0999583899974823,537,2909,2918
official_valid,valid,3023,exp021_full_valid_frozen,retrieval,-0.0048683232672553,0.008883609705678091,-0.0031530772702106956,0.0017152459970446047,-2.0284369736909866,1.9486606121063232,0.07977636158466339,2398,2915,2918
official_valid,valid,3023,exp021_full_valid_frozen,recent,-0.0048683232672553,-0.05469427952789189,-0.010440002708618725,-0.0055716794413634245,nan,nan,0.07431679219007492,2886,2917,2918
official_valid,valid,3023,exp021_full_valid_frozen,random,-0.0048683232672553,0.06214151051573708,0.002037845730690163,0.006906168997945463,nan,nan,0.08778521418571472,597,2662,2918
official_valid,valid,3024,exp021_full_valid_frozen,retrieval,-0.06253172227184438,-0.10772831570864398,-0.06898170351176151,-0.006449981239917135,-3.207190126180649,3.1249537467956543,0.0822363793849945,1131,2915,2918
official_valid,valid,3024,exp021_full_valid_frozen,recent,-0.06253172227184438,-0.07473954506790426,-0.06896608228374107,-0.006434360011896692,nan,nan,0.07431679219007492,2886,2917,2918
official_valid,valid,3024,exp021_full_valid_frozen,random,-0.06253172227184438,-0.046042024905984504,-0.06243653171550578,9.519055633859519e-05,nan,nan,0.08077244460582733,494,2754,2918
official_valid,valid,3025,exp021_full_valid_frozen,retrieval,-0.03096875355685279,-0.11652375343857423,-0.0410390098470225,-0.01007025629016971,-2.216581016778946,2.137371778488159,0.07920923829078674,1131,2915,2918
official_valid,valid,3025,exp021_full_valid_frozen,recent,-0.03096875355685279,-0.012558567230098723,-0.031729371963832985,-0.0007606184069801937,nan,nan,0.07431679219007492,2886,2917,2918
official_valid,valid,3025,exp021_full_valid_frozen,random,-0.03096875355685279,-0.1218188812948201,-0.041679059058608706,-0.010710305501755914,nan,nan,0.09164298325777054,608,2872,2918
official_valid,valid,3026,exp021_full_valid_frozen,retrieval,0.09468092063087839,0.06760459637789963,0.09384120391851684,-0.000839716712361549,-2.08974476903677,2.015429973602295,0.07431479543447495,2264,2917,2918
official_valid,valid,3026,exp021_full_valid_frozen,recent,0.09468092063087839,0.054275794575488576,0.09797333384353944,0.0032924132126610495,nan,nan,0.07431679219007492,2886,2917,2918
official_valid,valid,3026,exp021_full_valid_frozen,random,0.09468092063087839,0.06833809426917731,0.09329973504886108,-0.0013811855820173163,nan,nan,0.07944922149181366,663,2849,2918
official_valid,valid,3027,exp021_full_valid_frozen,retrieval,0.14801694911987445,0.11108913636403527,0.1490018548892659,0.0009849057693914476,-2.1638441383838654,2.0830237865448,0.08082035183906555,2288,2916,2918
official_valid,valid,3027,exp021_full_valid_frozen,recent,0.14801694911987445,0.1514510479028311,0.1605728319883948,0.012555882868520357,nan,nan,0.07431679219007492,2886,2917,2918
official_valid,valid,3027,exp021_full_valid_frozen,random,0.14801694911987445,0.02496040912309204,0.1391933052057205,-0.008823643914153939,nan,nan,0.07841157913208008,532,2821,2918
official_valid,valid,3028,exp021_full_valid_frozen,retrieval,0.14669649726263498,0.11074849090504145,0.14668218054133247,-1.4316721302504165e-05,-2.3891648575663567,2.311534881591797,0.07762997597455978,2322,2916,2918
official_valid,valid,3028,exp021_full_valid_frozen,recent,0.14669649726263498,0.13957664575423132,0.1577770402387632,0.011080542976128233,nan,nan,0.07431679219007492,2886,2917,2918
official_valid,valid,3028,exp021_full_valid_frozen,random,0.14669649726263498,0.027382872605397925,0.1375976319102681,-0.00909886535236687,nan,nan,0.08910738676786423,489,2903,2918
official_valid,valid,3029,exp021_full_valid_frozen,retrieval,0.14114271818144772,0.1125832886113349,0.142495136575428,0.001352418393980287,-2.0791961923241615,1.9994844198226929,0.07971177250146866,2401,2915,2918
official_valid,valid,3029,exp021_full_valid_frozen,recent,0.14114271818144772,0.13318107657724235,0.1508832270143669,0.009740508832919187,nan,nan,0.07431679219007492,2886,2917,2918
official_valid,valid,3029,exp021_full_valid_frozen,random,0.14114271818144772,0.055239202735714546,0.13515671460591974,-0.005986003575527976,nan,nan,0.07915297895669937,537,2876,2918
official_valid,valid,3030,exp021_full_valid_frozen,retrieval,0.1608711817330495,0.1109486651406997,0.15962568573710514,-0.0012454959959443679,-1.8285019919276237,1.7524874210357666,0.07601457089185715,2401,2905,2918
official_valid,valid,3030,exp021_full_valid_frozen,recent,0.1608711817330495,0.11599465195903202,0.16845273810055683,0.007581556367507319,nan,nan,0.07431679219007492,2886,2917,2918
official_valid,valid,3030,exp021_full_valid_frozen,random,0.1608711817330495,0.07781371592632143,0.15621014433317262,-0.004661037399876888,nan,nan,0.07699054479598999,608,2829,2918
official_valid,valid,3031,exp021_full_valid_frozen,retrieval,0.18576430374492664,0.12904352033106783,0.18538618609609214,-0.0003781176488344973,-2.3704413697123528,2.2858376502990723,0.08460371941328049,2401,2915,2918
official_valid,valid,3031,exp021_full_valid_frozen,recent,0.18576430374492664,0.058619140184355725,0.186593987205436,0.0008296834605093506,nan,nan,0.07431679219007492,2886,2917,2918
official_valid,valid,3031,exp021_full_valid_frozen,random,0.18576430374492664,0.1121027825913763,0.1831281555554952,-0.0026361481894314476,nan,nan,0.08108413964509964,508,2871,2918
official_valid,valid,3032,exp021_full_valid_frozen,retrieval,0.12785131802261593,0.07719723413567493,0.1261015498000201,-0.0017497682225958155,-1.8339081332087517,1.7581908702850342,0.0757172629237175,2401,2908,2918
official_valid,valid,3032,exp021_full_valid_frozen,recent,0.12785131802261593,-0.03176255874615908,0.12038180863685127,-0.0074695093857646555,nan,nan,0.07431679219007492,2886,2917,2918
official_valid,valid,3032,exp021_full_valid_frozen,random,0.12785131802261593,0.10211478188402426,0.1288131740885018,0.0009618560658858633,nan,nan,0.09120246022939682,644,2915,2918
official_valid,valid,3033,exp021_full_valid_frozen,retrieval,0.05190612525526231,-0.026601934127881737,0.045537153083660804,-0.006368972171601504,-2.2558066695928574,2.173361301422119,0.08244536817073822,2317,2915,2918
official_valid,valid,3033,exp021_full_valid_frozen,recent,0.05190612525526231,-0.05264480637243949,0.04470837137704979,-0.007197753878212518,nan,nan,0.07431679219007492,2886,2917,2918
official_valid,valid,3033,exp021_full_valid_frozen,random,0.05190612525526231,0.06617958830762435,0.05509337441868648,0.003187249163424173,nan,nan,0.07124541699886322,545,2883,2918
official_valid,valid,3034,exp021_full_valid_frozen,retrieval,0.09515066209165392,0.11310072193784879,0.10006136232405581,0.004910700232401893,-1.9133519232273102,1.8355967998504639,0.07775512337684631,2317,2914,2918
official_valid,valid,3034,exp021_full_valid_frozen,recent,0.09515066209165392,-0.042375133138028,0.08825756755827821,-0.006893094533375707,nan,nan,0.07431679219007492,2886,2917,2918
official_valid,valid,3034,exp021_full_valid_frozen,random,0.09515066209165392,0.1599279953537966,0.10478654067219025,0.009635878580536328,nan,nan,0.07819601148366928,536,2578,2918
official_valid,valid,3035,exp021_full_valid_frozen,retrieval,-0.02560353242838879,-0.02671032931415771,-0.02715444219511362,-0.001550909766724829,-2.135108843445778,2.0620741844177246,0.07303465902805328,2322,2905,2918
official_valid,valid,3035,exp021_full_valid_frozen,recent,-0.02560353242838879,-0.0014210060727106594,-0.02553591811921256,6.761430917623032e-05,nan,nan,0.07431679219007492,2886,2917,2918
official_valid,valid,3035,exp021_full_valid_frozen,random,-0.02560353242838879,0.010254186326063333,-0.023530653646019105,0.0020728787823696866,nan,nan,0.08866778761148453,586,2915,2918
official_valid,valid,3036,exp021_full_valid_frozen,retrieval,-0.08671096625251488,-0.06040975035605046,-0.08841847376506617,-0.00170750751255129,-2.565858870744705,2.4856226444244385,0.08023622632026672,1131,2916,2918
official_valid,valid,3036,exp021_full_valid_frozen,recent,-0.08671096625251488,-0.029520112525879872,-0.08974364958447027,-0.003032683331955388,nan,nan,0.07431679219007492,2886,2917,2918
official_valid,valid,3036,exp021_full_valid_frozen,random,-0.08671096625251488,-0.0005501267031666027,-0.08159339478121967,0.0051175714712952125,nan,nan,0.07096057385206223,487,2766,2918
official_valid,valid,3037,exp021_full_valid_frozen,retrieval,-0.026722698375143565,-0.030487259765736515,-0.029000477690952254,-0.002277779315808689,-2.7435959354043007,2.6659469604492188,0.07764897495508194,1131,2915,2918
official_valid,valid,3037,exp021_full_valid_frozen,recent,-0.026722698375143565,0.06827296854331664,-0.020231227593589238,0.006491470781554327,nan,nan,0.07431679219007492,2886,2917,2918
official_valid,valid,3037,exp021_full_valid_frozen,random,-0.026722698375143565,-0.003032089788575625,-0.025906536731627187,0.0008161616435163783,nan,nan,0.07719254493713379,697,2699,2918
official_valid,valid,3038,exp021_full_valid_frozen,retrieval,-0.054879741948661485,-0.1107815644881582,-0.06380822596782194,-0.008928484019160458,-2.8892238959670067,2.813054084777832,0.07616981118917465,2322,2915,2918
official_valid,valid,3038,exp021_full_valid_frozen,recent,-0.054879741948661485,0.0331124913053149,-0.051442397290661745,0.00343734465799974,nan,nan,0.07431679219007492,2886,2917,2918
official_valid,valid,3038,exp021_full_valid_frozen,random,-0.054879741948661485,-0.10539917296174253,-0.06273522255242579,-0.007855480603764307,nan,nan,0.07761924713850021,513,2868,2918
official_valid,valid,3039,exp021_full_valid_frozen,retrieval,-0.08974097992837389,-0.13628388236834757,-0.09879642903113775,-0.00905544910276386,-2.1367621794342995,2.052656650543213,0.08410552889108658,2401,2912,2918
official_valid,valid,3039,exp021_full_valid_frozen,recent,-0.08974097992837389,0.048924928737562795,-0.08387356061614461,0.005867419312229283,nan,nan,0.07431679219007492,2886,2917,2918
official_valid,valid,3039,exp021_full_valid_frozen,random,-0.08974097992837389,-0.12879950272276636,-0.09783876376536907,-0.008097783836995179,nan,nan,0.09622600674629211,511,2903,2918
official_valid,valid,3040,exp021_full_valid_frozen,retrieval,0.030010438390825057,0.006728264124823244,0.02822696745758859,-0.001783470933236466,-2.182448148727417,2.106146812438965,0.07630133628845215,2322,2916,2918
official_valid,valid,3040,exp021_full_valid_frozen,recent,0.030010438390825057,0.05765167637832137,0.03560217802327507,0.005591739632450011,nan,nan,0.07431679219007492,2886,2917,2918
official_valid,valid,3040,exp021_full_valid_frozen,random,0.030010438390825057,-0.005806815209289821,0.027232423300317266,-0.0027780150905077905,nan,nan,0.10034768283367157,577,2917,2918
official_valid,valid,3041,exp021_full_valid_frozen,retrieval,-0.004604847313801786,-0.1035612567110741,-0.015136305115975118,-0.010531457802173332,-2.074070557951927,2.001829147338867,0.07224141061306,2401,2914,2918
official_valid,valid,3041,exp021_full_valid_frozen,recent,-0.004604847313801786,0.10694727044996519,0.006994015965575139,0.011598863279376925,nan,nan,0.07431679219007492,2886,2917,2918
official_valid,valid,3041,exp021_full_valid_frozen,random,-0.004604847313801786,-0.11840086191918482,-0.016685250145766575,-0.01208040283196479,nan,nan,0.11686517298221588,494,2843,2918
official_valid,valid,3042,exp021_full_valid_frozen,retrieval,0.01719827521465586,-0.01718621952303756,0.014204562387096156,-0.0029937128275597056,-2.333008959889412,2.2520039081573486,0.0810050517320633,2515,2916,2918
official_valid,valid,3042,exp021_full_valid_frozen,recent,0.01719827521465586,0.15860095880480146,0.034065404760568026,0.016867129545912164,nan,nan,0.07431679219007492,2886,2917,2918
official_valid,valid,3042,exp021_full_valid_frozen,random,0.01719827521465586,-0.03422800782123308,0.012366053870709114,-0.004832221343946747,nan,nan,0.08782874792814255,515,2796,2918
official_valid,valid,3043,exp021_full_valid_frozen,retrieval,0.04237308765409035,-0.05565769386389214,0.03386899346457515,-0.008504094189515199,-2.8576058745384216,2.7830872535705566,0.07451862096786499,2467,2915,2918
official_valid,valid,3043,exp021_full_valid_frozen,recent,0.04237308765409035,0.08296608490732663,0.05097159879694445,0.0085985111428541,nan,nan,0.07431679219007492,2886,2917,2918
official_valid,valid,3043,exp021_full_valid_frozen,random,0.04237308765409035,-0.042560005345233284,0.03519532471337021,-0.007177762940720138,nan,nan,0.09254957735538483,508,2893,2918
official_valid,valid,3044,exp021_full_valid_frozen,retrieval,-0.058152067025485886,-0.104010796743297,-0.06489318533174276,-0.006741118306256878,-2.543548882007599,2.461142063140869,0.08240681886672974,2401,2915,2918
official_valid,valid,3044,exp021_full_valid_frozen,recent,-0.058152067025485886,0.08102847695679732,-0.048323262400375266,0.00982880462511062,nan,nan,0.07431679219007492,2886,2917,2918
official_valid,valid,3044,exp021_full_valid_frozen,random,-0.058152067025485886,-0.10848729504575036,-0.06503047788444653,-0.006878410858960647,nan,nan,0.08488623797893524,504,2902,2918
official_valid,valid,3045,exp021_full_valid_frozen,retrieval,-0.17155220959194048,-0.1547573845559708,-0.1750717837170692,-0.0035195741251287105,-2.3462244123220444,2.2659802436828613,0.08024416863918304,2401,2915,2918
official_valid,valid,3045,exp021_full_valid_frozen,recent,-0.17155220959194048,0.07177759786458494,-0.16017158105860363,0.01138062853333685,nan,nan,0.07431679219007492,2886,2917,2918
official_valid,valid,3045,exp021_full_valid_frozen,random,-0.17155220959194048,-0.2074503379048798,-0.18002740664937983,-0.008475197057439349,nan,nan,0.0802643820643425,523,2891,2918
official_valid,valid,3046,exp021_full_valid_frozen,retrieval,-0.12924123069111962,-0.08649702827137024,-0.128897826787885,0.0003434039032346181,-2.90286023914814,2.8154375553131104,0.0874226838350296,2327,2915,2918
official_valid,valid,3046,exp021_full_valid_frozen,recent,-0.12924123069111962,0.0648321375727035,-0.12078172848215354,0.008459502208966074,nan,nan,0.07431679219007492,2886,2917,2918
official_valid,valid,3046,exp021_full_valid_frozen,random,-0.12924123069111962,-0.09742512346286558,-0.12937015919923187,-0.0001289285081122471,nan,nan,0.08068375289440155,488,2907,2918
official_valid,valid,3047,exp021_full_valid_frozen,retrieval,-0.09878488723715455,-0.14148086797603468,-0.10663984906591266,-0.007854961828758111,-2.175870180130005,2.0976815223693848,0.07818865776062012,2398,2916,2918
official_valid,valid,3047,exp021_full_valid_frozen,recent,-0.09878488723715455,0.06650153198840418,-0.09022490565340345,0.008559981583751097,nan,nan,0.07431679219007492,2886,2917,2918
official_valid,valid,3047,exp021_full_valid_frozen,random,-0.09878488723715455,-0.10049835476379432,-0.10236582036078397,-0.0035809331236294206,nan,nan,0.0839969739317894,489,2914,2918
official_valid,valid,3048,exp021_full_valid_frozen,retrieval,-0.10864085399451599,-0.1421767566695889,-0.11551688060527557,-0.006876026610759575,-2.9394823610782623,2.8531079292297363,0.086374431848526,1131,2915,2918
official_valid,valid,3048,exp021_full_valid_frozen,recent,-0.10864085399451599,0.025624900262265264,-0.10460492708388965,0.004035926910626347,nan,nan,0.07431679219007492,2886,2917,2918
official_valid,valid,3048,exp021_full_valid_frozen,random,-0.10864085399451599,-0.13758116168292958,-0.11546561147968391,-0.0068247574851679205,nan,nan,0.08744937926530838,546,2880,2918
official_valid,valid,3049,exp021_full_valid_frozen,retrieval,0.09789656146803355,0.11072512540807705,0.10171560074719065,0.0038190392791570965,-2.774644449353218,2.6933443546295166,0.08130009472370148,2248,2915,2918
official_valid,valid,3049,exp021_full_valid_frozen,recent,0.09789656146803355,0.09996834829966181,0.10619789972464087,0.008301338256607324,nan,nan,0.07431679219007492,2886,2917,2918
official_valid,valid,3049,exp021_full_valid_frozen,random,0.09789656146803355,0.08725355825174859,0.09911216392835338,0.001215602460319834,nan,nan,0.07527056336402893,575,2885,2918
official_valid,valid,3050,exp021_full_valid_frozen,retrieval,0.09461617952181255,0.05267814744745615,0.09317967604424456,-0.0014365034775679908,-2.379127085208893,2.311232805252075,0.06789427995681763,2399,2915,2918
official_valid,valid,3050,exp021_full_valid_frozen,recent,0.09461617952181255,0.08095685105891294,0.10188121639298653,0.007265036871173983,nan,nan,0.07431679219007492,2886,2917,2918
official_valid,valid,3050,exp021_full_valid_frozen,random,0.09461617952181255,0.090308714849478,0.0963387324224237,0.0017225529006111573,nan,nan,0.08282510191202164,566,2868,2918
official_valid,valid,3051,exp021_full_valid_frozen,retrieval,0.008399476454543716,-0.04159113638579811,0.002902057941453672,-0.005497418513090045,-2.39507357776165,2.3154706954956055,0.07960288226604462,2401,2915,2918
official_valid,valid,3051,exp021_full_valid_frozen,recent,0.008399476454543716,0.016882634490916804,0.009678098863646163,0.0012786224091024465,nan,nan,0.07431679219007492,2886,2917,2918
official_valid,valid,3051,exp021_full_valid_frozen,random,0.008399476454543716,-0.035403293494580546,0.0033302952375615746,-0.005069181216982141,nan,nan,0.09590260684490204,488,2849,2918
official_valid,valid,3052,exp021_full_valid_frozen,retrieval,-0.023347681811737693,-0.03855341606280597,-0.02592022410488691,-0.0025725422931492173,-2.534989260137081,2.455176591873169,0.0798126682639122,2401,2914,2918
official_valid,valid,3052,exp021_full_valid_frozen,recent,-0.023347681811737693,-0.03993727390870265,-0.02826182597609012,-0.004914144164352426,nan,nan,0.07431679219007492,2886,2917,2918
official_valid,valid,3052,exp021_full_valid_frozen,random,-0.023347681811737693,0.018788983199414293,-0.019880863022793915,0.0034668187889437783,nan,nan,0.09418580681085587,614,2829,2918
official_valid,valid,3053,exp021_full_valid_frozen,retrieval,0.0392726180190515,0.04524150781412834,0.03991481713781837,0.0006421991187668744,-3.1085441410541534,3.031151294708252,0.07739284634590149,2486,2914,2918
official_valid,valid,3053,exp021_full_valid_frozen,recent,0.0392726180190515,-0.10666691854530229,0.026977055802923585,-0.012295562216127914,nan,nan,0.07431679219007492,2886,2917,2918
official_valid,valid,3053,exp021_full_valid_frozen,random,0.0392726180190515,0.08496372642654612,0.04415561911036697,0.004883001091315474,nan,nan,0.07798053324222565,579,2850,2918
official_valid,valid,3054,exp021_full_valid_frozen,retrieval,-0.09619914441885553,-0.10961896361526156,-0.10196685168350741,-0.005767707264651881,-3.679759241640568,3.6070497035980225,0.07270953804254532,2310,2874,2918
official_valid,valid,3054,exp021_full_valid_frozen,recent,-0.09619914441885553,-0.09622166504914004,-0.10704825303111624,-0.01084910861226071,nan,nan,0.07431679219007492,2886,2917,2918
official_valid,valid,3054,exp021_full_valid_frozen,random,-0.09619914441885553,-0.15593586176310167,-0.10589147536488637,-0.009692330946030836,nan,nan,0.08184226602315903,593,2882,2918
official_valid,valid,3055,exp021_full_valid_frozen,retrieval,-0.015620596538374379,0.032385993060999575,-0.011724897459510525,0.0038956990788638537,-7.551772125065327,7.468916416168213,0.0828557088971138,1091,2844,2918
official_valid,valid,3055,exp021_full_valid_frozen,recent,-0.015620596538374379,-0.09323133665765478,-0.026409438116078394,-0.010788841577704015,nan,nan,0.07431679219007492,2886,2917,2918
official_valid,valid,3055,exp021_full_valid_frozen,random,-0.015620596538374379,-0.08733869853548641,-0.023713177455876283,-0.008092580917501905,nan,nan,0.07667216658592224,487,2873,2918
official_valid,valid,3056,exp021_full_valid_frozen,retrieval,0.08853385543749501,0.09296890854000575,0.09023177223055258,0.0016979167930575717,-3.9977091923356056,3.9184958934783936,0.07921329885721207,2243,2915,2918
official_valid,valid,3056,exp021_full_valid_frozen,recent,0.08853385543749501,-0.025201867829816992,0.08490677927928383,-0.0036270761582111732,nan,nan,0.07431679219007492,2886,2917,2918
official_valid,valid,3056,exp021_full_valid_frozen,random,0.08853385543749501,0.0789426049543104,0.08910663957964486,0.0005727841421498542,nan,nan,0.07859800010919571,533,2767,2918
official_valid,valid,3057,exp021_full_valid_frozen,retrieval,0.19778032188675518,0.15332902606546495,0.19812523841918742,0.00034491653243223785,-2.930843822658062,2.845644950866699,0.08519887179136276,2398,2915,2918
official_valid,valid,3057,exp021_full_valid_frozen,recent,0.19778032188675518,0.004627566004050192,0.1962200380905424,-0.0015602837962127858,nan,nan,0.07431679219007492,2886,2917,2918
official_valid,valid,3057,exp021_full_valid_frozen,random,0.19778032188675518,0.11778459748057242,0.19506749658963562,-0.0027128252971195532,nan,nan,0.08094251900911331,511,2891,2918
official_valid,valid,3058,exp021_full_valid_frozen,retrieval,0.06458934587673322,0.022795354483177602,0.06151926864838693,-0.0030700772283462907,-3.5340033397078514,3.4532814025878906,0.08072193711996078,2250,2915,2918
official_valid,valid,3058,exp021_full_valid_frozen,recent,0.06458934587673322,0.018044229240530417,0.06547022393751044,0.0008808780607772182,nan,nan,0.07431679219007492,2886,2917,2918
official_valid,valid,3058,exp021_full_valid_frozen,random,0.06458934587673322,0.012926594939144796,0.060551914616568364,-0.004037431260164856,nan,nan,0.07432232797145844,716,2903,2918
official_valid,valid,3059,exp021_full_valid_frozen,retrieval,0.08136903536348411,0.05752614172074038,0.08031866968587967,-0.0010503656776044423,-2.5238576009869576,2.4381372928619385,0.08572030812501907,2398,2915,2918
official_valid,valid,3059,exp021_full_valid_frozen,recent,0.08136903536348411,0.004129173596629035,0.08040107952461675,-0.000967955838867357,nan,nan,0.07431679219007492,2886,2917,2918
official_valid,valid,3059,exp021_full_valid_frozen,random,0.08136903536348411,0.014792997410931085,0.07604675138158223,-0.005322283981901876,nan,nan,0.08602739870548248,503,2767,2918
official_valid,valid,3060,exp021_full_valid_frozen,retrieval,0.05610077408080456,0.025983557241901694,0.05430770299220345,-0.0017930710886011059,-2.68735720962286,2.606451988220215,0.08090522140264511,2398,2915,2918
official_valid,valid,3060,exp021_full_valid_frozen,recent,0.05610077408080456,0.04320463803083418,0.05963066328987649,0.0035298892090719347,nan,nan,0.07431679219007492,2886,2917,2918
official_valid,valid,3060,exp021_full_valid_frozen,random,0.05610077408080456,0.04502909727165282,0.055933345841541,-0.0001674282392635576,nan,nan,0.08122650533914566,555,2860,2918
official_valid,valid,3061,exp021_full_valid_frozen,retrieval,0.09175747176343688,0.09308219516909487,0.0941898375678981,0.0024323658044612256,-2.7886340841650963,2.7050421237945557,0.08359196037054062,1131,2915,2918
official_valid,valid,3061,exp021_full_valid_frozen,recent,0.09175747176343688,-0.003987305788121502,0.08967210878110021,-0.0020853629823366637,nan,nan,0.07431679219007492,2886,2917,2918
official_valid,valid,3061,exp021_full_valid_frozen,random,0.09175747176343688,0.09193929328176911,0.09376168341406728,0.0020042116506304025,nan,nan,0.07431405037641525,499,2866,2918
official_valid,valid,3062,exp021_full_valid_frozen,retrieval,0.07695289584662487,0.09454085832323535,0.08045280285251769,0.0034999070058928106,-2.995101347565651,2.914461612701416,0.08063973486423492,1131,2915,2918
official_valid,valid,3062,exp021_full_valid_frozen,recent,0.07695289584662487,0.02500151767485152,0.07865933339934997,0.001706437552725093,nan,nan,0.07431679219007492,2886,2917,2918
official_valid,valid,3062,exp021_full_valid_frozen,random,0.07695289584662487,0.11945576394138474,0.08282461942604107,0.005871723579416191,nan,nan,0.0824582502245903,530,2787,2918
official_valid,valid,3063,exp021_full_valid_frozen,retrieval,0.17261946635242312,0.10068813144760078,0.17201924421963855,-0.0006002221327845725,-3.4876714423298836,3.4058494567871094,0.0818219855427742,1131,2915,2918
official_valid,valid,3063,exp021_full_valid_frozen,recent,0.17261946635242312,0.012924740228185044,0.17252633414660035,-9.313220582277126e-05,nan,nan,0.07431679219007492,2886,2917,2918
official_valid,valid,3063,exp021_full_valid_frozen,random,0.17261946635242312,0.17828147400227973,0.1779606767183488,0.0053412103659256915,nan,nan,0.08984249085187912,544,2869,2918
official_valid,valid,3064,exp021_full_valid_frozen,retrieval,0.16833173264298704,0.19675174668287979,0.17698150167435447,0.008649769031367438,-2.35694470256567,2.275989294052124,0.08095540851354599,2398,2917,2918
official_valid,valid,3064,exp021_full_valid_frozen,recent,0.16833173264298704,-0.001436927725735244,0.16713159921994156,-0.0012001334230454797,nan,nan,0.07431679219007492,2886,2917,2918
official_valid,valid,3064,exp021_full_valid_frozen,random,0.16833173264298704,0.2211645993882998,0.1787356277008346,0.010403895057847556,nan,nan,0.07895733416080475,541,2791,2918
official_valid,valid,3065,exp021_full_valid_frozen,retrieval,0.27173934208982237,0.23195199915026163,0.27647704756134195,0.004737705471519582,-2.1690490916371346,2.0916779041290283,0.07737118750810623,2401,2915,2918
official_valid,valid,3065,exp021_full_valid_frozen,recent,0.27173934208982237,-0.010447613673739864,0.2679900312508881,-0.003749310838934261,nan,nan,0.07431679219007492,2886,2917,2918
official_valid,valid,3065,exp021_full_valid_frozen,random,0.27173934208982237,0.25579466259822875,0.2770976298508675,0.005358287761045133,nan,nan,0.07067150622606277,607,2905,2918
official_valid,valid,3066,exp021_full_valid_frozen,retrieval,0.24168186186727328,0.2783195269441668,0.2516117071164647,0.00992984524919141,-2.4056617990136147,2.326831340789795,0.07883045822381973,2401,2915,2918
official_valid,valid,3066,exp021_full_valid_frozen,recent,0.24168186186727328,0.08531680270191802,0.24704378567965402,0.005361923812380737,nan,nan,0.07431679219007492,2886,2917,2918
official_valid,valid,3066,exp021_full_valid_frozen,random,0.24168186186727328,0.278584531203851,0.2510083848777108,0.009326523010437543,nan,nan,0.0791497603058815,578,2904,2918
official_valid,valid,3067,exp021_full_valid_frozen,retrieval,0.15229361682203477,0.15125955761199048,0.15617019669009496,0.003876579868060198,-2.1979448348283768,2.1207330226898193,0.07721181213855743,2398,2915,2918
official_valid,valid,3067,exp021_full_valid_frozen,recent,0.15229361682203477,0.04005683986917552,0.15402113350190924,0.0017275166798744745,nan,nan,0.07431679219007492,2886,2917,2918
official_valid,valid,3067,exp021_full_valid_frozen,random,0.15229361682203477,0.1482657672453442,0.15550860317215376,0.0032149863501189924,nan,nan,0.08324284851551056,564,2886,2918
official_valid,valid,3068,exp021_full_valid_frozen,retrieval,0.040701972968904564,0.011646418509821498,0.03855314409113056,-0.0021488288777740047,-3.2703422009944916,3.184622049331665,0.08572015166282654,1131,2915,2918
official_valid,valid,3068,exp021_full_valid_frozen,recent,0.040701972968904564,-0.023565196471682485,0.037063073756959775,-0.003638899211944789,nan,nan,0.07431679219007492,2886,2917,2918
official_valid,valid,3068,exp021_full_valid_frozen,random,0.040701972968904564,-0.0002684243766738197,0.03734431488986636,-0.003357658079038206,nan,nan,0.07297075539827347,490,2758,2918
official_valid,valid,3069,exp021_full_valid_frozen,retrieval,0.05113942951544439,-0.005996829876073749,0.045681602260975014,-0.0054578272544693746,-2.427307680249214,2.3494391441345215,0.07786853611469269,2260,2914,2918
official_valid,valid,3069,exp021_full_valid_frozen,recent,0.05113942951544439,-0.026715544453192727,0.04584152385379807,-0.00529790566164632,nan,nan,0.07431679219007492,2886,2917,2918
official_valid,valid,3069,exp021_full_valid_frozen,random,0.05113942951544439,-0.008126285255147945,0.04567501426606109,-0.005464415249383299,nan,nan,0.08460653573274612,582,2915,2918
official_valid,valid,3070,exp021_full_valid_frozen,retrieval,-0.01060257063574907,-0.13589555508223758,-0.02474494429293645,-0.01414237365718738,-2.533735029399395,2.4588732719421387,0.07486175745725632,2398,2916,2918
official_valid,valid,3070,exp021_full_valid_frozen,recent,-0.01060257063574907,0.021449451261489963,-0.010035200362845484,0.0005673702729035862,nan,nan,0.07431679219007492,2886,2917,2918
official_valid,valid,3070,exp021_full_valid_frozen,random,-0.01060257063574907,-0.062075360337683454,-0.01666423955387482,-0.006061668918125748,nan,nan,0.07510852813720703,503,2907,2918
official_valid,valid,3071,exp021_full_valid_frozen,retrieval,0.10518897743555501,0.08780276997337502,0.10617792270230501,0.000988945266750002,-2.6387554705142975,2.557602643966675,0.08115282654762268,2401,2915,2918
official_valid,valid,3071,exp021_full_valid_frozen,recent,0.10518897743555501,0.011867421303493681,0.1046055574707804,-0.0005834199647746091,nan,nan,0.07431679219007492,2886,2917,2918
official_valid,valid,3071,exp021_full_valid_frozen,random,0.10518897743555501,0.11972624804015168,0.10935693246254669,0.004167955026991674,nan,nan,0.07327437400817871,661,2828,2918
official_valid,valid,3072,exp021_full_valid_frozen,retrieval,0.0222522835095352,-0.03693495678804852,0.016180329444665055,-0.006071954064870145,-3.6918501779437065,3.607457160949707,0.08439301699399948,1131,2915,2918
official_valid,valid,3072,exp021_full_valid_frozen,recent,0.0222522835095352,0.05824619166131024,0.027390060506615174,0.005137776997079974,nan,nan,0.07431679219007492,2886,2917,2918
official_valid,valid,3072,exp021_full_valid_frozen,random,0.0222522835095352,0.007655374322488026,0.020815221948325434,-0.001437061561209766,nan,nan,0.07553596794605255,529,2853,2918
official_valid,valid,3073,exp021_full_valid_frozen,retrieval,0.014264828272788571,-0.10601698663225026,0.0023061416027719966,-0.011958686670016575,-3.8056270480155945,3.7262463569641113,0.07938069105148315,2215,2915,2918
official_valid,valid,3073,exp021_full_valid_frozen,recent,0.014264828272788571,0.06636427258874045,0.021810849854408818,0.007546021581620247,nan,nan,0.07431679219007492,2886,2917,2918
official_valid,valid,3073,exp021_full_valid_frozen,random,0.014264828272788571,-0.05983785483155474,0.007026241233943416,-0.007238587038845156,nan,nan,0.07939528673887253,564,2860,2918
official_valid,valid,3074,exp021_full_valid_frozen,retrieval,0.034651102782368,0.05594896727192318,0.038132251443190976,0.003481148660822976,-2.6215767711400986,2.539792060852051,0.08178471028804779,2401,2915,2918
official_valid,valid,3074,exp021_full_valid_frozen,recent,0.034651102782368,0.11803158558320916,0.04695558737512832,0.012304484592760317,nan,nan,0.07431679219007492,2886,2917,2918
official_valid,valid,3074,exp021_full_valid_frozen,random,0.034651102782368,0.1556531705259718,0.048603866840427834,0.013952764058059834,nan,nan,0.08771290630102158,496,2831,2918
official_valid,valid,3075,exp021_full_valid_frozen,retrieval,0.09980864179228227,0.12206941978648954,0.10534924371199349,0.005540601919711216,-2.902515895664692,2.815901279449463,0.08661461621522903,1131,2915,2918
official_valid,valid,3075,exp021_full_valid_frozen,recent,0.09980864179228227,0.15313689110481563,0.11497652046012131,0.015167878667839044,nan,nan,0.07431679219007492,2886,2917,2918
official_valid,valid,3075,exp021_full_valid_frozen,random,0.09980864179228227,0.1555074932871475,0.10833882414441881,0.00853018235213654,nan,nan,0.07974996417760849,499,2899,2918
official_valid,valid,3076,exp021_full_valid_frozen,retrieval,0.03007792088928806,0.10375665979236767,0.03855802052014435,0.008480099630856289,-2.656319707632065,2.5682032108306885,0.08811649680137634,1131,2915,2918
official_valid,valid,3076,exp021_full_valid_frozen,recent,0.03007792088928806,0.16420418418588847,0.04732687496109514,0.017248954071807078,nan,nan,0.07431679219007492,2886,2917,2918
official_valid,valid,3076,exp021_full_valid_frozen,random,0.03007792088928806,0.16224144793737225,0.044479497747940154,0.014401576858652093,nan,nan,0.07914642244577408,490,2716,2918
official_valid,valid,3077,exp021_full_valid_frozen,retrieval,0.21090599049963693,0.28633905424676936,0.22356181263271513,0.012655822133078198,-3.981343299150467,3.8966784477233887,0.08466485142707825,1131,2915,2918
official_valid,valid,3077,exp021_full_valid_frozen,recent,0.21090599049963693,0.09851065359585909,0.2168892125712257,0.005983222071588773,nan,nan,0.07431679219007492,2886,2917,2918
official_valid,valid,3077,exp021_full_valid_frozen,random,0.21090599049963693,0.3044635428852073,0.2253134453117734,0.014407454812136483,nan,nan,0.08595660328865051,606,2886,2918
official_valid,valid,3078,exp021_full_valid_frozen,retrieval,0.19411572985636166,0.2667832766613802,0.20590150395685444,0.01178577410049278,-3.312140963971615,3.2298343181610107,0.0823066458106041,2467,2915,2918
official_valid,valid,3078,exp021_full_valid_frozen,recent,0.19411572985636166,0.09095581292893712,0.20065259486602588,0.006536865009664217,nan,nan,0.07431679219007492,2886,2917,2918
official_valid,valid,3078,exp021_full_valid_frozen,random,0.19411572985636166,0.24377957689375868,0.20406967800622988,0.00995394814986822,nan,nan,0.08354441076517105,551,2883,2918
official_valid,valid,3079,exp021_full_valid_frozen,retrieval,0.15837351522393864,0.19771022188398754,0.16596453705922262,0.007591021835283984,-3.3011320307850838,3.214939594268799,0.08619243651628494,1131,2915,2918
official_valid,valid,3079,exp021_full_valid_frozen,recent,0.15837351522393864,0.05977931861642583,0.16260966616671962,0.004236150942780986,nan,nan,0.07431679219007492,2886,2917,2918
official_valid,valid,3079,exp021_full_valid_frozen,random,0.15837351522393864,0.14330461026467634,0.1605402743234708,0.0021667590995321506,nan,nan,0.08434543013572693,616,2739,2918
official_valid,valid,3080,exp021_full_valid_frozen,retrieval,0.10922939100739752,0.1484420799090654,0.1150409187167499,0.005811527709352379,-3.4562912061810493,3.3725426197052,0.08374858647584915,2476,2915,2918
official_valid,valid,3080,exp021_full_valid_frozen,recent,0.10922939100739752,0.06182629129862811,0.11273787855377414,0.003508487546376615,nan,nan,0.07431679219007492,2886,2917,2918
official_valid,valid,3080,exp021_full_valid_frozen,random,0.10922939100739752,0.09409762120483106,0.10995178326362653,0.0007223922562290125,nan,nan,0.0802386924624443,492,2818,2918
official_valid,valid,3081,exp021_full_valid_frozen,retrieval,0.1673352698942173,0.09490655319473737,0.1647562646159194,-0.00257900527829788,-2.6799844428896904,2.6006662845611572,0.07931815832853317,2467,2915,2918
official_valid,valid,3081,exp021_full_valid_frozen,recent,0.1673352698942173,0.15127638944159336,0.17952091491403807,0.012185645019820779,nan,nan,0.07431679219007492,2886,2917,2918
official_valid,valid,3081,exp021_full_valid_frozen,random,0.1673352698942173,0.10683593238564643,0.16566867908480706,-0.0016665908094102289,nan,nan,0.09041834622621536,588,2810,2918
official_valid,valid,3082,exp021_full_valid_frozen,retrieval,0.01685818959172078,0.06775612239550316,0.021961735824957508,0.005103546233236729,-3.296526774764061,3.212541341781616,0.08398543298244476,2467,2915,2918
official_valid,valid,3082,exp021_full_valid_frozen,recent,0.01685818959172078,0.19936662065638042,0.03712311334098233,0.020264923749261553,nan,nan,0.07431679219007492,2886,2917,2918
official_valid,valid,3082,exp021_full_valid_frozen,random,0.01685818959172078,-0.04159677351378052,0.010922855279166376,-0.005935334312554403,nan,nan,0.07840444892644882,663,2833,2918
official_valid,valid,3083,exp021_full_valid_frozen,retrieval,0.06247709580614792,0.13236939635574735,0.07116446025787193,0.008687364451724008,-3.2023332118988037,3.1172425746917725,0.08509063720703125,2401,2915,2918
official_valid,valid,3083,exp021_full_valid_frozen,recent,0.06247709580614792,0.14209023955821254,0.07586585829040404,0.01338876248425612,nan,nan,0.07431679219007492,2886,2917,2918
official_valid,valid,3083,exp021_full_valid_frozen,random,0.06247709580614792,0.06609489691351834,0.06425836634060365,0.0017812705344557311,nan,nan,0.08586016297340393,592,2895,2918
official_valid,valid,3084,exp021_full_valid_frozen,retrieval,0.05337575502923942,0.05496650817157477,0.05482603843284818,0.0014502834036087611,-2.6409799233078957,2.566878318786621,0.07410160452127457,2398,2915,2918
official_valid,valid,3084,exp021_full_valid_frozen,recent,0.05337575502923942,0.15830989794667874,0.06942135648175152,0.016045601452512097,nan,nan,0.07431679219007492,2886,2917,2918
official_valid,valid,3084,exp021_full_valid_frozen,random,0.05337575502923942,0.10191061810270258,0.05945048435380501,0.006074729324565591,nan,nan,0.08692523837089539,515,2899,2918
official_valid,valid,3085,exp021_full_valid_frozen,retrieval,-0.03133088392796035,-0.051603333917710895,-0.03453180018527806,-0.003200916257317707,-2.5167315676808357,2.4468679428100586,0.06986362487077713,2398,2915,2918
official_valid,valid,3085,exp021_full_valid_frozen,recent,-0.03133088392796035,0.11382796838405643,-0.018774155663116528,0.012556728264843824,nan,nan,0.07431679219007492,2886,2917,2918
official_valid,valid,3085,exp021_full_valid_frozen,random,-0.03133088392796035,-0.08438006938633037,-0.037987732432883885,-0.0066568485049235335,nan,nan,0.07402373850345612,663,2908,2918
official_valid,valid,3086,exp021_full_valid_frozen,retrieval,0.019728745517368647,0.008676888854145954,0.018892710184275033,-0.000836035333093614,-2.5678457096219063,2.4855833053588867,0.08226240426301956,2401,2915,2918
official_valid,valid,3086,exp021_full_valid_frozen,recent,0.019728745517368647,-0.01472500947300178,0.01743210831965847,-0.0022966371977101753,nan,nan,0.07431679219007492,2886,2917,2918
official_valid,valid,3086,exp021_full_valid_frozen,random,0.019728745517368647,-0.012243023413165046,0.01679980215907484,-0.0029289433582938076,nan,nan,0.07475091516971588,535,2814,2918
official_valid,valid,3087,exp021_full_valid_frozen,retrieval,0.051821189838650535,0.056694417609842736,0.053914652014180164,0.00209346217552963,-2.4310302063822746,2.348410129547119,0.08262007683515549,2401,2914,2918
official_valid,valid,3087,exp021_full_valid_frozen,recent,0.051821189838650535,-0.0591659974683143,0.04532819413436844,-0.006492995704282092,nan,nan,0.07431679219007492,2886,2917,2918
official_valid,valid,3087,exp021_full_valid_frozen,random,0.051821189838650535,0.0336302170114061,0.05163376601853673,-0.00018742382011380232,nan,nan,0.08785445243120193,519,2863,2918
official_valid,valid,3088,exp021_full_valid_frozen,retrieval,0.028684891831021707,-0.0020784191061126293,0.026280205630947417,-0.00240468620007429,-3.2635937109589577,3.1792585849761963,0.08433512598276138,1131,2915,2918
official_valid,valid,3088,exp021_full_valid_frozen,recent,0.028684891831021707,0.0007473711575386584,0.028812399712498615,0.00012750788147690775,nan,nan,0.07431679219007492,2886,2917,2918
official_valid,valid,3088,exp021_full_valid_frozen,random,0.028684891831021707,0.03480033130653326,0.02976046849782267,0.0010755766668009634,nan,nan,0.08368676900863647,525,2915,2918
official_valid,valid,3089,exp021_full_valid_frozen,retrieval,0.09619040244539567,0.14233762822773965,0.10347324508913855,0.007282842643742876,-2.506320483982563,2.4225592613220215,0.08376122266054153,1131,2916,2918
official_valid,valid,3089,exp021_full_valid_frozen,recent,0.09619040244539567,0.030670124630984088,0.09760880275161017,0.0014184003062144984,nan,nan,0.07431679219007492,2886,2917,2918
official_valid,valid,3089,exp021_full_valid_frozen,random,0.09619040244539567,0.12246273085040064,0.1011795462736593,0.004989143828263626,nan,nan,0.08476989716291428,551,2909,2918
official_valid,valid,3090,exp021_full_valid_frozen,retrieval,0.2135649700108885,0.22533775112276147,0.22523006074674629,0.01166509073585778,-3.16738773137331,3.089258909225464,0.07812882214784622,1131,2915,2918
official_valid,valid,3090,exp021_full_valid_frozen,recent,0.2135649700108885,-0.013403215382427652,0.21011752752164237,-0.0034474424892461386,nan,nan,0.07431679219007492,2886,2917,2918
official_valid,valid,3090,exp021_full_valid_frozen,random,0.2135649700108885,0.20973891581881532,0.21867589617075656,0.005110926159868051,nan,nan,0.07637365907430649,589,2794,2918
official_valid,valid,3091,exp021_full_valid_frozen,retrieval,0.19126063449473316,0.20125275863377443,0.19679138226079293,0.005530747766059774,-2.531863495707512,2.4525704383850098,0.07929305732250214,2398,2874,2918
official_valid,valid,3091,exp021_full_valid_frozen,recent,0.19126063449473316,0.034311578616064965,0.1941923101976272,0.0029316757028940432,nan,nan,0.07431679219007492,2886,2917,2918
official_valid,valid,3091,exp021_full_valid_frozen,random,0.19126063449473316,0.19042797519670665,0.19747721967364404,0.006216585178910883,nan,nan,0.07866760343313217,506,2871,2918
official_valid,valid,3092,exp021_full_valid_frozen,retrieval,0.20226321208353326,0.22313793198383713,0.20830647184879156,0.0060432597652582964,-2.860490880906582,2.784322738647461,0.07616814225912094,1247,2912,2918
official_valid,valid,3092,exp021_full_valid_frozen,recent,0.20226321208353326,0.04519245052401706,0.2049511265441601,0.002687914460626828,nan,nan,0.07431679219007492,2886,2917,2918
official_valid,valid,3092,exp021_full_valid_frozen,random,0.20226321208353326,0.18227506968544746,0.2042338895670728,0.0019706774835395457,nan,nan,0.08147318661212921,521,2875,2918
official_valid,valid,3093,exp021_full_valid_frozen,retrieval,0.2288975156273895,0.2077625483864829,0.2323253487108227,0.003427833083433196,-4.2697252333164215,4.183382034301758,0.0863431990146637,1131,2915,2918
official_valid,valid,3093,exp021_full_valid_frozen,recent,0.2288975156273895,-0.03459850662389568,0.22386235430393336,-0.005035161323456133,nan,nan,0.07431679219007492,2886,2917,2918
official_valid,valid,3093,exp021_full_valid_frozen,random,0.2288975156273895,0.16599869797561104,0.22802483601538073,-0.0008726796120087643,nan,nan,0.08920662105083466,513,2793,2918
official_valid,valid,3094,exp021_full_valid_frozen,retrieval,0.251412227672115,0.17740447860614258,0.25068040092227795,-0.0007318267498370723,-4.0619474202394485,3.9827938079833984,0.07915361225605011,2401,2915,2918
official_valid,valid,3094,exp021_full_valid_frozen,recent,0.251412227672115,-0.09485287771411313,0.24176377689165054,-0.009648450780464474,nan,nan,0.07431679219007492,2886,2917,2918
official_valid,valid,3094,exp021_full_valid_frozen,random,0.251412227672115,0.12406826300912635,0.2463115884218772,-0.005100639250237821,nan,nan,0.09241043031215668,587,2911,2918
official_valid,valid,3095,exp021_full_valid_frozen,retrieval,0.31045674376371274,0.30383622967941915,0.31741530368145254,0.006958559917739804,-2.9281743243336678,2.838947057723999,0.08922726660966873,1131,2915,2918
official_valid,valid,3095,exp021_full_valid_frozen,recent,0.31045674376371274,0.016698721835579,0.30704355466278943,-0.0034131891009233084,nan,nan,0.07431679219007492,2886,2917,2918
official_valid,valid,3095,exp021_full_valid_frozen,random,0.31045674376371274,0.2679109167995546,0.3134204702232298,0.0029637264595170354,nan,nan,0.0785798728466034,966,2907,2918
official_valid,valid,3096,exp021_full_valid_frozen,retrieval,0.32877070608221765,0.33891915834426634,0.3367568809930706,0.007986174910852961,-5.062800131738186,4.978052139282227,0.08474799245595932,1448,2914,2918
official_valid,valid,3096,exp021_full_valid_frozen,recent,0.32877070608221765,-0.042327725483543896,0.31906615246223585,-0.009704553619981793,nan,nan,0.07431679219007492,2886,2917,2918
official_valid,valid,3096,exp021_full_valid_frozen,random,0.32877070608221765,0.32495353805998506,0.3359950160684835,0.007224309986265831,nan,nan,0.09023628383874893,643,2888,2918
official_valid,valid,3097,exp021_full_valid_frozen,retrieval,0.3048881009938538,0.2163511175204859,0.3093608886838106,0.0044727876899568475,-3.3538637831807137,3.2779104709625244,0.07595331221818924,1131,2915,2918
official_valid,valid,3097,exp021_full_valid_frozen,recent,0.3048881009938538,-0.14750617182084158,0.2847676578771265,-0.020120443116727282,nan,nan,0.07431679219007492,2886,2917,2918
official_valid,valid,3097,exp021_full_valid_frozen,random,0.3048881009938538,0.3294189201313099,0.31575673589155984,0.010868634897706064,nan,nan,0.07218769192695618,822,2916,2918
official_valid,valid,3098,exp021_full_valid_frozen,retrieval,0.2682668303391024,0.335037969768467,0.2812983768589405,0.013031546519838066,-3.5765153914690018,3.49300479888916,0.08351059257984161,1245,2914,2918
official_valid,valid,3098,exp021_full_valid_frozen,recent,0.2682668303391024,-0.09922545736011214,0.2527057781321456,-0.015561052206956805,nan,nan,0.07431679219007492,2886,2917,2918
official_valid,valid,3098,exp021_full_valid_frozen,random,0.2682668303391024,0.289341151296796,0.2778937548712164,0.009626924532114,nan,nan,0.07606533169746399,497,2790,2918
official_valid,valid,3099,exp021_full_valid_frozen,retrieval,0.22583592739302297,0.3324639868271025,0.24428359481780232,0.01844766742477935,-3.726139783859253,3.6488137245178223,0.07732605934143066,2215,2917,2918
official_valid,valid,3099,exp021_full_valid_frozen,recent,0.22583592739302297,-0.11104179494041477,0.21207443263450845,-0.013761494758514514,nan,nan,0.07431679219007492,2886,2917,2918
official_valid,valid,3099,exp021_full_valid_frozen,random,0.22583592739302297,0.33174179833241096,0.2428778290397403,0.017041901646717345,nan,nan,0.07428557425737381,492,2866,2918
official_valid,valid,3100,exp021_full_valid_frozen,retrieval,0.1239964742867384,0.0990016015648898,0.12406845389803296,7.197961129455643e-05,-7.48223902285099,7.399664878845215,0.08257414400577545,2040,2915,2918
official_valid,valid,3100,exp021_full_valid_frozen,recent,0.1239964742867384,-0.07012049359391957,0.1158297432047856,-0.008166731081952802,nan,nan,0.07431679219007492,2886,2917,2918
official_valid,valid,3100,exp021_full_valid_frozen,random,0.1239964742867384,0.0942318012332085,0.12398938526279454,-7.089023943862571e-06,nan,nan,0.11740497499704361,493,2821,2918
official_valid,valid,3101,exp021_full_valid_frozen,retrieval,0.013348879681585305,-0.013552031229173941,0.009697381918349074,-0.0036514977632362312,-4.830921232700348,4.746646881103516,0.08427435159683228,1131,2915,2918
official_valid,valid,3101,exp021_full_valid_frozen,recent,0.013348879681585305,0.0030409282842413614,0.013134667735853608,-0.0002142119457316967,nan,nan,0.07431679219007492,2886,2917,2918
official_valid,valid,3101,exp021_full_valid_frozen,random,0.013348879681585305,0.03105790534055192,0.01418601959384272,0.0008371399122574143,nan,nan,0.08781708776950836,700,2849,2918
official_valid,valid,3102,exp021_full_valid_frozen,retrieval,-0.11167991274648989,-0.19724509660774,-0.12448013641289149,-0.0128002236664016,-2.700278989970684,2.613389730453491,0.08688925951719284,1247,2912,2918
official_valid,valid,3102,exp021_full_valid_frozen,recent,-0.11167991274648989,0.052935175043412594,-0.105183224173476,0.006496688573013887,nan,nan,0.07431679219007492,2886,2917,2918
official_valid,valid,3102,exp021_full_valid_frozen,random,-0.11167991274648989,-0.20288202861708265,-0.1251150658200442,-0.013435153073554307,nan,nan,0.08104197680950165,547,2914,2918
official_valid,valid,3103,exp021_full_valid_frozen,retrieval,-0.15883607138380124,-0.18414661605911847,-0.1670671401983447,-0.008231068814543469,-2.8942545354366302,2.8108019828796387,0.08345255255699158,1131,2915,2918
official_valid,valid,3103,exp021_full_valid_frozen,recent,-0.15883607138380124,0.09714362701690277,-0.14554157641979898,0.013294494964002257,nan,nan,0.07431679219007492,2886,2917,2918
official_valid,valid,3103,exp021_full_valid_frozen,random,-0.15883607138380124,-0.23255868198712412,-0.17160985465931722,-0.012773783275515982,nan,nan,0.08144941180944443,502,2810,2918
official_valid,valid,3104,exp021_full_valid_frozen,retrieval,-0.1168410276531123,-0.07348270520529068,-0.11824406244521311,-0.001403034792100813,-2.482573814690113,2.400604248046875,0.08196956664323807,1131,2916,2918
official_valid,valid,3104,exp021_full_valid_frozen,recent,-0.1168410276531123,0.19590199477808767,-0.09471871864448951,0.02212230900862279,nan,nan,0.07431679219007492,2886,2917,2918
official_valid,valid,3104,exp021_full_valid_frozen,random,-0.1168410276531123,-0.17618797243125137,-0.12776320127446078,-0.01092217362134848,nan,nan,0.08261512219905853,495,2856,2918
official_valid,valid,3105,exp021_full_valid_frozen,retrieval,-0.10471518479894712,-0.02248837327162948,-0.10161637695731104,0.0030988078416360754,-3.2746971249580383,3.198615550994873,0.07608157396316528,1131,2915,2918
official_valid,valid,3105,exp021_full_valid_frozen,recent,-0.10471518479894712,0.12672230245058197,-0.09022549880775153,0.014489685991195586,nan,nan,0.07431679219007492,2886,2917,2918
official_valid,valid,3105,exp021_full_valid_frozen,random,-0.10471518479894712,-0.1740812278451685,-0.11600326010028172,-0.011288075301334605,nan,nan,0.08813328295946121,510,2785,2918
official_valid,valid,3106,exp021_full_valid_frozen,retrieval,-0.1157514079767263,0.13216483756142372,-0.09798827464570899,0.01776313333101731,-3.4393486380577087,3.361137866973877,0.07821077108383179,1131,2915,2918
official_valid,valid,3106,exp021_full_valid_frozen,recent,-0.1157514079767263,0.12467777173480826,-0.10037702756261427,0.01537438041411203,nan,nan,0.07431679219007492,2886,2917,2918
official_valid,valid,3106,exp021_full_valid_frozen,random,-0.1157514079767263,-0.19558973574282354,-0.12952826101545376,-0.013776853038727457,nan,nan,0.08702622354030609,576,2826,2918
official_valid,valid,3107,exp021_full_valid_frozen,retrieval,-0.05365583703203145,-0.13279740108349591,-0.06437549185172947,-0.01071965481969802,-2.408052772283554,2.3275089263916016,0.08054384589195251,2288,2916,2918
official_valid,valid,3107,exp021_full_valid_frozen,recent,-0.05365583703203145,0.07177596980734893,-0.04518422872873071,0.008471608303300744,nan,nan,0.07431679219007492,2886,2917,2918
official_valid,valid,3107,exp021_full_valid_frozen,random,-0.05365583703203145,-0.14710283533370455,-0.06566419381520679,-0.012008356783175335,nan,nan,0.08809958398342133,528,2877,2918
official_valid,valid,3108,exp021_full_valid_frozen,retrieval,0.017202495694834074,-0.019309906576434166,0.01337061092389889,-0.0038318847709351844,-2.8811234459280968,2.797111988067627,0.08401145786046982,1131,2915,2918
official_valid,valid,3108,exp021_full_valid_frozen,recent,0.017202495694834074,0.13094577838201268,0.030481866182259676,0.013279370487425602,nan,nan,0.07431679219007492,2886,2917,2918
official_valid,valid,3108,exp021_full_valid_frozen,random,0.017202495694834074,-0.10162940464736592,0.0047802893843042595,-0.012422206310529815,nan,nan,0.08009986579418182,563,2902,2918
official_valid,valid,3109,exp021_full_valid_frozen,retrieval,0.047128274954079015,-0.05138068329877267,0.03820391640075782,-0.008924358553321195,-2.329555705189705,2.2487387657165527,0.08081693947315216,2264,2916,2918
official_valid,valid,3109,exp021_full_valid_frozen,recent,0.047128274954079015,0.028011589039834313,0.04880333291457939,0.0016750579605003743,nan,nan,0.07431679219007492,2886,2917,2918
official_valid,valid,3109,exp021_full_valid_frozen,random,0.047128274954079015,-0.01660662442236518,0.041628810324038076,-0.005499464630040939,nan,nan,0.07486944645643234,506,2910,2918
official_valid,valid,3110,exp021_full_valid_frozen,retrieval,0.06755831267963754,0.021115633731894762,0.06507555962776444,-0.0024827530518730934,-2.4982749596238136,2.4165091514587402,0.0817658081650734,1131,2915,2918
official_valid,valid,3110,exp021_full_valid_frozen,recent,0.06755831267963754,0.06971426811716826,0.07401986724609502,0.006461554566457486,nan,nan,0.07431679219007492,2886,2917,2918
official_valid,valid,3110,exp021_full_valid_frozen,random,0.06755831267963754,-0.006181159715895044,0.06200267423424352,-0.005555638445394015,nan,nan,0.08422958105802536,638,2810,2918
official_valid,valid,3111,exp021_full_valid_frozen,retrieval,0.08788776887236371,0.11366172488593078,0.09733892618155783,0.009451157309194116,-4.594771280884743,4.51285457611084,0.0819167047739029,1131,2915,2918
official_valid,valid,3111,exp021_full_valid_frozen,recent,0.08788776887236371,0.01928828114620586,0.08864150202022501,0.0007537331478612991,nan,nan,0.07431679219007492,2886,2917,2918
official_valid,valid,3111,exp021_full_valid_frozen,random,0.08788776887236371,0.0576430125124347,0.0879731304287916,8.536155642788201e-05,nan,nan,0.0960182324051857,637,2876,2918
official_valid,valid,3112,exp021_full_valid_frozen,retrieval,0.09898316633977788,0.03329239578124624,0.09585740536462033,-0.003125760975157557,-2.8761599138379097,2.793773651123047,0.08238626271486282,2288,2915,2918
official_valid,valid,3112,exp021_full_valid_frozen,recent,0.09898316633977788,-0.07323897181468751,0.08948486110640153,-0.009498305233376358,nan,nan,0.07431679219007492,2886,2917,2918
official_valid,valid,3112,exp021_full_valid_frozen,random,0.09898316633977788,0.07164850498916847,0.09946059365302388,0.00047742731324600107,nan,nan,0.07918473333120346,711,2879,2918
official_valid,valid,3113,exp021_full_valid_frozen,retrieval,0.048014403560492636,0.02177482646639502,0.04645209227037282,-0.0015623112901198138,-3.8035385832190514,3.7198386192321777,0.08369996398687363,1131,2914,2918
official_valid,valid,3113,exp021_full_valid_frozen,recent,0.048014403560492636,-0.11991871997456073,0.03452380667589978,-0.013490596884592858,nan,nan,0.07431679219007492,2886,2917,2918
official_valid,valid,3113,exp021_full_valid_frozen,random,0.048014403560492636,0.047441878619876386,0.049062801286892735,0.0010483977264000993,nan,nan,0.0771302729845047,508,2901,2918
official_valid,valid,3114,exp021_full_valid_frozen,retrieval,0.009464898170736492,0.020942903397363804,0.010128396725258773,0.0006634985545222807,-3.770793378353119,3.693171739578247,0.07762163877487183,1131,2915,2918
official_valid,valid,3114,exp021_full_valid_frozen,recent,0.009464898170736492,-0.14948767478170685,-0.006656294844651113,-0.016121193015387607,nan,nan,0.07431679219007492,2886,2917,2918
official_valid,valid,3114,exp021_full_valid_frozen,random,0.009464898170736492,0.0737199820103133,0.01559583289646306,0.0061309347257265685,nan,nan,0.08435371518135071,891,2915,2918
official_valid,valid,3115,exp021_full_valid_frozen,retrieval,0.042505718907821954,0.05247903961963266,0.04551625373575286,0.0030105348279309066,-3.2638701796531677,3.1859140396118164,0.07795614004135132,1131,2916,2918
official_valid,valid,3115,exp021_full_valid_frozen,recent,0.042505718907821954,-0.16603841891362436,0.024436775480236445,-0.01806894342758551,nan,nan,0.07431679219007492,2886,2917,2918
official_valid,valid,3115,exp021_full_valid_frozen,random,0.042505718907821954,0.09297220506173888,0.04846037318495594,0.005954654277133986,nan,nan,0.07979228347539902,716,2849,2918
official_valid,valid,3116,exp021_full_valid_frozen,retrieval,0.022510346425311155,0.09301735060240063,0.03045068813885324,0.007940341713542087,-3.832632891833782,3.748522996902466,0.08410989493131638,1131,2915,2918
official_valid,valid,3116,exp021_full_valid_frozen,recent,0.022510346425311155,-0.17218537232238584,0.004380021131061932,-0.018130325294249225,nan,nan,0.07431679219007492,2886,2917,2918
official_valid,valid,3116,exp021_full_valid_frozen,random,0.022510346425311155,0.08447672287447673,0.02911889052332504,0.006608544098013886,nan,nan,0.07516687363386154,677,2898,2918
official_valid,valid,3117,exp021_full_valid_frozen,retrieval,0.03437166016334613,0.06645520924182685,0.03843378541893525,0.004062125255589126,-2.414892978966236,2.333148241043091,0.0817447379231453,1247,2912,2918
official_valid,valid,3117,exp021_full_valid_frozen,recent,0.03437166016334613,-0.2235098743770802,0.00989761801179053,-0.024474042151555596,nan,nan,0.07431679219007492,2886,2917,2918
official_valid,valid,3117,exp021_full_valid_frozen,random,0.03437166016334613,0.15165239972315986,0.047456346363773,0.013084686200426875,nan,nan,0.11581620573997498,487,2841,2918
official_valid,valid,3118,exp021_full_valid_frozen,retrieval,0.10301123449088197,0.05658081108549702,0.10288182812369719,-0.00012940636718478116,-3.237776890397072,3.160731792449951,0.07704509794712067,1131,2915,2918
official_valid,valid,3118,exp021_full_valid_frozen,recent,0.10301123449088197,-0.24691639580733404,0.07548001395959895,-0.027531220531283013,nan,nan,0.07431679219007492,2886,2917,2918
official_valid,valid,3118,exp021_full_valid_frozen,random,0.10301123449088197,0.21550199925529429,0.11766124947991288,0.014650014989030916,nan,nan,0.08161063492298126,568,2714,2918
official_valid,valid,3119,exp021_full_valid_frozen,retrieval,0.08151804607274056,0.01763655746591107,0.07868455826618216,-0.002833487806558399,-2.6310767084360123,2.5537500381469727,0.07732667028903961,2286,2917,2918
official_valid,valid,3119,exp021_full_valid_frozen,recent,0.08151804607274056,-0.16268695909301475,0.06311831471724978,-0.018399731355490778,nan,nan,0.07431679219007492,2886,2917,2918
official_valid,valid,3119,exp021_full_valid_frozen,random,0.08151804607274056,0.16907947977728569,0.09333028154599099,0.01181223547325043,nan,nan,0.07522061467170715,607,2884,2918
official_valid,valid,3120,exp021_full_valid_frozen,retrieval,0.046981219610150615,0.04167470111498779,0.047980599261124246,0.0009993796509736308,-2.6787640526890755,2.6098432540893555,0.06892079859972,2264,2915,2918
official_valid,valid,3120,exp021_full_valid_frozen,recent,0.046981219610150615,-0.16818497442467872,0.028502036328508954,-0.01847918328164166,nan,nan,0.07431679219007492,2886,2917,2918
official_valid,valid,3120,exp021_full_valid_frozen,random,0.046981219610150615,0.036360459532241936,0.04728936543055978,0.00030814582040916694,nan,nan,0.07819276303052902,491,2821,2918
official_valid,valid,3121,exp021_full_valid_frozen,retrieval,0.08725224315388715,0.048205545798359506,0.08661085124731778,-0.0006413919065693663,-4.1506088599562645,4.066163063049316,0.08444579690694809,1131,2915,2918
official_valid,valid,3121,exp021_full_valid_frozen,recent,0.08725224315388715,-0.18264224894086142,0.06577620606548162,-0.021476037088405522,nan,nan,0.07431679219007492,2886,2917,2918
official_valid,valid,3121,exp021_full_valid_frozen,random,0.08725224315388715,0.12993485274803,0.09402586420571579,0.006773621051828646,nan,nan,0.07821062207221985,511,2877,2918
official_valid,valid,3122,exp021_full_valid_frozen,retrieval,0.14211212580399943,0.08093743819250943,0.14198570249262765,-0.0001264233113717761,-2.673959232866764,2.6018826961517334,0.07207653671503067,2539,2915,2918
official_valid,valid,3122,exp021_full_valid_frozen,recent,0.14211212580399943,-0.2054271620737825,0.11804154948327471,-0.02407057632072472,nan,nan,0.07431679219007492,2886,2917,2918
official_valid,valid,3122,exp021_full_valid_frozen,random,0.14211212580399943,0.16902315397917822,0.1493673619149238,0.007255236110924379,nan,nan,0.09854405373334885,556,2788,2918
official_valid,valid,3123,exp021_full_valid_frozen,retrieval,0.08194256606400575,0.10765591570451062,0.08677766774924757,0.004835101685241816,-2.393933743238449,2.319185256958008,0.07474848628044128,2392,2912,2918
official_valid,valid,3123,exp021_full_valid_frozen,recent,0.08194256606400575,-0.1645845711860887,0.06237019085262944,-0.019572375211376315,nan,nan,0.07431679219007492,2886,2917,2918
official_valid,valid,3123,exp021_full_valid_frozen,random,0.08194256606400575,0.1145650093714771,0.08765734050229881,0.00571477443829306,nan,nan,0.08831462264060974,544,2899,2918
official_valid,valid,3124,exp021_full_valid_frozen,retrieval,0.08868638147640116,0.05670036483374709,0.08973666875287413,0.0010502872764729665,-2.2498062029480934,2.177741527557373,0.07206467539072037,2515,2917,2918
official_valid,valid,3124,exp021_full_valid_frozen,recent,0.08868638147640116,-0.15105307568469103,0.07091430285462069,-0.01777207862178047,nan,nan,0.07431679219007492,2886,2917,2918
official_valid,valid,3124,exp021_full_valid_frozen,random,0.08868638147640116,0.17162973093212527,0.09962532916856232,0.010938947692161152,nan,nan,0.07760497182607651,599,2911,2918
official_valid,valid,3125,exp021_full_valid_frozen,retrieval,0.03380451510717138,0.024256371597141425,0.03336572738047177,-0.0004387877266996132,-2.223848707973957,2.1438565254211426,0.07999218255281448,2539,2917,2918
official_valid,valid,3125,exp021_full_valid_frozen,recent,0.03380451510717138,-0.007581430184129098,0.031993959271517436,-0.0018105558356539472,nan,nan,0.07431679219007492,2886,2917,2918
official_valid,valid,3125,exp021_full_valid_frozen,random,0.03380451510717138,0.031617067864599877,0.03418758612718533,0.00038307102001394755,nan,nan,0.08642859011888504,569,2894,2918
official_valid,valid,3126,exp021_full_valid_frozen,retrieval,-0.0871986209403328,-0.08494701931162466,-0.09039573483341606,-0.0031971138930832615,-3.2313051894307137,3.149665117263794,0.08164007216691971,2401,2915,2918
official_valid,valid,3126,exp021_full_valid_frozen,recent,-0.0871986209403328,-0.014109422719016445,-0.088583311656027,-0.0013846907156941923,nan,nan,0.07431679219007492,2886,2917,2918
official_valid,valid,3126,exp021_full_valid_frozen,random,-0.0871986209403328,-0.09962423100547496,-0.09111033955243698,-0.003911718612104181,nan,nan,0.06939224153757095,602,2890,2918
official_valid,valid,3127,exp021_full_valid_frozen,retrieval,-0.05302367443987903,-0.06327165675571442,-0.056390238043586643,-0.0033665636037076146,-2.1760745272040367,2.094531774520874,0.08154275268316269,2401,2914,2918
official_valid,valid,3127,exp021_full_valid_frozen,recent,-0.05302367443987903,0.044514666913714154,-0.04831173818107774,0.004711936258801286,nan,nan,0.07431679219007492,2886,2917,2918
official_valid,valid,3127,exp021_full_valid_frozen,random,-0.05302367443987903,-0.04183633301810136,-0.05396105303068876,-0.0009373785908097301,nan,nan,0.08603644371032715,530,2727,2918
official_valid,valid,3128,exp021_full_valid_frozen,retrieval,-0.020766257687107194,0.0343507522101588,-0.016787774761370527,0.003978482925736666,-2.6442461386322975,2.5672829151153564,0.07696322351694107,2534,2916,2918
official_valid,valid,3128,exp021_full_valid_frozen,recent,-0.020766257687107194,-0.008958081991764366,-0.021973721392890656,-0.0012074637057834618,nan,nan,0.07431679219007492,2886,2917,2918
official_valid,valid,3128,exp021_full_valid_frozen,random,-0.020766257687107194,-0.008261064310452999,-0.0205876844942841,0.00017857319282309214,nan,nan,0.0684148445725441,497,2824,2918
official_valid,valid,3129,exp021_full_valid_frozen,retrieval,-0.0019347752501119794,-0.01191138330530294,-0.003624223679883008,-0.0016894484297710287,-2.226829804480076,2.1434497833251953,0.08338002115488052,2401,2915,2918
official_valid,valid,3129,exp021_full_valid_frozen,recent,-0.0019347752501119794,-0.09255227135728998,-0.012097458275245514,-0.010162683025133535,nan,nan,0.07431679219007492,2886,2917,2918
official_valid,valid,3129,exp021_full_valid_frozen,random,-0.0019347752501119794,0.0024653051790327544,-0.002080000596515503,-0.00014522534640352362,nan,nan,0.08200853317975998,508,2798,2918
official_valid,valid,3130,exp021_full_valid_frozen,retrieval,0.019643146809541264,0.0041796374305811705,0.018738089488045773,-0.0009050573214954907,-2.257269859313965,2.178713321685791,0.07855653762817383,2539,2917,2918
official_valid,valid,3130,exp021_full_valid_frozen,recent,0.019643146809541264,-0.10358460842534625,0.008023517374771753,-0.011619629434769511,nan,nan,0.07431679219007492,2886,2917,2918
official_valid,valid,3130,exp021_full_valid_frozen,random,0.019643146809541264,0.05199794136481529,0.02356731065422448,0.003924163844683217,nan,nan,0.07706967741250992,554,2898,2918
official_valid,valid,3131,exp021_full_valid_frozen,retrieval,0.0005150595239261723,-0.0184081337810644,-0.001516568591569526,-0.0020316281154956982,-2.7747596353292465,2.690385580062866,0.08437405526638031,2539,2915,2918
official_valid,valid,3131,exp021_full_valid_frozen,recent,0.0005150595239261723,-0.11209075188048857,-0.011821697226427619,-0.01233675675035379,nan,nan,0.07431679219007492,2886,2917,2918
official_valid,valid,3131,exp021_full_valid_frozen,random,0.0005150595239261723,0.040614846772147294,0.00466912759830508,0.004154068074378908,nan,nan,0.09842199087142944,499,2880,2918
official_valid,valid,3132,exp021_full_valid_frozen,retrieval,0.09265259928923329,0.08634092580278763,0.09483573407050165,0.002183134781268359,-2.3698557317256927,2.2948126792907715,0.07504305243492126,2401,2915,2918
official_valid,valid,3132,exp021_full_valid_frozen,recent,0.09265259928923329,-0.11943754534807369,0.0774176661747015,-0.015234933114531793,nan,nan,0.07431679219007492,2886,2917,2918
official_valid,valid,3132,exp021_full_valid_frozen,random,0.09265259928923329,0.116674508724761,0.09764760260710942,0.004995003317876126,nan,nan,0.09118388593196869,580,2847,2918
official_valid,valid,3133,exp021_full_valid_frozen,retrieval,0.1274603424608213,0.1556429629360804,0.13362913525282155,0.0061687927920002494,-2.124261476099491,2.0481581687927246,0.07610330730676651,2401,2915,2918
official_valid,valid,3133,exp021_full_valid_frozen,recent,0.1274603424608213,-0.03222096258877275,0.12025205933025332,-0.007208283130567983,nan,nan,0.07431679219007492,2886,2917,2918
official_valid,valid,3133,exp021_full_valid_frozen,random,0.1274603424608213,0.15087612352855456,0.13285566477467017,0.0053953223138488715,nan,nan,0.08528783172369003,496,2736,2918
official_valid,valid,3134,exp021_full_valid_frozen,retrieval,0.20225571872113177,0.17840076741288788,0.20560555063085692,0.003349831909725154,-2.510641060769558,2.432431697845459,0.07820936292409897,2401,2915,2918
official_valid,valid,3134,exp021_full_valid_frozen,recent,0.20225571872113177,0.0194937698812688,0.19913610424984457,-0.0031196144712871965,nan,nan,0.07431679219007492,2886,2917,2918
official_valid,valid,3134,exp021_full_valid_frozen,random,0.20225571872113177,0.18715008703970215,0.20595508806891616,0.0036993693477843925,nan,nan,0.07613532245159149,605,2831,2918
official_valid,valid,3135,exp021_full_valid_frozen,retrieval,0.22743875205027184,0.25781631028961,0.2363291040997831,0.008890352049511274,-2.3680611178278923,2.284456729888916,0.08360438793897629,2401,2915,2918
official_valid,valid,3135,exp021_full_valid_frozen,recent,0.22743875205027184,0.16680511207099313,0.23933270442435653,0.011893952374084693,nan,nan,0.07431679219007492,2886,2917,2918
official_valid,valid,3135,exp021_full_valid_frozen,random,0.22743875205027184,0.2727761872953477,0.23729098854747613,0.009852236497204292,nan,nan,0.07270008325576782,556,2883,2918
official_valid,valid,3136,exp021_full_valid_frozen,retrieval,0.3175112524824589,0.2965504184140979,0.3241740547560376,0.006662802273578683,-4.5343590304255486,4.448953628540039,0.08540540188550949,2212,2915,2918
official_valid,valid,3136,exp021_full_valid_frozen,recent,0.3175112524824589,0.19862207496196815,0.3307949378868496,0.013283685404390677,nan,nan,0.07431679219007492,2886,2917,2918
official_valid,valid,3136,exp021_full_valid_frozen,random,0.3175112524824589,0.4056052440984424,0.33530413424994404,0.017792881767485114,nan,nan,0.09504257887601852,514,2908,2918
official_valid,valid,3137,exp021_full_valid_frozen,retrieval,0.2109745890780327,0.21032967117045379,0.21931962795911478,0.008345038881082067,-2.715884119272232,2.6417956352233887,0.07408848404884338,2390,2917,2918
official_valid,valid,3137,exp021_full_valid_frozen,recent,0.2109745890780327,0.16841711650330835,0.2259608868548986,0.014986297776865887,nan,nan,0.07431679219007492,2886,2917,2918
official_valid,valid,3137,exp021_full_valid_frozen,random,0.2109745890780327,0.2628080658300527,0.22213020154053562,0.011155612462502906,nan,nan,0.094967320561409,520,2870,2918
official_valid,valid,3138,exp021_full_valid_frozen,retrieval,0.1665782291536802,0.23949534825607235,0.17894081555430807,0.012362586400627873,-2.634120099246502,2.560451030731201,0.07366906851530075,2401,2915,2918
official_valid,valid,3138,exp021_full_valid_frozen,recent,0.1665782291536802,0.22081230957196007,0.18720563608941165,0.02062740693573145,nan,nan,0.07431679219007492,2886,2917,2918
official_valid,valid,3138,exp021_full_valid_frozen,random,0.1665782291536802,0.17555679804666582,0.17208320934990726,0.005504980196227055,nan,nan,0.08490870147943497,579,2863,2918
official_valid,valid,3139,exp021_full_valid_frozen,retrieval,0.12108894339138601,0.20766267998273144,0.13319234722483614,0.012103403833450127,-2.3586101830005646,2.284018039703369,0.07459214329719543,2401,2914,2918
official_valid,valid,3139,exp021_full_valid_frozen,recent,0.12108894339138601,0.16288273535612557,0.13657930317257952,0.015490359781193508,nan,nan,0.07431679219007492,2886,2917,2918
official_valid,valid,3139,exp021_full_valid_frozen,random,0.12108894339138601,0.18935304648945717,0.13104609799235878,0.009957154600972767,nan,nan,0.09488656371831894,520,2681,2918
official_valid,valid,3140,exp021_full_valid_frozen,retrieval,0.1412904990923572,0.23463782129969968,0.15627432979202635,0.01498383069966916,-2.4945605397224426,2.4129459857940674,0.08161455392837524,2401,2915,2918
official_valid,valid,3140,exp021_full_valid_frozen,recent,0.1412904990923572,0.056974519587160745,0.14533641336000663,0.004045914267649442,nan,nan,0.07431679219007492,2886,2917,2918
official_valid,valid,3140,exp021_full_valid_frozen,random,0.1412904990923572,0.20144003164262075,0.15211493352649413,0.010824434434136943,nan,nan,0.08354464173316956,828,2801,2918
official_valid,valid,3141,exp021_full_valid_frozen,retrieval,0.03745140470046011,0.06328313233523378,0.04136724414703435,0.00391583944657424,-3.366291366517544,3.275925636291504,0.09036573022603989,1131,2915,2918
official_valid,valid,3141,exp021_full_valid_frozen,recent,0.03745140470046011,-0.04116442933868182,0.032066942798240565,-0.005384461902219542,nan,nan,0.07431679219007492,2886,2917,2918
official_valid,valid,3141,exp021_full_valid_frozen,random,0.03745140470046011,0.1111190219403628,0.04645041356998313,0.008999008869523026,nan,nan,0.07859890908002853,578,2849,2918
official_valid,valid,3142,exp021_full_valid_frozen,retrieval,0.08004796683675748,0.11720936535433883,0.08671376776501709,0.006665800928259608,-2.956233151257038,2.868422746658325,0.08781040459871292,2401,2914,2918
official_valid,valid,3142,exp021_full_valid_frozen,recent,0.08004796683675748,-0.10413139446188009,0.06730258036227629,-0.012745386474481188,nan,nan,0.07431679219007492,2886,2917,2918
official_valid,valid,3142,exp021_full_valid_frozen,random,0.08004796683675748,0.15529743273064936,0.09023372418107266,0.010185757344315177,nan,nan,0.06665002554655075,524,2807,2918
official_valid,valid,3143,exp021_full_valid_frozen,retrieval,0.07832188777133643,0.06963743997320952,0.08080358982160096,0.002481702050264531,-2.4670756235718727,2.3864269256591797,0.08064869791269302,2322,2916,2918
official_valid,valid,3143,exp021_full_valid_frozen,recent,0.07832188777133643,-0.09300335834312555,0.06675950759666008,-0.011562380174676354,nan,nan,0.07431679219007492,2886,2917,2918
official_valid,valid,3143,exp021_full_valid_frozen,random,0.07832188777133643,0.17046489874784132,0.09133665045138875,0.01301476268005232,nan,nan,0.0921691358089447,538,2915,2918
official_valid,valid,3144,exp021_full_valid_frozen,retrieval,0.057484011131984605,0.051472020647471896,0.05942903154061156,0.0019450204086269574,-2.2436272129416466,2.1719565391540527,0.07167067378759384,2325,2915,2918
official_valid,valid,3144,exp021_full_valid_frozen,recent,0.057484011131984605,-0.04919011555497486,0.05093226595522697,-0.006551745176757634,nan,nan,0.07431679219007492,2886,2917,2918
official_valid,valid,3144,exp021_full_valid_frozen,random,0.057484011131984605,0.14510714688182133,0.06891685730396047,0.01143284617197586,nan,nan,0.08183348923921585,486,2821,2918
official_valid,valid,3145,exp021_full_valid_frozen,retrieval,0.10807309559141032,0.10417634147983541,0.11298637242596121,0.004913276834550895,-2.2214766293764114,2.1393284797668457,0.08214814960956573,2515,2916,2918
official_valid,valid,3145,exp021_full_valid_frozen,recent,0.10807309559141032,-0.08259996946226245,0.09733921100347583,-0.010733884587934492,nan,nan,0.07431679219007492,2886,2917,2918
official_valid,valid,3145,exp021_full_valid_frozen,random,0.10807309559141032,0.27812814403394115,0.13022718362338573,0.02215408803197541,nan,nan,0.09363173693418503,512,2805,2918
official_valid,valid,3146,exp021_full_valid_frozen,retrieval,0.1526494953795609,0.17668461213789877,0.16162301558059539,0.00897352020103448,-3.404627025127411,3.3189125061035156,0.08571451902389526,1131,2915,2918
official_valid,valid,3146,exp021_full_valid_frozen,recent,0.1526494953795609,-0.045393804982725466,0.14563410050088163,-0.007015394878679276,nan,nan,0.07431679219007492,2886,2917,2918
official_valid,valid,3146,exp021_full_valid_frozen,random,0.1526494953795609,0.3137293635813575,0.17600920804415604,0.023359712664595134,nan,nan,0.09903932362794876,813,2822,2918
official_valid,valid,3147,exp021_full_valid_frozen,retrieval,0.1602142989626751,0.11015336263125922,0.16207754516256664,0.0018632461998915328,-2.6024091616272926,2.520740032196045,0.08166912943124771,2322,2915,2918
official_valid,valid,3147,exp021_full_valid_frozen,recent,0.1602142989626751,0.020351577045450545,0.1593199365046469,-0.0008943624580282084,nan,nan,0.07431679219007492,2886,2917,2918
official_valid,valid,3147,exp021_full_valid_frozen,random,0.1602142989626751,0.23684379479306183,0.17394653662640286,0.013732237663727748,nan,nan,0.07784877717494965,536,2799,2918
official_valid,valid,3148,exp021_full_valid_frozen,retrieval,0.1805431958802166,0.11937707565086897,0.18068903017088178,0.00014583429066516995,-2.438849464058876,2.3592169284820557,0.07963253557682037,2322,2915,2918
official_valid,valid,3148,exp021_full_valid_frozen,recent,0.1805431958802166,0.05501407611438178,0.18229808307614728,0.001754887195930671,nan,nan,0.07431679219007492,2886,2917,2918
official_valid,valid,3148,exp021_full_valid_frozen,random,0.1805431958802166,0.046147872878143564,0.17365982160771087,-0.006883374272505738,nan,nan,0.07540195435285568,589,2606,2918
official_valid,valid,3149,exp021_full_valid_frozen,retrieval,0.1941790817837418,0.09266540551549746,0.19292629979198012,-0.0012527819917616811,-2.736620858311653,2.656956672668457,0.0796641856431961,2401,2915,2918
official_valid,valid,3149,exp021_full_valid_frozen,recent,0.1941790817837418,0.11241000951393273,0.20203461878270132,0.007855536998959523,nan,nan,0.07431679219007492,2886,2917,2918
official_valid,valid,3149,exp021_full_valid_frozen,random,0.1941790817837418,0.1672645119116543,0.1983397318417562,0.0041606500580144146,nan,nan,0.08233372122049332,854,2886,2918
official_valid,valid,3150,exp021_full_valid_frozen,retrieval,0.23451866843746946,0.21265778871815244,0.2396977297342496,0.005179061296780141,-2.924403764307499,2.8471617698669434,0.07724199444055557,1131,2915,2918
official_valid,valid,3150,exp021_full_valid_frozen,recent,0.23451866843746946,0.19951088756369553,0.2495847999689601,0.01506613153149064,nan,nan,0.07431679219007492,2886,2917,2918
official_valid,valid,3150,exp021_full_valid_frozen,random,0.23451866843746946,0.13640686064416754,0.23200345508965164,-0.0025152133478178185,nan,nan,0.08447103947401047,500,2867,2918
official_valid,valid,3151,exp021_full_valid_frozen,retrieval,0.2425553150565318,0.16127531048403312,0.24076415793852574,-0.0017911571180060648,-2.8711334615945816,2.7904279232025146,0.08070553839206696,1131,2915,2918
official_valid,valid,3151,exp021_full_valid_frozen,recent,0.2425553150565318,0.12881954569244053,0.2500723174466085,0.007517002390076716,nan,nan,0.07431679219007492,2886,2917,2918
official_valid,valid,3151,exp021_full_valid_frozen,random,0.2425553150565318,0.144118846552316,0.23993382465704144,-0.0026214903994903616,nan,nan,0.08549612760543823,487,2810,2918
official_valid,valid,3152,exp021_full_valid_frozen,retrieval,0.24216958776325162,0.22143266856992766,0.24659350905958766,0.004423921296336036,-3.350935287773609,3.2688722610473633,0.08206302672624588,2398,2915,2918
official_valid,valid,3152,exp021_full_valid_frozen,recent,0.24216958776325162,0.15570617045480334,0.25095090150503524,0.00878131374178362,nan,nan,0.07431679219007492,2886,2917,2918
official_valid,valid,3152,exp021_full_valid_frozen,random,0.24216958776325162,0.16590533076801517,0.24129976674192039,-0.0008698210213312352,nan,nan,0.07860700786113739,510,2871,2918
official_valid,valid,3153,exp021_full_valid_frozen,retrieval,0.25701636622306206,0.1932293285823616,0.2585609285072352,0.0015445622841731566,-3.3728111013770103,3.289560556411743,0.08325054496526718,2401,2915,2918
official_valid,valid,3153,exp021_full_valid_frozen,recent,0.25701636622306206,-0.005562906591012481,0.24951828454517486,-0.007498081677887208,nan,nan,0.07431679219007492,2886,2917,2918
official_valid,valid,3153,exp021_full_valid_frozen,random,0.25701636622306206,0.18399419186230603,0.2579338716986451,0.0009175054755830581,nan,nan,0.08413481712341309,489,2910,2918
official_valid,valid,3154,exp021_full_valid_frozen,retrieval,0.23997747076259915,0.20228486835593507,0.24430956119828412,0.004332090435684971,-2.880419932305813,2.795792579650879,0.08462735265493393,1131,2915,2918
official_valid,valid,3154,exp021_full_valid_frozen,recent,0.23997747076259915,-0.054682246151201305,0.22817499273806163,-0.011802478024537516,nan,nan,0.07431679219007492,2886,2917,2918
official_valid,valid,3154,exp021_full_valid_frozen,random,0.23997747076259915,0.2132483940815282,0.24485206213680605,0.004874591374206899,nan,nan,0.08009197562932968,499,2816,2918
official_valid,valid,3155,exp021_full_valid_frozen,retrieval,0.180017387716317,0.19455327486575072,0.18780736490578506,0.007789977189468056,-2.6583003252744675,2.5698401927948,0.08846013247966766,2392,2914,2918
official_valid,valid,3155,exp021_full_valid_frozen,recent,0.180017387716317,-0.12824093286463156,0.16250547498609078,-0.01751191273022623,nan,nan,0.07431679219007492,2886,2917,2918
official_valid,valid,3155,exp021_full_valid_frozen,random,0.180017387716317,0.20952068223433976,0.18851669067417134,0.008499302957854338,nan,nan,0.08268216252326965,569,2917,2918
official_valid,valid,3156,exp021_full_valid_frozen,retrieval,0.11782847467461754,-0.04579649459497733,0.10823397807988852,-0.009594496594729024,-3.0096731930971146,2.9255385398864746,0.08413465321063995,1131,2915,2918
official_valid,valid,3156,exp021_full_valid_frozen,recent,0.11782847467461754,-0.03342980285010362,0.11154535557978029,-0.006283119094837253,nan,nan,0.07431679219007492,2886,2917,2918
official_valid,valid,3156,exp021_full_valid_frozen,random,0.11782847467461754,0.13679422594323157,0.1241647119049297,0.006336237230312153,nan,nan,0.08508791774511337,628,2905,2918
official_valid,valid,3157,exp021_full_valid_frozen,retrieval,0.12427193404521004,0.14317870124258142,0.13254930905197235,0.008277375006762303,-2.722302369773388,2.641907215118408,0.0803951546549797,2401,2915,2918
official_valid,valid,3157,exp021_full_valid_frozen,recent,0.12427193404521004,-0.11441755292500731,0.1099992022833665,-0.014272731761843543,nan,nan,0.07431679219007492,2886,2917,2918
official_valid,valid,3157,exp021_full_valid_frozen,random,0.12427193404521004,0.24709919620578225,0.14199714640251243,0.017725212357302386,nan,nan,0.07845146954059601,549,2894,2918
official_valid,valid,3158,exp021_full_valid_frozen,retrieval,0.0778701839221254,0.14554119470030855,0.08840481700729635,0.010534633085170955,-2.4151287376880646,2.334190845489502,0.08093789219856262,2401,2915,2918
official_valid,valid,3158,exp021_full_valid_frozen,recent,0.0778701839221254,-0.07189902377138191,0.06854629434337765,-0.009323889578747746,nan,nan,0.07431679219007492,2886,2917,2918
official_valid,valid,3158,exp021_full_valid_frozen,random,0.0778701839221254,0.20898127212984532,0.09471457280755358,0.016844388885428177,nan,nan,0.08441146463155746,650,2871,2918
official_valid,valid,3159,exp021_full_valid_frozen,retrieval,0.1559115746721998,0.034588955666065374,0.1504041627041279,-0.00550741196807189,-2.531911261379719,2.4565067291259766,0.07540453225374222,2312,2917,2918
official_valid,valid,3159,exp021_full_valid_frozen,recent,0.1559115746721998,-0.006628341875765806,0.15184741005069527,-0.0040641646215045235,nan,nan,0.07431679219007492,2886,2917,2918
official_valid,valid,3159,exp021_full_valid_frozen,random,0.1559115746721998,0.30209313762726053,0.17717389011339973,0.02126231544119994,nan,nan,0.0749552845954895,535,2906,2918
official_valid,valid,3160,exp021_full_valid_frozen,retrieval,0.1934657855089182,0.1404758941223719,0.19645718103733517,0.0029913955284169846,-2.747997112572193,2.674852132797241,0.07314497977495193,2467,2915,2918
official_valid,valid,3160,exp021_full_valid_frozen,recent,0.1934657855089182,-0.015241482001082477,0.18796015187941298,-0.005505633629505208,nan,nan,0.07431679219007492,2886,2917,2918
official_valid,valid,3160,exp021_full_valid_frozen,random,0.1934657855089182,0.3457533114332653,0.2156054384298366,0.022139652920918407,nan,nan,0.08213482052087784,673,2904,2918
