window,time,method,min_library_time,max_library_time,library_cutoff_exclusive,mean_neighbor_distance,fingerprint_std
fold_1,1459,retrieval,1135,1458,1459,3.4058914184570312,0.0834793895483017
fold_1,1459,recent,1427,1458,1459,nan,0.0938834473490715
fold_1,1459,random,502,1443,1459,nan,0.08714628219604492
fold_1,1460,retrieval,541,1452,1459,3.875023126602173,0.07515623420476913
fold_1,1460,recent,1427,1458,1459,nan,0.0938834473490715
fold_1,1460,random,495,1450,1459,nan,0.08486498892307281
fold_1,1461,retrieval,542,1454,1459,4.494307518005371,0.08629266172647476
fold_1,1461,recent,1427,1458,1459,nan,0.0938834473490715
fold_1,1461,random,489,1446,1459,nan,0.08394524455070496
fold_1,1462,retrieval,486,1451,1459,2.849575996398926,0.07788460701704025
fold_1,1462,recent,1427,1458,1459,nan,0.0938834473490715
fold_1,1462,random,528,1351,1459,nan,0.07050459086894989
fold_1,1463,retrieval,976,1422,1459,2.6801955699920654,0.07625731825828552
fold_1,1463,recent,1427,1458,1459,nan,0.0938834473490715
fold_1,1463,random,496,1428,1459,nan,0.08569293469190598
fold_1,1464,retrieval,794,1452,1459,2.8743176460266113,0.08481018990278244
fold_1,1464,recent,1427,1458,1459,nan,0.0938834473490715
fold_1,1464,random,493,1436,1459,nan,0.07598043978214264
fold_1,1465,retrieval,984,1452,1459,2.9666361808776855,0.07611207664012909
fold_1,1465,recent,1427,1458,1459,nan,0.0938834473490715
fold_1,1465,random,505,1398,1459,nan,0.08186181634664536
fold_1,1466,retrieval,582,1457,1459,9.899932861328125,0.09570273756980896
fold_1,1466,recent,1427,1458,1459,nan,0.0938834473490715
fold_1,1466,random,493,1417,1459,nan,0.06962656229734421
fold_1,1467,retrieval,486,1458,1459,5.7273759841918945,0.0978020578622818
fold_1,1467,recent,1427,1458,1459,nan,0.0938834473490715
fold_1,1467,random,495,1426,1459,nan,0.08120501786470413
fold_1,1468,retrieval,688,1452,1459,3.8463478088378906,0.07847931236028671
fold_1,1468,recent,1427,1458,1459,nan,0.0938834473490715
fold_1,1468,random,489,1437,1459,nan,0.08769955486059189
fold_1,1469,retrieval,980,1458,1459,3.3224167823791504,0.07930213958024979
fold_1,1469,recent,1427,1458,1459,nan,0.0938834473490715
fold_1,1469,random,499,1426,1459,nan,0.07366254180669785
fold_1,1470,retrieval,1140,1458,1459,3.051987648010254,0.07462450116872787
fold_1,1470,recent,1427,1458,1459,nan,0.0938834473490715
fold_1,1470,random,528,1456,1459,nan,0.08142808079719543
fold_1,1471,retrieval,510,1458,1459,3.4092509746551514,0.07747004926204681
fold_1,1471,recent,1427,1458,1459,nan,0.0938834473490715
fold_1,1471,random,492,1448,1459,nan,0.08591479063034058
fold_1,1472,retrieval,981,1458,1459,3.8525590896606445,0.07557611912488937
fold_1,1472,recent,1427,1458,1459,nan,0.0938834473490715
fold_1,1472,random,533,1427,1459,nan,0.07776577770709991
fold_1,1473,retrieval,1128,1458,1459,3.2991435527801514,0.07958833873271942
fold_1,1473,recent,1427,1458,1459,nan,0.0938834473490715
fold_1,1473,random,549,1410,1459,nan,0.08730565756559372
fold_1,1474,retrieval,530,1458,1459,3.944766044616699,0.08798913657665253
fold_1,1474,recent,1427,1458,1459,nan,0.0938834473490715
fold_1,1474,random,487,1445,1459,nan,0.08324600011110306
fold_1,1475,retrieval,542,1430,1459,3.4466309547424316,0.06925620883703232
fold_1,1475,recent,1427,1458,1459,nan,0.0938834473490715
fold_1,1475,random,497,1414,1459,nan,0.06983260810375214
fold_1,1476,retrieval,496,1457,1459,5.863608360290527,0.09469204396009445
fold_1,1476,recent,1427,1458,1459,nan,0.0938834473490715
fold_1,1476,random,562,1448,1459,nan,0.08420947194099426
fold_1,1477,retrieval,486,1451,1459,2.953193187713623,0.07705371081829071
fold_1,1477,recent,1427,1458,1459,nan,0.0938834473490715
fold_1,1477,random,572,1451,1459,nan,0.0949932187795639
fold_1,1478,retrieval,984,1430,1459,2.6117711067199707,0.06945746392011642
fold_1,1478,recent,1427,1458,1459,nan,0.0938834473490715
fold_1,1478,random,520,1452,1459,nan,0.07788855582475662
fold_1,1479,retrieval,1129,1458,1459,4.188584804534912,0.08409115672111511
fold_1,1479,recent,1427,1458,1459,nan,0.0938834473490715
fold_1,1479,random,492,1427,1459,nan,0.06998372822999954
fold_1,1480,retrieval,541,1454,1459,3.591458320617676,0.07191736996173859
fold_1,1480,recent,1427,1458,1459,nan,0.0938834473490715
fold_1,1480,random,508,1456,1459,nan,0.07681496441364288
fold_1,1481,retrieval,803,1452,1459,3.2448787689208984,0.09120984375476837
fold_1,1481,recent,1427,1458,1459,nan,0.0938834473490715
fold_1,1481,random,499,1455,1459,nan,0.07819981127977371
fold_1,1482,retrieval,504,1420,1459,2.816283702850342,0.08095698058605194
fold_1,1482,recent,1427,1458,1459,nan,0.0938834473490715
fold_1,1482,random,491,1444,1459,nan,0.07832779735326767
fold_1,1483,retrieval,794,1427,1459,2.5180935859680176,0.0787566602230072
fold_1,1483,recent,1427,1458,1459,nan,0.0938834473490715
fold_1,1483,random,516,1452,1459,nan,0.08710240572690964
fold_1,1484,retrieval,984,1429,1459,2.5559134483337402,0.07192253321409225
fold_1,1484,recent,1427,1458,1459,nan,0.0938834473490715
fold_1,1484,random,510,1448,1459,nan,0.08438149839639664
fold_1,1485,retrieval,980,1434,1459,3.0782244205474854,0.06768256425857544
fold_1,1485,recent,1427,1458,1459,nan,0.0938834473490715
fold_1,1485,random,538,1429,1459,nan,0.07939743250608444
fold_1,1486,retrieval,1011,1429,1459,2.8810315132141113,0.0628410130739212
fold_1,1486,recent,1427,1458,1459,nan,0.0938834473490715
fold_1,1486,random,535,1438,1459,nan,0.077664315700531
fold_1,1487,retrieval,980,1429,1459,2.7524805068969727,0.06793668866157532
fold_1,1487,recent,1427,1458,1459,nan,0.0938834473490715
fold_1,1487,random,526,1435,1459,nan,0.08186562359333038
fold_1,1488,retrieval,1059,1452,1459,3.097040891647339,0.07183970510959625
fold_1,1488,recent,1427,1458,1459,nan,0.0938834473490715
fold_1,1488,random,501,1403,1459,nan,0.0790373831987381
fold_1,1489,retrieval,540,1434,1459,2.8401646614074707,0.06527639925479889
fold_1,1489,recent,1427,1458,1459,nan,0.0938834473490715
fold_1,1489,random,487,1430,1459,nan,0.08666453510522842
fold_1,1490,retrieval,1350,1434,1459,2.59592866897583,0.06449661403894424
fold_1,1490,recent,1427,1458,1459,nan,0.0938834473490715
fold_1,1490,random,506,1441,1459,nan,0.07853693515062332
fold_1,1491,retrieval,1136,1456,1459,4.641510009765625,0.08127902448177338
fold_1,1491,recent,1427,1458,1459,nan,0.0938834473490715
fold_1,1491,random,501,1415,1459,nan,0.0796152725815773
fold_1,1492,retrieval,1136,1458,1459,4.028646945953369,0.08451996743679047
fold_1,1492,recent,1427,1458,1459,nan,0.0938834473490715
fold_1,1492,random,514,1456,1459,nan,0.08746757358312607
fold_1,1493,retrieval,980,1458,1459,3.45292592048645,0.07940671592950821
fold_1,1493,recent,1427,1458,1459,nan,0.0938834473490715
fold_1,1493,random,488,1409,1459,nan,0.080523282289505
fold_1,1494,retrieval,1139,1458,1459,3.6646578311920166,0.09173579514026642
fold_1,1494,recent,1427,1458,1459,nan,0.0938834473490715
fold_1,1494,random,498,1435,1459,nan,0.07695630937814713
fold_1,1495,retrieval,1152,1458,1459,3.495143413543701,0.08737389743328094
fold_1,1495,recent,1427,1458,1459,nan,0.0938834473490715
fold_1,1495,random,510,1442,1459,nan,0.08313155174255371
fold_1,1496,retrieval,530,1458,1459,4.338052749633789,0.09632612019777298
fold_1,1496,recent,1427,1458,1459,nan,0.0938834473490715
fold_1,1496,random,517,1453,1459,nan,0.07687731087207794
fold_1,1497,retrieval,980,1452,1459,3.298124313354492,0.07552840560674667
fold_1,1497,recent,1427,1458,1459,nan,0.0938834473490715
fold_1,1497,random,512,1454,1459,nan,0.08457831293344498
fold_1,1498,retrieval,1155,1458,1459,2.9354851245880127,0.07875551283359528
fold_1,1498,recent,1427,1458,1459,nan,0.0938834473490715
fold_1,1498,random,524,1431,1459,nan,0.07849469780921936
fold_1,1499,retrieval,1155,1458,1459,3.5720973014831543,0.08843855559825897
fold_1,1499,recent,1427,1458,1459,nan,0.0938834473490715
fold_1,1499,random,497,1445,1459,nan,0.08104773610830307
fold_1,1500,retrieval,1383,1458,1459,3.1627612113952637,0.07309107482433319
fold_1,1500,recent,1427,1458,1459,nan,0.0938834473490715
fold_1,1500,random,501,1436,1459,nan,0.08647347241640091
fold_1,1501,retrieval,510,1457,1459,5.841848850250244,0.0885971412062645
fold_1,1501,recent,1427,1458,1459,nan,0.0938834473490715
fold_1,1501,random,542,1411,1459,nan,0.07096148282289505
fold_1,1502,retrieval,1383,1458,1459,5.07744836807251,0.08963586390018463
fold_1,1502,recent,1427,1458,1459,nan,0.0938834473490715
fold_1,1502,random,493,1421,1459,nan,0.08628032356500626
fold_1,1503,retrieval,1383,1458,1459,6.090041160583496,0.08833261579275131
fold_1,1503,recent,1427,1458,1459,nan,0.0938834473490715
fold_1,1503,random,573,1440,1459,nan,0.08473667502403259
fold_1,1504,retrieval,1385,1458,1459,4.904877662658691,0.08989398926496506
fold_1,1504,recent,1427,1458,1459,nan,0.0938834473490715
fold_1,1504,random,509,1437,1459,nan,0.07999497652053833
fold_1,1505,retrieval,1383,1458,1459,4.427921295166016,0.09123218804597855
fold_1,1505,recent,1427,1458,1459,nan,0.0938834473490715
fold_1,1505,random,493,1458,1459,nan,0.08472548425197601
fold_1,1506,retrieval,1238,1458,1459,6.167801856994629,0.09303969144821167
fold_1,1506,recent,1427,1458,1459,nan,0.0938834473490715
fold_1,1506,random,495,1416,1459,nan,0.07826076447963715
fold_1,1507,retrieval,801,1457,1459,7.587305545806885,0.09573943167924881
fold_1,1507,recent,1427,1458,1459,nan,0.0938834473490715
fold_1,1507,random,537,1450,1459,nan,0.08855713903903961
fold_1,1508,retrieval,1131,1458,1459,6.308994293212891,0.09629767388105392
fold_1,1508,recent,1427,1458,1459,nan,0.0938834473490715
fold_1,1508,random,554,1444,1459,nan,0.0790957510471344
fold_1,1509,retrieval,1009,1458,1459,6.709108829498291,0.1047898381948471
fold_1,1509,recent,1427,1458,1459,nan,0.0938834473490715
fold_1,1509,random,506,1444,1459,nan,0.08106490969657898
fold_1,1510,retrieval,1138,1458,1459,4.955552101135254,0.09589975327253342
fold_1,1510,recent,1427,1458,1459,nan,0.0938834473490715
fold_1,1510,random,495,1423,1459,nan,0.08688611537218094
fold_1,1511,retrieval,1138,1458,1459,6.327280044555664,0.09536708146333694
fold_1,1511,recent,1427,1458,1459,nan,0.0938834473490715
fold_1,1511,random,527,1439,1459,nan,0.08435937762260437
fold_1,1512,retrieval,1385,1458,1459,5.895081520080566,0.09396782517433167
fold_1,1512,recent,1427,1458,1459,nan,0.0938834473490715
fold_1,1512,random,518,1451,1459,nan,0.07694084197282791
fold_1,1513,retrieval,1383,1458,1459,4.815217018127441,0.09129670262336731
fold_1,1513,recent,1427,1458,1459,nan,0.0938834473490715
fold_1,1513,random,500,1415,1459,nan,0.08342456072568893
fold_1,1514,retrieval,1137,1458,1459,5.834280014038086,0.09334902465343475
fold_1,1514,recent,1427,1458,1459,nan,0.0938834473490715
fold_1,1514,random,513,1441,1459,nan,0.08095400035381317
fold_1,1515,retrieval,1138,1458,1459,6.261682987213135,0.09665858000516891
fold_1,1515,recent,1427,1458,1459,nan,0.0938834473490715
fold_1,1515,random,512,1441,1459,nan,0.07318025827407837
fold_1,1516,retrieval,1131,1458,1459,8.231466293334961,0.09559405595064163
fold_1,1516,recent,1427,1458,1459,nan,0.0938834473490715
fold_1,1516,random,509,1433,1459,nan,0.0791235938668251
fold_1,1517,retrieval,1138,1458,1459,6.914671897888184,0.09719265252351761
fold_1,1517,recent,1427,1458,1459,nan,0.0938834473490715
fold_1,1517,random,509,1452,1459,nan,0.08020032197237015
fold_1,1518,retrieval,801,1457,1459,8.556926727294922,0.10042757540941238
fold_1,1518,recent,1427,1458,1459,nan,0.0938834473490715
fold_1,1518,random,529,1427,1459,nan,0.0803290456533432
fold_1,1519,retrieval,530,1458,1459,6.980713844299316,0.10079662501811981
fold_1,1519,recent,1427,1458,1459,nan,0.0938834473490715
fold_1,1519,random,546,1426,1459,nan,0.07743167132139206
fold_1,1520,retrieval,1131,1458,1459,8.260931015014648,0.09499954432249069
fold_1,1520,recent,1427,1458,1459,nan,0.0938834473490715
fold_1,1520,random,496,1456,1459,nan,0.09686438739299774
fold_1,1521,retrieval,1138,1458,1459,7.032154083251953,0.10326852649450302
fold_1,1521,recent,1427,1458,1459,nan,0.0938834473490715
fold_1,1521,random,487,1456,1459,nan,0.0892726480960846
fold_1,1522,retrieval,801,1457,1459,8.355775833129883,0.10242035239934921
fold_1,1522,recent,1427,1458,1459,nan,0.0938834473490715
fold_1,1522,random,503,1453,1459,nan,0.08029816299676895
fold_1,1523,retrieval,582,1457,1459,10.101436614990234,0.10690082609653473
fold_1,1523,recent,1427,1458,1459,nan,0.0938834473490715
fold_1,1523,random,495,1412,1459,nan,0.08460108935832977
fold_1,1524,retrieval,1138,1458,1459,7.122199535369873,0.09719888120889664
fold_1,1524,recent,1427,1458,1459,nan,0.0938834473490715
fold_1,1524,random,495,1446,1459,nan,0.0770142674446106
fold_1,1525,retrieval,801,1458,1459,9.411153793334961,0.10348758101463318
fold_1,1525,recent,1427,1458,1459,nan,0.0938834473490715
fold_1,1525,random,524,1445,1459,nan,0.0921628549695015
fold_1,1526,retrieval,530,1458,1459,7.092662811279297,0.09301295131444931
fold_1,1526,recent,1427,1458,1459,nan,0.0938834473490715
fold_1,1526,random,486,1455,1459,nan,0.07405207306146622
fold_1,1527,retrieval,688,1458,1459,8.448385238647461,0.0960596576333046
fold_1,1527,recent,1427,1458,1459,nan,0.0938834473490715
fold_1,1527,random,487,1456,1459,nan,0.09411899745464325
fold_1,1528,retrieval,1138,1458,1459,7.0125017166137695,0.09892047196626663
fold_1,1528,recent,1427,1458,1459,nan,0.0938834473490715
fold_1,1528,random,508,1417,1459,nan,0.07134628295898438
fold_1,1529,retrieval,1009,1458,1459,8.20458984375,0.10570844262838364
fold_1,1529,recent,1427,1458,1459,nan,0.0938834473490715
fold_1,1529,random,534,1444,1459,nan,0.07870424538850784
fold_1,1530,retrieval,1138,1458,1459,7.973666191101074,0.09777060151100159
fold_1,1530,recent,1427,1458,1459,nan,0.0938834473490715
fold_1,1530,random,531,1434,1459,nan,0.08021716773509979
fold_1,1531,retrieval,801,1458,1459,8.692188262939453,0.10111865401268005
fold_1,1531,recent,1427,1458,1459,nan,0.0938834473490715
fold_1,1531,random,505,1446,1459,nan,0.06432288885116577
fold_1,1532,retrieval,530,1458,1459,7.622211456298828,0.10371634364128113
fold_1,1532,recent,1427,1458,1459,nan,0.0938834473490715
fold_1,1532,random,510,1441,1459,nan,0.07390875369310379
fold_1,1533,retrieval,1136,1458,1459,6.318406581878662,0.09649834781885147
fold_1,1533,recent,1427,1458,1459,nan,0.0938834473490715
fold_1,1533,random,497,1400,1459,nan,0.0825345441699028
fold_1,1534,retrieval,1131,1458,1459,8.563980102539062,0.10103543102741241
fold_1,1534,recent,1427,1458,1459,nan,0.0938834473490715
fold_1,1534,random,514,1372,1459,nan,0.0802733302116394
fold_1,1535,retrieval,801,1458,1459,7.170559883117676,0.0987430289387703
fold_1,1535,recent,1427,1458,1459,nan,0.0938834473490715
fold_1,1535,random,494,1427,1459,nan,0.08010857552289963
fold_1,1536,retrieval,801,1457,1459,7.904452323913574,0.09772351384162903
fold_1,1536,recent,1427,1458,1459,nan,0.0938834473490715
fold_1,1536,random,551,1412,1459,nan,0.08570244163274765
fold_1,1537,retrieval,740,1457,1459,7.417247772216797,0.10731191188097
fold_1,1537,recent,1427,1458,1459,nan,0.0938834473490715
fold_1,1537,random,539,1455,1459,nan,0.08507426828145981
fold_1,1538,retrieval,688,1458,1459,7.71272087097168,0.1002202183008194
fold_1,1538,recent,1427,1458,1459,nan,0.0938834473490715
fold_1,1538,random,486,1455,1459,nan,0.08947081118822098
fold_1,1539,retrieval,1131,1458,1459,9.007286071777344,0.10043656080961227
fold_1,1539,recent,1427,1458,1459,nan,0.0938834473490715
fold_1,1539,random,499,1429,1459,nan,0.08133163303136826
fold_1,1540,retrieval,1131,1458,1459,7.131435394287109,0.09559746086597443
fold_1,1540,recent,1427,1458,1459,nan,0.0938834473490715
fold_1,1540,random,554,1430,1459,nan,0.07707878202199936
fold_1,1541,retrieval,1131,1458,1459,9.07988452911377,0.10275284200906754
fold_1,1541,recent,1427,1458,1459,nan,0.0938834473490715
fold_1,1541,random,495,1345,1459,nan,0.09295405447483063
fold_1,1542,retrieval,1131,1458,1459,7.607448577880859,0.1003616452217102
fold_1,1542,recent,1427,1458,1459,nan,0.0938834473490715
fold_1,1542,random,500,1427,1459,nan,0.09406541287899017
fold_1,1543,retrieval,1009,1458,1459,7.484963417053223,0.10618377476930618
fold_1,1543,recent,1427,1458,1459,nan,0.0938834473490715
fold_1,1543,random,627,1458,1459,nan,0.08595782518386841
fold_1,1544,retrieval,802,1458,1459,8.489184379577637,0.10533912479877472
fold_1,1544,recent,1427,1458,1459,nan,0.0938834473490715
fold_1,1544,random,508,1421,1459,nan,0.07168523222208023
fold_1,1545,retrieval,802,1458,1459,8.642488479614258,0.10627970844507217
fold_1,1545,recent,1427,1458,1459,nan,0.0938834473490715
fold_1,1545,random,492,1445,1459,nan,0.08036372065544128
fold_1,1546,retrieval,802,1457,1459,9.854774475097656,0.10202356427907944
fold_1,1546,recent,1427,1458,1459,nan,0.0938834473490715
fold_1,1546,random,562,1446,1459,nan,0.07724440842866898
fold_1,1547,retrieval,802,1458,1459,9.976800918579102,0.10666665434837341
fold_1,1547,recent,1427,1458,1459,nan,0.0938834473490715
fold_1,1547,random,488,1421,1459,nan,0.08043389022350311
fold_1,1548,retrieval,1131,1458,1459,12.005535125732422,0.09952835738658905
fold_1,1548,recent,1427,1458,1459,nan,0.0938834473490715
fold_1,1548,random,510,1457,1459,nan,0.07660817354917526
fold_1,1549,retrieval,582,1457,1459,12.567203521728516,0.1045847237110138
fold_1,1549,recent,1427,1458,1459,nan,0.0938834473490715
fold_1,1549,random,490,1297,1459,nan,0.07555519789457321
fold_1,1550,retrieval,1131,1458,1459,9.74237060546875,0.09637629240751266
fold_1,1550,recent,1427,1458,1459,nan,0.0938834473490715
fold_1,1550,random,567,1386,1459,nan,0.08550073206424713
fold_1,1551,retrieval,1009,1458,1459,10.276216506958008,0.1029672920703888
fold_1,1551,recent,1427,1458,1459,nan,0.0938834473490715
fold_1,1551,random,486,1375,1459,nan,0.07621383666992188
fold_1,1552,retrieval,801,1457,1459,14.330055236816406,0.10059607774019241
fold_1,1552,recent,1427,1458,1459,nan,0.0938834473490715
fold_1,1552,random,486,1414,1459,nan,0.0791807472705841
fold_1,1553,retrieval,582,1457,1459,20.27475357055664,0.10148277133703232
fold_1,1553,recent,1427,1458,1459,nan,0.0938834473490715
fold_1,1553,random,486,1437,1459,nan,0.07951336354017258
fold_1,1554,retrieval,802,1458,1459,13.198582649230957,0.106489397585392
fold_1,1554,recent,1427,1458,1459,nan,0.0938834473490715
fold_1,1554,random,538,1386,1459,nan,0.07814224809408188
fold_1,1555,retrieval,1131,1458,1459,10.889323234558105,0.10050047934055328
fold_1,1555,recent,1427,1458,1459,nan,0.0938834473490715
fold_1,1555,random,505,1436,1459,nan,0.07053026556968689
fold_1,1556,retrieval,1009,1457,1459,12.932043075561523,0.10493050515651703
fold_1,1556,recent,1427,1458,1459,nan,0.0938834473490715
fold_1,1556,random,489,1456,1459,nan,0.08149930834770203
fold_1,1557,retrieval,631,1457,1459,14.746253967285156,0.0987076684832573
fold_1,1557,recent,1427,1458,1459,nan,0.0938834473490715
fold_1,1557,random,496,1449,1459,nan,0.08232168108224869
fold_1,1558,retrieval,1131,1458,1459,11.909055709838867,0.09997530281543732
fold_1,1558,recent,1427,1458,1459,nan,0.0938834473490715
fold_1,1558,random,518,1424,1459,nan,0.07893133908510208
fold_1,1559,retrieval,1009,1458,1459,12.990272521972656,0.10218800604343414
fold_1,1559,recent,1427,1458,1459,nan,0.0938834473490715
fold_1,1559,random,502,1361,1459,nan,0.08576103299856186
fold_1,1560,retrieval,1131,1458,1459,10.094685554504395,0.1031833291053772
fold_1,1560,recent,1427,1458,1459,nan,0.0938834473490715
fold_1,1560,random,525,1422,1459,nan,0.07849699258804321
fold_1,1561,retrieval,1138,1458,1459,9.50488567352295,0.10537673532962799
fold_1,1561,recent,1427,1458,1459,nan,0.0938834473490715
fold_1,1561,random,560,1449,1459,nan,0.08277610689401627
fold_1,1562,retrieval,802,1458,1459,8.006607055664062,0.1012808158993721
fold_1,1562,recent,1427,1458,1459,nan,0.0938834473490715
fold_1,1562,random,495,1438,1459,nan,0.08298346400260925
fold_1,1563,retrieval,802,1458,1459,9.27849006652832,0.10102252662181854
fold_1,1563,recent,1427,1458,1459,nan,0.0938834473490715
fold_1,1563,random,532,1412,1459,nan,0.06869698315858841
fold_1,1564,retrieval,1009,1457,1459,10.34244155883789,0.10124153643846512
fold_1,1564,recent,1427,1458,1459,nan,0.0938834473490715
fold_1,1564,random,542,1324,1459,nan,0.08188142627477646
fold_1,1565,retrieval,631,1457,1459,12.73669719696045,0.10280495136976242
fold_1,1565,recent,1427,1458,1459,nan,0.0938834473490715
fold_1,1565,random,517,1433,1459,nan,0.08471503108739853
fold_1,1566,retrieval,776,1457,1459,11.32232666015625,0.10239549726247787
fold_1,1566,recent,1427,1458,1459,nan,0.0938834473490715
fold_1,1566,random,556,1458,1459,nan,0.08544730395078659
fold_1,1567,retrieval,740,1457,1459,10.669549942016602,0.10453831404447556
fold_1,1567,recent,1427,1458,1459,nan,0.0938834473490715
fold_1,1567,random,545,1400,1459,nan,0.07764159888029099
fold_1,1568,retrieval,581,1454,1459,18.110536575317383,0.09146638214588165
fold_1,1568,recent,1427,1458,1459,nan,0.0938834473490715
fold_1,1568,random,512,1418,1459,nan,0.08224662393331528
fold_1,1569,retrieval,632,1457,1459,17.499507904052734,0.10255098342895508
fold_1,1569,recent,1427,1458,1459,nan,0.0938834473490715
fold_1,1569,random,516,1439,1459,nan,0.07811741530895233
fold_1,1570,retrieval,776,1458,1459,10.78036880493164,0.10146616399288177
fold_1,1570,recent,1427,1458,1459,nan,0.0938834473490715
fold_1,1570,random,550,1388,1459,nan,0.07537533342838287
fold_1,1571,retrieval,581,1457,1459,11.877732276916504,0.09472934156656265
fold_1,1571,recent,1427,1458,1459,nan,0.0938834473490715
fold_1,1571,random,499,1431,1459,nan,0.0820908471941948
fold_1,1572,retrieval,582,1453,1459,24.498483657836914,0.09477578848600388
fold_1,1572,recent,1427,1458,1459,nan,0.0938834473490715
fold_1,1572,random,508,1425,1459,nan,0.07446517795324326
fold_1,1573,retrieval,581,1456,1459,36.05107498168945,0.09485287964344025
fold_1,1573,recent,1427,1458,1459,nan,0.0938834473490715
fold_1,1573,random,514,1449,1459,nan,0.07374560087919235
fold_1,1574,retrieval,582,1456,1459,30.558006286621094,0.09355559945106506
fold_1,1574,recent,1427,1458,1459,nan,0.0938834473490715
fold_1,1574,random,505,1439,1459,nan,0.08161037415266037
fold_1,1575,retrieval,581,1454,1459,19.37091064453125,0.09227465093135834
fold_1,1575,recent,1427,1458,1459,nan,0.0938834473490715
fold_1,1575,random,487,1439,1459,nan,0.07933272421360016
fold_1,1576,retrieval,581,1454,1459,35.479286193847656,0.09032868593931198
fold_1,1576,recent,1427,1458,1459,nan,0.0938834473490715
fold_1,1576,random,553,1434,1459,nan,0.08128979802131653
fold_1,1577,retrieval,581,1453,1459,38.80046081542969,0.09221073985099792
fold_1,1577,recent,1427,1458,1459,nan,0.0938834473490715
fold_1,1577,random,493,1457,1459,nan,0.08465175330638885
fold_1,1578,retrieval,581,1456,1459,45.40443801879883,0.09972745925188065
fold_1,1578,recent,1427,1458,1459,nan,0.0938834473490715
fold_1,1578,random,538,1452,1459,nan,0.08075562119483948
fold_1,1579,retrieval,630,1449,1459,81.99728393554688,0.09211765229701996
fold_1,1579,recent,1427,1458,1459,nan,0.0938834473490715
fold_1,1579,random,513,1434,1459,nan,0.08475945889949799
fold_1,1580,retrieval,582,1449,1459,63.03865432739258,0.08938249945640564
fold_1,1580,recent,1427,1458,1459,nan,0.0938834473490715
fold_1,1580,random,496,1435,1459,nan,0.08949534595012665
fold_1,1581,retrieval,582,1453,1459,48.823570251464844,0.09484446793794632
fold_1,1581,recent,1427,1458,1459,nan,0.0938834473490715
fold_1,1581,random,509,1440,1459,nan,0.0838332399725914
fold_1,1582,retrieval,582,1449,1459,215.2241973876953,0.08302526921033859
fold_1,1582,recent,1427,1458,1459,nan,0.0938834473490715
fold_1,1582,random,489,1437,1459,nan,0.09043469280004501
fold_1,1583,retrieval,582,1449,1459,62.394615173339844,0.09230142086744308
fold_1,1583,recent,1427,1458,1459,nan,0.0938834473490715
fold_1,1583,random,491,1448,1459,nan,0.07464749366044998
fold_1,1584,retrieval,582,1456,1459,50.76708984375,0.09310860931873322
fold_1,1584,recent,1427,1458,1459,nan,0.0938834473490715
fold_1,1584,random,497,1355,1459,nan,0.0738149955868721
fold_1,1585,retrieval,582,1456,1459,37.964019775390625,0.09803510457277298
fold_1,1585,recent,1427,1458,1459,nan,0.0938834473490715
fold_1,1585,random,495,1454,1459,nan,0.0880611315369606
fold_1,1586,retrieval,582,1456,1459,36.2888298034668,0.09586335718631744
fold_1,1586,recent,1427,1458,1459,nan,0.0938834473490715
fold_1,1586,random,580,1458,1459,nan,0.09168487042188644
fold_1,1587,retrieval,802,1457,1459,11.923553466796875,0.1035027727484703
fold_1,1587,recent,1427,1458,1459,nan,0.0938834473490715
fold_1,1587,random,505,1432,1459,nan,0.07801464200019836
fold_1,1588,retrieval,1009,1457,1459,14.412348747253418,0.10670376569032669
fold_1,1588,recent,1427,1458,1459,nan,0.0938834473490715
fold_1,1588,random,490,1445,1459,nan,0.08116398751735687
fold_1,1589,retrieval,632,1457,1459,14.818723678588867,0.10578500479459763
fold_1,1589,recent,1427,1458,1459,nan,0.0938834473490715
fold_1,1589,random,495,1440,1459,nan,0.08097643405199051
fold_1,1590,retrieval,1009,1457,1459,12.296594619750977,0.10315745323896408
fold_1,1590,recent,1427,1458,1459,nan,0.0938834473490715
fold_1,1590,random,553,1431,1459,nan,0.07445574551820755
fold_1,1591,retrieval,802,1458,1459,10.368900299072266,0.10341672599315643
fold_1,1591,recent,1427,1458,1459,nan,0.0938834473490715
fold_1,1591,random,487,1455,1459,nan,0.08601310849189758
fold_1,1592,retrieval,801,1457,1459,11.69528579711914,0.09707045555114746
fold_1,1592,recent,1427,1458,1459,nan,0.0938834473490715
fold_1,1592,random,537,1426,1459,nan,0.08563108742237091
fold_1,1593,retrieval,581,1454,1459,17.00629425048828,0.08951599895954132
fold_1,1593,recent,1427,1458,1459,nan,0.0938834473490715
fold_1,1593,random,497,1435,1459,nan,0.07230205088853836
fold_1,1594,retrieval,631,1453,1459,34.80036926269531,0.09309461712837219
fold_1,1594,recent,1427,1458,1459,nan,0.0938834473490715
fold_1,1594,random,563,1448,1459,nan,0.08733825385570526
fold_1,1595,retrieval,723,1457,1459,18.7178897857666,0.10066746175289154
fold_1,1595,recent,1427,1458,1459,nan,0.0938834473490715
fold_1,1595,random,501,1366,1459,nan,0.08982013911008835
fold_1,1596,retrieval,740,1457,1459,14.58416748046875,0.10060975700616837
fold_1,1596,recent,1427,1458,1459,nan,0.0938834473490715
fold_1,1596,random,631,1417,1459,nan,0.08617493510246277
fold_1,1597,retrieval,723,1454,1459,16.624990463256836,0.09537510573863983
fold_1,1597,recent,1427,1458,1459,nan,0.0938834473490715
fold_1,1597,random,509,1438,1459,nan,0.079497329890728
fold_1,1598,retrieval,581,1456,1459,14.663274765014648,0.09710966050624847
fold_1,1598,recent,1427,1458,1459,nan,0.0938834473490715
fold_1,1598,random,500,1418,1459,nan,0.07658194750547409
fold_1,1599,retrieval,739,1457,1459,10.955371856689453,0.10423750430345535
fold_1,1599,recent,1427,1458,1459,nan,0.0938834473490715
fold_1,1599,random,489,1431,1459,nan,0.08152837306261063
fold_1,1600,retrieval,740,1457,1459,13.503951072692871,0.10269920527935028
fold_1,1600,recent,1427,1458,1459,nan,0.0938834473490715
fold_1,1600,random,533,1422,1459,nan,0.07373185455799103
fold_1,1601,retrieval,776,1457,1459,11.935003280639648,0.10138677060604095
fold_1,1601,recent,1427,1458,1459,nan,0.0938834473490715
fold_1,1601,random,486,1407,1459,nan,0.08370420336723328
fold_1,1602,retrieval,688,1457,1459,8.460509300231934,0.09975996613502502
fold_1,1602,recent,1427,1458,1459,nan,0.0938834473490715
fold_1,1602,random,522,1419,1459,nan,0.07609899342060089
fold_1,1603,retrieval,688,1458,1459,9.231207847595215,0.09927857667207718
fold_1,1603,recent,1427,1458,1459,nan,0.0938834473490715
fold_1,1603,random,486,1434,1459,nan,0.08176039159297943
fold_1,1604,retrieval,1130,1458,1459,10.484565734863281,0.10189247131347656
fold_1,1604,recent,1427,1458,1459,nan,0.0938834473490715
fold_1,1604,random,496,1329,1459,nan,0.0824771299958229
fold_1,1605,retrieval,610,1457,1459,16.885265350341797,0.10971613973379135
fold_1,1605,recent,1427,1458,1459,nan,0.0938834473490715
fold_1,1605,random,529,1438,1459,nan,0.07558093965053558
fold_1,1606,retrieval,801,1458,1459,9.347275733947754,0.10115821659564972
fold_1,1606,recent,1427,1458,1459,nan,0.0938834473490715
fold_1,1606,random,505,1452,1459,nan,0.0854240208864212
fold_1,1607,retrieval,1138,1458,1459,8.881572723388672,0.09740979224443436
fold_1,1607,recent,1427,1458,1459,nan,0.0938834473490715
fold_1,1607,random,532,1456,1459,nan,0.08673849701881409
fold_1,1608,retrieval,1131,1458,1459,8.970029830932617,0.10277795046567917
fold_1,1608,recent,1427,1458,1459,nan,0.0938834473490715
fold_1,1608,random,486,1444,1459,nan,0.09207510203123093
fold_1,1609,retrieval,581,1456,1459,12.155345916748047,0.09249795228242874
fold_1,1609,recent,1427,1458,1459,nan,0.0938834473490715
fold_1,1609,random,541,1434,1459,nan,0.08560182899236679
fold_1,1610,retrieval,631,1457,1459,22.012826919555664,0.10022661089897156
fold_1,1610,recent,1427,1458,1459,nan,0.0938834473490715
fold_1,1610,random,511,1381,1459,nan,0.08000479638576508
fold_1,1611,retrieval,723,1457,1459,13.395824432373047,0.09659035503864288
fold_1,1611,recent,1427,1458,1459,nan,0.0938834473490715
fold_1,1611,random,520,1438,1459,nan,0.07020768523216248
fold_1,1612,retrieval,723,1454,1459,17.644657135009766,0.09704757481813431
fold_1,1612,recent,1427,1458,1459,nan,0.0938834473490715
fold_1,1612,random,488,1450,1459,nan,0.08999036252498627
fold_1,1613,retrieval,630,1448,1459,64.07220458984375,0.09330432862043381
fold_1,1613,recent,1427,1458,1459,nan,0.0938834473490715
fold_1,1613,random,561,1440,1459,nan,0.07842577248811722
fold_1,1614,retrieval,582,1449,1459,40.33811950683594,0.09733182191848755
fold_1,1614,recent,1427,1458,1459,nan,0.0938834473490715
fold_1,1614,random,552,1447,1459,nan,0.08462738245725632
fold_1,1615,retrieval,581,1456,1459,34.66547775268555,0.0936889722943306
fold_1,1615,recent,1427,1458,1459,nan,0.0938834473490715
fold_1,1615,random,531,1452,1459,nan,0.0880112424492836
fold_1,1616,retrieval,581,1456,1459,23.606975555419922,0.09915436059236526
fold_1,1616,recent,1427,1458,1459,nan,0.0938834473490715
fold_1,1616,random,536,1432,1459,nan,0.08107798546552658
fold_1,1617,retrieval,1083,1457,1459,12.347227096557617,0.1027398481965065
fold_1,1617,recent,1427,1458,1459,nan,0.0938834473490715
fold_1,1617,random,501,1442,1459,nan,0.08659717440605164
fold_1,1618,retrieval,723,1454,1459,14.790313720703125,0.09488470107316971
fold_1,1618,recent,1427,1458,1459,nan,0.0938834473490715
fold_1,1618,random,535,1450,1459,nan,0.07887093722820282
fold_1,1619,retrieval,581,1454,1459,18.1370792388916,0.09413903951644897
fold_1,1619,recent,1427,1458,1459,nan,0.0938834473490715
fold_1,1619,random,529,1441,1459,nan,0.07598603516817093
fold_1,1620,retrieval,631,1454,1459,26.42318344116211,0.09183025360107422
fold_1,1620,recent,1427,1458,1459,nan,0.0938834473490715
fold_1,1620,random,529,1366,1459,nan,0.0831468403339386
fold_1,1621,retrieval,732,1457,1459,15.634625434875488,0.10347790271043777
fold_1,1621,recent,1427,1458,1459,nan,0.0938834473490715
fold_1,1621,random,495,1421,1459,nan,0.08085218816995621
fold_1,1622,retrieval,723,1457,1459,14.367292404174805,0.1038813441991806
fold_1,1622,recent,1427,1458,1459,nan,0.0938834473490715
fold_1,1622,random,517,1440,1459,nan,0.0736808031797409
fold_1,1623,retrieval,776,1457,1459,11.8558349609375,0.1005997434258461
fold_1,1623,recent,1427,1458,1459,nan,0.0938834473490715
fold_1,1623,random,525,1436,1459,nan,0.08528097718954086
fold_1,1624,retrieval,776,1457,1459,10.459213256835938,0.09331130981445312
fold_1,1624,recent,1427,1458,1459,nan,0.0938834473490715
fold_1,1624,random,487,1454,1459,nan,0.08912260085344315
fold_1,1625,retrieval,740,1457,1459,8.23832893371582,0.10172711312770844
fold_1,1625,recent,1427,1458,1459,nan,0.0938834473490715
fold_1,1625,random,527,1444,1459,nan,0.08507982641458511
fold_1,1626,retrieval,501,1454,1459,12.534223556518555,0.09576529264450073
fold_1,1626,recent,1427,1458,1459,nan,0.0938834473490715
fold_1,1626,random,517,1442,1459,nan,0.08883676677942276
fold_1,1627,retrieval,581,1454,1459,18.107667922973633,0.09212417900562286
fold_1,1627,recent,1427,1458,1459,nan,0.0938834473490715
fold_1,1627,random,550,1444,1459,nan,0.07975155860185623
fold_1,1628,retrieval,719,1457,1459,14.088109970092773,0.10290127247571945
fold_1,1628,recent,1427,1458,1459,nan,0.0938834473490715
fold_1,1628,random,522,1449,1459,nan,0.07552557438611984
fold_1,1629,retrieval,776,1457,1459,13.588645935058594,0.09761188924312592
fold_1,1629,recent,1427,1458,1459,nan,0.0938834473490715
fold_1,1629,random,533,1440,1459,nan,0.07132270932197571
fold_1,1630,retrieval,739,1457,1459,12.089069366455078,0.10128332674503326
fold_1,1630,recent,1427,1458,1459,nan,0.0938834473490715
fold_1,1630,random,569,1434,1459,nan,0.08837368339300156
fold_1,1631,retrieval,739,1457,1459,9.237300872802734,0.10318874567747116
fold_1,1631,recent,1427,1458,1459,nan,0.0938834473490715
fold_1,1631,random,487,1373,1459,nan,0.08154661953449249
fold_1,1632,retrieval,1083,1457,1459,8.89253044128418,0.10203995555639267
fold_1,1632,recent,1427,1458,1459,nan,0.0938834473490715
fold_1,1632,random,489,1386,1459,nan,0.08504901826381683
fold_1,1633,retrieval,776,1457,1459,9.595439910888672,0.0912206619977951
fold_1,1633,recent,1427,1458,1459,nan,0.0938834473490715
fold_1,1633,random,646,1451,1459,nan,0.08633892983198166
fold_1,1634,retrieval,1138,1458,1459,7.016592025756836,0.1001211553812027
fold_1,1634,recent,1427,1458,1459,nan,0.0938834473490715
fold_1,1634,random,526,1450,1459,nan,0.07674164324998856
fold_1,1635,retrieval,740,1454,1459,9.174819946289062,0.08952893316745758
fold_1,1635,recent,1427,1458,1459,nan,0.0938834473490715
fold_1,1635,random,500,1434,1459,nan,0.08985331654548645
fold_1,1636,retrieval,740,1457,1459,7.280418395996094,0.1076107770204544
fold_1,1636,recent,1427,1458,1459,nan,0.0938834473490715
fold_1,1636,random,528,1432,1459,nan,0.08041463047266006
fold_1,1637,retrieval,776,1457,1459,7.455329895019531,0.08610791712999344
fold_1,1637,recent,1427,1458,1459,nan,0.0938834473490715
fold_1,1637,random,558,1430,1459,nan,0.08013077825307846
fold_1,1638,retrieval,803,1455,1459,5.088798522949219,0.09391053020954132
fold_1,1638,recent,1427,1458,1459,nan,0.0938834473490715
fold_1,1638,random,533,1428,1459,nan,0.0793619304895401
fold_1,1639,retrieval,633,1456,1459,11.091078758239746,0.09236662089824677
fold_1,1639,recent,1427,1458,1459,nan,0.0938834473490715
fold_1,1639,random,486,1456,1459,nan,0.08436955511569977
fold_1,1640,retrieval,802,1458,1459,5.132134914398193,0.09794927388429642
fold_1,1640,recent,1427,1458,1459,nan,0.0938834473490715
fold_1,1640,random,497,1426,1459,nan,0.06842613220214844
fold_1,1641,retrieval,802,1457,1459,8.381460189819336,0.10125463455915451
fold_1,1641,recent,1427,1458,1459,nan,0.0938834473490715
fold_1,1641,random,488,1446,1459,nan,0.07758432626724243
fold_1,1642,retrieval,1155,1458,1459,6.558128356933594,0.10097864270210266
fold_1,1642,recent,1427,1458,1459,nan,0.0938834473490715
fold_1,1642,random,532,1436,1459,nan,0.07078586518764496
fold_1,1643,retrieval,801,1458,1459,6.275059223175049,0.098420150578022
fold_1,1643,recent,1427,1458,1459,nan,0.0938834473490715
fold_1,1643,random,569,1411,1459,nan,0.07348085194826126
fold_1,1644,retrieval,802,1458,1459,6.164050579071045,0.10292167216539383
fold_1,1644,recent,1427,1458,1459,nan,0.0938834473490715
fold_1,1644,random,490,1394,1459,nan,0.0715227946639061
fold_1,1645,retrieval,1138,1458,1459,7.321817874908447,0.10137365013360977
fold_1,1645,recent,1427,1458,1459,nan,0.0938834473490715
fold_1,1645,random,487,1371,1459,nan,0.07769245654344559
fold_1,1646,retrieval,1138,1458,1459,7.662806510925293,0.1014351025223732
fold_1,1646,recent,1427,1458,1459,nan,0.0938834473490715
fold_1,1646,random,496,1354,1459,nan,0.07931968569755554
fold_1,1647,retrieval,1138,1458,1459,6.208114147186279,0.10197214037179947
fold_1,1647,recent,1427,1458,1459,nan,0.0938834473490715
fold_1,1647,random,504,1442,1459,nan,0.0817963182926178
fold_1,1648,retrieval,581,1456,1459,11.811569213867188,0.08771756291389465
fold_1,1648,recent,1427,1458,1459,nan,0.0938834473490715
fold_1,1648,random,522,1426,1459,nan,0.08443918824195862
fold_1,1649,retrieval,734,1457,1459,10.368492126464844,0.10634832084178925
fold_1,1649,recent,1427,1458,1459,nan,0.0938834473490715
fold_1,1649,random,577,1429,1459,nan,0.08508754521608353
fold_1,1650,retrieval,1131,1458,1459,9.810705184936523,0.09917423874139786
fold_1,1650,recent,1427,1458,1459,nan,0.0938834473490715
fold_1,1650,random,493,1407,1459,nan,0.08631368726491928
fold_1,1651,retrieval,1131,1457,1459,10.643792152404785,0.09765736013650894
fold_1,1651,recent,1427,1458,1459,nan,0.0938834473490715
fold_1,1651,random,525,1424,1459,nan,0.07662433385848999
fold_1,1652,retrieval,776,1457,1459,10.451606750488281,0.10133558511734009
fold_1,1652,recent,1427,1458,1459,nan,0.0938834473490715
fold_1,1652,random,489,1314,1459,nan,0.09032516181468964
fold_1,1653,retrieval,776,1457,1459,9.027261734008789,0.09775309264659882
fold_1,1653,recent,1427,1458,1459,nan,0.0938834473490715
fold_1,1653,random,506,1451,1459,nan,0.08689984679222107
fold_1,1654,retrieval,1083,1458,1459,7.342835426330566,0.10012310743331909
fold_1,1654,recent,1427,1458,1459,nan,0.0938834473490715
fold_1,1654,random,532,1325,1459,nan,0.08559668809175491
fold_1,1655,retrieval,801,1457,1459,7.147907257080078,0.0978219211101532
fold_1,1655,recent,1427,1458,1459,nan,0.0938834473490715
fold_1,1655,random,487,1450,1459,nan,0.08775585144758224
fold_1,1656,retrieval,632,1457,1459,11.093618392944336,0.09945539385080338
fold_1,1656,recent,1427,1458,1459,nan,0.0938834473490715
fold_1,1656,random,558,1454,1459,nan,0.0769888386130333
fold_1,1657,retrieval,740,1457,1459,6.654150009155273,0.09898322820663452
fold_1,1657,recent,1427,1458,1459,nan,0.0938834473490715
fold_1,1657,random,495,1438,1459,nan,0.07522178441286087
fold_1,1658,retrieval,734,1458,1459,6.547319412231445,0.1002027615904808
fold_1,1658,recent,1427,1458,1459,nan,0.0938834473490715
fold_1,1658,random,500,1440,1459,nan,0.07876709848642349
fold_1,1659,retrieval,1138,1458,1459,8.58580207824707,0.0973576232790947
fold_1,1659,recent,1427,1458,1459,nan,0.0938834473490715
fold_1,1659,random,486,1440,1459,nan,0.07966962456703186
fold_1,1660,retrieval,980,1458,1459,6.527073383331299,0.09610724449157715
fold_1,1660,recent,1427,1458,1459,nan,0.0938834473490715
fold_1,1660,random,491,1418,1459,nan,0.06858423352241516
fold_1,1661,retrieval,1131,1458,1459,8.955080032348633,0.1035287007689476
fold_1,1661,recent,1427,1458,1459,nan,0.0938834473490715
fold_1,1661,random,492,1450,1459,nan,0.08215849101543427
fold_1,1662,retrieval,1138,1458,1459,7.840618133544922,0.10268224775791168
fold_1,1662,recent,1427,1458,1459,nan,0.0938834473490715
fold_1,1662,random,499,1432,1459,nan,0.08617747575044632
fold_1,1663,retrieval,1137,1458,1459,6.626806735992432,0.10239743441343307
fold_1,1663,recent,1427,1458,1459,nan,0.0938834473490715
fold_1,1663,random,573,1453,1459,nan,0.09166397899389267
fold_1,1664,retrieval,1138,1458,1459,7.82398796081543,0.1008608266711235
fold_1,1664,recent,1427,1458,1459,nan,0.0938834473490715
fold_1,1664,random,488,1452,1459,nan,0.0844532921910286
fold_1,1665,retrieval,776,1457,1459,8.623956680297852,0.09949725866317749
fold_1,1665,recent,1427,1458,1459,nan,0.0938834473490715
fold_1,1665,random,538,1457,1459,nan,0.08127325028181076
fold_1,1666,retrieval,634,1458,1459,9.123323440551758,0.10661045461893082
fold_1,1666,recent,1427,1458,1459,nan,0.0938834473490715
fold_1,1666,random,488,1445,1459,nan,0.0729147344827652
fold_1,1667,retrieval,1161,1457,1459,7.634383678436279,0.0943746417760849
fold_1,1667,recent,1427,1458,1459,nan,0.0938834473490715
fold_1,1667,random,534,1441,1459,nan,0.07309513539075851
fold_1,1668,retrieval,801,1457,1459,6.621908664703369,0.09374682605266571
fold_1,1668,recent,1427,1458,1459,nan,0.0938834473490715
fold_1,1668,random,513,1434,1459,nan,0.08588854223489761
fold_1,1669,retrieval,980,1458,1459,5.724676132202148,0.09726674854755402
fold_1,1669,recent,1427,1458,1459,nan,0.0938834473490715
fold_1,1669,random,551,1428,1459,nan,0.07570730149745941
fold_1,1670,retrieval,1136,1458,1459,6.248676300048828,0.09676851332187653
fold_1,1670,recent,1427,1458,1459,nan,0.0938834473490715
fold_1,1670,random,518,1424,1459,nan,0.08524604886770248
fold_1,1671,retrieval,1130,1457,1459,6.766495704650879,0.1015557125210762
fold_1,1671,recent,1427,1458,1459,nan,0.0938834473490715
fold_1,1671,random,523,1411,1459,nan,0.08403817564249039
fold_1,1672,retrieval,1138,1458,1459,5.528390884399414,0.09925892949104309
fold_1,1672,recent,1427,1458,1459,nan,0.0938834473490715
fold_1,1672,random,492,1406,1459,nan,0.07269860804080963
fold_1,1673,retrieval,980,1458,1459,5.724197864532471,0.09631088376045227
fold_1,1673,recent,1427,1458,1459,nan,0.0938834473490715
fold_1,1673,random,508,1355,1459,nan,0.0769881084561348
fold_1,1674,retrieval,1138,1458,1459,6.282075881958008,0.0959409698843956
fold_1,1674,recent,1427,1458,1459,nan,0.0938834473490715
fold_1,1674,random,491,1434,1459,nan,0.08214922249317169
fold_1,1675,retrieval,495,1454,1459,10.695609092712402,0.08385103195905685
fold_1,1675,recent,1427,1458,1459,nan,0.0938834473490715
fold_1,1675,random,493,1439,1459,nan,0.08875493705272675
fold_1,1676,retrieval,723,1457,1459,11.513620376586914,0.10004600137472153
fold_1,1676,recent,1427,1458,1459,nan,0.0938834473490715
fold_1,1676,random,519,1450,1459,nan,0.08337157219648361
fold_1,1677,retrieval,776,1457,1459,8.330652236938477,0.10204927623271942
fold_1,1677,recent,1427,1458,1459,nan,0.0938834473490715
fold_1,1677,random,496,1434,1459,nan,0.09302785992622375
fold_1,1678,retrieval,776,1457,1459,9.282175064086914,0.09715191274881363
fold_1,1678,recent,1427,1458,1459,nan,0.0938834473490715
fold_1,1678,random,486,1456,1459,nan,0.08372354507446289
fold_1,1679,retrieval,688,1458,1459,5.75283670425415,0.10017338395118713
fold_1,1679,recent,1427,1458,1459,nan,0.0938834473490715
fold_1,1679,random,507,1458,1459,nan,0.08446054905653
fold_1,1680,retrieval,776,1458,1459,6.193211555480957,0.09772378206253052
fold_1,1680,recent,1427,1458,1459,nan,0.0938834473490715
fold_1,1680,random,496,1442,1459,nan,0.07883359491825104
fold_1,1681,retrieval,1154,1458,1459,4.622352123260498,0.0938587486743927
fold_1,1681,recent,1427,1458,1459,nan,0.0938834473490715
fold_1,1681,random,491,1326,1459,nan,0.08027556538581848
fold_1,1682,retrieval,531,1458,1459,5.855834484100342,0.09274213016033173
fold_1,1682,recent,1427,1458,1459,nan,0.0938834473490715
fold_1,1682,random,487,1448,1459,nan,0.06676506996154785
fold_1,1683,retrieval,1128,1458,1459,5.275988578796387,0.09603854268789291
fold_1,1683,recent,1427,1458,1459,nan,0.0938834473490715
fold_1,1683,random,546,1414,1459,nan,0.07914289087057114
fold_1,1684,retrieval,981,1458,1459,4.655575752258301,0.09726905822753906
fold_1,1684,recent,1427,1458,1459,nan,0.0938834473490715
fold_1,1684,random,489,1452,1459,nan,0.07335759699344635
fold_1,1685,retrieval,776,1458,1459,5.0635504722595215,0.09165289998054504
fold_1,1685,recent,1427,1458,1459,nan,0.0938834473490715
fold_1,1685,random,495,1360,1459,nan,0.07563214749097824
fold_1,1686,retrieval,1138,1458,1459,6.079824447631836,0.10250523686408997
fold_1,1686,recent,1427,1458,1459,nan,0.0938834473490715
fold_1,1686,random,534,1444,1459,nan,0.07588024437427521
fold_1,1687,retrieval,688,1458,1459,4.23870325088501,0.09014680236577988
fold_1,1687,recent,1427,1458,1459,nan,0.0938834473490715
fold_1,1687,random,510,1433,1459,nan,0.08956170082092285
fold_1,1688,retrieval,980,1458,1459,3.7854666709899902,0.07740919291973114
fold_1,1688,recent,1427,1458,1459,nan,0.0938834473490715
fold_1,1688,random,487,1440,1459,nan,0.0823596864938736
fold_1,1689,retrieval,688,1457,1459,5.480654716491699,0.088484987616539
fold_1,1689,recent,1427,1458,1459,nan,0.0938834473490715
fold_1,1689,random,564,1450,1459,nan,0.09237705171108246
fold_1,1690,retrieval,610,1458,1459,10.197562217712402,0.10442788153886795
fold_1,1690,recent,1427,1458,1459,nan,0.0938834473490715
fold_1,1690,random,486,1455,1459,nan,0.08667778968811035
fold_1,1691,retrieval,1385,1458,1459,4.490719795227051,0.09175550192594528
fold_1,1691,recent,1427,1458,1459,nan,0.0938834473490715
fold_1,1691,random,491,1433,1459,nan,0.08916942775249481
fold_1,1692,retrieval,1383,1458,1459,4.317749977111816,0.08876211941242218
fold_1,1692,recent,1427,1458,1459,nan,0.0938834473490715
fold_1,1692,random,490,1428,1459,nan,0.08412908017635345
fold_1,1693,retrieval,1155,1458,1459,4.56723165512085,0.08897808939218521
fold_1,1693,recent,1427,1458,1459,nan,0.0938834473490715
fold_1,1693,random,496,1410,1459,nan,0.07899834215641022
fold_1,1694,retrieval,531,1458,1459,5.365358352661133,0.09602466970682144
fold_1,1694,recent,1427,1458,1459,nan,0.0938834473490715
fold_1,1694,random,492,1455,1459,nan,0.08982907980680466
fold_1,1695,retrieval,981,1458,1459,4.326253890991211,0.08544732630252838
fold_1,1695,recent,1427,1458,1459,nan,0.0938834473490715
fold_1,1695,random,568,1453,1459,nan,0.07553649693727493
fold_1,1696,retrieval,541,1454,1459,6.069414138793945,0.0791226178407669
fold_1,1696,recent,1427,1458,1459,nan,0.0938834473490715
fold_1,1696,random,487,1454,1459,nan,0.07863445580005646
fold_1,1697,retrieval,778,1458,1459,4.628674030303955,0.09123653918504715
fold_1,1697,recent,1427,1458,1459,nan,0.0938834473490715
fold_1,1697,random,487,1457,1459,nan,0.09136299043893814
fold_1,1698,retrieval,513,1458,1459,4.055353164672852,0.07929211854934692
fold_1,1698,recent,1427,1458,1459,nan,0.0938834473490715
fold_1,1698,random,503,1407,1459,nan,0.07451412081718445
fold_1,1699,retrieval,516,1447,1459,4.689937591552734,0.06513318419456482
fold_1,1699,recent,1427,1458,1459,nan,0.0938834473490715
fold_1,1699,random,494,1417,1459,nan,0.07112796604633331
fold_1,1700,retrieval,631,1091,1459,30.936084747314453,0.09101611375808716
fold_1,1700,recent,1427,1458,1459,nan,0.0938834473490715
fold_1,1700,random,531,1453,1459,nan,0.08235856890678406
fold_1,1701,retrieval,582,1453,1459,23.846927642822266,0.09501548111438751
fold_1,1701,recent,1427,1458,1459,nan,0.0938834473490715
fold_1,1701,random,539,1409,1459,nan,0.08444340527057648
fold_1,1702,retrieval,688,1457,1459,7.144138336181641,0.10107666999101639
fold_1,1702,recent,1427,1458,1459,nan,0.0938834473490715
fold_1,1702,random,496,1379,1459,nan,0.072940394282341
fold_1,1703,retrieval,670,1074,1459,158.80828857421875,0.08969301730394363
fold_1,1703,recent,1427,1458,1459,nan,0.0938834473490715
fold_1,1703,random,499,1416,1459,nan,0.08626600354909897
fold_1,1704,retrieval,582,1456,1459,25.05668830871582,0.09767524152994156
fold_1,1704,recent,1427,1458,1459,nan,0.0938834473490715
fold_1,1704,random,516,1427,1459,nan,0.08183255046606064
fold_1,1705,retrieval,581,1454,1459,14.866783142089844,0.09093857556581497
fold_1,1705,recent,1427,1458,1459,nan,0.0938834473490715
fold_1,1705,random,533,1437,1459,nan,0.09126870334148407
fold_1,1706,retrieval,723,1457,1459,13.579309463500977,0.10422532260417938
fold_1,1706,recent,1427,1458,1459,nan,0.0938834473490715
fold_1,1706,random,516,1428,1459,nan,0.07998546212911606
fold_1,1707,retrieval,581,1454,1459,10.589621543884277,0.08105054497718811
fold_1,1707,recent,1427,1458,1459,nan,0.0938834473490715
fold_1,1707,random,503,1425,1459,nan,0.07415056228637695
fold_1,1708,retrieval,632,1457,1459,15.846578598022461,0.0949237123131752
fold_1,1708,recent,1427,1458,1459,nan,0.0938834473490715
fold_1,1708,random,492,1409,1459,nan,0.08291781693696976
fold_1,1709,retrieval,495,1454,1459,10.705282211303711,0.08583321422338486
fold_1,1709,recent,1427,1458,1459,nan,0.0938834473490715
fold_1,1709,random,537,1452,1459,nan,0.07774338126182556
fold_1,1710,retrieval,634,1457,1459,11.450054168701172,0.10120899975299835
fold_1,1710,recent,1427,1458,1459,nan,0.0938834473490715
fold_1,1710,random,487,1432,1459,nan,0.08561550080776215
fold_1,1711,retrieval,682,1458,1459,6.987337112426758,0.1079351082444191
fold_1,1711,recent,1427,1458,1459,nan,0.0938834473490715
fold_1,1711,random,500,1446,1459,nan,0.08232644945383072
fold_1,1712,retrieval,531,1457,1459,7.826910972595215,0.09404142200946808
fold_1,1712,recent,1427,1458,1459,nan,0.0938834473490715
fold_1,1712,random,521,1445,1459,nan,0.07813993841409683
fold_1,1713,retrieval,495,1454,1459,9.934087753295898,0.08873820304870605
fold_1,1713,recent,1427,1458,1459,nan,0.0938834473490715
fold_1,1713,random,488,1434,1459,nan,0.08059848845005035
fold_1,1714,retrieval,739,1454,1459,9.286581993103027,0.09724410623311996
fold_1,1714,recent,1427,1458,1459,nan,0.0938834473490715
fold_1,1714,random,550,1416,1459,nan,0.08281823247671127
fold_1,1715,retrieval,688,1451,1459,6.308666229248047,0.09078006446361542
fold_1,1715,recent,1427,1458,1459,nan,0.0938834473490715
fold_1,1715,random,529,1394,1459,nan,0.08497433364391327
fold_1,1716,retrieval,495,1454,1459,10.894830703735352,0.09038601815700531
fold_1,1716,recent,1427,1458,1459,nan,0.0938834473490715
fold_1,1716,random,519,1427,1459,nan,0.07880233228206635
fold_1,1717,retrieval,581,1454,1459,17.243040084838867,0.09330729395151138
fold_1,1717,recent,1427,1458,1459,nan,0.0938834473490715
fold_1,1717,random,509,1334,1459,nan,0.08319097757339478
fold_1,1718,retrieval,581,1454,1459,12.446611404418945,0.09163513034582138
fold_1,1718,recent,1427,1458,1459,nan,0.0938834473490715
fold_1,1718,random,534,1445,1459,nan,0.08653243631124496
fold_1,1719,retrieval,733,1457,1459,9.407096862792969,0.10661844164133072
fold_1,1719,recent,1427,1458,1459,nan,0.0938834473490715
fold_1,1719,random,495,1451,1459,nan,0.08420897275209427
fold_1,1720,retrieval,737,1454,1459,8.711273193359375,0.08256912231445312
fold_1,1720,recent,1427,1458,1459,nan,0.0938834473490715
fold_1,1720,random,507,1442,1459,nan,0.0788048803806305
fold_1,1721,retrieval,682,1457,1459,6.396308422088623,0.09822266548871994
fold_1,1721,recent,1427,1458,1459,nan,0.0938834473490715
fold_1,1721,random,499,1436,1459,nan,0.08034111559391022
fold_1,1722,retrieval,735,1457,1459,7.216459274291992,0.08846434205770493
fold_1,1722,recent,1427,1458,1459,nan,0.0938834473490715
fold_1,1722,random,513,1456,1459,nan,0.08664366602897644
fold_1,1723,retrieval,688,1457,1459,5.472938060760498,0.09573764353990555
fold_1,1723,recent,1427,1458,1459,nan,0.0938834473490715
fold_1,1723,random,507,1456,1459,nan,0.08344970643520355
fold_1,1724,retrieval,776,1447,1459,4.624464988708496,0.07310542464256287
fold_1,1724,recent,1427,1458,1459,nan,0.0938834473490715
fold_1,1724,random,547,1454,1459,nan,0.08203122764825821
fold_1,1725,retrieval,533,1457,1459,11.366402626037598,0.09524158388376236
fold_1,1725,recent,1427,1458,1459,nan,0.0938834473490715
fold_1,1725,random,489,1453,1459,nan,0.07771848887205124
fold_1,1726,retrieval,688,1457,1459,6.118406295776367,0.09866441786289215
fold_1,1726,recent,1427,1458,1459,nan,0.0938834473490715
fold_1,1726,random,510,1450,1459,nan,0.08587418496608734
fold_1,1727,retrieval,980,1458,1459,5.120994567871094,0.0950421690940857
fold_1,1727,recent,1427,1458,1459,nan,0.0938834473490715
fold_1,1727,random,491,1444,1459,nan,0.0829852968454361
fold_1,1728,retrieval,1129,1458,1459,5.2693586349487305,0.08989565819501877
fold_1,1728,recent,1427,1458,1459,nan,0.0938834473490715
fold_1,1728,random,550,1449,1459,nan,0.08727642148733139
fold_1,1729,retrieval,764,1432,1459,5.102305889129639,0.07724694162607193
fold_1,1729,recent,1427,1458,1459,nan,0.0938834473490715
fold_1,1729,random,507,1448,1459,nan,0.08259180933237076
fold_1,1730,retrieval,688,1458,1459,4.829463958740234,0.08631440997123718
fold_1,1730,recent,1427,1458,1459,nan,0.0938834473490715
fold_1,1730,random,543,1411,1459,nan,0.07602658122777939
fold_1,1731,retrieval,516,1458,1459,5.163389205932617,0.07598796486854553
fold_1,1731,recent,1427,1458,1459,nan,0.0938834473490715
fold_1,1731,random,517,1458,1459,nan,0.08617772161960602
fold_1,1732,retrieval,981,1458,1459,5.845378398895264,0.09102996438741684
fold_1,1732,recent,1427,1458,1459,nan,0.0938834473490715
fold_1,1732,random,488,1378,1459,nan,0.08099054545164108
fold_1,1733,retrieval,495,1454,1459,9.116337776184082,0.08392612636089325
fold_1,1733,recent,1427,1458,1459,nan,0.0938834473490715
fold_1,1733,random,500,1406,1459,nan,0.08649920672178268
fold_1,1734,retrieval,581,1454,1459,9.987794876098633,0.09687360376119614
fold_1,1734,recent,1427,1458,1459,nan,0.0938834473490715
fold_1,1734,random,493,1455,1459,nan,0.07720326632261276
fold_1,1735,retrieval,501,1453,1459,17.525440216064453,0.09457318484783173
fold_1,1735,recent,1427,1458,1459,nan,0.0938834473490715
fold_1,1735,random,487,1450,1459,nan,0.08354736119508743
fold_1,1736,retrieval,739,1457,1459,8.90056037902832,0.10545609146356583
fold_1,1736,recent,1427,1458,1459,nan,0.0938834473490715
fold_1,1736,random,516,1424,1459,nan,0.08087055385112762
fold_1,1737,retrieval,734,1457,1459,7.047824382781982,0.10235616564750671
fold_1,1737,recent,1427,1458,1459,nan,0.0938834473490715
fold_1,1737,random,502,1443,1459,nan,0.0890197902917862
fold_1,1738,retrieval,1160,1458,1459,6.741305828094482,0.09951483458280563
fold_1,1738,recent,1427,1458,1459,nan,0.0938834473490715
fold_1,1738,random,504,1364,1459,nan,0.08544155210256577
fold_1,1739,retrieval,495,1454,1459,9.376508712768555,0.0870034471154213
fold_1,1739,recent,1427,1458,1459,nan,0.0938834473490715
fold_1,1739,random,494,1438,1459,nan,0.07842183858156204
fold_1,1740,retrieval,688,1458,1459,7.494156837463379,0.10521141439676285
fold_1,1740,recent,1427,1458,1459,nan,0.0938834473490715
fold_1,1740,random,519,1388,1459,nan,0.07790771871805191
fold_1,1741,retrieval,631,1456,1459,10.322912216186523,0.09818314015865326
fold_1,1741,recent,1427,1458,1459,nan,0.0938834473490715
fold_1,1741,random,493,1455,1459,nan,0.07620412111282349
fold_1,1742,retrieval,634,1457,1459,9.268823623657227,0.0895560160279274
fold_1,1742,recent,1427,1458,1459,nan,0.0938834473490715
fold_1,1742,random,536,1446,1459,nan,0.08420118689537048
fold_1,1743,retrieval,500,1447,1459,5.852878570556641,0.0790756344795227
fold_1,1743,recent,1427,1458,1459,nan,0.0938834473490715
fold_1,1743,random,504,1446,1459,nan,0.07922282069921494
fold_1,1744,retrieval,740,1447,1459,6.8163604736328125,0.08260000497102737
fold_1,1744,recent,1427,1458,1459,nan,0.0938834473490715
fold_1,1744,random,508,1450,1459,nan,0.08372964709997177
fold_1,1745,retrieval,486,1451,1459,6.666091442108154,0.08415810763835907
fold_1,1745,recent,1427,1458,1459,nan,0.0938834473490715
fold_1,1745,random,512,1442,1459,nan,0.07956700026988983
fold_1,1746,retrieval,513,1432,1459,5.012036323547363,0.07140031456947327
fold_1,1746,recent,1427,1458,1459,nan,0.0938834473490715
fold_1,1746,random,534,1403,1459,nan,0.083194799721241
fold_1,1747,retrieval,513,1447,1459,5.901627063751221,0.06985636055469513
fold_1,1747,recent,1427,1458,1459,nan,0.0938834473490715
fold_1,1747,random,570,1445,1459,nan,0.07536275684833527
fold_1,1748,retrieval,600,1451,1459,5.953159332275391,0.07540594041347504
fold_1,1748,recent,1427,1458,1459,nan,0.0938834473490715
fold_1,1748,random,492,1416,1459,nan,0.06971170008182526
fold_1,1749,retrieval,688,1457,1459,5.87168550491333,0.08822514861822128
fold_1,1749,recent,1427,1458,1459,nan,0.0938834473490715
fold_1,1749,random,508,1440,1459,nan,0.07462862879037857
fold_1,1750,retrieval,688,1458,1459,6.379693984985352,0.09750502556562424
fold_1,1750,recent,1427,1458,1459,nan,0.0938834473490715
fold_1,1750,random,497,1456,1459,nan,0.08631747215986252
fold_1,1751,retrieval,1128,1458,1459,5.181100368499756,0.09511701762676239
fold_1,1751,recent,1427,1458,1459,nan,0.0938834473490715
fold_1,1751,random,523,1422,1459,nan,0.07814028114080429
fold_1,1752,retrieval,513,1458,1459,5.0094170570373535,0.08925927430391312
fold_1,1752,recent,1427,1458,1459,nan,0.0938834473490715
fold_1,1752,random,488,1401,1459,nan,0.06858126074075699
fold_1,1753,retrieval,533,1457,1459,6.3415117263793945,0.08861176669597626
fold_1,1753,recent,1427,1458,1459,nan,0.0938834473490715
fold_1,1753,random,507,1430,1459,nan,0.0762467235326767
fold_1,1754,retrieval,981,1458,1459,5.12668514251709,0.09157156199216843
fold_1,1754,recent,1427,1458,1459,nan,0.0938834473490715
fold_1,1754,random,501,1449,1459,nan,0.08391446620225906
fold_1,1755,retrieval,763,1451,1459,5.421806335449219,0.08053391426801682
fold_1,1755,recent,1427,1458,1459,nan,0.0938834473490715
fold_1,1755,random,515,1428,1459,nan,0.07934130728244781
fold_1,1756,retrieval,495,1447,1459,6.5101776123046875,0.07652349770069122
fold_1,1756,recent,1427,1458,1459,nan,0.0938834473490715
fold_1,1756,random,505,1404,1459,nan,0.07991870492696762
fold_1,1757,retrieval,512,1451,1459,5.7489213943481445,0.07299534231424332
fold_1,1757,recent,1427,1458,1459,nan,0.0938834473490715
fold_1,1757,random,504,1406,1459,nan,0.09128676354885101
fold_1,1758,retrieval,688,1458,1459,5.008144378662109,0.0792241320014
fold_1,1758,recent,1427,1458,1459,nan,0.0938834473490715
fold_1,1758,random,488,1442,1459,nan,0.08145246654748917
fold_1,1759,retrieval,513,1458,1459,5.890348434448242,0.07499077916145325
fold_1,1759,recent,1427,1458,1459,nan,0.0938834473490715
fold_1,1759,random,506,1415,1459,nan,0.0768408328294754
fold_1,1760,retrieval,734,1458,1459,4.864460468292236,0.08746840059757233
fold_1,1760,recent,1427,1458,1459,nan,0.0938834473490715
fold_1,1760,random,531,1435,1459,nan,0.08918647468090057
fold_1,1761,retrieval,980,1458,1459,4.505244255065918,0.0733630433678627
fold_1,1761,recent,1427,1458,1459,nan,0.0938834473490715
fold_1,1761,random,488,1340,1459,nan,0.07156482338905334
fold_1,1762,retrieval,513,1447,1459,5.268857002258301,0.06982357800006866
fold_1,1762,recent,1427,1458,1459,nan,0.0938834473490715
fold_1,1762,random,606,1457,1459,nan,0.08834380656480789
fold_1,1763,retrieval,516,1447,1459,5.989412784576416,0.07408436387777328
fold_1,1763,recent,1427,1458,1459,nan,0.0938834473490715
fold_1,1763,random,530,1428,1459,nan,0.07526121288537979
fold_1,1764,retrieval,688,1451,1459,4.965862274169922,0.07581253349781036
fold_1,1764,recent,1427,1458,1459,nan,0.0938834473490715
fold_1,1764,random,519,1351,1459,nan,0.07771768420934677
fold_1,1765,retrieval,513,1458,1459,5.0380706787109375,0.07401743531227112
fold_1,1765,recent,1427,1458,1459,nan,0.0938834473490715
fold_1,1765,random,531,1402,1459,nan,0.07226812094449997
fold_1,1766,retrieval,688,1451,1459,4.864809989929199,0.07261233031749725
fold_1,1766,recent,1427,1458,1459,nan,0.0938834473490715
fold_1,1766,random,510,1437,1459,nan,0.07838106155395508
fold_1,1767,retrieval,513,1458,1459,5.109341621398926,0.06943154335021973
fold_1,1767,recent,1427,1458,1459,nan,0.0938834473490715
fold_1,1767,random,491,1425,1459,nan,0.07751233130693436
fold_1,1768,retrieval,513,1432,1459,3.999162197113037,0.06461137533187866
fold_1,1768,recent,1427,1458,1459,nan,0.0938834473490715
fold_1,1768,random,517,1448,1459,nan,0.09166757762432098
fold_1,1769,retrieval,533,1458,1459,5.468975067138672,0.07938727736473083
fold_1,1769,recent,1427,1458,1459,nan,0.0938834473490715
fold_1,1769,random,497,1447,1459,nan,0.09203322976827621
fold_1,1770,retrieval,513,1431,1459,4.290332794189453,0.06937955319881439
fold_1,1770,recent,1427,1458,1459,nan,0.0938834473490715
fold_1,1770,random,498,1435,1459,nan,0.08539457619190216
fold_1,1771,retrieval,495,1447,1459,7.924584865570068,0.07895035296678543
fold_1,1771,recent,1427,1458,1459,nan,0.0938834473490715
fold_1,1771,random,507,1404,1459,nan,0.08429356664419174
fold_1,1772,retrieval,533,1454,1459,6.0608367919921875,0.08014271408319473
fold_1,1772,recent,1427,1458,1459,nan,0.0938834473490715
fold_1,1772,random,488,1454,1459,nan,0.08547768741846085
fold_1,1773,retrieval,688,1458,1459,5.206128120422363,0.098456010222435
fold_1,1773,recent,1427,1458,1459,nan,0.0938834473490715
fold_1,1773,random,547,1458,1459,nan,0.08431065827608109
fold_1,1774,retrieval,533,1447,1459,4.610983848571777,0.07328382879495621
fold_1,1774,recent,1427,1458,1459,nan,0.0938834473490715
fold_1,1774,random,527,1449,1459,nan,0.06916751712560654
fold_1,1775,retrieval,512,1430,1459,4.444963455200195,0.06998811662197113
fold_1,1775,recent,1427,1458,1459,nan,0.0938834473490715
fold_1,1775,random,501,1446,1459,nan,0.08663398772478104
fold_1,1776,retrieval,609,1430,1459,3.7245426177978516,0.0743829682469368
fold_1,1776,recent,1427,1458,1459,nan,0.0938834473490715
fold_1,1776,random,509,1445,1459,nan,0.07589396089315414
fold_1,1777,retrieval,513,1421,1459,5.282201766967773,0.06789970397949219
fold_1,1777,recent,1427,1458,1459,nan,0.0938834473490715
fold_1,1777,random,513,1420,1459,nan,0.07887335121631622
fold_1,1778,retrieval,512,1424,1459,3.761371612548828,0.07300247997045517
fold_1,1778,recent,1427,1458,1459,nan,0.0938834473490715
fold_1,1778,random,499,1452,1459,nan,0.0847640186548233
fold_1,1779,retrieval,486,1430,1459,4.4154953956604,0.0668603703379631
fold_1,1779,recent,1427,1458,1459,nan,0.0938834473490715
fold_1,1779,random,496,1433,1459,nan,0.08370500802993774
fold_1,1780,retrieval,760,1431,1459,3.8709471225738525,0.0648116022348404
fold_1,1780,recent,1427,1458,1459,nan,0.0938834473490715
fold_1,1780,random,503,1421,1459,nan,0.0841846838593483
fold_1,1781,retrieval,512,1430,1459,3.895632743835449,0.06759654730558395
fold_1,1781,recent,1427,1458,1459,nan,0.0938834473490715
fold_1,1781,random,486,1454,1459,nan,0.07767429202795029
fold_1,1782,retrieval,498,1447,1459,6.407313346862793,0.07409827411174774
fold_1,1782,recent,1427,1458,1459,nan,0.0938834473490715
fold_1,1782,random,536,1432,1459,nan,0.09498201310634613
fold_1,1783,retrieval,631,1454,1459,8.376853942871094,0.0884154811501503
fold_1,1783,recent,1427,1458,1459,nan,0.0938834473490715
fold_1,1783,random,489,1352,1459,nan,0.07893071323633194
fold_1,1784,retrieval,778,1422,1459,4.351982116699219,0.0771322175860405
fold_1,1784,recent,1427,1458,1459,nan,0.0938834473490715
fold_1,1784,random,500,1445,1459,nan,0.08588944375514984
fold_1,1785,retrieval,516,1421,1459,4.381076812744141,0.06989989429712296
fold_1,1785,recent,1427,1458,1459,nan,0.0938834473490715
fold_1,1785,random,507,1437,1459,nan,0.0750633180141449
fold_1,1786,retrieval,533,1453,1459,8.507822036743164,0.09386484324932098
fold_1,1786,recent,1427,1458,1459,nan,0.0938834473490715
fold_1,1786,random,510,1457,1459,nan,0.08837857097387314
fold_1,1787,retrieval,514,1424,1459,4.133547782897949,0.07611868530511856
fold_1,1787,recent,1427,1458,1459,nan,0.0938834473490715
fold_1,1787,random,504,1458,1459,nan,0.08489121496677399
fold_1,1788,retrieval,513,1430,1459,3.9256093502044678,0.07424924522638321
fold_1,1788,recent,1427,1458,1459,nan,0.0938834473490715
fold_1,1788,random,508,1404,1459,nan,0.08791732788085938
fold_1,1789,retrieval,756,1458,1459,4.13562536239624,0.07486730068922043
fold_1,1789,recent,1427,1458,1459,nan,0.0938834473490715
fold_1,1789,random,495,1453,1459,nan,0.08027791976928711
fold_1,1790,retrieval,495,1447,1459,6.195707321166992,0.07897058874368668
fold_1,1790,recent,1427,1458,1459,nan,0.0938834473490715
fold_1,1790,random,504,1458,1459,nan,0.09226903319358826
fold_1,1791,retrieval,751,1420,1459,4.309304237365723,0.08043079078197479
fold_1,1791,recent,1427,1458,1459,nan,0.0938834473490715
fold_1,1791,random,518,1438,1459,nan,0.07747696340084076
fold_1,1792,retrieval,753,1458,1459,4.317821979522705,0.07609108090400696
fold_1,1792,recent,1427,1458,1459,nan,0.0938834473490715
fold_1,1792,random,513,1432,1459,nan,0.08082658797502518
fold_1,1793,retrieval,980,1430,1459,3.181213617324829,0.06998711824417114
fold_1,1793,recent,1427,1458,1459,nan,0.0938834473490715
fold_1,1793,random,499,1419,1459,nan,0.08032199740409851
fold_1,1794,retrieval,513,1421,1459,3.865361213684082,0.0681462213397026
fold_1,1794,recent,1427,1458,1459,nan,0.0938834473490715
fold_1,1794,random,498,1423,1459,nan,0.08204521983861923
fold_1,1795,retrieval,513,1424,1459,4.225682735443115,0.07595809549093246
fold_1,1795,recent,1427,1458,1459,nan,0.0938834473490715
fold_1,1795,random,511,1456,1459,nan,0.08459927886724472
fold_1,1796,retrieval,513,1421,1459,5.148118495941162,0.06845362484455109
fold_1,1796,recent,1427,1458,1459,nan,0.0938834473490715
fold_1,1796,random,528,1388,1459,nan,0.0778631940484047
fold_1,1797,retrieval,760,1427,1459,3.1424007415771484,0.07147785276174545
fold_1,1797,recent,1427,1458,1459,nan,0.0938834473490715
fold_1,1797,random,544,1440,1459,nan,0.08619359135627747
fold_1,1798,retrieval,533,1423,1459,4.823115348815918,0.07643958926200867
fold_1,1798,recent,1427,1458,1459,nan,0.0938834473490715
fold_1,1798,random,534,1458,1459,nan,0.0768161490559578
fold_1,1799,retrieval,510,1430,1459,5.035569190979004,0.07339795678853989
fold_1,1799,recent,1427,1458,1459,nan,0.0938834473490715
fold_1,1799,random,488,1455,1459,nan,0.08067634701728821
fold_1,1800,retrieval,763,1434,1459,3.5907106399536133,0.06350808590650558
fold_1,1800,recent,1427,1458,1459,nan,0.0938834473490715
fold_1,1800,random,486,1452,1459,nan,0.08136366307735443
fold_1,1801,retrieval,980,1431,1459,3.3462977409362793,0.06517888605594635
fold_1,1801,recent,1427,1458,1459,nan,0.0938834473490715
fold_1,1801,random,503,1454,1459,nan,0.08531996607780457
fold_1,1802,retrieval,1011,1432,1459,3.4405272006988525,0.06375066190958023
fold_1,1802,recent,1427,1458,1459,nan,0.0938834473490715
fold_1,1802,random,507,1423,1459,nan,0.0808962881565094
fold_1,1803,retrieval,984,1431,1459,3.5032970905303955,0.06654034554958344
fold_1,1803,recent,1427,1458,1459,nan,0.0938834473490715
fold_1,1803,random,490,1410,1459,nan,0.07177063077688217
fold_1,1804,retrieval,975,1430,1459,3.0263519287109375,0.06954050809144974
fold_1,1804,recent,1427,1458,1459,nan,0.0938834473490715
fold_1,1804,random,500,1400,1459,nan,0.09008367359638214
fold_1,1805,retrieval,975,1430,1459,3.4004950523376465,0.0685015395283699
fold_1,1805,recent,1427,1458,1459,nan,0.0938834473490715
fold_1,1805,random,525,1458,1459,nan,0.09174037724733353
fold_1,1806,retrieval,533,1422,1459,8.952123641967773,0.08079862594604492
fold_1,1806,recent,1427,1458,1459,nan,0.0938834473490715
fold_1,1806,random,509,1448,1459,nan,0.08304044604301453
fold_1,1807,retrieval,778,1458,1459,4.927464008331299,0.0842394158244133
fold_1,1807,recent,1427,1458,1459,nan,0.0938834473490715
fold_1,1807,random,488,1434,1459,nan,0.07895001769065857
fold_1,1808,retrieval,600,1457,1459,6.186014652252197,0.09201817214488983
fold_1,1808,recent,1427,1458,1459,nan,0.0938834473490715
fold_1,1808,random,508,1453,1459,nan,0.0817541629076004
fold_1,1809,retrieval,975,1458,1459,4.153704643249512,0.07672002911567688
fold_1,1809,recent,1427,1458,1459,nan,0.0938834473490715
fold_1,1809,random,580,1413,1459,nan,0.06765516102313995
fold_1,1810,retrieval,980,1451,1459,3.3438432216644287,0.07354587316513062
fold_1,1810,recent,1427,1458,1459,nan,0.0938834473490715
fold_1,1810,random,494,1425,1459,nan,0.07974059879779816
fold_1,1811,retrieval,981,1458,1459,3.8066370487213135,0.0786973312497139
fold_1,1811,recent,1427,1458,1459,nan,0.0938834473490715
fold_1,1811,random,539,1456,1459,nan,0.08419887721538544
fold_1,1812,retrieval,981,1432,1459,4.224577903747559,0.07180452346801758
fold_1,1812,recent,1427,1458,1459,nan,0.0938834473490715
fold_1,1812,random,500,1385,1459,nan,0.07811471819877625
fold_1,1813,retrieval,794,1458,1459,3.922738552093506,0.075723797082901
fold_1,1813,recent,1427,1458,1459,nan,0.0938834473490715
fold_1,1813,random,506,1448,1459,nan,0.07747989892959595
fold_1,1814,retrieval,975,1458,1459,3.6690948009490967,0.0758184865117073
fold_1,1814,recent,1427,1458,1459,nan,0.0938834473490715
fold_1,1814,random,566,1451,1459,nan,0.0881151482462883
fold_1,1815,retrieval,533,1456,1459,8.471101760864258,0.08285827189683914
fold_1,1815,recent,1427,1458,1459,nan,0.0938834473490715
fold_1,1815,random,537,1449,1459,nan,0.08054006844758987
fold_1,1816,retrieval,979,1457,1459,4.913232326507568,0.0840894803404808
fold_1,1816,recent,1427,1458,1459,nan,0.0938834473490715
fold_1,1816,random,506,1417,1459,nan,0.08884779363870621
fold_1,1817,retrieval,980,1458,1459,3.808339834213257,0.07116260379552841
fold_1,1817,recent,1427,1458,1459,nan,0.0938834473490715
fold_1,1817,random,489,1456,1459,nan,0.09155897051095963
fold_1,1818,retrieval,980,1458,1459,3.811185598373413,0.06441158056259155
fold_1,1818,recent,1427,1458,1459,nan,0.0938834473490715
fold_1,1818,random,489,1429,1459,nan,0.09373536705970764
fold_1,1819,retrieval,1011,1431,1459,3.2078857421875,0.06335954368114471
fold_1,1819,recent,1427,1458,1459,nan,0.0938834473490715
fold_1,1819,random,536,1447,1459,nan,0.08597541600465775
fold_1,1820,retrieval,762,1430,1459,3.257878303527832,0.06706032156944275
fold_1,1820,recent,1427,1458,1459,nan,0.0938834473490715
fold_1,1820,random,488,1440,1459,nan,0.08686162531375885
fold_1,1821,retrieval,979,1436,1459,3.9396770000457764,0.06947792321443558
fold_1,1821,recent,1427,1458,1459,nan,0.0938834473490715
fold_1,1821,random,491,1449,1459,nan,0.07895734161138535
fold_1,1822,retrieval,1355,1436,1459,3.266740322113037,0.060503553599119186
fold_1,1822,recent,1427,1458,1459,nan,0.0938834473490715
fold_1,1822,random,573,1439,1459,nan,0.07699675858020782
fold_1,1823,retrieval,1355,1436,1459,3.561366081237793,0.06361033767461777
fold_1,1823,recent,1427,1458,1459,nan,0.0938834473490715
fold_1,1823,random,493,1435,1459,nan,0.08519454300403595
fold_1,1824,retrieval,981,1458,1459,3.5808804035186768,0.07202934473752975
fold_1,1824,recent,1427,1458,1459,nan,0.0938834473490715
fold_1,1824,random,534,1440,1459,nan,0.08159109950065613
fold_1,1825,retrieval,1355,1431,1459,3.2065396308898926,0.059322260320186615
fold_1,1825,recent,1427,1458,1459,nan,0.0938834473490715
fold_1,1825,random,579,1446,1459,nan,0.07589522004127502
fold_1,1826,retrieval,976,1434,1459,3.659665584564209,0.06726985424757004
fold_1,1826,recent,1427,1458,1459,nan,0.0938834473490715
fold_1,1826,random,548,1447,1459,nan,0.08123446255922318
fold_1,1827,retrieval,981,1458,1459,4.233463764190674,0.07164719700813293
fold_1,1827,recent,1427,1458,1459,nan,0.0938834473490715
fold_1,1827,random,494,1369,1459,nan,0.07196264714002609
fold_1,1828,retrieval,1364,1436,1459,3.4095726013183594,0.06380860507488251
fold_1,1828,recent,1427,1458,1459,nan,0.0938834473490715
fold_1,1828,random,492,1453,1459,nan,0.08083026856184006
fold_1,1829,retrieval,1355,1431,1459,3.3907504081726074,0.057694822549819946
fold_1,1829,recent,1427,1458,1459,nan,0.0938834473490715
fold_1,1829,random,520,1437,1459,nan,0.08477543294429779
fold_1,1830,retrieval,1351,1431,1459,3.4652411937713623,0.05960622802376747
fold_1,1830,recent,1427,1458,1459,nan,0.0938834473490715
fold_1,1830,random,560,1440,1459,nan,0.07365085929632187
fold_1,1831,retrieval,763,1430,1459,3.273977279663086,0.06096344441175461
fold_1,1831,recent,1427,1458,1459,nan,0.0938834473490715
fold_1,1831,random,503,1457,1459,nan,0.09297351539134979
fold_1,1832,retrieval,527,1430,1459,3.5008606910705566,0.06664187461137772
fold_1,1832,recent,1427,1458,1459,nan,0.0938834473490715
fold_1,1832,random,501,1419,1459,nan,0.07471305876970291
fold_1,1833,retrieval,1008,1427,1459,3.0534398555755615,0.056212808936834335
fold_1,1833,recent,1427,1458,1459,nan,0.0938834473490715
fold_1,1833,random,555,1427,1459,nan,0.07444055378437042
fold_1,1834,retrieval,1275,1427,1459,3.3594017028808594,0.056917931884527206
fold_1,1834,recent,1427,1458,1459,nan,0.0938834473490715
fold_1,1834,random,492,1444,1459,nan,0.08188851922750473
fold_1,1835,retrieval,521,1424,1459,3.912719488143921,0.07032886892557144
fold_1,1835,recent,1427,1458,1459,nan,0.0938834473490715
fold_1,1835,random,498,1418,1459,nan,0.07865006476640701
fold_1,1836,retrieval,976,1427,1459,3.3801255226135254,0.06822290271520615
fold_1,1836,recent,1427,1458,1459,nan,0.0938834473490715
fold_1,1836,random,532,1443,1459,nan,0.08761776983737946
fold_1,1837,retrieval,762,1427,1459,3.75732421875,0.05698493495583534
fold_1,1837,recent,1427,1458,1459,nan,0.0938834473490715
fold_1,1837,random,497,1399,1459,nan,0.07873360067605972
fold_1,1838,retrieval,495,1454,1459,8.452251434326172,0.07206422090530396
fold_1,1838,recent,1427,1458,1459,nan,0.0938834473490715
fold_1,1838,random,516,1450,1459,nan,0.08675485104322433
fold_1,1839,retrieval,516,1447,1459,4.71872615814209,0.07296529412269592
fold_1,1839,recent,1427,1458,1459,nan,0.0938834473490715
fold_1,1839,random,498,1440,1459,nan,0.09188492596149445
fold_1,1840,retrieval,513,1424,1459,4.287403583526611,0.07008634507656097
fold_1,1840,recent,1427,1458,1459,nan,0.0938834473490715
fold_1,1840,random,580,1409,1459,nan,0.0971895232796669
fold_1,1841,retrieval,558,1454,1459,6.634757995605469,0.08395695686340332
fold_1,1841,recent,1427,1458,1459,nan,0.0938834473490715
fold_1,1841,random,487,1417,1459,nan,0.07268118858337402
fold_1,1842,retrieval,512,1427,1459,3.0716042518615723,0.07036980241537094
fold_1,1842,recent,1427,1458,1459,nan,0.0938834473490715
fold_1,1842,random,540,1458,1459,nan,0.07907840609550476
fold_1,1843,retrieval,760,1427,1459,2.8536696434020996,0.0719975158572197
fold_1,1843,recent,1427,1458,1459,nan,0.0938834473490715
fold_1,1843,random,500,1448,1459,nan,0.07426780462265015
fold_1,1844,retrieval,527,1427,1459,3.0566084384918213,0.07259780913591385
fold_1,1844,recent,1427,1458,1459,nan,0.0938834473490715
fold_1,1844,random,502,1445,1459,nan,0.08302196860313416
fold_1,1845,retrieval,527,1427,1459,3.1563305854797363,0.06904721260070801
fold_1,1845,recent,1427,1458,1459,nan,0.0938834473490715
fold_1,1845,random,506,1424,1459,nan,0.08580369502305984
fold_1,1846,retrieval,984,1430,1459,3.199094295501709,0.06516963988542557
fold_1,1846,recent,1427,1458,1459,nan,0.0938834473490715
fold_1,1846,random,538,1426,1459,nan,0.08430533111095428
fold_1,1847,retrieval,762,1429,1459,3.0238349437713623,0.06480598449707031
fold_1,1847,recent,1427,1458,1459,nan,0.0938834473490715
fold_1,1847,random,602,1458,1459,nan,0.08337055891752243
fold_1,1848,retrieval,521,1427,1459,3.446430206298828,0.06995831429958344
fold_1,1848,recent,1427,1458,1459,nan,0.0938834473490715
fold_1,1848,random,510,1457,1459,nan,0.09924343973398209
fold_1,1849,retrieval,514,1424,1459,4.110302925109863,0.07554106414318085
fold_1,1849,recent,1427,1458,1459,nan,0.0938834473490715
fold_1,1849,random,509,1432,1459,nan,0.08612462133169174
fold_1,1850,retrieval,512,1427,1459,3.7658462524414062,0.07180530577898026
fold_1,1850,recent,1427,1458,1459,nan,0.0938834473490715
fold_1,1850,random,488,1402,1459,nan,0.07827682048082352
fold_1,1851,retrieval,510,1430,1459,4.294785499572754,0.06273657828569412
fold_1,1851,recent,1427,1458,1459,nan,0.0938834473490715
fold_1,1851,random,492,1412,1459,nan,0.0738409012556076
fold_1,1852,retrieval,1350,1434,1459,3.1199169158935547,0.06364491581916809
fold_1,1852,recent,1427,1458,1459,nan,0.0938834473490715
fold_1,1852,random,616,1446,1459,nan,0.0843181386590004
fold_1,1853,retrieval,1350,1431,1459,3.0750670433044434,0.05915391817688942
fold_1,1853,recent,1427,1458,1459,nan,0.0938834473490715
fold_1,1853,random,494,1427,1459,nan,0.08411183208227158
fold_1,1854,retrieval,1355,1431,1459,3.2792844772338867,0.05938892439007759
fold_1,1854,recent,1427,1458,1459,nan,0.0938834473490715
fold_1,1854,random,563,1438,1459,nan,0.08349555730819702
fold_1,1855,retrieval,1351,1430,1459,2.51432466506958,0.054846037179231644
fold_1,1855,recent,1427,1458,1459,nan,0.0938834473490715
fold_1,1855,random,505,1416,1459,nan,0.07829165458679199
fold_1,1856,retrieval,981,1431,1459,3.1752676963806152,0.06294189393520355
fold_1,1856,recent,1427,1458,1459,nan,0.0938834473490715
fold_1,1856,random,574,1457,1459,nan,0.08884704858064651
fold_1,1857,retrieval,763,1427,1459,3.0613784790039062,0.06426601856946945
fold_1,1857,recent,1427,1458,1459,nan,0.0938834473490715
fold_1,1857,random,537,1449,1459,nan,0.08627517521381378
fold_1,1858,retrieval,768,1427,1459,2.7668657302856445,0.06301172077655792
fold_1,1858,recent,1427,1458,1459,nan,0.0938834473490715
fold_1,1858,random,507,1455,1459,nan,0.07742618769407272
fold_1,1859,retrieval,554,1430,1459,5.060323715209961,0.06823965162038803
fold_1,1859,recent,1427,1458,1459,nan,0.0938834473490715
fold_1,1859,random,566,1448,1459,nan,0.08120618015527725
fold_1,1860,retrieval,763,1427,1459,2.860832691192627,0.060507163405418396
fold_1,1860,recent,1427,1458,1459,nan,0.0938834473490715
fold_1,1860,random,507,1443,1459,nan,0.08451151847839355
fold_1,1861,retrieval,1011,1427,1459,2.7112269401550293,0.05733075365424156
fold_1,1861,recent,1427,1458,1459,nan,0.0938834473490715
fold_1,1861,random,543,1440,1459,nan,0.0826432853937149
fold_1,1862,retrieval,768,1427,1459,2.7380869388580322,0.06227617338299751
fold_1,1862,recent,1427,1458,1459,nan,0.0938834473490715
fold_1,1862,random,489,1449,1459,nan,0.0699102059006691
fold_1,1863,retrieval,521,1427,1459,3.448042392730713,0.06705210357904434
fold_1,1863,recent,1427,1458,1459,nan,0.0938834473490715
fold_1,1863,random,542,1405,1459,nan,0.07839080691337585
fold_1,1864,retrieval,976,1427,1459,3.813023090362549,0.06710782647132874
fold_1,1864,recent,1427,1458,1459,nan,0.0938834473490715
fold_1,1864,random,543,1395,1459,nan,0.07794619351625443
fold_1,1865,retrieval,521,1427,1459,4.066387176513672,0.07204112410545349
fold_1,1865,recent,1427,1458,1459,nan,0.0938834473490715
fold_1,1865,random,598,1397,1459,nan,0.08962391316890717
fold_1,1866,retrieval,768,1427,1459,3.085937976837158,0.06469723582267761
fold_1,1866,recent,1427,1458,1459,nan,0.0938834473490715
fold_1,1866,random,487,1456,1459,nan,0.09297051280736923
fold_1,1867,retrieval,521,1427,1459,3.7140064239501953,0.06430313736200333
fold_1,1867,recent,1427,1458,1459,nan,0.0938834473490715
fold_1,1867,random,489,1438,1459,nan,0.08528026193380356
fold_1,1868,retrieval,1350,1429,1459,2.6892032623291016,0.05645047128200531
fold_1,1868,recent,1427,1458,1459,nan,0.0938834473490715
fold_1,1868,random,487,1452,1459,nan,0.08357329666614532
fold_1,1869,retrieval,774,1427,1459,3.239706039428711,0.05906238406896591
fold_1,1869,recent,1427,1458,1459,nan,0.0938834473490715
fold_1,1869,random,570,1426,1459,nan,0.08271688222885132
fold_1,1870,retrieval,1275,1427,1459,3.2109804153442383,0.05960535630583763
fold_1,1870,recent,1427,1458,1459,nan,0.0938834473490715
fold_1,1870,random,518,1404,1459,nan,0.08255225419998169
fold_1,1871,retrieval,533,1445,1459,6.9403462409973145,0.07994366437196732
fold_1,1871,recent,1427,1458,1459,nan,0.0938834473490715
fold_1,1871,random,486,1369,1459,nan,0.08005659282207489
fold_1,1872,retrieval,768,1427,1459,3.4383280277252197,0.07126551121473312
fold_1,1872,recent,1427,1458,1459,nan,0.0938834473490715
fold_1,1872,random,531,1452,1459,nan,0.08283241838216782
fold_1,1873,retrieval,976,1426,1459,3.451784610748291,0.07382763922214508
fold_1,1873,recent,1427,1458,1459,nan,0.0938834473490715
fold_1,1873,random,525,1408,1459,nan,0.07601861655712128
fold_1,1874,retrieval,695,1427,1459,3.7823679447174072,0.05996839702129364
fold_1,1874,recent,1427,1458,1459,nan,0.0938834473490715
fold_1,1874,random,508,1424,1459,nan,0.08057399839162827
fold_1,1875,retrieval,696,1427,1459,3.019069194793701,0.06886449456214905
fold_1,1875,recent,1427,1458,1459,nan,0.0938834473490715
fold_1,1875,random,506,1403,1459,nan,0.07357386499643326
fold_1,1876,retrieval,772,1427,1459,3.3039472103118896,0.06446459144353867
fold_1,1876,recent,1427,1458,1459,nan,0.0938834473490715
fold_1,1876,random,496,1428,1459,nan,0.07407902181148529
fold_1,1877,retrieval,768,1427,1459,3.7110238075256348,0.059066131711006165
fold_1,1877,recent,1427,1458,1459,nan,0.0938834473490715
fold_1,1877,random,488,1458,1459,nan,0.076492078602314
fold_1,1878,retrieval,1008,1427,1459,3.016451120376587,0.06063041463494301
fold_1,1878,recent,1427,1458,1459,nan,0.0938834473490715
fold_1,1878,random,503,1415,1459,nan,0.08131041377782822
fold_1,1879,retrieval,541,1422,1459,4.081357479095459,0.07255030423402786
fold_1,1879,recent,1427,1458,1459,nan,0.0938834473490715
fold_1,1879,random,561,1419,1459,nan,0.07676282525062561
fold_1,1880,retrieval,761,1427,1459,3.321816921234131,0.07424549013376236
fold_1,1880,recent,1427,1458,1459,nan,0.0938834473490715
fold_1,1880,random,518,1444,1459,nan,0.0841122642159462
fold_1,1881,retrieval,768,1427,1459,3.123340129852295,0.0687890574336052
fold_1,1881,recent,1427,1458,1459,nan,0.0938834473490715
fold_1,1881,random,502,1422,1459,nan,0.08017528802156448
fold_1,1882,retrieval,768,1427,1459,3.2123847007751465,0.06535620242357254
fold_1,1882,recent,1427,1458,1459,nan,0.0938834473490715
fold_1,1882,random,504,1444,1459,nan,0.07610772550106049
fold_1,1883,retrieval,767,1427,1459,3.533588409423828,0.0683346539735794
fold_1,1883,recent,1427,1458,1459,nan,0.0938834473490715
fold_1,1883,random,557,1324,1459,nan,0.07722724229097366
fold_1,1884,retrieval,1059,1429,1459,3.6957409381866455,0.06261643767356873
fold_1,1884,recent,1427,1458,1459,nan,0.0938834473490715
fold_1,1884,random,498,1452,1459,nan,0.07857722043991089
fold_1,1885,retrieval,1350,1429,1459,2.9175074100494385,0.05710583180189133
fold_1,1885,recent,1427,1458,1459,nan,0.0938834473490715
fold_1,1885,random,492,1338,1459,nan,0.0747927576303482
fold_1,1886,retrieval,1335,1427,1459,3.1930060386657715,0.05754522606730461
fold_1,1886,recent,1427,1458,1459,nan,0.0938834473490715
fold_1,1886,random,493,1370,1459,nan,0.08675100654363632
fold_1,1887,retrieval,774,1427,1459,2.9530320167541504,0.05607224628329277
fold_1,1887,recent,1427,1458,1459,nan,0.0938834473490715
fold_1,1887,random,489,1456,1459,nan,0.0901096984744072
fold_1,1888,retrieval,696,1427,1459,3.351844310760498,0.06497184932231903
fold_1,1888,recent,1427,1458,1459,nan,0.0938834473490715
fold_1,1888,random,526,1387,1459,nan,0.07978586852550507
fold_1,1889,retrieval,976,1426,1459,3.9511499404907227,0.06601957231760025
fold_1,1889,recent,1427,1458,1459,nan,0.0938834473490715
fold_1,1889,random,589,1455,1459,nan,0.07722850143909454
fold_1,1890,retrieval,760,1427,1459,3.3619327545166016,0.0656934529542923
fold_1,1890,recent,1427,1458,1459,nan,0.0938834473490715
fold_1,1890,random,519,1413,1459,nan,0.07669033855199814
fold_1,1891,retrieval,1350,1427,1459,3.0036373138427734,0.05404293164610863
fold_1,1891,recent,1427,1458,1459,nan,0.0938834473490715
fold_1,1891,random,489,1415,1459,nan,0.07125069946050644
fold_1,1892,retrieval,1275,1427,1459,3.0176072120666504,0.055185239762067795
fold_1,1892,recent,1427,1458,1459,nan,0.0938834473490715
fold_1,1892,random,608,1453,1459,nan,0.0842570886015892
fold_1,1893,retrieval,526,1427,1459,3.392554759979248,0.06203513965010643
fold_1,1893,recent,1427,1458,1459,nan,0.0938834473490715
fold_1,1893,random,525,1454,1459,nan,0.09135933220386505
fold_1,1894,retrieval,1349,1429,1459,2.924098014831543,0.05875392258167267
fold_1,1894,recent,1427,1458,1459,nan,0.0938834473490715
fold_1,1894,random,529,1419,1459,nan,0.08056353777647018
fold_1,1895,retrieval,1330,1427,1459,3.0697760581970215,0.05388713628053665
fold_1,1895,recent,1427,1458,1459,nan,0.0938834473490715
fold_1,1895,random,488,1421,1459,nan,0.08112162351608276
fold_1,1896,retrieval,1008,1427,1459,3.2504405975341797,0.055165838450193405
fold_1,1896,recent,1427,1458,1459,nan,0.0938834473490715
fold_1,1896,random,488,1454,1459,nan,0.07239802926778793
fold_1,1897,retrieval,526,1427,1459,3.4853124618530273,0.06382568925619125
fold_1,1897,recent,1427,1458,1459,nan,0.0938834473490715
fold_1,1897,random,494,1450,1459,nan,0.09987833350896835
fold_1,1898,retrieval,768,1427,1459,3.2172679901123047,0.06418072432279587
fold_1,1898,recent,1427,1458,1459,nan,0.0938834473490715
fold_1,1898,random,497,1413,1459,nan,0.07770100235939026
fold_1,1899,retrieval,984,1426,1459,3.4760372638702393,0.06379206478595734
fold_1,1899,recent,1427,1458,1459,nan,0.0938834473490715
fold_1,1899,random,494,1442,1459,nan,0.08487185835838318
fold_1,1900,retrieval,774,1427,1459,3.185856819152832,0.05922327935695648
fold_1,1900,recent,1427,1458,1459,nan,0.0938834473490715
fold_1,1900,random,520,1447,1459,nan,0.06829887628555298
fold_1,1901,retrieval,1275,1427,1459,3.048438549041748,0.055167730897665024
fold_1,1901,recent,1427,1458,1459,nan,0.0938834473490715
fold_1,1901,random,533,1425,1459,nan,0.07567525655031204
fold_1,1902,retrieval,1350,1431,1459,3.097782611846924,0.060878101736307144
fold_1,1902,recent,1427,1458,1459,nan,0.0938834473490715
fold_1,1902,random,527,1455,1459,nan,0.07324619591236115
fold_1,1903,retrieval,1275,1430,1459,2.67570161819458,0.05539334937930107
fold_1,1903,recent,1427,1458,1459,nan,0.0938834473490715
fold_1,1903,random,514,1456,1459,nan,0.07592186331748962
fold_1,1904,retrieval,1350,1429,1459,3.053760528564453,0.059315916150808334
fold_1,1904,recent,1427,1458,1459,nan,0.0938834473490715
fold_1,1904,random,546,1458,1459,nan,0.07505430281162262
fold_1,1905,retrieval,1350,1427,1459,2.809744358062744,0.053687576204538345
fold_1,1905,recent,1427,1458,1459,nan,0.0938834473490715
fold_1,1905,random,500,1446,1459,nan,0.08019866794347763
fold_1,1906,retrieval,521,1417,1459,4.019308567047119,0.06345374882221222
fold_1,1906,recent,1427,1458,1459,nan,0.0938834473490715
fold_1,1906,random,486,1423,1459,nan,0.08692345768213272
fold_1,1907,retrieval,1349,1431,1459,4.161240100860596,0.06232418492436409
fold_1,1907,recent,1427,1458,1459,nan,0.0938834473490715
fold_1,1907,random,486,1428,1459,nan,0.07908855378627777
fold_1,1908,retrieval,1351,1434,1459,3.2800040245056152,0.062413133680820465
fold_1,1908,recent,1427,1458,1459,nan,0.0938834473490715
fold_1,1908,random,568,1433,1459,nan,0.08663986623287201
fold_1,1909,retrieval,1364,1436,1459,3.2855453491210938,0.06382034718990326
fold_1,1909,recent,1427,1458,1459,nan,0.0938834473490715
fold_1,1909,random,537,1446,1459,nan,0.07934973388910294
fold_1,1910,retrieval,1355,1431,1459,3.4621694087982178,0.05952717736363411
fold_1,1910,recent,1427,1458,1459,nan,0.0938834473490715
fold_1,1910,random,488,1423,1459,nan,0.08406258374452591
fold_1,1911,retrieval,1350,1431,1459,2.9427595138549805,0.05968591198325157
fold_1,1911,recent,1427,1458,1459,nan,0.0938834473490715
fold_1,1911,random,506,1455,1459,nan,0.07877510040998459
fold_1,1912,retrieval,1355,1431,1459,3.3382365703582764,0.06111164391040802
fold_1,1912,recent,1427,1458,1459,nan,0.0938834473490715
fold_1,1912,random,521,1425,1459,nan,0.07962875813245773
fold_1,1913,retrieval,1350,1427,1459,2.9808621406555176,0.05694426968693733
fold_1,1913,recent,1427,1458,1459,nan,0.0938834473490715
fold_1,1913,random,534,1450,1459,nan,0.08350472152233124
fold_1,1914,retrieval,1350,1430,1459,2.710864305496216,0.057387784123420715
fold_1,1914,recent,1427,1458,1459,nan,0.0938834473490715
fold_1,1914,random,495,1393,1459,nan,0.07829254120588303
fold_1,1915,retrieval,1350,1431,1459,3.392468214035034,0.05906950682401657
fold_1,1915,recent,1427,1458,1459,nan,0.0938834473490715
fold_1,1915,random,528,1424,1459,nan,0.0803750604391098
fold_1,1916,retrieval,1355,1431,1459,2.9331164360046387,0.057884201407432556
fold_1,1916,recent,1427,1458,1459,nan,0.0938834473490715
fold_1,1916,random,516,1374,1459,nan,0.07661963999271393
fold_1,1917,retrieval,976,1427,1459,3.7883219718933105,0.06407754123210907
fold_1,1917,recent,1427,1458,1459,nan,0.0938834473490715
fold_1,1917,random,492,1385,1459,nan,0.08318716287612915
fold_1,1918,retrieval,528,1431,1459,4.096757888793945,0.06458709388971329
fold_1,1918,recent,1427,1458,1459,nan,0.0938834473490715
fold_1,1918,random,498,1440,1459,nan,0.08093470335006714
fold_1,1919,retrieval,1355,1431,1459,2.9937551021575928,0.05950743332505226
fold_1,1919,recent,1427,1458,1459,nan,0.0938834473490715
fold_1,1919,random,522,1448,1459,nan,0.07985378801822662
fold_1,1920,retrieval,976,1434,1459,3.903144598007202,0.0718272402882576
fold_1,1920,recent,1427,1458,1459,nan,0.0938834473490715
fold_1,1920,random,514,1457,1459,nan,0.07893670350313187
fold_1,1921,retrieval,1353,1431,1459,2.941840887069702,0.061919163912534714
fold_1,1921,recent,1427,1458,1459,nan,0.0938834473490715
fold_1,1921,random,509,1456,1459,nan,0.07803670316934586
fold_1,1922,retrieval,1350,1427,1459,3.145871162414551,0.05502992495894432
fold_1,1922,recent,1427,1458,1459,nan,0.0938834473490715
fold_1,1922,random,508,1454,1459,nan,0.08555986732244492
fold_1,1923,retrieval,514,1424,1459,4.105971336364746,0.06996262818574905
fold_1,1923,recent,1427,1458,1459,nan,0.0938834473490715
fold_1,1923,random,492,1421,1459,nan,0.08103945851325989
fold_1,1924,retrieval,530,1452,1459,5.079868793487549,0.07964242249727249
fold_1,1924,recent,1427,1458,1459,nan,0.0938834473490715
fold_1,1924,random,530,1445,1459,nan,0.08316994458436966
fold_1,1925,retrieval,768,1427,1459,2.7122249603271484,0.06542600691318512
fold_1,1925,recent,1427,1458,1459,nan,0.0938834473490715
fold_1,1925,random,487,1456,1459,nan,0.07107491791248322
fold_1,1926,retrieval,760,1427,1459,3.3080146312713623,0.0685090571641922
fold_1,1926,recent,1427,1458,1459,nan,0.0938834473490715
fold_1,1926,random,542,1407,1459,nan,0.07614894956350327
fold_1,1927,retrieval,768,1427,1459,3.2539584636688232,0.06018766388297081
fold_1,1927,recent,1427,1458,1459,nan,0.0938834473490715
fold_1,1927,random,510,1432,1459,nan,0.07919830828905106
fold_1,1928,retrieval,521,1427,1459,3.2692275047302246,0.06952591985464096
fold_1,1928,recent,1427,1458,1459,nan,0.0938834473490715
fold_1,1928,random,510,1448,1459,nan,0.07714550942182541
fold_1,1929,retrieval,495,1447,1459,5.660998344421387,0.06925707310438156
fold_1,1929,recent,1427,1458,1459,nan,0.0938834473490715
fold_1,1929,random,511,1441,1459,nan,0.07689041644334793
fold_1,1930,retrieval,545,1457,1459,4.44229793548584,0.09079296141862869
fold_1,1930,recent,1427,1458,1459,nan,0.0938834473490715
fold_1,1930,random,521,1443,1459,nan,0.0947684571146965
fold_1,1931,retrieval,975,1430,1459,3.224848747253418,0.06966356188058853
fold_1,1931,recent,1427,1458,1459,nan,0.0938834473490715
fold_1,1931,random,522,1450,1459,nan,0.08326204866170883
fold_1,1932,retrieval,979,1451,1459,3.606182336807251,0.0744364783167839
fold_1,1932,recent,1427,1458,1459,nan,0.0938834473490715
fold_1,1932,random,514,1433,1459,nan,0.08691173046827316
fold_1,1933,retrieval,980,1429,1459,2.320849657058716,0.060103364288806915
fold_1,1933,recent,1427,1458,1459,nan,0.0938834473490715
fold_1,1933,random,505,1370,1459,nan,0.07616972178220749
fold_1,1934,retrieval,984,1426,1459,2.5739424228668213,0.06847720593214035
fold_1,1934,recent,1427,1458,1459,nan,0.0938834473490715
fold_1,1934,random,487,1429,1459,nan,0.07940449565649033
fold_1,1935,retrieval,977,1427,1459,2.479367733001709,0.06674950569868088
fold_1,1935,recent,1427,1458,1459,nan,0.0938834473490715
fold_1,1935,random,508,1434,1459,nan,0.08392541855573654
fold_1,1936,retrieval,990,1429,1459,2.5410537719726562,0.06279000639915466
fold_1,1936,recent,1427,1458,1459,nan,0.0938834473490715
fold_1,1936,random,524,1421,1459,nan,0.09366440773010254
fold_1,1937,retrieval,984,1427,1459,2.3315696716308594,0.06011468917131424
fold_1,1937,recent,1427,1458,1459,nan,0.0938834473490715
fold_1,1937,random,493,1428,1459,nan,0.08242389559745789
fold_1,1938,retrieval,976,1424,1459,2.8694839477539062,0.0738515555858612
fold_1,1938,recent,1427,1458,1459,nan,0.0938834473490715
fold_1,1938,random,578,1436,1459,nan,0.0785999447107315
fold_1,1939,retrieval,545,1458,1459,4.426413536071777,0.07280633598566055
fold_1,1939,recent,1427,1458,1459,nan,0.0938834473490715
fold_1,1939,random,510,1449,1459,nan,0.07729580998420715
fold_1,1940,retrieval,990,1427,1459,2.4951820373535156,0.061566952615976334
fold_1,1940,recent,1427,1458,1459,nan,0.0938834473490715
fold_1,1940,random,519,1450,1459,nan,0.08360306918621063
fold_1,1941,retrieval,977,1427,1459,2.709273338317871,0.06823607534170151
fold_1,1941,recent,1427,1458,1459,nan,0.0938834473490715
fold_1,1941,random,490,1397,1459,nan,0.07642289251089096
fold_1,1942,retrieval,976,1427,1459,3.082341194152832,0.07111212611198425
fold_1,1942,recent,1427,1458,1459,nan,0.0938834473490715
fold_1,1942,random,494,1444,1459,nan,0.08950776606798172
fold_1,1943,retrieval,768,1427,1459,2.9947400093078613,0.06687083095312119
fold_1,1943,recent,1427,1458,1459,nan,0.0938834473490715
fold_1,1943,random,488,1434,1459,nan,0.08240355551242828
fold_1,1944,retrieval,1011,1427,1459,2.9445533752441406,0.058363184332847595
fold_1,1944,recent,1427,1458,1459,nan,0.0938834473490715
fold_1,1944,random,516,1328,1459,nan,0.08720854669809341
fold_2,1945,retrieval,1375,1944,1945,1.721303105354309,0.05122123286128044
fold_2,1945,recent,1913,1944,1945,nan,0.06675936281681061
fold_2,1945,random,610,1790,1945,nan,0.08757397532463074
fold_2,1946,retrieval,1363,1944,1945,1.5560089349746704,0.052502915263175964
fold_2,1946,recent,1913,1944,1945,nan,0.06675936281681061
fold_2,1946,random,568,1885,1945,nan,0.08517416566610336
fold_2,1947,retrieval,1416,1941,1945,1.4106346368789673,0.059930846095085144
fold_2,1947,recent,1913,1944,1945,nan,0.06675936281681061
fold_2,1947,random,512,1882,1945,nan,0.0912334993481636
fold_2,1948,retrieval,1363,1941,1945,1.5383036136627197,0.05481049418449402
fold_2,1948,recent,1913,1944,1945,nan,0.06675936281681061
fold_2,1948,random,486,1865,1945,nan,0.07711493223905563
fold_2,1949,retrieval,1362,1944,1945,1.6720219850540161,0.056464944034814835
fold_2,1949,recent,1913,1944,1945,nan,0.06675936281681061
fold_2,1949,random,510,1910,1945,nan,0.08186063170433044
fold_2,1950,retrieval,976,1943,1945,1.6501398086547852,0.06359776109457016
fold_2,1950,recent,1913,1944,1945,nan,0.06675936281681061
fold_2,1950,random,493,1914,1945,nan,0.09993960708379745
fold_2,1951,retrieval,976,1943,1945,2.4611897468566895,0.06944911926984787
fold_2,1951,recent,1913,1944,1945,nan,0.06675936281681061
fold_2,1951,random,530,1833,1945,nan,0.07996464520692825
fold_2,1952,retrieval,490,1942,1945,3.0228142738342285,0.07901094108819962
fold_2,1952,recent,1913,1944,1945,nan,0.06675936281681061
fold_2,1952,random,525,1910,1945,nan,0.08664390444755554
fold_2,1953,retrieval,582,1841,1945,8.524887084960938,0.09169073402881622
fold_2,1953,recent,1913,1944,1945,nan,0.06675936281681061
fold_2,1953,random,513,1894,1945,nan,0.10284967720508575
fold_2,1954,retrieval,1103,1839,1945,2.670257568359375,0.07797594368457794
fold_2,1954,recent,1913,1944,1945,nan,0.06675936281681061
fold_2,1954,random,650,1890,1945,nan,0.07970113307237625
fold_2,1955,retrieval,976,1937,1945,1.8110473155975342,0.07960622757673264
fold_2,1955,recent,1913,1944,1945,nan,0.06675936281681061
fold_2,1955,random,536,1837,1945,nan,0.09895744919776917
fold_2,1956,retrieval,976,1942,1945,2.1146955490112305,0.07707859575748444
fold_2,1956,recent,1913,1944,1945,nan,0.06675936281681061
fold_2,1956,random,499,1822,1945,nan,0.07716850936412811
fold_2,1957,retrieval,989,1944,1945,2.2721965312957764,0.06694148480892181
fold_2,1957,recent,1913,1944,1945,nan,0.06675936281681061
fold_2,1957,random,506,1883,1945,nan,0.08004780113697052
fold_2,1958,retrieval,1011,1944,1945,1.9102963209152222,0.06838065385818481
fold_2,1958,recent,1913,1944,1945,nan,0.06675936281681061
fold_2,1958,random,587,1821,1945,nan,0.08725972473621368
fold_2,1959,retrieval,1066,1943,1945,1.6148983240127563,0.06586092710494995
fold_2,1959,recent,1913,1944,1945,nan,0.06675936281681061
fold_2,1959,random,553,1819,1945,nan,0.06991980969905853
fold_2,1960,retrieval,1066,1944,1945,1.9408786296844482,0.07149795442819595
fold_2,1960,recent,1913,1944,1945,nan,0.06675936281681061
fold_2,1960,random,498,1930,1945,nan,0.09019137918949127
fold_2,1961,retrieval,1058,1944,1945,2.087662935256958,0.05866829678416252
fold_2,1961,recent,1913,1944,1945,nan,0.06675936281681061
fold_2,1961,random,491,1898,1945,nan,0.09509972482919693
fold_2,1962,retrieval,984,1940,1945,2.181734085083008,0.07078581303358078
fold_2,1962,recent,1913,1944,1945,nan,0.06675936281681061
fold_2,1962,random,551,1932,1945,nan,0.08119716495275497
fold_2,1963,retrieval,1358,1944,1945,1.7041332721710205,0.05145593360066414
fold_2,1963,recent,1913,1944,1945,nan,0.06675936281681061
fold_2,1963,random,503,1871,1945,nan,0.09981638193130493
fold_2,1964,retrieval,774,1940,1945,1.7484389543533325,0.05783038213849068
fold_2,1964,recent,1913,1944,1945,nan,0.06675936281681061
fold_2,1964,random,505,1942,1945,nan,0.08305308222770691
fold_2,1965,retrieval,696,1940,1945,1.811936616897583,0.05286959558725357
fold_2,1965,recent,1913,1944,1945,nan,0.06675936281681061
fold_2,1965,random,489,1914,1945,nan,0.1018911674618721
fold_2,1966,retrieval,1352,1944,1945,2.5260233879089355,0.05726339668035507
fold_2,1966,recent,1913,1944,1945,nan,0.06675936281681061
fold_2,1966,random,502,1935,1945,nan,0.08962087333202362
fold_2,1967,retrieval,1363,1940,1945,1.5236234664916992,0.052616916596889496
fold_2,1967,recent,1913,1944,1945,nan,0.06675936281681061
fold_2,1967,random,494,1941,1945,nan,0.08782264590263367
fold_2,1968,retrieval,1377,1944,1945,1.939970850944519,0.05377810820937157
fold_2,1968,recent,1913,1944,1945,nan,0.06675936281681061
fold_2,1968,random,503,1925,1945,nan,0.08695833384990692
fold_2,1969,retrieval,1360,1943,1945,1.5988953113555908,0.05373604595661163
fold_2,1969,recent,1913,1944,1945,nan,0.06675936281681061
fold_2,1969,random,592,1842,1945,nan,0.07885784655809402
fold_2,1970,retrieval,1353,1943,1945,1.975386619567871,0.059187568724155426
fold_2,1970,recent,1913,1944,1945,nan,0.06675936281681061
fold_2,1970,random,498,1912,1945,nan,0.07582388073205948
fold_2,1971,retrieval,1363,1944,1945,1.725858449935913,0.049158476293087006
fold_2,1971,recent,1913,1944,1945,nan,0.06675936281681061
fold_2,1971,random,492,1842,1945,nan,0.10864449292421341
fold_2,1972,retrieval,1416,1940,1945,1.5467917919158936,0.05726448819041252
fold_2,1972,recent,1913,1944,1945,nan,0.06675936281681061
fold_2,1972,random,554,1913,1945,nan,0.07452959567308426
fold_2,1973,retrieval,1393,1940,1945,1.6289551258087158,0.05640217289328575
fold_2,1973,recent,1913,1944,1945,nan,0.06675936281681061
fold_2,1973,random,568,1925,1945,nan,0.11066184937953949
fold_2,1974,retrieval,1352,1944,1945,2.0789365768432617,0.052415721118450165
fold_2,1974,recent,1913,1944,1945,nan,0.06675936281681061
fold_2,1974,random,568,1938,1945,nan,0.08567121624946594
fold_2,1975,retrieval,1378,1940,1945,1.6227343082427979,0.05580036714673042
fold_2,1975,recent,1913,1944,1945,nan,0.06675936281681061
fold_2,1975,random,529,1905,1945,nan,0.08713215589523315
fold_2,1976,retrieval,1804,1937,1945,1.5982173681259155,0.05863329768180847
fold_2,1976,recent,1913,1944,1945,nan,0.06675936281681061
fold_2,1976,random,595,1899,1945,nan,0.0844811499118805
fold_2,1977,retrieval,1833,1940,1945,1.4784610271453857,0.05607422813773155
fold_2,1977,recent,1913,1944,1945,nan,0.06675936281681061
fold_2,1977,random,530,1940,1945,nan,0.10910726338624954
fold_2,1978,retrieval,1836,1942,1945,1.6092369556427002,0.058138735592365265
fold_2,1978,recent,1913,1944,1945,nan,0.06675936281681061
fold_2,1978,random,518,1913,1945,nan,0.08909772336483002
fold_2,1979,retrieval,1833,1940,1945,1.3380470275878906,0.05469768866896629
fold_2,1979,recent,1913,1944,1945,nan,0.06675936281681061
fold_2,1979,random,486,1928,1945,nan,0.08849037438631058
fold_2,1980,retrieval,1363,1944,1945,1.6935317516326904,0.04709577560424805
fold_2,1980,recent,1913,1944,1945,nan,0.06675936281681061
fold_2,1980,random,495,1906,1945,nan,0.08106015622615814
fold_2,1981,retrieval,1833,1943,1945,1.4749318361282349,0.05751505121588707
fold_2,1981,recent,1913,1944,1945,nan,0.06675936281681061
fold_2,1981,random,514,1933,1945,nan,0.09066837280988693
fold_2,1982,retrieval,1833,1942,1945,1.5984536409378052,0.05883214995265007
fold_2,1982,recent,1913,1944,1945,nan,0.06675936281681061
fold_2,1982,random,490,1915,1945,nan,0.08680608123540878
fold_2,1983,retrieval,1354,1944,1945,2.113672971725464,0.055087845772504807
fold_2,1983,recent,1913,1944,1945,nan,0.06675936281681061
fold_2,1983,random,534,1798,1945,nan,0.09861166030168533
fold_2,1984,retrieval,1833,1940,1945,1.7267546653747559,0.05536045506596565
fold_2,1984,recent,1913,1944,1945,nan,0.06675936281681061
fold_2,1984,random,514,1872,1945,nan,0.08418060839176178
fold_2,1985,retrieval,1833,1941,1945,1.7364832162857056,0.055767424404621124
fold_2,1985,recent,1913,1944,1945,nan,0.06675936281681061
fold_2,1985,random,516,1902,1945,nan,0.08535418659448624
fold_2,1986,retrieval,526,1941,1945,2.071902275085449,0.06209814175963402
fold_2,1986,recent,1913,1944,1945,nan,0.06675936281681061
fold_2,1986,random,516,1941,1945,nan,0.08010667562484741
fold_2,1987,retrieval,1833,1943,1945,1.7610318660736084,0.05673954635858536
fold_2,1987,recent,1913,1944,1945,nan,0.06675936281681061
fold_2,1987,random,676,1855,1945,nan,0.08764945715665817
fold_2,1988,retrieval,1356,1944,1945,2.5261266231536865,0.06027898192405701
fold_2,1988,recent,1913,1944,1945,nan,0.06675936281681061
fold_2,1988,random,508,1944,1945,nan,0.07761529833078384
fold_2,1989,retrieval,1360,1940,1945,1.6608171463012695,0.05393537878990173
fold_2,1989,recent,1913,1944,1945,nan,0.06675936281681061
fold_2,1989,random,540,1931,1945,nan,0.0848703384399414
fold_2,1990,retrieval,1833,1943,1945,1.625273585319519,0.056605394929647446
fold_2,1990,recent,1913,1944,1945,nan,0.06675936281681061
fold_2,1990,random,635,1880,1945,nan,0.09315823763608932
fold_2,1991,retrieval,1359,1944,1945,2.1917402744293213,0.0482490099966526
fold_2,1991,recent,1913,1944,1945,nan,0.06675936281681061
fold_2,1991,random,486,1927,1945,nan,0.08291856944561005
fold_2,1992,retrieval,1353,1942,1945,2.308840036392212,0.059449952095746994
fold_2,1992,recent,1913,1944,1945,nan,0.06675936281681061
fold_2,1992,random,499,1925,1945,nan,0.08526552468538284
fold_2,1993,retrieval,1825,1940,1945,1.4961670637130737,0.05761241912841797
fold_2,1993,recent,1913,1944,1945,nan,0.06675936281681061
fold_2,1993,random,573,1922,1945,nan,0.07976298779249191
fold_2,1994,retrieval,1833,1928,1945,1.9335845708847046,0.057191457599401474
fold_2,1994,recent,1913,1944,1945,nan,0.06675936281681061
fold_2,1994,random,527,1866,1945,nan,0.08154777437448502
fold_2,1995,retrieval,1804,1938,1945,1.7691850662231445,0.06262953579425812
fold_2,1995,recent,1913,1944,1945,nan,0.06675936281681061
fold_2,1995,random,543,1940,1945,nan,0.08853995054960251
fold_2,1996,retrieval,1417,1942,1945,2.324808359146118,0.06259482353925705
fold_2,1996,recent,1913,1944,1945,nan,0.06675936281681061
fold_2,1996,random,579,1921,1945,nan,0.0851396843791008
fold_2,1997,retrieval,1833,1940,1945,1.3068501949310303,0.05181032791733742
fold_2,1997,recent,1913,1944,1945,nan,0.06675936281681061
fold_2,1997,random,516,1907,1945,nan,0.09401006251573563
fold_2,1998,retrieval,1416,1940,1945,1.4068676233291626,0.058633219450712204
fold_2,1998,recent,1913,1944,1945,nan,0.06675936281681061
fold_2,1998,random,501,1927,1945,nan,0.08325447887182236
fold_2,1999,retrieval,1833,1943,1945,1.3649561405181885,0.05391029268503189
fold_2,1999,recent,1913,1944,1945,nan,0.06675936281681061
fold_2,1999,random,559,1909,1945,nan,0.0836062952876091
fold_2,2000,retrieval,976,1942,1945,1.9229745864868164,0.06599044799804688
fold_2,2000,recent,1913,1944,1945,nan,0.06675936281681061
fold_2,2000,random,488,1920,1945,nan,0.11013022810220718
fold_2,2001,retrieval,582,1572,1945,18.19940757751465,0.0967586487531662
fold_2,2001,recent,1913,1944,1945,nan,0.06675936281681061
fold_2,2001,random,513,1906,1945,nan,0.08410436660051346
fold_2,2002,retrieval,1235,1940,1945,1.7652437686920166,0.06754559278488159
fold_2,2002,recent,1913,1944,1945,nan,0.06675936281681061
fold_2,2002,random,506,1932,1945,nan,0.08479376137256622
fold_2,2003,retrieval,1238,1884,1945,4.664981365203857,0.07859954237937927
fold_2,2003,recent,1913,1944,1945,nan,0.06675936281681061
fold_2,2003,random,497,1915,1945,nan,0.07099169492721558
fold_2,2004,retrieval,1332,1940,1945,2.0402796268463135,0.04993285983800888
fold_2,2004,recent,1913,1944,1945,nan,0.06675936281681061
fold_2,2004,random,545,1912,1945,nan,0.08367198705673218
fold_2,2005,retrieval,1363,1940,1945,1.6487703323364258,0.05215861648321152
fold_2,2005,recent,1913,1944,1945,nan,0.06675936281681061
fold_2,2005,random,595,1943,1945,nan,0.09102176129817963
fold_2,2006,retrieval,1138,1939,1945,2.79512095451355,0.07250992208719254
fold_2,2006,recent,1913,1944,1945,nan,0.06675936281681061
fold_2,2006,random,629,1933,1945,nan,0.09515375643968582
fold_2,2007,retrieval,1386,1909,1945,2.2943215370178223,0.06929459422826767
fold_2,2007,recent,1913,1944,1945,nan,0.06675936281681061
fold_2,2007,random,495,1923,1945,nan,0.07838673144578934
fold_2,2008,retrieval,1139,1934,1945,3.150789260864258,0.07755481451749802
fold_2,2008,recent,1913,1944,1945,nan,0.06675936281681061
fold_2,2008,random,495,1917,1945,nan,0.07722108066082001
fold_2,2009,retrieval,1139,1934,1945,2.322978973388672,0.07303377240896225
fold_2,2009,recent,1913,1944,1945,nan,0.06675936281681061
fold_2,2009,random,553,1879,1945,nan,0.10633323341608047
fold_2,2010,retrieval,976,1941,1945,2.154275894165039,0.0677066221833229
fold_2,2010,recent,1913,1944,1945,nan,0.06675936281681061
fold_2,2010,random,529,1862,1945,nan,0.07948365062475204
fold_2,2011,retrieval,558,1939,1945,4.112853050231934,0.09356441348791122
fold_2,2011,recent,1913,1944,1945,nan,0.06675936281681061
fold_2,2011,random,491,1930,1945,nan,0.07907065749168396
fold_2,2012,retrieval,976,1942,1945,2.6644721031188965,0.0799197182059288
fold_2,2012,recent,1913,1944,1945,nan,0.06675936281681061
fold_2,2012,random,520,1876,1945,nan,0.07849504798650742
fold_2,2013,retrieval,558,1939,1945,2.758671283721924,0.07712908834218979
fold_2,2013,recent,1913,1944,1945,nan,0.06675936281681061
fold_2,2013,random,541,1943,1945,nan,0.07990168035030365
fold_2,2014,retrieval,976,1938,1945,2.094644546508789,0.06659045070409775
fold_2,2014,recent,1913,1944,1945,nan,0.06675936281681061
fold_2,2014,random,611,1913,1945,nan,0.07901357859373093
fold_2,2015,retrieval,798,1943,1945,1.729055404663086,0.07141320407390594
fold_2,2015,recent,1913,1944,1945,nan,0.06675936281681061
fold_2,2015,random,621,1927,1945,nan,0.08650503307580948
fold_2,2016,retrieval,558,1939,1945,6.324166297912598,0.09323573857545853
fold_2,2016,recent,1913,1944,1945,nan,0.06675936281681061
fold_2,2016,random,525,1932,1945,nan,0.09632538259029388
fold_2,2017,retrieval,1010,1932,1945,2.5752811431884766,0.08028341829776764
fold_2,2017,recent,1913,1944,1945,nan,0.06675936281681061
fold_2,2017,random,488,1876,1945,nan,0.07016874849796295
fold_2,2018,retrieval,984,1944,1945,1.7166497707366943,0.06868211925029755
fold_2,2018,recent,1913,1944,1945,nan,0.06675936281681061
fold_2,2018,random,581,1937,1945,nan,0.08579424023628235
fold_2,2019,retrieval,519,1939,1945,2.7908544540405273,0.0749034658074379
fold_2,2019,recent,1913,1944,1945,nan,0.06675936281681061
fold_2,2019,random,548,1865,1945,nan,0.08147886395454407
fold_2,2020,retrieval,984,1944,1945,2.0491695404052734,0.07034126669168472
fold_2,2020,recent,1913,1944,1945,nan,0.06675936281681061
fold_2,2020,random,486,1872,1945,nan,0.07998912781476974
fold_2,2021,retrieval,984,1940,1945,1.9654841423034668,0.07446401566267014
fold_2,2021,recent,1913,1944,1945,nan,0.06675936281681061
fold_2,2021,random,536,1839,1945,nan,0.08423129469156265
fold_2,2022,retrieval,984,1940,1945,1.4645423889160156,0.07011950761079788
fold_2,2022,recent,1913,1944,1945,nan,0.06675936281681061
fold_2,2022,random,546,1942,1945,nan,0.0863887220621109
fold_2,2023,retrieval,976,1934,1945,2.270867109298706,0.07820910960435867
fold_2,2023,recent,1913,1944,1945,nan,0.06675936281681061
fold_2,2023,random,552,1852,1945,nan,0.09772543609142303
fold_2,2024,retrieval,765,1942,1945,2.305459976196289,0.07592812925577164
fold_2,2024,recent,1913,1944,1945,nan,0.06675936281681061
fold_2,2024,random,486,1942,1945,nan,0.07988524436950684
fold_2,2025,retrieval,533,1930,1945,3.106407403945923,0.08053571730852127
fold_2,2025,recent,1913,1944,1945,nan,0.06675936281681061
fold_2,2025,random,543,1935,1945,nan,0.0775863379240036
fold_2,2026,retrieval,1128,1932,1945,2.1337647438049316,0.08543029427528381
fold_2,2026,recent,1913,1944,1945,nan,0.06675936281681061
fold_2,2026,random,494,1808,1945,nan,0.09299167990684509
fold_2,2027,retrieval,570,1942,1945,3.1069438457489014,0.08526057749986649
fold_2,2027,recent,1913,1944,1945,nan,0.06675936281681061
fold_2,2027,random,495,1939,1945,nan,0.07561378926038742
fold_2,2028,retrieval,533,1930,1945,3.366131544113159,0.08031626045703888
fold_2,2028,recent,1913,1944,1945,nan,0.06675936281681061
fold_2,2028,random,557,1920,1945,nan,0.07988946884870529
fold_2,2029,retrieval,778,1935,1945,1.7660377025604248,0.07686582207679749
fold_2,2029,recent,1913,1944,1945,nan,0.06675936281681061
fold_2,2029,random,505,1931,1945,nan,0.08461166173219681
fold_2,2030,retrieval,962,1934,1945,2.825838565826416,0.08157160878181458
fold_2,2030,recent,1913,1944,1945,nan,0.06675936281681061
fold_2,2030,random,534,1878,1945,nan,0.08284451812505722
fold_2,2031,retrieval,518,1813,1945,2.4622864723205566,0.08728864789009094
fold_2,2031,recent,1913,1944,1945,nan,0.06675936281681061
fold_2,2031,random,519,1937,1945,nan,0.09689587354660034
fold_2,2032,retrieval,980,1933,1945,1.7077698707580566,0.06670814752578735
fold_2,2032,recent,1913,1944,1945,nan,0.06675936281681061
fold_2,2032,random,511,1941,1945,nan,0.07781048864126205
fold_2,2033,retrieval,770,1942,1945,2.702953338623047,0.07970815151929855
fold_2,2033,recent,1913,1944,1945,nan,0.06675936281681061
fold_2,2033,random,544,1943,1945,nan,0.07328574359416962
fold_2,2034,retrieval,798,1943,1945,1.7653898000717163,0.07877056300640106
fold_2,2034,recent,1913,1944,1945,nan,0.06675936281681061
fold_2,2034,random,504,1938,1945,nan,0.09298557788133621
fold_2,2035,retrieval,976,1938,1945,2.6895813941955566,0.08113616704940796
fold_2,2035,recent,1913,1944,1945,nan,0.06675936281681061
fold_2,2035,random,560,1942,1945,nan,0.09626468271017075
fold_2,2036,retrieval,533,1929,1945,3.88253116607666,0.07769916951656342
fold_2,2036,recent,1913,1944,1945,nan,0.06675936281681061
fold_2,2036,random,494,1942,1945,nan,0.08949333429336548
fold_2,2037,retrieval,582,1930,1945,4.029666900634766,0.09060265123844147
fold_2,2037,recent,1913,1944,1945,nan,0.06675936281681061
fold_2,2037,random,543,1839,1945,nan,0.07947538048028946
fold_2,2038,retrieval,513,1824,1945,2.539364814758301,0.08315012603998184
fold_2,2038,recent,1913,1944,1945,nan,0.06675936281681061
fold_2,2038,random,490,1846,1945,nan,0.1081668809056282
fold_2,2039,retrieval,794,1933,1945,1.7212903499603271,0.0804302990436554
fold_2,2039,recent,1913,1944,1945,nan,0.06675936281681061
fold_2,2039,random,487,1923,1945,nan,0.08510728180408478
fold_2,2040,retrieval,534,1907,1945,4.180118083953857,0.08419862389564514
fold_2,2040,recent,1913,1944,1945,nan,0.06675936281681061
fold_2,2040,random,515,1938,1945,nan,0.08807402104139328
fold_2,2041,retrieval,782,1879,1945,3.251295328140259,0.08339958637952805
fold_2,2041,recent,1913,1944,1945,nan,0.06675936281681061
fold_2,2041,random,642,1930,1945,nan,0.08144141733646393
fold_2,2042,retrieval,735,1792,1945,2.5299806594848633,0.09533149003982544
fold_2,2042,recent,1913,1944,1945,nan,0.06675936281681061
fold_2,2042,random,494,1882,1945,nan,0.08180675655603409
fold_2,2043,retrieval,794,1793,1945,1.8371365070343018,0.08136261254549026
fold_2,2043,recent,1913,1944,1945,nan,0.06675936281681061
fold_2,2043,random,512,1943,1945,nan,0.08276716619729996
fold_2,2044,retrieval,974,1373,1945,1.6043702363967896,0.07975400239229202
fold_2,2044,recent,1913,1944,1945,nan,0.06675936281681061
fold_2,2044,random,493,1935,1945,nan,0.0833715945482254
fold_2,2045,retrieval,751,1902,1945,2.2137951850891113,0.06781379878520966
fold_2,2045,recent,1913,1944,1945,nan,0.06675936281681061
fold_2,2045,random,493,1900,1945,nan,0.09885355830192566
fold_2,2046,retrieval,984,1940,1945,1.6442205905914307,0.06323786079883575
fold_2,2046,recent,1913,1944,1945,nan,0.06675936281681061
fold_2,2046,random,495,1897,1945,nan,0.07657789438962936
fold_2,2047,retrieval,794,1937,1945,1.6892753839492798,0.08006324619054794
fold_2,2047,recent,1913,1944,1945,nan,0.06675936281681061
fold_2,2047,random,512,1921,1945,nan,0.08821626007556915
fold_2,2048,retrieval,976,1938,1945,2.235029458999634,0.08130387961864471
fold_2,2048,recent,1913,1944,1945,nan,0.06675936281681061
fold_2,2048,random,525,1938,1945,nan,0.06997153162956238
fold_2,2049,retrieval,989,1933,1945,1.8570795059204102,0.07181300967931747
fold_2,2049,recent,1913,1944,1945,nan,0.06675936281681061
fold_2,2049,random,602,1944,1945,nan,0.08550255000591278
fold_2,2050,retrieval,984,1940,1945,1.6956441402435303,0.06112639605998993
fold_2,2050,recent,1913,1944,1945,nan,0.06675936281681061
fold_2,2050,random,564,1925,1945,nan,0.07882963120937347
fold_2,2051,retrieval,1011,1944,1945,1.8701612949371338,0.064197838306427
fold_2,2051,recent,1913,1944,1945,nan,0.06675936281681061
fold_2,2051,random,486,1917,1945,nan,0.08757441490888596
fold_2,2052,retrieval,984,1940,1945,2.194605827331543,0.05776869133114815
fold_2,2052,recent,1913,1944,1945,nan,0.06675936281681061
fold_2,2052,random,505,1934,1945,nan,0.09472288936376572
fold_2,2053,retrieval,984,1944,1945,1.690328598022461,0.058887094259262085
fold_2,2053,recent,1913,1944,1945,nan,0.06675936281681061
fold_2,2053,random,574,1865,1945,nan,0.08140752464532852
fold_2,2054,retrieval,1066,1944,1945,1.7745556831359863,0.06352721154689789
fold_2,2054,recent,1913,1944,1945,nan,0.06675936281681061
fold_2,2054,random,505,1932,1945,nan,0.08535155653953552
fold_2,2055,retrieval,1066,1943,1945,1.9627890586853027,0.060147274285554886
fold_2,2055,recent,1913,1944,1945,nan,0.06675936281681061
fold_2,2055,random,520,1923,1945,nan,0.0928378477692604
fold_2,2056,retrieval,570,1942,1945,4.894330978393555,0.08227263391017914
fold_2,2056,recent,1913,1944,1945,nan,0.06675936281681061
fold_2,2056,random,487,1940,1945,nan,0.08724164217710495
fold_2,2057,retrieval,514,1938,1945,2.2894577980041504,0.0689917728304863
fold_2,2057,recent,1913,1944,1945,nan,0.06675936281681061
fold_2,2057,random,511,1916,1945,nan,0.07609520852565765
fold_2,2058,retrieval,1011,1944,1945,1.5622438192367554,0.06655173748731613
fold_2,2058,recent,1913,1944,1945,nan,0.06675936281681061
fold_2,2058,random,501,1898,1945,nan,0.08843863755464554
fold_2,2059,retrieval,1066,1940,1945,1.5664119720458984,0.054678887128829956
fold_2,2059,recent,1913,1944,1945,nan,0.06675936281681061
fold_2,2059,random,560,1903,1945,nan,0.07692033052444458
fold_2,2060,retrieval,976,1943,1945,2.0287160873413086,0.06675247102975845
fold_2,2060,recent,1913,1944,1945,nan,0.06675936281681061
fold_2,2060,random,526,1897,1945,nan,0.08332696557044983
fold_2,2061,retrieval,1001,1944,1945,1.9268474578857422,0.06298178434371948
fold_2,2061,recent,1913,1944,1945,nan,0.06675936281681061
fold_2,2061,random,511,1893,1945,nan,0.07752277702093124
fold_2,2062,retrieval,1023,1943,1945,1.8561630249023438,0.063217893242836
fold_2,2062,recent,1913,1944,1945,nan,0.06675936281681061
fold_2,2062,random,513,1819,1945,nan,0.0829414501786232
fold_2,2063,retrieval,1066,1944,1945,1.6940133571624756,0.05671021342277527
fold_2,2063,recent,1913,1944,1945,nan,0.06675936281681061
fold_2,2063,random,489,1897,1945,nan,0.07758123427629471
fold_2,2064,retrieval,1275,1943,1945,1.9550256729125977,0.05928616225719452
fold_2,2064,recent,1913,1944,1945,nan,0.06675936281681061
fold_2,2064,random,535,1934,1945,nan,0.0753062516450882
fold_2,2065,retrieval,772,1940,1945,1.8478294610977173,0.05582260340452194
fold_2,2065,recent,1913,1944,1945,nan,0.06675936281681061
fold_2,2065,random,588,1933,1945,nan,0.07783226668834686
fold_2,2066,retrieval,1275,1941,1945,1.6143629550933838,0.061062563210725784
fold_2,2066,recent,1913,1944,1945,nan,0.06675936281681061
fold_2,2066,random,486,1818,1945,nan,0.08245690166950226
fold_2,2067,retrieval,1853,1943,1945,1.9328398704528809,0.05473410710692406
fold_2,2067,recent,1913,1944,1945,nan,0.06675936281681061
fold_2,2067,random,516,1906,1945,nan,0.09554389119148254
fold_2,2068,retrieval,976,1940,1945,1.8297100067138672,0.06809061765670776
fold_2,2068,recent,1913,1944,1945,nan,0.06675936281681061
fold_2,2068,random,511,1934,1945,nan,0.08061841130256653
fold_2,2069,retrieval,976,1942,1945,2.7105565071105957,0.07623352110385895
fold_2,2069,recent,1913,1944,1945,nan,0.06675936281681061
fold_2,2069,random,518,1931,1945,nan,0.08383156359195709
fold_2,2070,retrieval,514,1938,1945,2.223389148712158,0.06677084416151047
fold_2,2070,recent,1913,1944,1945,nan,0.06675936281681061
fold_2,2070,random,528,1922,1945,nan,0.0768655315041542
fold_2,2071,retrieval,1066,1942,1945,1.8980813026428223,0.06660225987434387
fold_2,2071,recent,1913,1944,1945,nan,0.06675936281681061
fold_2,2071,random,591,1940,1945,nan,0.09139715135097504
fold_2,2072,retrieval,976,1943,1945,2.7927937507629395,0.06758317351341248
fold_2,2072,recent,1913,1944,1945,nan,0.06675936281681061
fold_2,2072,random,571,1885,1945,nan,0.07456371188163757
fold_2,2073,retrieval,582,1841,1945,12.285507202148438,0.08850346505641937
fold_2,2073,recent,1913,1944,1945,nan,0.06675936281681061
fold_2,2073,random,596,1889,1945,nan,0.07861163467168808
fold_2,2074,retrieval,795,1932,1945,2.4527435302734375,0.08544708043336868
fold_2,2074,recent,1913,1944,1945,nan,0.06675936281681061
fold_2,2074,random,535,1822,1945,nan,0.07883258163928986
fold_2,2075,retrieval,799,1933,1945,1.7157137393951416,0.07982110232114792
fold_2,2075,recent,1913,1944,1945,nan,0.06675936281681061
fold_2,2075,random,512,1906,1945,nan,0.08954697847366333
fold_2,2076,retrieval,1011,1944,1945,1.6914047002792358,0.06522832065820694
fold_2,2076,recent,1913,1944,1945,nan,0.06675936281681061
fold_2,2076,random,511,1929,1945,nan,0.0637439712882042
fold_2,2077,retrieval,984,1941,1945,1.9127825498580933,0.07836242020130157
fold_2,2077,recent,1913,1944,1945,nan,0.06675936281681061
fold_2,2077,random,490,1819,1945,nan,0.08012357354164124
fold_2,2078,retrieval,984,1937,1945,1.746227741241455,0.07519106566905975
fold_2,2078,recent,1913,1944,1945,nan,0.06675936281681061
fold_2,2078,random,566,1930,1945,nan,0.08258971571922302
fold_2,2079,retrieval,798,1941,1945,1.6466076374053955,0.07494179904460907
fold_2,2079,recent,1913,1944,1945,nan,0.06675936281681061
fold_2,2079,random,504,1925,1945,nan,0.08211980015039444
fold_2,2080,retrieval,798,1943,1945,2.0880799293518066,0.06989257037639618
fold_2,2080,recent,1913,1944,1945,nan,0.06675936281681061
fold_2,2080,random,503,1935,1945,nan,0.0913369357585907
fold_2,2081,retrieval,799,1936,1945,1.8138313293457031,0.07210345566272736
fold_2,2081,recent,1913,1944,1945,nan,0.06675936281681061
fold_2,2081,random,501,1940,1945,nan,0.09028464555740356
fold_2,2082,retrieval,1066,1943,1945,1.7209492921829224,0.06634995341300964
fold_2,2082,recent,1913,1944,1945,nan,0.06675936281681061
fold_2,2082,random,500,1938,1945,nan,0.08332543075084686
fold_2,2083,retrieval,1064,1941,1945,1.7596935033798218,0.07004008442163467
fold_2,2083,recent,1913,1944,1945,nan,0.06675936281681061
fold_2,2083,random,507,1929,1945,nan,0.07700648158788681
fold_2,2084,retrieval,984,1940,1945,1.914971113204956,0.06351826339960098
fold_2,2084,recent,1913,1944,1945,nan,0.06675936281681061
fold_2,2084,random,512,1927,1945,nan,0.08935029804706573
fold_2,2085,retrieval,976,1943,1945,1.8379827737808228,0.06684556603431702
fold_2,2085,recent,1913,1944,1945,nan,0.06675936281681061
fold_2,2085,random,522,1876,1945,nan,0.07846619933843613
fold_2,2086,retrieval,1124,1940,1945,1.8147249221801758,0.07437162101268768
fold_2,2086,recent,1913,1944,1945,nan,0.06675936281681061
fold_2,2086,random,531,1940,1945,nan,0.07600060850381851
fold_2,2087,retrieval,976,1943,1945,2.0035295486450195,0.06615106761455536
fold_2,2087,recent,1913,1944,1945,nan,0.06675936281681061
fold_2,2087,random,496,1877,1945,nan,0.1000162735581398
fold_2,2088,retrieval,984,1944,1945,2.442141056060791,0.07390029728412628
fold_2,2088,recent,1913,1944,1945,nan,0.06675936281681061
fold_2,2088,random,559,1935,1945,nan,0.08527489751577377
fold_2,2089,retrieval,1392,1943,1945,1.7715345621109009,0.05827588587999344
fold_2,2089,recent,1913,1944,1945,nan,0.06675936281681061
fold_2,2089,random,536,1905,1945,nan,0.083313949406147
fold_2,2090,retrieval,1066,1944,1945,2.0484843254089355,0.05438721925020218
fold_2,2090,recent,1913,1944,1945,nan,0.06675936281681061
fold_2,2090,random,491,1932,1945,nan,0.07862437516450882
fold_2,2091,retrieval,976,1942,1945,2.085704803466797,0.0707106813788414
fold_2,2091,recent,1913,1944,1945,nan,0.06675936281681061
fold_2,2091,random,572,1934,1945,nan,0.07835562527179718
fold_2,2092,retrieval,765,1942,1945,2.705540657043457,0.07907925546169281
fold_2,2092,recent,1913,1944,1945,nan,0.06675936281681061
fold_2,2092,random,493,1923,1945,nan,0.08024788647890091
fold_2,2093,retrieval,695,1944,1945,2.5612053871154785,0.07375972718000412
fold_2,2093,recent,1913,1944,1945,nan,0.06675936281681061
fold_2,2093,random,487,1902,1945,nan,0.08868803083896637
fold_2,2094,retrieval,984,1944,1945,1.9442417621612549,0.05535012111067772
fold_2,2094,recent,1913,1944,1945,nan,0.06675936281681061
fold_2,2094,random,563,1931,1945,nan,0.08509481698274612
fold_2,2095,retrieval,1066,1941,1945,1.494957447052002,0.0580720417201519
fold_2,2095,recent,1913,1944,1945,nan,0.06675936281681061
fold_2,2095,random,595,1816,1945,nan,0.08037811517715454
fold_2,2096,retrieval,1277,1944,1945,1.9775224924087524,0.05690406635403633
fold_2,2096,recent,1913,1944,1945,nan,0.06675936281681061
fold_2,2096,random,495,1893,1945,nan,0.07507604360580444
fold_2,2097,retrieval,1066,1944,1945,2.165720224380493,0.06363818049430847
fold_2,2097,recent,1913,1944,1945,nan,0.06675936281681061
fold_2,2097,random,491,1942,1945,nan,0.09369828552007675
fold_2,2098,retrieval,1064,1944,1945,2.306443214416504,0.06329938024282455
fold_2,2098,recent,1913,1944,1945,nan,0.06675936281681061
fold_2,2098,random,505,1848,1945,nan,0.07474904507398605
fold_2,2099,retrieval,1275,1943,1945,1.7534818649291992,0.05986729636788368
fold_2,2099,recent,1913,1944,1945,nan,0.06675936281681061
fold_2,2099,random,571,1882,1945,nan,0.08933033794164658
fold_2,2100,retrieval,1066,1943,1945,1.6830447912216187,0.06290989369153976
fold_2,2100,recent,1913,1944,1945,nan,0.06675936281681061
fold_2,2100,random,581,1860,1945,nan,0.09673469513654709
fold_2,2101,retrieval,1119,1943,1945,2.133474111557007,0.06564667075872421
fold_2,2101,recent,1913,1944,1945,nan,0.06675936281681061
fold_2,2101,random,582,1926,1945,nan,0.08169585466384888
fold_2,2102,retrieval,990,1944,1945,1.822960615158081,0.06110839545726776
fold_2,2102,recent,1913,1944,1945,nan,0.06675936281681061
fold_2,2102,random,487,1823,1945,nan,0.09043285250663757
fold_2,2103,retrieval,1011,1944,1945,1.8339877128601074,0.05830562114715576
fold_2,2103,recent,1913,1944,1945,nan,0.06675936281681061
fold_2,2103,random,565,1882,1945,nan,0.07182203233242035
fold_2,2104,retrieval,1330,1940,1945,1.7401167154312134,0.05064588040113449
fold_2,2104,recent,1913,1944,1945,nan,0.06675936281681061
fold_2,2104,random,489,1868,1945,nan,0.09624291956424713
fold_2,2105,retrieval,1066,1944,1945,1.7930209636688232,0.051107730716466904
fold_2,2105,recent,1913,1944,1945,nan,0.06675936281681061
fold_2,2105,random,573,1855,1945,nan,0.08416923880577087
fold_2,2106,retrieval,1066,1940,1945,1.6379960775375366,0.05644931271672249
fold_2,2106,recent,1913,1944,1945,nan,0.06675936281681061
fold_2,2106,random,506,1928,1945,nan,0.08440575748682022
fold_2,2107,retrieval,1416,1940,1945,1.3388981819152832,0.05587451159954071
fold_2,2107,recent,1913,1944,1945,nan,0.06675936281681061
fold_2,2107,random,603,1851,1945,nan,0.09147565811872482
fold_2,2108,retrieval,1366,1944,1945,1.6537985801696777,0.054020240902900696
fold_2,2108,recent,1913,1944,1945,nan,0.06675936281681061
fold_2,2108,random,486,1816,1945,nan,0.10664945095777512
fold_2,2109,retrieval,1360,1941,1945,1.6296589374542236,0.05576670169830322
fold_2,2109,recent,1913,1944,1945,nan,0.06675936281681061
fold_2,2109,random,564,1932,1945,nan,0.08357797563076019
fold_2,2110,retrieval,1356,1941,1945,1.6094671487808228,0.0535539872944355
fold_2,2110,recent,1913,1944,1945,nan,0.06675936281681061
fold_2,2110,random,519,1894,1945,nan,0.07800386846065521
fold_2,2111,retrieval,1275,1941,1945,1.574407696723938,0.05721304565668106
fold_2,2111,recent,1913,1944,1945,nan,0.06675936281681061
fold_2,2111,random,495,1919,1945,nan,0.08955390751361847
fold_2,2112,retrieval,1275,1943,1945,1.458564281463623,0.057737912982702255
fold_2,2112,recent,1913,1944,1945,nan,0.06675936281681061
fold_2,2112,random,529,1923,1945,nan,0.07201651483774185
fold_2,2113,retrieval,1354,1944,1945,2.025887966156006,0.055470358580350876
fold_2,2113,recent,1913,1944,1945,nan,0.06675936281681061
fold_2,2113,random,500,1939,1945,nan,0.07619862258434296
fold_2,2114,retrieval,1275,1940,1945,1.6467199325561523,0.06122070178389549
fold_2,2114,recent,1913,1944,1945,nan,0.06675936281681061
fold_2,2114,random,536,1908,1945,nan,0.08401577174663544
fold_2,2115,retrieval,1066,1941,1945,1.8356404304504395,0.05589836463332176
fold_2,2115,recent,1913,1944,1945,nan,0.06675936281681061
fold_2,2115,random,496,1916,1945,nan,0.1172136515378952
fold_2,2116,retrieval,1833,1943,1945,1.5235154628753662,0.05651909485459328
fold_2,2116,recent,1913,1944,1945,nan,0.06675936281681061
fold_2,2116,random,497,1939,1945,nan,0.09053872525691986
fold_2,2117,retrieval,976,1943,1945,1.757016658782959,0.06535466760396957
fold_2,2117,recent,1913,1944,1945,nan,0.06675936281681061
fold_2,2117,random,519,1897,1945,nan,0.08758189529180527
fold_2,2118,retrieval,1066,1944,1945,2.093987464904785,0.05669098719954491
fold_2,2118,recent,1913,1944,1945,nan,0.06675936281681061
fold_2,2118,random,517,1866,1945,nan,0.07688845694065094
fold_2,2119,retrieval,1188,1943,1945,1.682032823562622,0.06280308216810226
fold_2,2119,recent,1913,1944,1945,nan,0.06675936281681061
fold_2,2119,random,500,1924,1945,nan,0.08422146737575531
fold_2,2120,retrieval,1360,1944,1945,1.4614086151123047,0.05697746202349663
fold_2,2120,recent,1913,1944,1945,nan,0.06675936281681061
fold_2,2120,random,496,1915,1945,nan,0.08487995713949203
fold_2,2121,retrieval,1275,1942,1945,1.8195815086364746,0.05892503261566162
fold_2,2121,recent,1913,1944,1945,nan,0.06675936281681061
fold_2,2121,random,524,1905,1945,nan,0.07988625764846802
fold_2,2122,retrieval,976,1942,1945,2.132284164428711,0.06653019040822983
fold_2,2122,recent,1913,1944,1945,nan,0.06675936281681061
fold_2,2122,random,521,1943,1945,nan,0.07657251507043839
fold_2,2123,retrieval,976,1942,1945,2.7324411869049072,0.06390192359685898
fold_2,2123,recent,1913,1944,1945,nan,0.06675936281681061
fold_2,2123,random,494,1857,1945,nan,0.07953552901744843
fold_2,2124,retrieval,976,1941,1945,1.837575912475586,0.07434946298599243
fold_2,2124,recent,1913,1944,1945,nan,0.06675936281681061
fold_2,2124,random,540,1771,1945,nan,0.08542980998754501
fold_2,2125,retrieval,1066,1944,1945,1.859378695487976,0.0594039149582386
fold_2,2125,recent,1913,1944,1945,nan,0.06675936281681061
fold_2,2125,random,501,1932,1945,nan,0.08226420730352402
fold_2,2126,retrieval,1275,1943,1945,2.3073134422302246,0.060966506600379944
fold_2,2126,recent,1913,1944,1945,nan,0.06675936281681061
fold_2,2126,random,497,1930,1945,nan,0.08373629301786423
fold_2,2127,retrieval,1066,1944,1945,1.884206771850586,0.05980568006634712
fold_2,2127,recent,1913,1944,1945,nan,0.06675936281681061
fold_2,2127,random,535,1925,1945,nan,0.09313316643238068
fold_2,2128,retrieval,556,1934,1945,4.1303606033325195,0.06313829123973846
fold_2,2128,recent,1913,1944,1945,nan,0.06675936281681061
fold_2,2128,random,496,1927,1945,nan,0.09285948425531387
fold_2,2129,retrieval,1066,1940,1945,1.7963910102844238,0.051254380494356155
fold_2,2129,recent,1913,1944,1945,nan,0.06675936281681061
fold_2,2129,random,588,1941,1945,nan,0.07111389935016632
fold_2,2130,retrieval,1117,1940,1945,1.780181884765625,0.05023539438843727
fold_2,2130,recent,1913,1944,1945,nan,0.06675936281681061
fold_2,2130,random,508,1854,1945,nan,0.09291685372591019
fold_2,2131,retrieval,1356,1943,1945,1.6004279851913452,0.056461624801158905
fold_2,2131,recent,1913,1944,1945,nan,0.06675936281681061
fold_2,2131,random,507,1886,1945,nan,0.08294863253831863
fold_2,2132,retrieval,1066,1944,1945,1.9733140468597412,0.04851410165429115
fold_2,2132,recent,1913,1944,1945,nan,0.06675936281681061
fold_2,2132,random,491,1898,1945,nan,0.07962740957736969
fold_2,2133,retrieval,976,1938,1945,2.245396375656128,0.06897394359111786
fold_2,2133,recent,1913,1944,1945,nan,0.06675936281681061
fold_2,2133,random,527,1914,1945,nan,0.09072736650705338
fold_2,2134,retrieval,976,1942,1945,2.317220687866211,0.07069356739521027
fold_2,2134,recent,1913,1944,1945,nan,0.06675936281681061
fold_2,2134,random,561,1925,1945,nan,0.08314044028520584
fold_2,2135,retrieval,900,1943,1945,3.581531047821045,0.07028292119503021
fold_2,2135,recent,1913,1944,1945,nan,0.06675936281681061
fold_2,2135,random,516,1907,1945,nan,0.0777435377240181
fold_2,2136,retrieval,765,1938,1945,2.045637607574463,0.07220309972763062
fold_2,2136,recent,1913,1944,1945,nan,0.06675936281681061
fold_2,2136,random,500,1832,1945,nan,0.08330662548542023
fold_2,2137,retrieval,984,1944,1945,2.2326724529266357,0.06770461052656174
fold_2,2137,recent,1913,1944,1945,nan,0.06675936281681061
fold_2,2137,random,529,1932,1945,nan,0.08265633136034012
fold_2,2138,retrieval,984,1944,1945,2.027067184448242,0.056207939982414246
fold_2,2138,recent,1913,1944,1945,nan,0.06675936281681061
fold_2,2138,random,514,1839,1945,nan,0.09080049395561218
fold_2,2139,retrieval,798,1941,1945,1.876983642578125,0.0708255022764206
fold_2,2139,recent,1913,1944,1945,nan,0.06675936281681061
fold_2,2139,random,520,1909,1945,nan,0.09519558399915695
fold_2,2140,retrieval,1058,1944,1945,1.7467366456985474,0.062377143651247025
fold_2,2140,recent,1913,1944,1945,nan,0.06675936281681061
fold_2,2140,random,519,1928,1945,nan,0.08119107037782669
fold_2,2141,retrieval,1066,1944,1945,1.5981199741363525,0.054830461740493774
fold_2,2141,recent,1913,1944,1945,nan,0.06675936281681061
fold_2,2141,random,498,1902,1945,nan,0.08269695937633514
fold_2,2142,retrieval,1188,1943,1945,1.727826714515686,0.062113214284181595
fold_2,2142,recent,1913,1944,1945,nan,0.06675936281681061
fold_2,2142,random,568,1896,1945,nan,0.06923928111791611
fold_2,2143,retrieval,554,1939,1945,4.374682426452637,0.08461814373731613
fold_2,2143,recent,1913,1944,1945,nan,0.06675936281681061
fold_2,2143,random,532,1842,1945,nan,0.11478986591100693
fold_2,2144,retrieval,984,1944,1945,1.7071566581726074,0.07509920746088028
fold_2,2144,recent,1913,1944,1945,nan,0.06675936281681061
fold_2,2144,random,502,1929,1945,nan,0.08765174448490143
fold_2,2145,retrieval,1066,1942,1945,1.608072280883789,0.0632382407784462
fold_2,2145,recent,1913,1944,1945,nan,0.06675936281681061
fold_2,2145,random,508,1942,1945,nan,0.07513589411973953
fold_2,2146,retrieval,976,1942,1945,1.9545259475708008,0.07611440867185593
fold_2,2146,recent,1913,1944,1945,nan,0.06675936281681061
fold_2,2146,random,604,1880,1945,nan,0.07852865755558014
fold_2,2147,retrieval,765,1943,1945,1.9427520036697388,0.07345141470432281
fold_2,2147,recent,1913,1944,1945,nan,0.06675936281681061
fold_2,2147,random,544,1895,1945,nan,0.07056864351034164
fold_2,2148,retrieval,984,1940,1945,1.7083522081375122,0.07588542252779007
fold_2,2148,recent,1913,1944,1945,nan,0.06675936281681061
fold_2,2148,random,723,1921,1945,nan,0.08846284449100494
fold_2,2149,retrieval,984,1940,1945,1.66434907913208,0.06500855833292007
fold_2,2149,recent,1913,1944,1945,nan,0.06675936281681061
fold_2,2149,random,588,1894,1945,nan,0.08141876757144928
fold_2,2150,retrieval,990,1944,1945,1.703503966331482,0.06314962357282639
fold_2,2150,recent,1913,1944,1945,nan,0.06675936281681061
fold_2,2150,random,512,1815,1945,nan,0.09185316413640976
fold_2,2151,retrieval,1066,1943,1945,1.9220528602600098,0.05566897988319397
fold_2,2151,recent,1913,1944,1945,nan,0.06675936281681061
fold_2,2151,random,498,1938,1945,nan,0.08983501046895981
fold_2,2152,retrieval,1058,1941,1945,1.5936217308044434,0.06394429504871368
fold_2,2152,recent,1913,1944,1945,nan,0.06675936281681061
fold_2,2152,random,517,1768,1945,nan,0.10318534821271896
fold_2,2153,retrieval,984,1941,1945,1.7576206922531128,0.06785037368535995
fold_2,2153,recent,1913,1944,1945,nan,0.06675936281681061
fold_2,2153,random,502,1928,1945,nan,0.08721976727247238
fold_2,2154,retrieval,976,1941,1945,1.7411257028579712,0.07470475137233734
fold_2,2154,recent,1913,1944,1945,nan,0.06675936281681061
fold_2,2154,random,515,1926,1945,nan,0.07205051183700562
fold_2,2155,retrieval,798,1938,1945,1.7408387660980225,0.08137314021587372
fold_2,2155,recent,1913,1944,1945,nan,0.06675936281681061
fold_2,2155,random,507,1917,1945,nan,0.08426724374294281
fold_2,2156,retrieval,976,1943,1945,2.2709522247314453,0.0725204199552536
fold_2,2156,recent,1913,1944,1945,nan,0.06675936281681061
fold_2,2156,random,538,1935,1945,nan,0.08336001634597778
fold_2,2157,retrieval,501,1929,1945,3.8049137592315674,0.08366795629262924
fold_2,2157,recent,1913,1944,1945,nan,0.06675936281681061
fold_2,2157,random,505,1939,1945,nan,0.0808214396238327
fold_2,2158,retrieval,558,1939,1945,7.653903484344482,0.08467256277799606
fold_2,2158,recent,1913,1944,1945,nan,0.06675936281681061
fold_2,2158,random,502,1862,1945,nan,0.08538452535867691
fold_2,2159,retrieval,794,1484,1945,1.670358419418335,0.0847574770450592
fold_2,2159,recent,1913,1944,1945,nan,0.06675936281681061
fold_2,2159,random,557,1934,1945,nan,0.07399513572454453
fold_2,2160,retrieval,798,1935,1945,1.6032977104187012,0.08597268909215927
fold_2,2160,recent,1913,1944,1945,nan,0.06675936281681061
fold_2,2160,random,527,1837,1945,nan,0.0848865881562233
fold_2,2161,retrieval,589,1879,1945,3.0305933952331543,0.07723594456911087
fold_2,2161,recent,1913,1944,1945,nan,0.06675936281681061
fold_2,2161,random,556,1908,1945,nan,0.07736065238714218
fold_2,2162,retrieval,804,1482,1945,2.682910919189453,0.08628075569868088
fold_2,2162,recent,1913,1944,1945,nan,0.06675936281681061
fold_2,2162,random,605,1939,1945,nan,0.08075723797082901
fold_2,2163,retrieval,579,1481,1945,2.8551177978515625,0.07904102653265
fold_2,2163,recent,1913,1944,1945,nan,0.06675936281681061
fold_2,2163,random,553,1941,1945,nan,0.08767237514257431
fold_2,2164,retrieval,794,1482,1945,1.9459706544876099,0.07757999747991562
fold_2,2164,recent,1913,1944,1945,nan,0.06675936281681061
fold_2,2164,random,488,1856,1945,nan,0.07495716959238052
fold_2,2165,retrieval,798,1344,1945,1.728963851928711,0.07731922715902328
fold_2,2165,recent,1913,1944,1945,nan,0.06675936281681061
fold_2,2165,random,585,1928,1945,nan,0.07950397580862045
fold_2,2166,retrieval,798,1941,1945,1.9424219131469727,0.07333102077245712
fold_2,2166,recent,1913,1944,1945,nan,0.06675936281681061
fold_2,2166,random,491,1935,1945,nan,0.09044791758060455
fold_2,2167,retrieval,825,1484,1945,1.753774642944336,0.07566674053668976
fold_2,2167,recent,1913,1944,1945,nan,0.06675936281681061
fold_2,2167,random,499,1838,1945,nan,0.08314057439565659
fold_2,2168,retrieval,790,1481,1945,2.501040458679199,0.08367998152971268
fold_2,2168,recent,1913,1944,1945,nan,0.06675936281681061
fold_2,2168,random,516,1838,1945,nan,0.09184986352920532
fold_2,2169,retrieval,796,1481,1945,2.665074348449707,0.08191686123609543
fold_2,2169,recent,1913,1944,1945,nan,0.06675936281681061
fold_2,2169,random,488,1936,1945,nan,0.0846278965473175
fold_2,2170,retrieval,794,1482,1945,2.1101574897766113,0.09279510378837585
fold_2,2170,recent,1913,1944,1945,nan,0.06675936281681061
fold_2,2170,random,518,1882,1945,nan,0.08619865030050278
fold_2,2171,retrieval,798,1373,1945,1.5864734649658203,0.07794509828090668
fold_2,2171,recent,1913,1944,1945,nan,0.06675936281681061
fold_2,2171,random,504,1845,1945,nan,0.08332348614931107
fold_2,2172,retrieval,807,1483,1945,1.8601889610290527,0.07578668743371964
fold_2,2172,recent,1913,1944,1945,nan,0.06675936281681061
fold_2,2172,random,511,1917,1945,nan,0.09826495498418808
fold_2,2173,retrieval,807,1464,1945,2.171942710876465,0.07250695675611496
fold_2,2173,recent,1913,1944,1945,nan,0.06675936281681061
fold_2,2173,random,493,1847,1945,nan,0.07669632881879807
fold_2,2174,retrieval,997,1344,1945,1.790210247039795,0.07443961501121521
fold_2,2174,recent,1913,1944,1945,nan,0.06675936281681061
fold_2,2174,random,510,1933,1945,nan,0.07757537811994553
fold_2,2175,retrieval,798,1373,1945,1.9270586967468262,0.06477445363998413
fold_2,2175,recent,1913,1944,1945,nan,0.06675936281681061
fold_2,2175,random,512,1802,1945,nan,0.0814761221408844
fold_2,2176,retrieval,798,1373,1945,1.94523286819458,0.06219324842095375
fold_2,2176,recent,1913,1944,1945,nan,0.06675936281681061
fold_2,2176,random,552,1935,1945,nan,0.08868404477834702
fold_2,2177,retrieval,798,1344,1945,1.7586363554000854,0.07415279746055603
fold_2,2177,recent,1913,1944,1945,nan,0.06675936281681061
fold_2,2177,random,512,1882,1945,nan,0.0869171991944313
fold_2,2178,retrieval,992,1344,1945,2.035607099533081,0.07848509401082993
fold_2,2178,recent,1913,1944,1945,nan,0.06675936281681061
fold_2,2178,random,520,1934,1945,nan,0.07818660885095596
fold_2,2179,retrieval,807,1373,1945,1.8170229196548462,0.06434302031993866
fold_2,2179,recent,1913,1944,1945,nan,0.06675936281681061
fold_2,2179,random,507,1915,1945,nan,0.08104688674211502
fold_2,2180,retrieval,997,1344,1945,1.8675751686096191,0.07100807130336761
fold_2,2180,recent,1913,1944,1945,nan,0.06675936281681061
fold_2,2180,random,523,1880,1945,nan,0.08312694728374481
fold_2,2181,retrieval,603,1942,1945,2.2055320739746094,0.07755660265684128
fold_2,2181,recent,1913,1944,1945,nan,0.06675936281681061
fold_2,2181,random,550,1943,1945,nan,0.07247014343738556
fold_2,2182,retrieval,825,1343,1945,1.9744415283203125,0.06782712787389755
fold_2,2182,recent,1913,1944,1945,nan,0.06675936281681061
fold_2,2182,random,532,1939,1945,nan,0.07961580902338028
fold_2,2183,retrieval,796,1344,1945,1.8602076768875122,0.08544813096523285
fold_2,2183,recent,1913,1944,1945,nan,0.06675936281681061
fold_2,2183,random,509,1931,1945,nan,0.08080915361642838
fold_2,2184,retrieval,807,1484,1945,1.5654020309448242,0.07596112787723541
fold_2,2184,recent,1913,1944,1945,nan,0.06675936281681061
fold_2,2184,random,535,1921,1945,nan,0.07640649378299713
fold_2,2185,retrieval,825,1463,1945,2.2982492446899414,0.07689894735813141
fold_2,2185,recent,1913,1944,1945,nan,0.06675936281681061
fold_2,2185,random,503,1778,1945,nan,0.087066650390625
fold_2,2186,retrieval,825,1484,1945,2.245728015899658,0.07843101769685745
fold_2,2186,recent,1913,1944,1945,nan,0.06675936281681061
fold_2,2186,random,554,1886,1945,nan,0.08330119401216507
fold_2,2187,retrieval,807,1464,1945,2.6780614852905273,0.0750524029135704
fold_2,2187,recent,1913,1944,1945,nan,0.06675936281681061
fold_2,2187,random,572,1935,1945,nan,0.08297757059335709
fold_2,2188,retrieval,825,1484,1945,2.0722362995147705,0.07249544560909271
fold_2,2188,recent,1913,1944,1945,nan,0.06675936281681061
fold_2,2188,random,507,1895,1945,nan,0.08594108372926712
fold_2,2189,retrieval,990,1933,1945,1.834327220916748,0.06041213497519493
fold_2,2189,recent,1913,1944,1945,nan,0.06675936281681061
fold_2,2189,random,568,1940,1945,nan,0.08679751306772232
fold_2,2190,retrieval,825,1940,1945,2.4094371795654297,0.0583685003221035
fold_2,2190,recent,1913,1944,1945,nan,0.06675936281681061
fold_2,2190,random,509,1936,1945,nan,0.08023671805858612
fold_2,2191,retrieval,825,1937,1945,2.4074044227600098,0.06976862996816635
fold_2,2191,recent,1913,1944,1945,nan,0.06675936281681061
fold_2,2191,random,560,1925,1945,nan,0.09158951789140701
fold_2,2192,retrieval,974,1937,1945,1.9738225936889648,0.07292212545871735
fold_2,2192,recent,1913,1944,1945,nan,0.06675936281681061
fold_2,2192,random,542,1930,1945,nan,0.07979096472263336
fold_2,2193,retrieval,825,1937,1945,2.2859556674957275,0.06234099343419075
fold_2,2193,recent,1913,1944,1945,nan,0.06675936281681061
fold_2,2193,random,530,1879,1945,nan,0.07554022967815399
fold_2,2194,retrieval,798,1941,1945,1.8293201923370361,0.07250135391950607
fold_2,2194,recent,1913,1944,1945,nan,0.06675936281681061
fold_2,2194,random,597,1940,1945,nan,0.09062501043081284
fold_2,2195,retrieval,825,1937,1945,1.8532443046569824,0.07914020121097565
fold_2,2195,recent,1913,1944,1945,nan,0.06675936281681061
fold_2,2195,random,512,1839,1945,nan,0.11499026417732239
fold_2,2196,retrieval,825,1937,1945,2.142185688018799,0.07118702679872513
fold_2,2196,recent,1913,1944,1945,nan,0.06675936281681061
fold_2,2196,random,499,1904,1945,nan,0.09122715145349503
fold_2,2197,retrieval,558,1939,1945,3.1717848777770996,0.08105285465717316
fold_2,2197,recent,1913,1944,1945,nan,0.06675936281681061
fold_2,2197,random,512,1939,1945,nan,0.07356715202331543
fold_2,2198,retrieval,811,1934,1945,2.5145106315612793,0.08155245333909988
fold_2,2198,recent,1913,1944,1945,nan,0.06675936281681061
fold_2,2198,random,493,1900,1945,nan,0.07936133444309235
fold_2,2199,retrieval,1014,1934,1945,2.562746047973633,0.08200983703136444
fold_2,2199,recent,1913,1944,1945,nan,0.06675936281681061
fold_2,2199,random,489,1922,1945,nan,0.07386167347431183
fold_2,2200,retrieval,807,1464,1945,2.022036552429199,0.07600174844264984
fold_2,2200,recent,1913,1944,1945,nan,0.06675936281681061
fold_2,2200,random,572,1939,1945,nan,0.07115165889263153
fold_2,2201,retrieval,993,1934,1945,2.078890800476074,0.07940559834241867
fold_2,2201,recent,1913,1944,1945,nan,0.06675936281681061
fold_2,2201,random,502,1938,1945,nan,0.08085394650697708
fold_2,2202,retrieval,1014,1934,1945,2.893113613128662,0.07908576726913452
fold_2,2202,recent,1913,1944,1945,nan,0.06675936281681061
fold_2,2202,random,663,1923,1945,nan,0.08902768790721893
fold_2,2203,retrieval,807,1464,1945,1.9271445274353027,0.0763496607542038
fold_2,2203,recent,1913,1944,1945,nan,0.06675936281681061
fold_2,2203,random,505,1925,1945,nan,0.08567705750465393
fold_2,2204,retrieval,974,1937,1945,1.7718089818954468,0.07284222543239594
fold_2,2204,recent,1913,1944,1945,nan,0.06675936281681061
fold_2,2204,random,521,1870,1945,nan,0.0840461477637291
fold_2,2205,retrieval,984,1937,1945,2.0960137844085693,0.0750526413321495
fold_2,2205,recent,1913,1944,1945,nan,0.06675936281681061
fold_2,2205,random,536,1933,1945,nan,0.09476761519908905
fold_2,2206,retrieval,993,1941,1945,2.3164734840393066,0.06884349137544632
fold_2,2206,recent,1913,1944,1945,nan,0.06675936281681061
fold_2,2206,random,552,1923,1945,nan,0.07837165892124176
fold_2,2207,retrieval,803,1463,1945,1.7448008060455322,0.08745737373828888
fold_2,2207,recent,1913,1944,1945,nan,0.06675936281681061
fold_2,2207,random,512,1887,1945,nan,0.07472012937068939
fold_2,2208,retrieval,825,1333,1945,2.116133451461792,0.07788047194480896
fold_2,2208,recent,1913,1944,1945,nan,0.06675936281681061
fold_2,2208,random,506,1878,1945,nan,0.08332566916942596
fold_2,2209,retrieval,558,1461,1945,3.7638261318206787,0.08800940215587616
fold_2,2209,recent,1913,1944,1945,nan,0.06675936281681061
fold_2,2209,random,510,1943,1945,nan,0.08554276823997498
fold_2,2210,retrieval,501,1461,1945,4.783272743225098,0.08821664750576019
fold_2,2210,recent,1913,1944,1945,nan,0.06675936281681061
fold_2,2210,random,520,1882,1945,nan,0.11443021893501282
fold_2,2211,retrieval,582,1815,1945,8.685401916503906,0.08803495764732361
fold_2,2211,recent,1913,1944,1945,nan,0.06675936281681061
fold_2,2211,random,500,1942,1945,nan,0.08764176070690155
fold_2,2212,retrieval,562,1924,1945,5.561533451080322,0.08234763890504837
fold_2,2212,recent,1913,1944,1945,nan,0.06675936281681061
fold_2,2212,random,535,1942,1945,nan,0.09461621940135956
fold_2,2213,retrieval,581,1786,1945,5.448153495788574,0.08554205298423767
fold_2,2213,recent,1913,1944,1945,nan,0.06675936281681061
fold_2,2213,random,507,1815,1945,nan,0.0880785882472992
fold_2,2214,retrieval,580,1750,1945,5.376852035522461,0.09064644575119019
fold_2,2214,recent,1913,1944,1945,nan,0.06675936281681061
fold_2,2214,random,495,1940,1945,nan,0.07723202556371689
fold_2,2215,retrieval,802,1481,1945,3.405629873275757,0.0919170081615448
fold_2,2215,recent,1913,1944,1945,nan,0.06675936281681061
fold_2,2215,random,509,1893,1945,nan,0.08322973549365997
fold_2,2216,retrieval,581,1871,1945,5.599244594573975,0.09068949520587921
fold_2,2216,recent,1913,1944,1945,nan,0.06675936281681061
fold_2,2216,random,487,1903,1945,nan,0.08232416957616806
fold_2,2217,retrieval,562,1816,1945,4.783418655395508,0.08338295668363571
fold_2,2217,recent,1913,1944,1945,nan,0.06675936281681061
fold_2,2217,random,495,1887,1945,nan,0.08252567797899246
fold_2,2218,retrieval,813,1324,1945,2.4238455295562744,0.08035538345575333
fold_2,2218,recent,1913,1944,1945,nan,0.06675936281681061
fold_2,2218,random,520,1851,1945,nan,0.08174753934144974
fold_2,2219,retrieval,804,1326,1945,2.4482476711273193,0.07284488528966904
fold_2,2219,recent,1913,1944,1945,nan,0.06675936281681061
fold_2,2219,random,649,1827,1945,nan,0.07701098173856735
fold_2,2220,retrieval,567,1874,1945,4.367939472198486,0.07858806103467941
fold_2,2220,recent,1913,1944,1945,nan,0.06675936281681061
fold_2,2220,random,511,1923,1945,nan,0.07285278290510178
fold_2,2221,retrieval,807,1348,1945,2.218898057937622,0.06806784868240356
fold_2,2221,recent,1913,1944,1945,nan,0.06675936281681061
fold_2,2221,random,544,1883,1945,nan,0.10075630992650986
fold_2,2222,retrieval,824,1884,1945,2.389988899230957,0.07328653335571289
fold_2,2222,recent,1913,1944,1945,nan,0.06675936281681061
fold_2,2222,random,572,1900,1945,nan,0.07863014936447144
fold_2,2223,retrieval,807,1487,1945,2.041747808456421,0.08381721377372742
fold_2,2223,recent,1913,1944,1945,nan,0.06675936281681061
fold_2,2223,random,541,1935,1945,nan,0.09472968429327011
fold_2,2224,retrieval,817,1924,1945,3.437066078186035,0.08837319910526276
fold_2,2224,recent,1913,1944,1945,nan,0.06675936281681061
fold_2,2224,random,520,1912,1945,nan,0.08634890615940094
fold_2,2225,retrieval,802,1933,1945,2.895596504211426,0.08621440827846527
fold_2,2225,recent,1913,1944,1945,nan,0.06675936281681061
fold_2,2225,random,580,1826,1945,nan,0.07718019187450409
fold_2,2226,retrieval,962,1934,1945,2.686116933822632,0.08337143063545227
fold_2,2226,recent,1913,1944,1945,nan,0.06675936281681061
fold_2,2226,random,570,1918,1945,nan,0.10721942782402039
fold_2,2227,retrieval,899,1464,1945,2.483794689178467,0.07828719168901443
fold_2,2227,recent,1913,1944,1945,nan,0.06675936281681061
fold_2,2227,random,537,1852,1945,nan,0.08763116598129272
fold_2,2228,retrieval,974,1933,1945,1.9944876432418823,0.0737447589635849
fold_2,2228,recent,1913,1944,1945,nan,0.06675936281681061
fold_2,2228,random,529,1744,1945,nan,0.0860581174492836
fold_2,2229,retrieval,993,1934,1945,1.8642476797103882,0.0734892413020134
fold_2,2229,recent,1913,1944,1945,nan,0.06675936281681061
fold_2,2229,random,538,1931,1945,nan,0.08304052799940109
fold_2,2230,retrieval,974,1937,1945,2.1559159755706787,0.07138945162296295
fold_2,2230,recent,1913,1944,1945,nan,0.06675936281681061
fold_2,2230,random,524,1918,1945,nan,0.08688671141862869
fold_2,2231,retrieval,974,1936,1945,2.194129467010498,0.06533662974834442
fold_2,2231,recent,1913,1944,1945,nan,0.06675936281681061
fold_2,2231,random,510,1908,1945,nan,0.07582331448793411
fold_2,2232,retrieval,1153,1933,1945,2.6392807960510254,0.06246184557676315
fold_2,2232,recent,1913,1944,1945,nan,0.06675936281681061
fold_2,2232,random,496,1908,1945,nan,0.08122232556343079
fold_2,2233,retrieval,984,1937,1945,2.0969321727752686,0.07248454540967941
fold_2,2233,recent,1913,1944,1945,nan,0.06675936281681061
fold_2,2233,random,499,1878,1945,nan,0.09040647745132446
fold_2,2234,retrieval,798,1941,1945,1.8732410669326782,0.07680752873420715
fold_2,2234,recent,1913,1944,1945,nan,0.06675936281681061
fold_2,2234,random,537,1931,1945,nan,0.08290086686611176
fold_2,2235,retrieval,976,1481,1945,1.970314383506775,0.07966463267803192
fold_2,2235,recent,1913,1944,1945,nan,0.06675936281681061
fold_2,2235,random,509,1847,1945,nan,0.09648948907852173
fold_2,2236,retrieval,1064,1478,1945,2.0256807804107666,0.08091302961111069
fold_2,2236,recent,1913,1944,1945,nan,0.06675936281681061
fold_2,2236,random,532,1925,1945,nan,0.0790327861905098
fold_2,2237,retrieval,1014,1488,1945,2.6663126945495605,0.07584018260240555
fold_2,2237,recent,1913,1944,1945,nan,0.06675936281681061
fold_2,2237,random,486,1939,1945,nan,0.08427323400974274
fold_2,2238,retrieval,795,1934,1945,2.9108800888061523,0.0831451341509819
fold_2,2238,recent,1913,1944,1945,nan,0.06675936281681061
fold_2,2238,random,561,1925,1945,nan,0.08668043464422226
fold_2,2239,retrieval,1090,1934,1945,2.9860830307006836,0.08288899064064026
fold_2,2239,recent,1913,1944,1945,nan,0.06675936281681061
fold_2,2239,random,490,1909,1945,nan,0.0863167867064476
fold_2,2240,retrieval,794,1934,1945,2.360119342803955,0.08922216296195984
fold_2,2240,recent,1913,1944,1945,nan,0.06675936281681061
fold_2,2240,random,493,1935,1945,nan,0.0720909908413887
fold_2,2241,retrieval,582,1871,1945,6.567227363586426,0.08747927844524384
fold_2,2241,recent,1913,1944,1945,nan,0.06675936281681061
fold_2,2241,random,510,1873,1945,nan,0.08639632165431976
fold_2,2242,retrieval,582,1924,1945,6.840241432189941,0.08978348970413208
fold_2,2242,recent,1913,1944,1945,nan,0.06675936281681061
fold_2,2242,random,490,1784,1945,nan,0.07673075795173645
fold_2,2243,retrieval,1059,1884,1945,3.9178454875946045,0.07814616709947586
fold_2,2243,recent,1913,1944,1945,nan,0.06675936281681061
fold_2,2243,random,497,1869,1945,nan,0.12640009820461273
fold_2,2244,retrieval,1101,1924,1945,3.5566320419311523,0.0942324623465538
fold_2,2244,recent,1913,1944,1945,nan,0.06675936281681061
fold_2,2244,random,498,1914,1945,nan,0.09229153394699097
fold_2,2245,retrieval,794,1793,1945,2.7853188514709473,0.10112756490707397
fold_2,2245,recent,1913,1944,1945,nan,0.06675936281681061
fold_2,2245,random,522,1870,1945,nan,0.11421054601669312
fold_2,2246,retrieval,1059,1933,1945,2.637873888015747,0.07923056185245514
fold_2,2246,recent,1913,1944,1945,nan,0.06675936281681061
fold_2,2246,random,534,1886,1945,nan,0.09669692814350128
fold_2,2247,retrieval,1059,1934,1945,2.898451089859009,0.0753326416015625
fold_2,2247,recent,1913,1944,1945,nan,0.06675936281681061
fold_2,2247,random,493,1917,1945,nan,0.08859389275312424
fold_2,2248,retrieval,1042,1924,1945,4.240668296813965,0.09422747790813446
fold_2,2248,recent,1913,1944,1945,nan,0.06675936281681061
fold_2,2248,random,582,1909,1945,nan,0.08545168489217758
fold_2,2249,retrieval,803,1934,1945,2.7490761280059814,0.08937366306781769
fold_2,2249,recent,1913,1944,1945,nan,0.06675936281681061
fold_2,2249,random,568,1937,1945,nan,0.08182813227176666
fold_2,2250,retrieval,1042,1939,1945,3.918217658996582,0.08657495677471161
fold_2,2250,recent,1913,1944,1945,nan,0.06675936281681061
fold_2,2250,random,605,1868,1945,nan,0.08323945105075836
fold_2,2251,retrieval,803,1495,1945,2.9249861240386963,0.0950746014714241
fold_2,2251,recent,1913,1944,1945,nan,0.06675936281681061
fold_2,2251,random,599,1902,1945,nan,0.10482285171747208
fold_2,2252,retrieval,1110,1934,1945,2.701963424682617,0.07886989414691925
fold_2,2252,recent,1913,1944,1945,nan,0.06675936281681061
fold_2,2252,random,528,1935,1945,nan,0.07055909186601639
fold_2,2253,retrieval,1118,1938,1945,1.9922549724578857,0.07917817682027817
fold_2,2253,recent,1913,1944,1945,nan,0.06675936281681061
fold_2,2253,random,527,1909,1945,nan,0.08590444177389145
fold_2,2254,retrieval,798,1934,1945,2.3642609119415283,0.0845029428601265
fold_2,2254,recent,1913,1944,1945,nan,0.06675936281681061
fold_2,2254,random,494,1939,1945,nan,0.07894328981637955
fold_2,2255,retrieval,803,1811,1945,2.5147807598114014,0.08585905283689499
fold_2,2255,recent,1913,1944,1945,nan,0.06675936281681061
fold_2,2255,random,520,1860,1945,nan,0.07465511560440063
fold_2,2256,retrieval,796,1481,1945,2.8692150115966797,0.08038729429244995
fold_2,2256,recent,1913,1944,1945,nan,0.06675936281681061
fold_2,2256,random,671,1906,1945,nan,0.08374103903770447
fold_2,2257,retrieval,800,1930,1945,3.3365726470947266,0.0848882719874382
fold_2,2257,recent,1913,1944,1945,nan,0.06675936281681061
fold_2,2257,random,500,1939,1945,nan,0.09496103972196579
fold_2,2258,retrieval,1114,1483,1945,1.9650235176086426,0.08475904166698456
fold_2,2258,recent,1913,1944,1945,nan,0.06675936281681061
fold_2,2258,random,549,1792,1945,nan,0.08602580428123474
fold_2,2259,retrieval,796,1480,1945,2.4009270668029785,0.07431269437074661
fold_2,2259,recent,1913,1944,1945,nan,0.06675936281681061
fold_2,2259,random,516,1911,1945,nan,0.0726407915353775
fold_2,2260,retrieval,803,1481,1945,2.7316014766693115,0.08372814953327179
fold_2,2260,recent,1913,1944,1945,nan,0.06675936281681061
fold_2,2260,random,497,1942,1945,nan,0.06998726725578308
fold_2,2261,retrieval,824,1932,1945,2.619764566421509,0.07232479006052017
fold_2,2261,recent,1913,1944,1945,nan,0.06675936281681061
fold_2,2261,random,575,1942,1945,nan,0.09093381464481354
fold_2,2262,retrieval,974,1464,1945,2.589536666870117,0.08743397146463394
fold_2,2262,recent,1913,1944,1945,nan,0.06675936281681061
fold_2,2262,random,487,1929,1945,nan,0.07962025701999664
fold_2,2263,retrieval,796,1463,1945,2.450714588165283,0.08702585101127625
fold_2,2263,recent,1913,1944,1945,nan,0.06675936281681061
fold_2,2263,random,549,1917,1945,nan,0.08105830103158951
fold_2,2264,retrieval,803,1479,1945,2.6688523292541504,0.08913447707891464
fold_2,2264,recent,1913,1944,1945,nan,0.06675936281681061
fold_2,2264,random,543,1913,1945,nan,0.09490344673395157
fold_2,2265,retrieval,803,1479,1945,2.9010252952575684,0.09212355315685272
fold_2,2265,recent,1913,1944,1945,nan,0.06675936281681061
fold_2,2265,random,487,1834,1945,nan,0.08208480477333069
fold_2,2266,retrieval,1061,1482,1945,2.28076171875,0.07694927603006363
fold_2,2266,recent,1913,1944,1945,nan,0.06675936281681061
fold_2,2266,random,506,1912,1945,nan,0.08066318929195404
fold_2,2267,retrieval,993,1348,1945,1.9151630401611328,0.08661461621522903
fold_2,2267,recent,1913,1944,1945,nan,0.06675936281681061
fold_2,2267,random,506,1934,1945,nan,0.07895804196596146
fold_2,2268,retrieval,1049,1933,1945,2.258087158203125,0.06907200068235397
fold_2,2268,recent,1913,1944,1945,nan,0.06675936281681061
fold_2,2268,random,511,1864,1945,nan,0.08431527018547058
fold_2,2269,retrieval,974,1933,1945,2.2143287658691406,0.06741897761821747
fold_2,2269,recent,1913,1944,1945,nan,0.06675936281681061
fold_2,2269,random,512,1890,1945,nan,0.07959536463022232
fold_2,2270,retrieval,984,1937,1945,2.079132556915283,0.07248521596193314
fold_2,2270,recent,1913,1944,1945,nan,0.06675936281681061
fold_2,2270,random,522,1939,1945,nan,0.08595689386129379
fold_2,2271,retrieval,984,1937,1945,2.3338990211486816,0.07368145138025284
fold_2,2271,recent,1913,1944,1945,nan,0.06675936281681061
fold_2,2271,random,537,1932,1945,nan,0.0830318033695221
fold_2,2272,retrieval,798,1938,1945,2.085012674331665,0.07568073272705078
fold_2,2272,recent,1913,1944,1945,nan,0.06675936281681061
fold_2,2272,random,506,1849,1945,nan,0.09184768050909042
fold_2,2273,retrieval,992,1934,1945,2.2171366214752197,0.0851018875837326
fold_2,2273,recent,1913,1944,1945,nan,0.06675936281681061
fold_2,2273,random,577,1818,1945,nan,0.09947158396244049
fold_2,2274,retrieval,974,1937,1945,2.2490551471710205,0.07924491167068481
fold_2,2274,recent,1913,1944,1945,nan,0.06675936281681061
fold_2,2274,random,489,1935,1945,nan,0.0742039605975151
fold_2,2275,retrieval,976,1942,1945,2.137220621109009,0.07736669480800629
fold_2,2275,recent,1913,1944,1945,nan,0.06675936281681061
fold_2,2275,random,609,1877,1945,nan,0.08514155447483063
fold_2,2276,retrieval,798,1344,1945,1.8672943115234375,0.0752270296216011
fold_2,2276,recent,1913,1944,1945,nan,0.06675936281681061
fold_2,2276,random,510,1870,1945,nan,0.09694432467222214
fold_2,2277,retrieval,798,1335,1945,1.7617062330245972,0.07982584834098816
fold_2,2277,recent,1913,1944,1945,nan,0.06675936281681061
fold_2,2277,random,535,1937,1945,nan,0.0734538659453392
fold_2,2278,retrieval,999,1934,1945,3.2572181224823,0.06787582486867905
fold_2,2278,recent,1913,1944,1945,nan,0.06675936281681061
fold_2,2278,random,499,1768,1945,nan,0.09024729579687119
fold_2,2279,retrieval,974,1937,1945,1.8859400749206543,0.06426609307527542
fold_2,2279,recent,1913,1944,1945,nan,0.06675936281681061
fold_2,2279,random,538,1855,1945,nan,0.08694949001073837
fold_2,2280,retrieval,1118,1938,1945,1.9430345296859741,0.07574725896120071
fold_2,2280,recent,1913,1944,1945,nan,0.06675936281681061
fold_2,2280,random,490,1922,1945,nan,0.09185561537742615
fold_2,2281,retrieval,1066,1941,1945,2.136646032333374,0.07727771252393723
fold_2,2281,recent,1913,1944,1945,nan,0.06675936281681061
fold_2,2281,random,516,1938,1945,nan,0.08447908610105515
fold_2,2282,retrieval,992,1934,1945,1.8423547744750977,0.07853149622678757
fold_2,2282,recent,1913,1944,1945,nan,0.06675936281681061
fold_2,2282,random,497,1934,1945,nan,0.08167128264904022
fold_2,2283,retrieval,800,1930,1945,3.485238552093506,0.08532976359128952
fold_2,2283,recent,1913,1944,1945,nan,0.06675936281681061
fold_2,2283,random,534,1930,1945,nan,0.0758134052157402
fold_2,2284,retrieval,803,1481,1945,2.239466667175293,0.08847951889038086
fold_2,2284,recent,1913,1944,1945,nan,0.06675936281681061
fold_2,2284,random,510,1942,1945,nan,0.08821379393339157
fold_2,2285,retrieval,582,1841,1945,6.460309982299805,0.08764930814504623
fold_2,2285,recent,1913,1944,1945,nan,0.06675936281681061
fold_2,2285,random,529,1922,1945,nan,0.0874299481511116
fold_2,2286,retrieval,813,1479,1945,3.2017335891723633,0.09097364544868469
fold_2,2286,recent,1913,1944,1945,nan,0.06675936281681061
fold_2,2286,random,489,1890,1945,nan,0.07253327965736389
fold_2,2287,retrieval,803,1481,1945,2.4043121337890625,0.08336438983678818
fold_2,2287,recent,1913,1944,1945,nan,0.06675936281681061
fold_2,2287,random,500,1929,1945,nan,0.11000142991542816
fold_2,2288,retrieval,803,1268,1945,3.27152419090271,0.08969078958034515
fold_2,2288,recent,1913,1944,1945,nan,0.06675936281681061
fold_2,2288,random,491,1850,1945,nan,0.07611566036939621
fold_2,2289,retrieval,807,1464,1945,2.2625606060028076,0.08359187096357346
fold_2,2289,recent,1913,1944,1945,nan,0.06675936281681061
fold_2,2289,random,579,1839,1945,nan,0.08430203050374985
fold_2,2290,retrieval,1051,1348,1945,1.8224105834960938,0.07653625309467316
fold_2,2290,recent,1913,1944,1945,nan,0.06675936281681061
fold_2,2290,random,598,1912,1945,nan,0.09518645703792572
fold_2,2291,retrieval,798,1346,1945,2.1144895553588867,0.0795399397611618
fold_2,2291,recent,1913,1944,1945,nan,0.06675936281681061
fold_2,2291,random,572,1892,1945,nan,0.08179107308387756
fold_2,2292,retrieval,800,1463,1945,2.2467432022094727,0.08374682068824768
fold_2,2292,recent,1913,1944,1945,nan,0.06675936281681061
fold_2,2292,random,607,1941,1945,nan,0.07002759724855423
fold_2,2293,retrieval,804,1481,1945,2.5400824546813965,0.08216524869203568
fold_2,2293,recent,1913,1944,1945,nan,0.06675936281681061
fold_2,2293,random,500,1929,1945,nan,0.08965889364480972
fold_2,2294,retrieval,803,1347,1945,1.9999171495437622,0.08975060284137726
fold_2,2294,recent,1913,1944,1945,nan,0.06675936281681061
fold_2,2294,random,501,1943,1945,nan,0.09806331247091293
fold_2,2295,retrieval,804,1300,1945,2.720254421234131,0.07906879484653473
fold_2,2295,recent,1913,1944,1945,nan,0.06675936281681061
fold_2,2295,random,524,1942,1945,nan,0.09596152603626251
fold_2,2296,retrieval,803,1481,1945,2.4333744049072266,0.08481365442276001
fold_2,2296,recent,1913,1944,1945,nan,0.06675936281681061
fold_2,2296,random,496,1924,1945,nan,0.08795689046382904
fold_2,2297,retrieval,501,1480,1945,3.291794776916504,0.07494136691093445
fold_2,2297,recent,1913,1944,1945,nan,0.06675936281681061
fold_2,2297,random,488,1943,1945,nan,0.0871882438659668
fold_2,2298,retrieval,582,1783,1945,8.46313762664795,0.10942822694778442
fold_2,2298,recent,1913,1944,1945,nan,0.06675936281681061
fold_2,2298,random,490,1924,1945,nan,0.0865512490272522
fold_2,2299,retrieval,741,1481,1945,4.611874580383301,0.10012096166610718
fold_2,2299,recent,1913,1944,1945,nan,0.06675936281681061
fold_2,2299,random,524,1886,1945,nan,0.08500929176807404
fold_2,2300,retrieval,740,1480,1945,3.4526586532592773,0.06829515844583511
fold_2,2300,recent,1913,1944,1945,nan,0.06675936281681061
fold_2,2300,random,537,1933,1945,nan,0.08248237520456314
fold_2,2301,retrieval,562,1930,1945,5.936432838439941,0.09084784239530563
fold_2,2301,recent,1913,1944,1945,nan,0.06675936281681061
fold_2,2301,random,528,1936,1945,nan,0.08135119080543518
fold_2,2302,retrieval,803,1479,1945,3.786205291748047,0.08502340316772461
fold_2,2302,recent,1913,1944,1945,nan,0.06675936281681061
fold_2,2302,random,506,1932,1945,nan,0.07896700501441956
fold_2,2303,retrieval,582,1924,1945,4.944456100463867,0.08600892871618271
fold_2,2303,recent,1913,1944,1945,nan,0.06675936281681061
fold_2,2303,random,493,1891,1945,nan,0.1119319349527359
fold_2,2304,retrieval,803,1294,1945,2.7805964946746826,0.0801485925912857
fold_2,2304,recent,1913,1944,1945,nan,0.06675936281681061
fold_2,2304,random,487,1906,1945,nan,0.07041600346565247
fold_2,2305,retrieval,787,1481,1945,2.913970947265625,0.07423443347215652
fold_2,2305,recent,1913,1944,1945,nan,0.06675936281681061
fold_2,2305,random,543,1943,1945,nan,0.11453905701637268
fold_2,2306,retrieval,788,1451,1945,3.278247356414795,0.08262902498245239
fold_2,2306,recent,1913,1944,1945,nan,0.06675936281681061
fold_2,2306,random,551,1857,1945,nan,0.08642695099115372
fold_2,2307,retrieval,803,1268,1945,2.7535433769226074,0.07782571017742157
fold_2,2307,recent,1913,1944,1945,nan,0.06675936281681061
fold_2,2307,random,512,1911,1945,nan,0.08812006562948227
fold_2,2308,retrieval,735,1638,1945,2.8796911239624023,0.08857104182243347
fold_2,2308,recent,1913,1944,1945,nan,0.06675936281681061
fold_2,2308,random,508,1859,1945,nan,0.08176293224096298
fold_2,2309,retrieval,796,1454,1945,3.414177894592285,0.08534852415323257
fold_2,2309,recent,1913,1944,1945,nan,0.06675936281681061
fold_2,2309,random,495,1844,1945,nan,0.08693554252386093
fold_2,2310,retrieval,740,1480,1945,3.726813793182373,0.07375404238700867
fold_2,2310,recent,1913,1944,1945,nan,0.06675936281681061
fold_2,2310,random,490,1917,1945,nan,0.08052153885364532
fold_2,2311,retrieval,733,1638,1945,3.7968506813049316,0.09610553085803986
fold_2,2311,recent,1913,1944,1945,nan,0.06675936281681061
fold_2,2311,random,499,1897,1945,nan,0.08413125574588776
fold_2,2312,retrieval,847,1329,1945,3.563190221786499,0.08451433479785919
fold_2,2312,recent,1913,1944,1945,nan,0.06675936281681061
fold_2,2312,random,509,1905,1945,nan,0.07282409816980362
fold_2,2313,retrieval,803,1339,1945,2.6790153980255127,0.08768540620803833
fold_2,2313,recent,1913,1944,1945,nan,0.06675936281681061
fold_2,2313,random,524,1817,1945,nan,0.08962223678827286
fold_2,2314,retrieval,501,1871,1945,4.75768518447876,0.08633951842784882
fold_2,2314,recent,1913,1944,1945,nan,0.06675936281681061
fold_2,2314,random,578,1929,1945,nan,0.09607314318418503
fold_2,2315,retrieval,788,1816,1945,3.216907262802124,0.07662560790777206
fold_2,2315,recent,1913,1944,1945,nan,0.06675936281681061
fold_2,2315,random,607,1922,1945,nan,0.07581877708435059
fold_2,2316,retrieval,803,1340,1945,2.924912452697754,0.08968478441238403
fold_2,2316,recent,1913,1944,1945,nan,0.06675936281681061
fold_2,2316,random,534,1944,1945,nan,0.07304447889328003
fold_2,2317,retrieval,803,1333,1945,3.3389034271240234,0.09065250307321548
fold_2,2317,recent,1913,1944,1945,nan,0.06675936281681061
fold_2,2317,random,565,1913,1945,nan,0.0843212679028511
fold_2,2318,retrieval,803,1340,1945,2.4756088256835938,0.08695536106824875
fold_2,2318,recent,1913,1944,1945,nan,0.06675936281681061
fold_2,2318,random,498,1932,1945,nan,0.08729197084903717
fold_2,2319,retrieval,972,1340,1945,2.2549662590026855,0.08559083193540573
fold_2,2319,recent,1913,1944,1945,nan,0.06675936281681061
fold_2,2319,random,599,1904,1945,nan,0.09322711080312729
fold_2,2320,retrieval,796,1299,1945,2.2953453063964844,0.08072599768638611
fold_2,2320,recent,1913,1944,1945,nan,0.06675936281681061
fold_2,2320,random,643,1933,1945,nan,0.09291216731071472
fold_2,2321,retrieval,803,1264,1945,2.241853713989258,0.09212367981672287
fold_2,2321,recent,1913,1944,1945,nan,0.06675936281681061
fold_2,2321,random,590,1793,1945,nan,0.07873173803091049
fold_2,2322,retrieval,962,1339,1945,3.4000158309936523,0.08288949728012085
fold_2,2322,recent,1913,1944,1945,nan,0.06675936281681061
fold_2,2322,random,511,1871,1945,nan,0.1070537194609642
fold_2,2323,retrieval,1059,1933,1945,3.22822904586792,0.06985953450202942
fold_2,2323,recent,1913,1944,1945,nan,0.06675936281681061
fold_2,2323,random,575,1839,1945,nan,0.07890912145376205
fold_2,2324,retrieval,962,1378,1945,2.941213607788086,0.07531795650720596
fold_2,2324,recent,1913,1944,1945,nan,0.06675936281681061
fold_2,2324,random,495,1933,1945,nan,0.11641041934490204
fold_2,2325,retrieval,962,1487,1945,2.843778133392334,0.085447296500206
fold_2,2325,recent,1913,1944,1945,nan,0.06675936281681061
fold_2,2325,random,492,1919,1945,nan,0.08809786289930344
fold_2,2326,retrieval,803,1934,1945,3.026177167892456,0.08850407600402832
fold_2,2326,recent,1913,1944,1945,nan,0.06675936281681061
fold_2,2326,random,647,1881,1945,nan,0.07567650079727173
fold_2,2327,retrieval,800,1454,1945,2.6438989639282227,0.0889265164732933
fold_2,2327,recent,1913,1944,1945,nan,0.06675936281681061
fold_2,2327,random,566,1908,1945,nan,0.08611337840557098
fold_2,2328,retrieval,803,1329,1945,2.5495188236236572,0.08727365732192993
fold_2,2328,recent,1913,1944,1945,nan,0.06675936281681061
fold_2,2328,random,495,1941,1945,nan,0.08328688889741898
fold_2,2329,retrieval,988,1463,1945,2.8839714527130127,0.08152619004249573
fold_2,2329,recent,1913,1944,1945,nan,0.06675936281681061
fold_2,2329,random,489,1778,1945,nan,0.07347932457923889
fold_2,2330,retrieval,501,1790,1945,4.222865581512451,0.0908503532409668
fold_2,2330,recent,1913,1944,1945,nan,0.06675936281681061
fold_2,2330,random,610,1868,1945,nan,0.10028437525033951
fold_2,2331,retrieval,803,1481,1945,2.58058500289917,0.07542195916175842
fold_2,2331,recent,1913,1944,1945,nan,0.06675936281681061
fold_2,2331,random,501,1775,1945,nan,0.08047489821910858
fold_2,2332,retrieval,501,1454,1945,3.5843582153320312,0.07641006261110306
fold_2,2332,recent,1913,1944,1945,nan,0.06675936281681061
fold_2,2332,random,500,1938,1945,nan,0.08693115413188934
fold_2,2333,retrieval,735,1451,1945,2.5357742309570312,0.08831183612346649
fold_2,2333,recent,1913,1944,1945,nan,0.06675936281681061
fold_2,2333,random,576,1816,1945,nan,0.09321042150259018
fold_2,2334,retrieval,796,1299,1945,2.4226951599121094,0.08261985331773758
fold_2,2334,recent,1913,1944,1945,nan,0.06675936281681061
fold_2,2334,random,547,1916,1945,nan,0.09304388612508774
fold_2,2335,retrieval,788,1932,1945,3.1007957458496094,0.07603862881660461
fold_2,2335,recent,1913,1944,1945,nan,0.06675936281681061
fold_2,2335,random,582,1901,1945,nan,0.08832042664289474
fold_2,2336,retrieval,803,1305,1945,2.434398889541626,0.09418422728776932
fold_2,2336,recent,1913,1944,1945,nan,0.06675936281681061
fold_2,2336,random,623,1866,1945,nan,0.11138483136892319
fold_2,2337,retrieval,792,1474,1945,3.421795129776001,0.08738593012094498
fold_2,2337,recent,1913,1944,1945,nan,0.06675936281681061
fold_2,2337,random,567,1944,1945,nan,0.07451141625642776
fold_2,2338,retrieval,803,1334,1945,2.3305230140686035,0.08198077976703644
fold_2,2338,recent,1913,1944,1945,nan,0.06675936281681061
fold_2,2338,random,583,1898,1945,nan,0.0703594759106636
fold_2,2339,retrieval,796,1309,1945,2.164853572845459,0.06899214535951614
fold_2,2339,recent,1913,1944,1945,nan,0.06675936281681061
fold_2,2339,random,525,1885,1945,nan,0.08597555011510849
fold_2,2340,retrieval,582,1924,1945,4.716042518615723,0.08921340107917786
fold_2,2340,recent,1913,1944,1945,nan,0.06675936281681061
fold_2,2340,random,507,1916,1945,nan,0.07630595564842224
fold_2,2341,retrieval,730,1294,1945,3.4621641635894775,0.08264811336994171
fold_2,2341,recent,1913,1944,1945,nan,0.06675936281681061
fold_2,2341,random,513,1921,1945,nan,0.0799906998872757
fold_2,2342,retrieval,735,1481,1945,2.6583971977233887,0.08553219586610794
fold_2,2342,recent,1913,1944,1945,nan,0.06675936281681061
fold_2,2342,random,562,1781,1945,nan,0.08194714784622192
fold_2,2343,retrieval,897,1324,1945,2.056180715560913,0.07600600272417068
fold_2,2343,recent,1913,1944,1945,nan,0.06675936281681061
fold_2,2343,random,625,1885,1945,nan,0.09091882407665253
fold_2,2344,retrieval,804,1326,1945,2.3963541984558105,0.06696733832359314
fold_2,2344,recent,1913,1944,1945,nan,0.06675936281681061
fold_2,2344,random,488,1925,1945,nan,0.08068887889385223
fold_2,2345,retrieval,957,1323,1945,2.103072166442871,0.07833562046289444
fold_2,2345,recent,1913,1944,1945,nan,0.06675936281681061
fold_2,2345,random,507,1922,1945,nan,0.08927447348833084
fold_2,2346,retrieval,884,1326,1945,2.4505629539489746,0.06996669620275497
fold_2,2346,recent,1913,1944,1945,nan,0.06675936281681061
fold_2,2346,random,495,1892,1945,nan,0.08169727772474289
fold_2,2347,retrieval,957,1348,1945,2.4623911380767822,0.07767543196678162
fold_2,2347,recent,1913,1944,1945,nan,0.06675936281681061
fold_2,2347,random,494,1941,1945,nan,0.07296405732631683
fold_2,2348,retrieval,899,1348,1945,2.4096012115478516,0.07045673578977585
fold_2,2348,recent,1913,1944,1945,nan,0.06675936281681061
fold_2,2348,random,503,1929,1945,nan,0.08254973590373993
fold_2,2349,retrieval,992,1344,1945,2.4829416275024414,0.06847545504570007
fold_2,2349,recent,1913,1944,1945,nan,0.06675936281681061
fold_2,2349,random,499,1873,1945,nan,0.07959413528442383
fold_2,2350,retrieval,988,1344,1945,2.3446285724639893,0.0656748041510582
fold_2,2350,recent,1913,1944,1945,nan,0.06675936281681061
fold_2,2350,random,505,1876,1945,nan,0.08805055171251297
fold_2,2351,retrieval,804,1300,1945,2.275752544403076,0.07570238411426544
fold_2,2351,recent,1913,1944,1945,nan,0.06675936281681061
fold_2,2351,random,545,1923,1945,nan,0.08434775471687317
fold_2,2352,retrieval,803,1294,1945,2.652588367462158,0.07715972512960434
fold_2,2352,recent,1913,1944,1945,nan,0.06675936281681061
fold_2,2352,random,489,1903,1945,nan,0.08169274777173996
fold_2,2353,retrieval,957,1319,1945,2.1062428951263428,0.08168888092041016
fold_2,2353,recent,1913,1944,1945,nan,0.06675936281681061
fold_2,2353,random,537,1905,1945,nan,0.07692529261112213
fold_2,2354,retrieval,815,1321,1945,2.344026565551758,0.06726016849279404
fold_2,2354,recent,1913,1944,1945,nan,0.06675936281681061
fold_2,2354,random,523,1932,1945,nan,0.07093452662229538
fold_2,2355,retrieval,967,1323,1945,2.246798515319824,0.07335448265075684
fold_2,2355,recent,1913,1944,1945,nan,0.06675936281681061
fold_2,2355,random,515,1881,1945,nan,0.08549974113702774
fold_2,2356,retrieval,897,1323,1945,1.9907944202423096,0.078244149684906
fold_2,2356,recent,1913,1944,1945,nan,0.06675936281681061
fold_2,2356,random,491,1916,1945,nan,0.10220318287611008
fold_2,2357,retrieval,796,1300,1945,2.839970588684082,0.07475670427083969
fold_2,2357,recent,1913,1944,1945,nan,0.06675936281681061
fold_2,2357,random,527,1938,1945,nan,0.07294151186943054
fold_2,2358,retrieval,803,1323,1945,2.1993634700775146,0.07203581184148788
fold_2,2358,recent,1913,1944,1945,nan,0.06675936281681061
fold_2,2358,random,518,1931,1945,nan,0.07386206090450287
fold_2,2359,retrieval,884,1323,1945,2.1132283210754395,0.06377717852592468
fold_2,2359,recent,1913,1944,1945,nan,0.06675936281681061
fold_2,2359,random,546,1914,1945,nan,0.09149240702390671
fold_2,2360,retrieval,803,1305,1945,3.687108039855957,0.08724553138017654
fold_2,2360,recent,1913,1944,1945,nan,0.06675936281681061
fold_2,2360,random,597,1879,1945,nan,0.1093255952000618
fold_2,2361,retrieval,803,1326,1945,2.842348098754883,0.075516477227211
fold_2,2361,recent,1913,1944,1945,nan,0.06675936281681061
fold_2,2361,random,496,1942,1945,nan,0.0905810073018074
fold_2,2362,retrieval,804,1300,1945,3.804905414581299,0.08009825646877289
fold_2,2362,recent,1913,1944,1945,nan,0.06675936281681061
fold_2,2362,random,542,1759,1945,nan,0.07881031930446625
fold_2,2363,retrieval,793,1296,1945,2.697293996810913,0.0804874375462532
fold_2,2363,recent,1913,1944,1945,nan,0.06675936281681061
fold_2,2363,random,537,1879,1945,nan,0.0824945867061615
fold_2,2364,retrieval,897,1348,1945,2.3237996101379395,0.08498209714889526
fold_2,2364,recent,1913,1944,1945,nan,0.06675936281681061
fold_2,2364,random,504,1874,1945,nan,0.0936078280210495
fold_2,2365,retrieval,876,1333,1945,2.787126302719116,0.08115676045417786
fold_2,2365,recent,1913,1944,1945,nan,0.06675936281681061
fold_2,2365,random,527,1927,1945,nan,0.0830259695649147
fold_2,2366,retrieval,794,1348,1945,2.213125228881836,0.08020997047424316
fold_2,2366,recent,1913,1944,1945,nan,0.06675936281681061
fold_2,2366,random,525,1908,1945,nan,0.09411955624818802
fold_2,2367,retrieval,992,1333,1945,3.2220141887664795,0.07863786071538925
fold_2,2367,recent,1913,1944,1945,nan,0.06675936281681061
fold_2,2367,random,503,1943,1945,nan,0.07935492694377899
fold_2,2368,retrieval,990,1358,1945,1.9283201694488525,0.07472029328346252
fold_2,2368,recent,1913,1944,1945,nan,0.06675936281681061
fold_2,2368,random,528,1933,1945,nan,0.0750063955783844
fold_2,2369,retrieval,884,1346,1945,2.188720703125,0.0703856572508812
fold_2,2369,recent,1913,1944,1945,nan,0.06675936281681061
fold_2,2369,random,521,1853,1945,nan,0.07491884380578995
fold_2,2370,retrieval,972,1348,1945,2.2114224433898926,0.07539985328912735
fold_2,2370,recent,1913,1944,1945,nan,0.06675936281681061
fold_2,2370,random,494,1926,1945,nan,0.10001552850008011
fold_2,2371,retrieval,656,1476,1945,4.709978103637695,0.08241529017686844
fold_2,2371,recent,1913,1944,1945,nan,0.06675936281681061
fold_2,2371,random,577,1940,1945,nan,0.08081962168216705
fold_2,2372,retrieval,847,1323,1945,2.3780717849731445,0.0696827620267868
fold_2,2372,recent,1913,1944,1945,nan,0.06675936281681061
fold_2,2372,random,495,1923,1945,nan,0.08766144514083862
fold_2,2373,retrieval,803,1312,1945,2.45430326461792,0.08450762927532196
fold_2,2373,recent,1913,1944,1945,nan,0.06675936281681061
fold_2,2373,random,515,1917,1945,nan,0.08817733824253082
fold_2,2374,retrieval,582,1786,1945,7.963253021240234,0.09689047932624817
fold_2,2374,recent,1913,1944,1945,nan,0.06675936281681061
fold_2,2374,random,525,1935,1945,nan,0.08217830955982208
fold_2,2375,retrieval,501,1783,1945,5.085355758666992,0.09718102216720581
fold_2,2375,recent,1913,1944,1945,nan,0.06675936281681061
fold_2,2375,random,553,1939,1945,nan,0.10036230087280273
fold_2,2376,retrieval,803,1288,1945,3.788365125656128,0.07523246854543686
fold_2,2376,recent,1913,1944,1945,nan,0.06675936281681061
fold_2,2376,random,512,1821,1945,nan,0.07618124037981033
fold_2,2377,retrieval,740,1454,1945,3.47219181060791,0.06985905766487122
fold_2,2377,recent,1913,1944,1945,nan,0.06675936281681061
fold_2,2377,random,489,1930,1945,nan,0.07715943455696106
fold_2,2378,retrieval,803,1638,1945,4.141079425811768,0.0886424109339714
fold_2,2378,recent,1913,1944,1945,nan,0.06675936281681061
fold_2,2378,random,554,1882,1945,nan,0.10216466337442398
fold_2,2379,retrieval,501,1454,1945,5.087193965911865,0.08904799073934555
fold_2,2379,recent,1913,1944,1945,nan,0.06675936281681061
fold_2,2379,random,541,1903,1945,nan,0.08250322192907333
fold_2,2380,retrieval,727,1773,1945,5.58686637878418,0.09118925034999847
fold_2,2380,recent,1913,1944,1945,nan,0.06675936281681061
fold_2,2380,random,493,1927,1945,nan,0.08219893276691437
fold_2,2381,retrieval,896,1816,1945,5.707458972930908,0.08918933570384979
fold_2,2381,recent,1913,1944,1945,nan,0.06675936281681061
fold_2,2381,random,536,1941,1945,nan,0.08202800154685974
fold_2,2382,retrieval,803,1268,1945,3.0914249420166016,0.07763060182332993
fold_2,2382,recent,1913,1944,1945,nan,0.06675936281681061
fold_2,2382,random,493,1936,1945,nan,0.08251847326755524
fold_2,2383,retrieval,735,1263,1945,3.0739541053771973,0.09136096388101578
fold_2,2383,recent,1913,1944,1945,nan,0.06675936281681061
fold_2,2383,random,496,1941,1945,nan,0.0786682739853859
fold_2,2384,retrieval,585,1871,1945,6.464166641235352,0.08671851456165314
fold_2,2384,recent,1913,1944,1945,nan,0.06675936281681061
fold_2,2384,random,512,1925,1945,nan,0.09111437946557999
fold_2,2385,retrieval,803,1638,1945,4.007246017456055,0.10103759169578552
fold_2,2385,recent,1913,1944,1945,nan,0.06675936281681061
fold_2,2385,random,556,1933,1945,nan,0.07813919335603714
fold_2,2386,retrieval,803,1268,1945,3.4841394424438477,0.08417672663927078
fold_2,2386,recent,1913,1944,1945,nan,0.06675936281681061
fold_2,2386,random,512,1942,1945,nan,0.07465225458145142
fold_2,2387,retrieval,735,1263,1945,2.9533023834228516,0.08724603056907654
fold_2,2387,recent,1913,1944,1945,nan,0.06675936281681061
fold_2,2387,random,488,1939,1945,nan,0.09833523631095886
fold_2,2388,retrieval,897,1339,1945,2.813587188720703,0.08211550861597061
fold_2,2388,recent,1913,1944,1945,nan,0.06675936281681061
fold_2,2388,random,526,1937,1945,nan,0.07956183701753616
fold_2,2389,retrieval,1059,1793,1945,3.4539239406585693,0.08338968455791473
fold_2,2389,recent,1913,1944,1945,nan,0.06675936281681061
fold_2,2389,random,487,1882,1945,nan,0.08031509816646576
fold_2,2390,retrieval,633,1793,1945,4.804607391357422,0.0917653888463974
fold_2,2390,recent,1913,1944,1945,nan,0.06675936281681061
fold_2,2390,random,543,1837,1945,nan,0.08861093968153
fold_2,2391,retrieval,803,1339,1945,2.9009315967559814,0.07948693633079529
fold_2,2391,recent,1913,1944,1945,nan,0.06675936281681061
fold_2,2391,random,517,1851,1945,nan,0.09074678272008896
fold_2,2392,retrieval,803,1340,1945,3.2819480895996094,0.08885644376277924
fold_2,2392,recent,1913,1944,1945,nan,0.06675936281681061
fold_2,2392,random,517,1897,1945,nan,0.07760286331176758
fold_2,2393,retrieval,1097,1340,1945,2.206834316253662,0.08123587816953659
fold_2,2393,recent,1913,1944,1945,nan,0.06675936281681061
fold_2,2393,random,607,1934,1945,nan,0.08574852347373962
fold_2,2394,retrieval,803,1338,1945,2.6940395832061768,0.08949257433414459
fold_2,2394,recent,1913,1944,1945,nan,0.06675936281681061
fold_2,2394,random,557,1925,1945,nan,0.07839260995388031
fold_2,2395,retrieval,803,1338,1945,2.972827196121216,0.08993883430957794
fold_2,2395,recent,1913,1944,1945,nan,0.06675936281681061
fold_2,2395,random,504,1927,1945,nan,0.08889860659837723
fold_2,2396,retrieval,802,1339,1945,3.291869640350342,0.08112773299217224
fold_2,2396,recent,1913,1944,1945,nan,0.06675936281681061
fold_2,2396,random,602,1938,1945,nan,0.07749703526496887
fold_2,2397,retrieval,802,1932,1945,4.259443283081055,0.07783184200525284
fold_2,2397,recent,1913,1944,1945,nan,0.06675936281681061
fold_2,2397,random,544,1871,1945,nan,0.07527412474155426
fold_2,2398,retrieval,803,1455,1945,3.212319850921631,0.09424761682748795
fold_2,2398,recent,1913,1944,1945,nan,0.06675936281681061
fold_2,2398,random,531,1879,1945,nan,0.07961083948612213
fold_2,2399,retrieval,1097,1793,1945,3.0501227378845215,0.07715222984552383
fold_2,2399,recent,1913,1944,1945,nan,0.06675936281681061
fold_2,2399,random,718,1930,1945,nan,0.08270832896232605
fold_2,2400,retrieval,1059,1810,1945,2.697047710418701,0.06768371909856796
fold_2,2400,recent,1913,1944,1945,nan,0.06675936281681061
fold_2,2400,random,519,1942,1945,nan,0.09303902089595795
fold_2,2401,retrieval,803,1811,1945,3.632253885269165,0.09757128357887268
fold_2,2401,recent,1913,1944,1945,nan,0.06675936281681061
fold_2,2401,random,489,1922,1945,nan,0.07964734733104706
fold_2,2402,retrieval,1099,1454,1945,3.092916250228882,0.07765042036771774
fold_2,2402,recent,1913,1944,1945,nan,0.06675936281681061
fold_2,2402,random,490,1906,1945,nan,0.08385344594717026
fold_2,2403,retrieval,1090,1924,1945,3.7671196460723877,0.08534736931324005
fold_2,2403,recent,1913,1944,1945,nan,0.06675936281681061
fold_2,2403,random,506,1904,1945,nan,0.07303053885698318
fold_2,2404,retrieval,794,1340,1945,2.4792943000793457,0.08593928068876266
fold_2,2404,recent,1913,1944,1945,nan,0.06675936281681061
fold_2,2404,random,584,1824,1945,nan,0.07663252204656601
fold_2,2405,retrieval,737,1929,1945,3.6008453369140625,0.07863006740808487
fold_2,2405,recent,1913,1944,1945,nan,0.06675936281681061
fold_2,2405,random,495,1941,1945,nan,0.08325356990098953
fold_2,2406,retrieval,735,1481,1945,2.765376091003418,0.0930771604180336
fold_2,2406,recent,1913,1944,1945,nan,0.06675936281681061
fold_2,2406,random,513,1915,1945,nan,0.08858367055654526
fold_2,2407,retrieval,794,1305,1945,2.6803338527679443,0.08664055168628693
fold_2,2407,recent,1913,1944,1945,nan,0.06675936281681061
fold_2,2407,random,544,1933,1945,nan,0.07740254700183868
fold_2,2408,retrieval,1061,1481,1945,1.9963109493255615,0.08023536950349808
fold_2,2408,recent,1913,1944,1945,nan,0.06675936281681061
fold_2,2408,random,496,1840,1945,nan,0.0710810050368309
fold_2,2409,retrieval,985,1271,1945,3.0638461112976074,0.0710110068321228
fold_2,2409,recent,1913,1944,1945,nan,0.06675936281681061
fold_2,2409,random,598,1924,1945,nan,0.08065852522850037
fold_2,2410,retrieval,735,1807,1945,2.6195168495178223,0.08254393935203552
fold_2,2410,recent,1913,1944,1945,nan,0.06675936281681061
fold_2,2410,random,490,1918,1945,nan,0.08853758126497269
fold_2,2411,retrieval,633,1907,1945,6.10206413269043,0.08465369790792465
fold_2,2411,recent,1913,1944,1945,nan,0.06675936281681061
fold_2,2411,random,509,1923,1945,nan,0.11792267113924026
fold_2,2412,retrieval,1058,1351,1945,2.153475284576416,0.07827327400445938
fold_2,2412,recent,1913,1944,1945,nan,0.06675936281681061
fold_2,2412,random,534,1936,1945,nan,0.07399401068687439
fold_2,2413,retrieval,795,1924,1945,4.909030914306641,0.09020731598138809
fold_2,2413,recent,1913,1944,1945,nan,0.06675936281681061
fold_2,2413,random,510,1929,1945,nan,0.07410964369773865
fold_2,2414,retrieval,982,1342,1945,2.5049495697021484,0.08029421418905258
fold_2,2414,recent,1913,1944,1945,nan,0.06675936281681061
fold_2,2414,random,564,1896,1945,nan,0.07990290224552155
fold_2,2415,retrieval,803,1333,1945,2.3928184509277344,0.08527232706546783
fold_2,2415,recent,1913,1944,1945,nan,0.06675936281681061
fold_2,2415,random,523,1912,1945,nan,0.06914469599723816
fold_2,2416,retrieval,804,1276,1945,2.615067958831787,0.07915875315666199
fold_2,2416,recent,1913,1944,1945,nan,0.06675936281681061
fold_2,2416,random,496,1932,1945,nan,0.08582788705825806
fold_2,2417,retrieval,1024,1348,1945,2.2376656532287598,0.0777406394481659
fold_2,2417,recent,1913,1944,1945,nan,0.06675936281681061
fold_2,2417,random,565,1857,1945,nan,0.07275108247995377
fold_2,2418,retrieval,992,1348,1945,2.683511257171631,0.06904718279838562
fold_2,2418,recent,1913,1944,1945,nan,0.06675936281681061
fold_2,2418,random,491,1883,1945,nan,0.08705705404281616
fold_2,2419,retrieval,990,1358,1945,2.2050905227661133,0.08629696071147919
fold_2,2419,recent,1913,1944,1945,nan,0.06675936281681061
fold_2,2419,random,513,1911,1945,nan,0.08910766243934631
fold_2,2420,retrieval,782,1353,1945,3.0063140392303467,0.0787624642252922
fold_2,2420,recent,1913,1944,1945,nan,0.06675936281681061
fold_2,2420,random,526,1904,1945,nan,0.08803816139698029
fold_2,2421,retrieval,804,1481,1945,2.6331262588500977,0.07851746678352356
fold_2,2421,recent,1913,1944,1945,nan,0.06675936281681061
fold_2,2421,random,519,1941,1945,nan,0.08183231949806213
fold_2,2422,retrieval,982,1299,1945,2.372119426727295,0.07526122778654099
fold_2,2422,recent,1913,1944,1945,nan,0.06675936281681061
fold_2,2422,random,572,1926,1945,nan,0.07796556502580643
fold_2,2423,retrieval,988,1342,1945,2.665264368057251,0.0681530013680458
fold_2,2423,recent,1913,1944,1945,nan,0.06675936281681061
fold_2,2423,random,652,1942,1945,nan,0.07711108773946762
fold_2,2424,retrieval,988,1323,1945,2.0845565795898438,0.0731559619307518
fold_2,2424,recent,1913,1944,1945,nan,0.06675936281681061
fold_2,2424,random,543,1906,1945,nan,0.086388498544693
fold_2,2425,retrieval,982,1342,1945,2.4193873405456543,0.06982646882534027
fold_2,2425,recent,1913,1944,1945,nan,0.06675936281681061
fold_2,2425,random,542,1929,1945,nan,0.08768443018198013
fold_2,2426,retrieval,1090,1348,1945,2.317863702774048,0.08792891353368759
fold_2,2426,recent,1913,1944,1945,nan,0.06675936281681061
fold_2,2426,random,534,1921,1945,nan,0.08140230178833008
fold_2,2427,retrieval,800,1480,1945,3.597754716873169,0.08324461430311203
fold_2,2427,recent,1913,1944,1945,nan,0.06675936281681061
fold_2,2427,random,595,1944,1945,nan,0.0899353176355362
fold_2,2428,retrieval,803,1348,1945,2.6616880893707275,0.08982758224010468
fold_2,2428,recent,1913,1944,1945,nan,0.06675936281681061
fold_2,2428,random,591,1919,1945,nan,0.08273331820964813
fold_2,2429,retrieval,730,1479,1945,4.884084224700928,0.08244127035140991
fold_2,2429,recent,1913,1944,1945,nan,0.06675936281681061
fold_2,2429,random,536,1928,1945,nan,0.09690644592046738
fold_2,2430,retrieval,803,1271,1945,2.5408523082733154,0.0810198187828064
fold_2,2430,recent,1913,1944,1945,nan,0.06675936281681061
fold_2,2430,random,553,1930,1945,nan,0.07883931696414948
fold_2,2431,retrieval,803,1271,1945,2.727212905883789,0.08203360438346863
fold_2,2431,recent,1913,1944,1945,nan,0.06675936281681061
fold_2,2431,random,523,1828,1945,nan,0.09050126373767853
fold_3,2432,retrieval,803,2431,2432,2.167001962661743,0.09204096347093582
fold_3,2432,recent,2400,2431,2432,nan,0.0584629587829113
fold_3,2432,random,534,2411,2432,nan,0.08646741509437561
fold_3,2433,retrieval,802,2406,2432,3.3845977783203125,0.07841582596302032
fold_3,2433,recent,2400,2431,2432,nan,0.0584629587829113
fold_3,2433,random,505,2419,2432,nan,0.08954433351755142
fold_3,2434,retrieval,1110,2426,2432,2.6727702617645264,0.07495669275522232
fold_3,2434,recent,2400,2431,2432,nan,0.0584629587829113
fold_3,2434,random,491,2337,2432,nan,0.07519128173589706
fold_3,2435,retrieval,1133,2428,2432,2.169201374053955,0.07365640252828598
fold_3,2435,recent,2400,2431,2432,nan,0.0584629587829113
fold_3,2435,random,488,2330,2432,nan,0.07342299073934555
fold_3,2436,retrieval,1059,2426,2432,2.6250672340393066,0.07144556194543839
fold_3,2436,recent,2400,2431,2432,nan,0.0584629587829113
fold_3,2436,random,495,2428,2432,nan,0.08673182874917984
fold_3,2437,retrieval,2236,2431,2432,2.1526808738708496,0.06952346116304398
fold_3,2437,recent,2400,2431,2432,nan,0.0584629587829113
fold_3,2437,random,592,2404,2432,nan,0.08096050471067429
fold_3,2438,retrieval,2039,2428,2432,2.1359481811523438,0.07003660500049591
fold_3,2438,recent,2400,2431,2432,nan,0.0584629587829113
fold_3,2438,random,693,2289,2432,nan,0.07531008124351501
fold_3,2439,retrieval,2265,2431,2432,2.503965377807617,0.07185257226228714
fold_3,2439,recent,2400,2431,2432,nan,0.0584629587829113
fold_3,2439,random,559,2407,2432,nan,0.07495606690645218
fold_3,2440,retrieval,1141,2428,2432,2.088090181350708,0.06830058246850967
fold_3,2440,recent,2400,2431,2432,nan,0.0584629587829113
fold_3,2440,random,533,2216,2432,nan,0.07569745182991028
fold_3,2441,retrieval,1133,2428,2432,2.2107834815979004,0.06297776103019714
fold_3,2441,recent,2400,2431,2432,nan,0.0584629587829113
fold_3,2441,random,519,2390,2432,nan,0.07894279062747955
fold_3,2442,retrieval,1119,2430,2432,2.398007392883301,0.0660284087061882
fold_3,2442,recent,2400,2431,2432,nan,0.0584629587829113
fold_3,2442,random,548,2424,2432,nan,0.08299202471971512
fold_3,2443,retrieval,991,2428,2432,2.002910614013672,0.07472898066043854
fold_3,2443,recent,2400,2431,2432,nan,0.0584629587829113
fold_3,2443,random,556,2357,2432,nan,0.1069418340921402
fold_3,2444,retrieval,1110,2428,2432,2.315918445587158,0.0662798285484314
fold_3,2444,recent,2400,2431,2432,nan,0.0584629587829113
fold_3,2444,random,550,2419,2432,nan,0.0880773663520813
fold_3,2445,retrieval,1278,2431,2432,2.3624541759490967,0.06872837245464325
fold_3,2445,recent,2400,2431,2432,nan,0.0584629587829113
fold_3,2445,random,528,2406,2432,nan,0.08805406838655472
fold_3,2446,retrieval,1296,2431,2432,1.979815125465393,0.06336898356676102
fold_3,2446,recent,2400,2431,2432,nan,0.0584629587829113
fold_3,2446,random,490,2424,2432,nan,0.07841350138187408
fold_3,2447,retrieval,1110,2428,2432,2.258740186691284,0.06978746503591537
fold_3,2447,recent,2400,2431,2432,nan,0.0584629587829113
fold_3,2447,random,534,2374,2432,nan,0.09078962355852127
fold_3,2448,retrieval,1119,2431,2432,2.7546439170837402,0.0736117884516716
fold_3,2448,recent,2400,2431,2432,nan,0.0584629587829113
fold_3,2448,random,553,2343,2432,nan,0.08357592672109604
fold_3,2449,retrieval,1209,2431,2432,2.5520875453948975,0.08020099997520447
fold_3,2449,recent,2400,2431,2432,nan,0.0584629587829113
fold_3,2449,random,491,2333,2432,nan,0.07954838126897812
fold_3,2450,retrieval,558,2371,2432,5.5916829109191895,0.08908790349960327
fold_3,2450,recent,2400,2431,2432,nan,0.0584629587829113
fold_3,2450,random,564,2374,2432,nan,0.08831493556499481
fold_3,2451,retrieval,1090,2430,2432,3.106139659881592,0.0729418396949768
fold_3,2451,recent,2400,2431,2432,nan,0.0584629587829113
fold_3,2451,random,490,2408,2432,nan,0.0823269933462143
fold_3,2452,retrieval,1106,2421,2432,3.4882009029388428,0.0690021738409996
fold_3,2452,recent,2400,2431,2432,nan,0.0584629587829113
fold_3,2452,random,502,2396,2432,nan,0.07954611629247665
fold_3,2453,retrieval,957,2426,2432,2.996572971343994,0.07647665590047836
fold_3,2453,recent,2400,2431,2432,nan,0.0584629587829113
fold_3,2453,random,504,2429,2432,nan,0.0808279812335968
fold_3,2454,retrieval,1049,2426,2432,2.994370460510254,0.07614848017692566
fold_3,2454,recent,2400,2431,2432,nan,0.0584629587829113
fold_3,2454,random,513,2296,2432,nan,0.07829760760068893
fold_3,2455,retrieval,897,2426,2432,2.599259376525879,0.06948592513799667
fold_3,2455,recent,2400,2431,2432,nan,0.0584629587829113
fold_3,2455,random,496,2388,2432,nan,0.07866069674491882
fold_3,2456,retrieval,1059,2412,2432,2.667914390563965,0.06719187647104263
fold_3,2456,recent,2400,2431,2432,nan,0.0584629587829113
fold_3,2456,random,511,2039,2432,nan,0.08735622465610504
fold_3,2457,retrieval,1117,2412,2432,2.1539430618286133,0.06238951534032822
fold_3,2457,recent,2400,2431,2432,nan,0.0584629587829113
fold_3,2457,random,525,2365,2432,nan,0.07614510506391525
fold_3,2458,retrieval,1110,2426,2432,2.193966865539551,0.06563197821378708
fold_3,2458,recent,2400,2431,2432,nan,0.0584629587829113
fold_3,2458,random,495,2391,2432,nan,0.07674949616193771
fold_3,2459,retrieval,1059,2399,2432,3.0006656646728516,0.06901916861534119
fold_3,2459,recent,2400,2431,2432,nan,0.0584629587829113
fold_3,2459,random,552,2405,2432,nan,0.07365351170301437
fold_3,2460,retrieval,980,2412,2432,2.9070680141448975,0.0755457952618599
fold_3,2460,recent,2400,2431,2432,nan,0.0584629587829113
fold_3,2460,random,498,2410,2432,nan,0.08595914393663406
fold_3,2461,retrieval,1129,2412,2432,2.446767807006836,0.0728912204504013
fold_3,2461,recent,2400,2431,2432,nan,0.0584629587829113
fold_3,2461,random,560,2336,2432,nan,0.08126159012317657
fold_3,2462,retrieval,1060,2408,2432,2.800506114959717,0.07143726944923401
fold_3,2462,recent,2400,2431,2432,nan,0.0584629587829113
fold_3,2462,random,582,2263,2432,nan,0.07909587770700455
fold_3,2463,retrieval,1137,2412,2432,2.729156732559204,0.07082667946815491
fold_3,2463,recent,2400,2431,2432,nan,0.0584629587829113
fold_3,2463,random,505,2404,2432,nan,0.11205409467220306
fold_3,2464,retrieval,1440,2381,2432,4.56959342956543,0.08670779317617416
fold_3,2464,recent,2400,2431,2432,nan,0.0584629587829113
fold_3,2464,random,527,2350,2432,nan,0.07930532842874527
fold_3,2465,retrieval,1435,1738,2432,3.9906487464904785,0.08209117501974106
fold_3,2465,recent,2400,2431,2432,nan,0.0584629587829113
fold_3,2465,random,685,2431,2432,nan,0.08477409929037094
fold_3,2466,retrieval,1246,2398,2432,3.3373615741729736,0.06507955491542816
fold_3,2466,recent,2400,2431,2432,nan,0.0584629587829113
fold_3,2466,random,584,2425,2432,nan,0.07733505964279175
fold_3,2467,retrieval,1441,2406,2432,3.166348695755005,0.08208946138620377
fold_3,2467,recent,2400,2431,2432,nan,0.0584629587829113
fold_3,2467,random,727,2413,2432,nan,0.08628684282302856
fold_3,2468,retrieval,1103,2404,2432,3.201051950454712,0.07690776884555817
fold_3,2468,recent,2400,2431,2432,nan,0.0584629587829113
fold_3,2468,random,494,2288,2432,nan,0.07991677522659302
fold_3,2469,retrieval,1157,2400,2432,3.7486791610717773,0.07625427842140198
fold_3,2469,recent,2400,2431,2432,nan,0.0584629587829113
fold_3,2469,random,492,2407,2432,nan,0.07159476727247238
fold_3,2470,retrieval,1441,2401,2432,3.6633729934692383,0.07795034348964691
fold_3,2470,recent,2400,2431,2432,nan,0.0584629587829113
fold_3,2470,random,496,2292,2432,nan,0.0843992829322815
fold_3,2471,retrieval,1441,1750,2432,3.5760550498962402,0.07213631272315979
fold_3,2471,recent,2400,2431,2432,nan,0.0584629587829113
fold_3,2471,random,489,2417,2432,nan,0.07748899608850479
fold_3,2472,retrieval,1441,1674,2432,3.572178363800049,0.07010649889707565
fold_3,2472,recent,2400,2431,2432,nan,0.0584629587829113
fold_3,2472,random,508,2389,2432,nan,0.07283521443605423
fold_3,2473,retrieval,1189,2375,2432,6.11884880065918,0.08866706490516663
fold_3,2473,recent,2400,2431,2432,nan,0.0584629587829113
fold_3,2473,random,562,2424,2432,nan,0.08370483666658401
fold_3,2474,retrieval,1440,2214,2432,5.068291664123535,0.0842013731598854
fold_3,2474,recent,2400,2431,2432,nan,0.0584629587829113
fold_3,2474,random,575,2429,2432,nan,0.08304347842931747
fold_3,2475,retrieval,1514,1750,2432,3.371407985687256,0.06726768612861633
fold_3,2475,recent,2400,2431,2432,nan,0.0584629587829113
fold_3,2475,random,487,2384,2432,nan,0.08948629349470139
fold_3,2476,retrieval,1509,1738,2432,3.6554582118988037,0.06883213669061661
fold_3,2476,recent,2400,2431,2432,nan,0.0584629587829113
fold_3,2476,random,513,2259,2432,nan,0.07850795239210129
fold_3,2477,retrieval,1437,2330,2432,4.602260589599609,0.08291944861412048
fold_3,2477,recent,2400,2431,2432,nan,0.0584629587829113
fold_3,2477,random,606,2250,2432,nan,0.07516342401504517
fold_3,2478,retrieval,1248,2406,2432,3.4186577796936035,0.08698731660842896
fold_3,2478,recent,2400,2431,2432,nan,0.0584629587829113
fold_3,2478,random,519,2421,2432,nan,0.08517391234636307
fold_3,2479,retrieval,1131,2401,2432,3.591702461242676,0.09295883774757385
fold_3,2479,recent,2400,2431,2432,nan,0.0584629587829113
fold_3,2479,random,492,2381,2432,nan,0.0730639100074768
fold_3,2480,retrieval,1155,2404,2432,3.249220848083496,0.07500319927930832
fold_3,2480,recent,2400,2431,2432,nan,0.0584629587829113
fold_3,2480,random,536,2361,2432,nan,0.08770283311605453
fold_3,2481,retrieval,1432,1824,2432,2.667590379714966,0.07551687210798264
fold_3,2481,recent,2400,2431,2432,nan,0.0584629587829113
fold_3,2481,random,497,2426,2432,nan,0.0757041797041893
fold_3,2482,retrieval,1137,2400,2432,2.947499990463257,0.07813505083322525
fold_3,2482,recent,2400,2431,2432,nan,0.0584629587829113
fold_3,2482,random,528,2404,2432,nan,0.07771234214305878
fold_3,2483,retrieval,1441,2402,2432,3.0696773529052734,0.07199184596538544
fold_3,2483,recent,2400,2431,2432,nan,0.0584629587829113
fold_3,2483,random,623,2431,2432,nan,0.08250472694635391
fold_3,2484,retrieval,1190,2413,2432,4.97861385345459,0.07914020121097565
fold_3,2484,recent,2400,2431,2432,nan,0.0584629587829113
fold_3,2484,random,491,2397,2432,nan,0.07400429993867874
fold_3,2485,retrieval,1161,2300,2432,3.409738540649414,0.07618539035320282
fold_3,2485,recent,2400,2431,2432,nan,0.0584629587829113
fold_3,2485,random,548,2330,2432,nan,0.08572403341531754
fold_3,2486,retrieval,1131,2408,2432,3.5147171020507812,0.0817711278796196
fold_3,2486,recent,2400,2431,2432,nan,0.0584629587829113
fold_3,2486,random,515,2339,2432,nan,0.07792822271585464
fold_3,2487,retrieval,1167,2408,2432,3.307886838912964,0.06825202703475952
fold_3,2487,recent,2400,2431,2432,nan,0.0584629587829113
fold_3,2487,random,513,2413,2432,nan,0.08401890099048615
fold_3,2488,retrieval,1240,2408,2432,3.1230955123901367,0.06986507028341293
fold_3,2488,recent,2400,2431,2432,nan,0.0584629587829113
fold_3,2488,random,586,2390,2432,nan,0.10296737402677536
fold_3,2489,retrieval,1467,2381,2432,4.503404140472412,0.08471449464559555
fold_3,2489,recent,2400,2431,2432,nan,0.0584629587829113
fold_3,2489,random,500,2399,2432,nan,0.08663230389356613
fold_3,2490,retrieval,1435,2401,2432,3.342674970626831,0.07580729573965073
fold_3,2490,recent,2400,2431,2432,nan,0.0584629587829113
fold_3,2490,random,627,2364,2432,nan,0.08861568570137024
fold_3,2491,retrieval,1441,2401,2432,3.229541063308716,0.07890569418668747
fold_3,2491,recent,2400,2431,2432,nan,0.0584629587829113
fold_3,2491,random,516,2411,2432,nan,0.07439947873353958
fold_3,2492,retrieval,1138,2401,2432,3.677867889404297,0.07739564031362534
fold_3,2492,recent,2400,2431,2432,nan,0.0584629587829113
fold_3,2492,random,544,2413,2432,nan,0.08427591621875763
fold_3,2493,retrieval,1433,1750,2432,3.362859010696411,0.07671903818845749
fold_3,2493,recent,2400,2431,2432,nan,0.0584629587829113
fold_3,2493,random,506,2371,2432,nan,0.07956580817699432
fold_3,2494,retrieval,1131,2401,2432,3.5986733436584473,0.08977755159139633
fold_3,2494,recent,2400,2431,2432,nan,0.0584629587829113
fold_3,2494,random,531,2369,2432,nan,0.0795045867562294
fold_3,2495,retrieval,1131,2402,2432,3.587289810180664,0.08679311722517014
fold_3,2495,recent,2400,2431,2432,nan,0.0584629587829113
fold_3,2495,random,520,2307,2432,nan,0.08202513307332993
fold_3,2496,retrieval,1246,2402,2432,3.117025852203369,0.07671104371547699
fold_3,2496,recent,2400,2431,2432,nan,0.0584629587829113
fold_3,2496,random,500,2418,2432,nan,0.08324342966079712
fold_3,2497,retrieval,1129,2408,2432,2.918311595916748,0.07457899302244186
fold_3,2497,recent,2400,2431,2432,nan,0.0584629587829113
fold_3,2497,random,523,2407,2432,nan,0.08234194666147232
fold_3,2498,retrieval,1131,2407,2432,3.7985379695892334,0.08447533845901489
fold_3,2498,recent,2400,2431,2432,nan,0.0584629587829113
fold_3,2498,random,509,2396,2432,nan,0.09038358926773071
fold_3,2499,retrieval,1243,2408,2432,2.8354930877685547,0.08509615808725357
fold_3,2499,recent,2400,2431,2432,nan,0.0584629587829113
fold_3,2499,random,700,2407,2432,nan,0.10701026767492294
fold_3,2500,retrieval,1137,2400,2432,2.74371600151062,0.07647792249917984
fold_3,2500,recent,2400,2431,2432,nan,0.0584629587829113
fold_3,2500,random,555,2376,2432,nan,0.08149228245019913
fold_3,2501,retrieval,1129,2408,2432,2.665005683898926,0.06929382681846619
fold_3,2501,recent,2400,2431,2432,nan,0.0584629587829113
fold_3,2501,random,504,2371,2432,nan,0.08465389162302017
fold_3,2502,retrieval,1129,2401,2432,2.665133237838745,0.07715248316526413
fold_3,2502,recent,2400,2431,2432,nan,0.0584629587829113
fold_3,2502,random,500,2408,2432,nan,0.08202951401472092
fold_3,2503,retrieval,1129,2408,2432,2.957923650741577,0.07714138180017471
fold_3,2503,recent,2400,2431,2432,nan,0.0584629587829113
fold_3,2503,random,513,2359,2432,nan,0.07170828431844711
fold_3,2504,retrieval,800,2408,2432,2.965989828109741,0.07390689849853516
fold_3,2504,recent,2400,2431,2432,nan,0.0584629587829113
fold_3,2504,random,551,2410,2432,nan,0.07917346060276031
fold_3,2505,retrieval,1129,2408,2432,2.708381175994873,0.0713796317577362
fold_3,2505,recent,2400,2431,2432,nan,0.0584629587829113
fold_3,2505,random,487,2334,2432,nan,0.08340690284967422
fold_3,2506,retrieval,1100,2420,2432,4.009979724884033,0.08377779275178909
fold_3,2506,recent,2400,2431,2432,nan,0.0584629587829113
fold_3,2506,random,498,2408,2432,nan,0.07437343150377274
fold_3,2507,retrieval,1167,2410,2432,3.576030969619751,0.07767048478126526
fold_3,2507,recent,2400,2431,2432,nan,0.0584629587829113
fold_3,2507,random,515,2391,2432,nan,0.08110830187797546
fold_3,2508,retrieval,1009,2379,2432,5.474698066711426,0.08736798167228699
fold_3,2508,recent,2400,2431,2432,nan,0.0584629587829113
fold_3,2508,random,500,2373,2432,nan,0.09099356085062027
fold_3,2509,retrieval,1101,2406,2432,3.9351985454559326,0.0795532763004303
fold_3,2509,recent,2400,2431,2432,nan,0.0584629587829113
fold_3,2509,random,570,2342,2432,nan,0.08365968614816666
fold_3,2510,retrieval,632,2384,2432,8.352792739868164,0.10252449661493301
fold_3,2510,recent,2400,2431,2432,nan,0.0584629587829113
fold_3,2510,random,578,2408,2432,nan,0.08053769916296005
fold_3,2511,retrieval,1083,2406,2432,4.179930210113525,0.08063694834709167
fold_3,2511,recent,2400,2431,2432,nan,0.0584629587829113
fold_3,2511,random,502,2394,2432,nan,0.12101482599973679
fold_3,2512,retrieval,1101,2413,2432,5.226018905639648,0.0824899971485138
fold_3,2512,recent,2400,2431,2432,nan,0.0584629587829113
fold_3,2512,random,746,2410,2432,nan,0.07378891110420227
fold_3,2513,retrieval,1101,2410,2432,3.2474498748779297,0.0786866694688797
fold_3,2513,recent,2400,2431,2432,nan,0.0584629587829113
fold_3,2513,random,563,2415,2432,nan,0.08919832110404968
fold_3,2514,retrieval,562,2257,2432,5.77280330657959,0.09600601345300674
fold_3,2514,recent,2400,2431,2432,nan,0.0584629587829113
fold_3,2514,random,508,2346,2432,nan,0.08303659409284592
fold_3,2515,retrieval,1190,2421,2432,2.951737403869629,0.08069903403520584
fold_3,2515,recent,2400,2431,2432,nan,0.0584629587829113
fold_3,2515,random,561,2408,2432,nan,0.06981208175420761
fold_3,2516,retrieval,1101,2421,2432,4.1547698974609375,0.07645820826292038
fold_3,2516,recent,2400,2431,2432,nan,0.0584629587829113
fold_3,2516,random,540,2412,2432,nan,0.08252426236867905
fold_3,2517,retrieval,1179,2399,2432,2.863947629928589,0.07286025583744049
fold_3,2517,recent,2400,2431,2432,nan,0.0584629587829113
fold_3,2517,random,533,2365,2432,nan,0.07647853344678879
fold_3,2518,retrieval,2223,2401,2432,2.389364004135132,0.0733630359172821
fold_3,2518,recent,2400,2431,2432,nan,0.0584629587829113
fold_3,2518,random,608,2403,2432,nan,0.07780275493860245
fold_3,2519,retrieval,1130,2414,2432,3.077716588973999,0.07205933332443237
fold_3,2519,recent,2400,2431,2432,nan,0.0584629587829113
fold_3,2519,random,524,2428,2432,nan,0.09245570003986359
fold_3,2520,retrieval,1131,2386,2432,5.607338905334473,0.09072588384151459
fold_3,2520,recent,2400,2431,2432,nan,0.0584629587829113
fold_3,2520,random,487,2382,2432,nan,0.08620047569274902
fold_3,2521,retrieval,802,2406,2432,3.0252845287323,0.08054083585739136
fold_3,2521,recent,2400,2431,2432,nan,0.0584629587829113
fold_3,2521,random,559,2403,2432,nan,0.08483294397592545
fold_3,2522,retrieval,1129,2428,2432,2.300671339035034,0.08446548879146576
fold_3,2522,recent,2400,2431,2432,nan,0.0584629587829113
fold_3,2522,random,492,2351,2432,nan,0.07397756725549698
fold_3,2523,retrieval,1106,2421,2432,2.9422848224639893,0.07051718980073929
fold_3,2523,recent,2400,2431,2432,nan,0.0584629587829113
fold_3,2523,random,491,2418,2432,nan,0.07976386696100235
fold_3,2524,retrieval,1131,2406,2432,3.1742568016052246,0.08171023428440094
fold_3,2524,recent,2400,2431,2432,nan,0.0584629587829113
fold_3,2524,random,504,2431,2432,nan,0.07981647551059723
fold_3,2525,retrieval,788,2396,2432,3.027982711791992,0.08578432351350784
fold_3,2525,recent,2400,2431,2432,nan,0.0584629587829113
fold_3,2525,random,527,2408,2432,nan,0.08291174471378326
fold_3,2526,retrieval,1110,2400,2432,2.4861693382263184,0.07504742592573166
fold_3,2526,recent,2400,2431,2432,nan,0.0584629587829113
fold_3,2526,random,558,2337,2432,nan,0.09356676042079926
fold_3,2527,retrieval,2030,2399,2432,2.1811037063598633,0.0805649384856224
fold_3,2527,recent,2400,2431,2432,nan,0.0584629587829113
fold_3,2527,random,491,2387,2432,nan,0.08445795625448227
fold_3,2528,retrieval,1167,2416,2432,2.5980873107910156,0.08142898231744766
fold_3,2528,recent,2400,2431,2432,nan,0.0584629587829113
fold_3,2528,random,505,2383,2432,nan,0.08984820544719696
fold_3,2529,retrieval,1110,2428,2432,2.057447910308838,0.07169164717197418
fold_3,2529,recent,2400,2431,2432,nan,0.0584629587829113
fold_3,2529,random,516,2428,2432,nan,0.07165728509426117
fold_3,2530,retrieval,803,2414,2432,3.0803918838500977,0.08636091649532318
fold_3,2530,recent,2400,2431,2432,nan,0.0584629587829113
fold_3,2530,random,673,2357,2432,nan,0.08371712267398834
fold_3,2531,retrieval,1167,2431,2432,2.6460089683532715,0.07646384090185165
fold_3,2531,recent,2400,2431,2432,nan,0.0584629587829113
fold_3,2531,random,522,2258,2432,nan,0.08714597672224045
fold_3,2532,retrieval,1110,2431,2432,2.527117967605591,0.08028917759656906
fold_3,2532,recent,2400,2431,2432,nan,0.0584629587829113
fold_3,2532,random,543,2408,2432,nan,0.08388981223106384
fold_3,2533,retrieval,1131,2427,2432,3.3251149654388428,0.07799933105707169
fold_3,2533,recent,2400,2431,2432,nan,0.0584629587829113
fold_3,2533,random,635,2429,2432,nan,0.09115608036518097
fold_3,2534,retrieval,2215,2406,2432,3.207106113433838,0.08229447156190872
fold_3,2534,recent,2400,2431,2432,nan,0.0584629587829113
fold_3,2534,random,561,2215,2432,nan,0.08172199875116348
fold_3,2535,retrieval,979,2400,2432,3.0651774406433105,0.0661364421248436
fold_3,2535,recent,2400,2431,2432,nan,0.0584629587829113
fold_3,2535,random,493,2404,2432,nan,0.08172036707401276
fold_3,2536,retrieval,1129,2428,2432,2.1846652030944824,0.074913889169693
fold_3,2536,recent,2400,2431,2432,nan,0.0584629587829113
fold_3,2536,random,488,2428,2432,nan,0.09183713048696518
fold_3,2537,retrieval,2039,2428,2432,2.248976230621338,0.07676161080598831
fold_3,2537,recent,2400,2431,2432,nan,0.0584629587829113
fold_3,2537,random,497,2427,2432,nan,0.07928873598575592
fold_3,2538,retrieval,1129,2431,2432,2.1538429260253906,0.07159148156642914
fold_3,2538,recent,2400,2431,2432,nan,0.0584629587829113
fold_3,2538,random,507,2272,2432,nan,0.0824282094836235
fold_3,2539,retrieval,1131,2406,2432,2.669772148132324,0.080847829580307
fold_3,2539,recent,2400,2431,2432,nan,0.0584629587829113
fold_3,2539,random,538,2170,2432,nan,0.08058596402406693
fold_3,2540,retrieval,1129,2431,2432,1.8761852979660034,0.07524524629116058
fold_3,2540,recent,2400,2431,2432,nan,0.0584629587829113
fold_3,2540,random,495,2344,2432,nan,0.08540622889995575
fold_3,2541,retrieval,671,2411,2432,7.121851444244385,0.07505936920642853
fold_3,2541,recent,2400,2431,2432,nan,0.0584629587829113
fold_3,2541,random,542,2380,2432,nan,0.08436626195907593
fold_3,2542,retrieval,1059,2408,2432,2.465920925140381,0.07591108232736588
fold_3,2542,recent,2400,2431,2432,nan,0.0584629587829113
fold_3,2542,random,523,2402,2432,nan,0.08592210710048676
fold_3,2543,retrieval,2003,2411,2432,4.165596961975098,0.08553241193294525
fold_3,2543,recent,2400,2431,2432,nan,0.0584629587829113
fold_3,2543,random,495,2412,2432,nan,0.08011943101882935
fold_3,2544,retrieval,2223,2415,2432,2.7556686401367188,0.07693815231323242
fold_3,2544,recent,2400,2431,2432,nan,0.0584629587829113
fold_3,2544,random,506,2328,2432,nan,0.07819228619337082
fold_3,2545,retrieval,1113,2414,2432,2.8103480339050293,0.07441912591457367
fold_3,2545,recent,2400,2431,2432,nan,0.0584629587829113
fold_3,2545,random,497,2269,2432,nan,0.07391148805618286
fold_3,2546,retrieval,2030,2395,2432,2.419116497039795,0.07763531804084778
fold_3,2546,recent,2400,2431,2432,nan,0.0584629587829113
fold_3,2546,random,544,2384,2432,nan,0.0791674256324768
fold_3,2547,retrieval,1110,2426,2432,2.110008716583252,0.06506512314081192
fold_3,2547,recent,2400,2431,2432,nan,0.0584629587829113
fold_3,2547,random,503,2367,2432,nan,0.08548241853713989
fold_3,2548,retrieval,970,2414,2432,2.7372803688049316,0.0749240517616272
fold_3,2548,recent,2400,2431,2432,nan,0.0584629587829113
fold_3,2548,random,505,2354,2432,nan,0.08612506836652756
fold_3,2549,retrieval,1179,2411,2432,4.812493801116943,0.08232196420431137
fold_3,2549,recent,2400,2431,2432,nan,0.0584629587829113
fold_3,2549,random,623,2409,2432,nan,0.0753159150481224
fold_3,2550,retrieval,1333,2401,2432,2.642721652984619,0.06963885575532913
fold_3,2550,recent,2400,2431,2432,nan,0.0584629587829113
fold_3,2550,random,679,2395,2432,nan,0.09215881675481796
fold_3,2551,retrieval,992,2414,2432,2.503504753112793,0.07425069063901901
fold_3,2551,recent,2400,2431,2432,nan,0.0584629587829113
fold_3,2551,random,530,2311,2432,nan,0.09418898075819016
fold_3,2552,retrieval,1129,2428,2432,1.8174141645431519,0.06490325927734375
fold_3,2552,recent,2400,2431,2432,nan,0.0584629587829113
fold_3,2552,random,540,2419,2432,nan,0.07895679026842117
fold_3,2553,retrieval,1265,2426,2432,1.8877590894699097,0.058660972863435745
fold_3,2553,recent,2400,2431,2432,nan,0.0584629587829113
fold_3,2553,random,734,2412,2432,nan,0.0808292105793953
fold_3,2554,retrieval,800,2427,2432,4.318769454956055,0.07427209615707397
fold_3,2554,recent,2400,2431,2432,nan,0.0584629587829113
fold_3,2554,random,511,2302,2432,nan,0.07588312029838562
fold_3,2555,retrieval,1097,2431,2432,2.036964178085327,0.08309230208396912
fold_3,2555,recent,2400,2431,2432,nan,0.0584629587829113
fold_3,2555,random,486,2397,2432,nan,0.09644798934459686
fold_3,2556,retrieval,1119,2431,2432,2.2254769802093506,0.06936034560203552
fold_3,2556,recent,2400,2431,2432,nan,0.0584629587829113
fold_3,2556,random,489,2395,2432,nan,0.08392427116632462
fold_3,2557,retrieval,1110,2426,2432,2.0329933166503906,0.07803318649530411
fold_3,2557,recent,2400,2431,2432,nan,0.0584629587829113
fold_3,2557,random,563,2431,2432,nan,0.10478507727384567
fold_3,2558,retrieval,1141,2426,2432,2.137437343597412,0.06984353810548782
fold_3,2558,recent,2400,2431,2432,nan,0.0584629587829113
fold_3,2558,random,545,2252,2432,nan,0.08126550912857056
fold_3,2559,retrieval,1131,2421,2432,3.902215003967285,0.08215906471014023
fold_3,2559,recent,2400,2431,2432,nan,0.0584629587829113
fold_3,2559,random,554,2420,2432,nan,0.07760141789913177
fold_3,2560,retrieval,1305,2426,2432,2.1011369228363037,0.06389008462429047
fold_3,2560,recent,2400,2431,2432,nan,0.0584629587829113
fold_3,2560,random,595,2343,2432,nan,0.07443800568580627
fold_3,2561,retrieval,1319,2426,2432,2.0881314277648926,0.06112467870116234
fold_3,2561,recent,2400,2431,2432,nan,0.0584629587829113
fold_3,2561,random,514,2368,2432,nan,0.0742902085185051
fold_3,2562,retrieval,992,2421,2432,3.1353015899658203,0.07751397788524628
fold_3,2562,recent,2400,2431,2432,nan,0.0584629587829113
fold_3,2562,random,505,2374,2432,nan,0.0831100195646286
fold_3,2563,retrieval,1111,2426,2432,2.381167411804199,0.07135956734418869
fold_3,2563,recent,2400,2431,2432,nan,0.0584629587829113
fold_3,2563,random,589,2402,2432,nan,0.07710391283035278
fold_3,2564,retrieval,1009,2362,2432,6.496138572692871,0.08888505399227142
fold_3,2564,recent,2400,2431,2432,nan,0.0584629587829113
fold_3,2564,random,508,2306,2432,nan,0.08106181770563126
fold_3,2565,retrieval,1209,2426,2432,2.3556456565856934,0.07308446615934372
fold_3,2565,recent,2400,2431,2432,nan,0.0584629587829113
fold_3,2565,random,495,2316,2432,nan,0.09670493006706238
fold_3,2566,retrieval,1049,2426,2432,2.7315735816955566,0.0763133317232132
fold_3,2566,recent,2400,2431,2432,nan,0.0584629587829113
fold_3,2566,random,519,2283,2432,nan,0.0700056403875351
fold_3,2567,retrieval,1066,2426,2432,2.1694376468658447,0.05617013946175575
fold_3,2567,recent,2400,2431,2432,nan,0.0584629587829113
fold_3,2567,random,553,2418,2432,nan,0.10421805083751678
fold_3,2568,retrieval,1305,2426,2432,2.165754795074463,0.058621298521757126
fold_3,2568,recent,2400,2431,2432,nan,0.0584629587829113
fold_3,2568,random,535,2377,2432,nan,0.07640772312879562
fold_3,2569,retrieval,1209,2426,2432,2.2421176433563232,0.06136329844594002
fold_3,2569,recent,2400,2431,2432,nan,0.0584629587829113
fold_3,2569,random,568,2406,2432,nan,0.07826455682516098
fold_3,2570,retrieval,1066,2426,2432,2.308875560760498,0.06717900186777115
fold_3,2570,recent,2400,2431,2432,nan,0.0584629587829113
fold_3,2570,random,493,2421,2432,nan,0.07525738328695297
fold_3,2571,retrieval,1276,2418,2432,2.6047539710998535,0.06263277679681778
fold_3,2571,recent,2400,2431,2432,nan,0.0584629587829113
fold_3,2571,random,504,2413,2432,nan,0.07635478675365448
fold_3,2572,retrieval,1198,2426,2432,2.215728759765625,0.061575908213853836
fold_3,2572,recent,2400,2431,2432,nan,0.0584629587829113
fold_3,2572,random,563,2318,2432,nan,0.0821501761674881
fold_3,2573,retrieval,640,2421,2432,4.818421840667725,0.08029909431934357
fold_3,2573,recent,2400,2431,2432,nan,0.0584629587829113
fold_3,2573,random,602,2405,2432,nan,0.08230288326740265
fold_3,2574,retrieval,988,2430,2432,2.3210196495056152,0.07146526873111725
fold_3,2574,recent,2400,2431,2432,nan,0.0584629587829113
fold_3,2574,random,510,2412,2432,nan,0.08154487609863281
fold_3,2575,retrieval,1009,2427,2432,5.2324419021606445,0.09103227406740189
fold_3,2575,recent,2400,2431,2432,nan,0.0584629587829113
fold_3,2575,random,598,2402,2432,nan,0.08005443960428238
fold_3,2576,retrieval,1209,2431,2432,2.3538031578063965,0.07687411457300186
fold_3,2576,recent,2400,2431,2432,nan,0.0584629587829113
fold_3,2576,random,498,2390,2432,nan,0.08274728059768677
fold_3,2577,retrieval,1108,2431,2432,2.4009275436401367,0.07443051785230637
fold_3,2577,recent,2400,2431,2432,nan,0.0584629587829113
fold_3,2577,random,537,2363,2432,nan,0.08079471439123154
fold_3,2578,retrieval,1129,2431,2432,2.257039785385132,0.08021523803472519
fold_3,2578,recent,2400,2431,2432,nan,0.0584629587829113
fold_3,2578,random,551,2314,2432,nan,0.08293161541223526
fold_3,2579,retrieval,2227,2431,2432,2.261486530303955,0.06918388605117798
fold_3,2579,recent,2400,2431,2432,nan,0.0584629587829113
fold_3,2579,random,526,2429,2432,nan,0.0822034403681755
fold_3,2580,retrieval,1276,2431,2432,2.6278772354125977,0.07404421269893646
fold_3,2580,recent,2400,2431,2432,nan,0.0584629587829113
fold_3,2580,random,560,2096,2432,nan,0.08105181157588959
fold_3,2581,retrieval,1108,2431,2432,3.4974639415740967,0.07762406021356583
fold_3,2581,recent,2400,2431,2432,nan,0.0584629587829113
fold_3,2581,random,494,2387,2432,nan,0.08169092237949371
fold_3,2582,retrieval,640,2421,2432,4.82541561126709,0.08511227369308472
fold_3,2582,recent,2400,2431,2432,nan,0.0584629587829113
fold_3,2582,random,489,2312,2432,nan,0.0806124210357666
fold_3,2583,retrieval,1110,2426,2432,2.2227797508239746,0.07030327618122101
fold_3,2583,recent,2400,2431,2432,nan,0.0584629587829113
fold_3,2583,random,530,2425,2432,nan,0.08280978351831436
fold_3,2584,retrieval,1059,2407,2432,3.060309648513794,0.07327959686517715
fold_3,2584,recent,2400,2431,2432,nan,0.0584629587829113
fold_3,2584,random,559,2428,2432,nan,0.07946072518825531
fold_3,2585,retrieval,1110,2415,2432,2.134063720703125,0.06314334273338318
fold_3,2585,recent,2400,2431,2432,nan,0.0584629587829113
fold_3,2585,random,537,2333,2432,nan,0.08718925714492798
fold_3,2586,retrieval,2039,2428,2432,1.9206191301345825,0.06185095012187958
fold_3,2586,recent,2400,2431,2432,nan,0.0584629587829113
fold_3,2586,random,571,2395,2432,nan,0.07714591920375824
fold_3,2587,retrieval,1133,2428,2432,2.17648983001709,0.06204471364617348
fold_3,2587,recent,2400,2431,2432,nan,0.0584629587829113
fold_3,2587,random,514,2368,2432,nan,0.08646578341722488
fold_3,2588,retrieval,1133,2431,2432,1.9007009267807007,0.06745457649230957
fold_3,2588,recent,2400,2431,2432,nan,0.0584629587829113
fold_3,2588,random,511,2241,2432,nan,0.0800245851278305
fold_3,2589,retrieval,1190,2421,2432,6.038250923156738,0.0833527222275734
fold_3,2589,recent,2400,2431,2432,nan,0.0584629587829113
fold_3,2589,random,526,2298,2432,nan,0.07632576674222946
fold_3,2590,retrieval,1059,2399,2432,2.7665624618530273,0.07445400208234787
fold_3,2590,recent,2400,2431,2432,nan,0.0584629587829113
fold_3,2590,random,509,2365,2432,nan,0.08249277621507645
fold_3,2591,retrieval,2030,2415,2432,2.681046724319458,0.07309026271104813
fold_3,2591,recent,2400,2431,2432,nan,0.0584629587829113
fold_3,2591,random,512,2328,2432,nan,0.07935363054275513
fold_3,2592,retrieval,1330,2428,2432,2.158198356628418,0.060595590621232986
fold_3,2592,recent,2400,2431,2432,nan,0.0584629587829113
fold_3,2592,random,518,2429,2432,nan,0.07766931504011154
fold_3,2593,retrieval,1129,2431,2432,2.305433511734009,0.07268275320529938
fold_3,2593,recent,2400,2431,2432,nan,0.0584629587829113
fold_3,2593,random,547,2430,2432,nan,0.0823628380894661
fold_3,2594,retrieval,1059,2400,2432,2.7083966732025146,0.07065369933843613
fold_3,2594,recent,2400,2431,2432,nan,0.0584629587829113
fold_3,2594,random,565,2428,2432,nan,0.07973629236221313
fold_3,2595,retrieval,1330,2428,2432,2.237133502960205,0.06381909549236298
fold_3,2595,recent,2400,2431,2432,nan,0.0584629587829113
fold_3,2595,random,508,2265,2432,nan,0.0814468190073967
fold_3,2596,retrieval,1097,2412,2432,2.354897975921631,0.06498045474290848
fold_3,2596,recent,2400,2431,2432,nan,0.0584629587829113
fold_3,2596,random,526,2407,2432,nan,0.06862714886665344
fold_3,2597,retrieval,1059,2400,2432,2.951754570007324,0.07550523430109024
fold_3,2597,recent,2400,2431,2432,nan,0.0584629587829113
fold_3,2597,random,536,2422,2432,nan,0.08393663167953491
fold_3,2598,retrieval,1110,2418,2432,2.2581987380981445,0.06108737364411354
fold_3,2598,recent,2400,2431,2432,nan,0.0584629587829113
fold_3,2598,random,534,2404,2432,nan,0.08376770466566086
fold_3,2599,retrieval,1238,2412,2432,2.9723715782165527,0.06517422944307327
fold_3,2599,recent,2400,2431,2432,nan,0.0584629587829113
fold_3,2599,random,556,2401,2432,nan,0.08126568049192429
fold_3,2600,retrieval,1117,2412,2432,2.6132090091705322,0.061610590666532516
fold_3,2600,recent,2400,2431,2432,nan,0.0584629587829113
fold_3,2600,random,514,2383,2432,nan,0.0842905342578888
fold_3,2601,retrieval,1117,2415,2432,2.3597211837768555,0.06528744101524353
fold_3,2601,recent,2400,2431,2432,nan,0.0584629587829113
fold_3,2601,random,533,2408,2432,nan,0.07218948751688004
fold_3,2602,retrieval,1180,2418,2432,2.271422863006592,0.06050499156117439
fold_3,2602,recent,2400,2431,2432,nan,0.0584629587829113
fold_3,2602,random,514,2342,2432,nan,0.08899307250976562
fold_3,2603,retrieval,1330,2415,2432,2.5584983825683594,0.06044135242700577
fold_3,2603,recent,2400,2431,2432,nan,0.0584629587829113
fold_3,2603,random,527,2401,2432,nan,0.08583932369947433
fold_3,2604,retrieval,970,2422,2432,2.880268096923828,0.07323244214057922
fold_3,2604,recent,2400,2431,2432,nan,0.0584629587829113
fold_3,2604,random,498,2374,2432,nan,0.08479856699705124
fold_3,2605,retrieval,1110,2428,2432,1.9825106859207153,0.06280314922332764
fold_3,2605,recent,2400,2431,2432,nan,0.0584629587829113
fold_3,2605,random,531,2429,2432,nan,0.07929709553718567
fold_3,2606,retrieval,1097,2418,2432,2.1452927589416504,0.06326034665107727
fold_3,2606,recent,2400,2431,2432,nan,0.0584629587829113
fold_3,2606,random,616,2410,2432,nan,0.07277955859899521
fold_3,2607,retrieval,1133,2415,2432,2.1676254272460938,0.06336987763643265
fold_3,2607,recent,2400,2431,2432,nan,0.0584629587829113
fold_3,2607,random,556,2428,2432,nan,0.08437436819076538
fold_3,2608,retrieval,1131,2414,2432,4.489145278930664,0.08153596520423889
fold_3,2608,recent,2400,2431,2432,nan,0.0584629587829113
fold_3,2608,random,524,2424,2432,nan,0.07793299108743668
fold_3,2609,retrieval,1110,2426,2432,2.2355198860168457,0.07053127139806747
fold_3,2609,recent,2400,2431,2432,nan,0.0584629587829113
fold_3,2609,random,504,2388,2432,nan,0.07127420604228973
fold_3,2610,retrieval,992,2421,2432,2.565995693206787,0.07868623733520508
fold_3,2610,recent,2400,2431,2432,nan,0.0584629587829113
fold_3,2610,random,527,2181,2432,nan,0.0777115747332573
fold_3,2611,retrieval,973,2414,2432,3.3081676959991455,0.0719735324382782
fold_3,2611,recent,2400,2431,2432,nan,0.0584629587829113
fold_3,2611,random,501,2413,2432,nan,0.10428754985332489
fold_3,2612,retrieval,1184,2430,2432,3.1461124420166016,0.08163277059793472
fold_3,2612,recent,2400,2431,2432,nan,0.0584629587829113
fold_3,2612,random,570,2358,2432,nan,0.08354997634887695
fold_3,2613,retrieval,1090,2431,2432,2.3643579483032227,0.07065805047750473
fold_3,2613,recent,2400,2431,2432,nan,0.0584629587829113
fold_3,2613,random,553,2263,2432,nan,0.08263865113258362
fold_3,2614,retrieval,1150,2431,2432,2.7387096881866455,0.08105506747961044
fold_3,2614,recent,2400,2431,2432,nan,0.0584629587829113
fold_3,2614,random,661,2380,2432,nan,0.07537093758583069
fold_3,2615,retrieval,2030,2431,2432,2.7413103580474854,0.0788637101650238
fold_3,2615,recent,2400,2431,2432,nan,0.0584629587829113
fold_3,2615,random,760,2352,2432,nan,0.10148695856332779
fold_3,2616,retrieval,1097,2426,2432,2.165620803833008,0.07099656015634537
fold_3,2616,recent,2400,2431,2432,nan,0.0584629587829113
fold_3,2616,random,511,2431,2432,nan,0.07709629088640213
fold_3,2617,retrieval,1097,2426,2432,1.9399755001068115,0.0780462995171547
fold_3,2617,recent,2400,2431,2432,nan,0.0584629587829113
fold_3,2617,random,691,2431,2432,nan,0.07368724793195724
fold_3,2618,retrieval,1110,2426,2432,3.1005406379699707,0.075351782143116
fold_3,2618,recent,2400,2431,2432,nan,0.0584629587829113
fold_3,2618,random,503,2386,2432,nan,0.08519639074802399
fold_3,2619,retrieval,2178,2431,2432,3.348538875579834,0.07589543610811234
fold_3,2619,recent,2400,2431,2432,nan,0.0584629587829113
fold_3,2619,random,564,2425,2432,nan,0.08920107781887054
fold_3,2620,retrieval,1129,2431,2432,1.9183731079101562,0.06187111511826515
fold_3,2620,recent,2400,2431,2432,nan,0.0584629587829113
fold_3,2620,random,495,2385,2432,nan,0.076906718313694
fold_3,2621,retrieval,2185,2431,2432,1.9967529773712158,0.06625525653362274
fold_3,2621,recent,2400,2431,2432,nan,0.0584629587829113
fold_3,2621,random,493,2386,2432,nan,0.07290764898061752
fold_3,2622,retrieval,978,2425,2432,2.6083145141601562,0.08088245242834091
fold_3,2622,recent,2400,2431,2432,nan,0.0584629587829113
fold_3,2622,random,562,2380,2432,nan,0.10060745477676392
fold_3,2623,retrieval,1131,2401,2432,4.928900241851807,0.08575911819934845
fold_3,2623,recent,2400,2431,2432,nan,0.0584629587829113
fold_3,2623,random,593,2409,2432,nan,0.07861383259296417
fold_3,2624,retrieval,1097,2428,2432,1.990675687789917,0.07074690610170364
fold_3,2624,recent,2400,2431,2432,nan,0.0584629587829113
fold_3,2624,random,570,2352,2432,nan,0.07419035583734512
fold_3,2625,retrieval,1333,2431,2432,2.0427870750427246,0.06585415452718735
fold_3,2625,recent,2400,2431,2432,nan,0.0584629587829113
fold_3,2625,random,515,2411,2432,nan,0.08539219945669174
fold_3,2626,retrieval,1129,2431,2432,1.8571462631225586,0.06784509122371674
fold_3,2626,recent,2400,2431,2432,nan,0.0584629587829113
fold_3,2626,random,496,2400,2432,nan,0.08017443120479584
fold_3,2627,retrieval,1097,2428,2432,2.0533580780029297,0.07195302098989487
fold_3,2627,recent,2400,2431,2432,nan,0.0584629587829113
fold_3,2627,random,534,2407,2432,nan,0.07881433516740799
fold_3,2628,retrieval,2003,2399,2432,4.660329341888428,0.08554847538471222
fold_3,2628,recent,2400,2431,2432,nan,0.0584629587829113
fold_3,2628,random,495,2402,2432,nan,0.07758092880249023
fold_3,2629,retrieval,1340,2431,2432,2.738105058670044,0.07439233362674713
fold_3,2629,recent,2400,2431,2432,nan,0.0584629587829113
fold_3,2629,random,501,2414,2432,nan,0.08165901899337769
fold_3,2630,retrieval,1131,2421,2432,3.3356845378875732,0.08165407925844193
fold_3,2630,recent,2400,2431,2432,nan,0.0584629587829113
fold_3,2630,random,695,2420,2432,nan,0.08247927576303482
fold_3,2631,retrieval,1129,2431,2432,2.099961042404175,0.07283236086368561
fold_3,2631,recent,2400,2431,2432,nan,0.0584629587829113
fold_3,2631,random,545,2338,2432,nan,0.07456905394792557
fold_3,2632,retrieval,1158,2430,2432,2.5489985942840576,0.07336700707674026
fold_3,2632,recent,2400,2431,2432,nan,0.0584629587829113
fold_3,2632,random,538,2421,2432,nan,0.07464970648288727
fold_3,2633,retrieval,1110,2426,2432,2.441420555114746,0.06436875462532043
fold_3,2633,recent,2400,2431,2432,nan,0.0584629587829113
fold_3,2633,random,514,2351,2432,nan,0.0955650582909584
fold_3,2634,retrieval,1068,2426,2432,2.039130926132202,0.08160846680402756
fold_3,2634,recent,2400,2431,2432,nan,0.0584629587829113
fold_3,2634,random,493,2380,2432,nan,0.08151895552873611
fold_3,2635,retrieval,1119,2426,2432,1.9215482473373413,0.06734487414360046
fold_3,2635,recent,2400,2431,2432,nan,0.0584629587829113
fold_3,2635,random,536,2423,2432,nan,0.08665958791971207
fold_3,2636,retrieval,1124,2426,2432,1.9189081192016602,0.06951098144054413
fold_3,2636,recent,2400,2431,2432,nan,0.0584629587829113
fold_3,2636,random,498,2429,2432,nan,0.11114252358675003
fold_3,2637,retrieval,1110,2431,2432,2.191129684448242,0.06650570780038834
fold_3,2637,recent,2400,2431,2432,nan,0.0584629587829113
fold_3,2637,random,520,2363,2432,nan,0.07687916606664658
fold_3,2638,retrieval,1009,2427,2432,3.6127355098724365,0.08504210412502289
fold_3,2638,recent,2400,2431,2432,nan,0.0584629587829113
fold_3,2638,random,492,2412,2432,nan,0.08518187701702118
fold_3,2639,retrieval,1097,2426,2432,2.2535817623138428,0.08150529861450195
fold_3,2639,recent,2400,2431,2432,nan,0.0584629587829113
fold_3,2639,random,594,2421,2432,nan,0.08881627768278122
fold_3,2640,retrieval,1271,2431,2432,1.9266672134399414,0.06916241347789764
fold_3,2640,recent,2400,2431,2432,nan,0.0584629587829113
fold_3,2640,random,547,2364,2432,nan,0.07958239316940308
fold_3,2641,retrieval,1209,2428,2432,1.9629648923873901,0.06401500105857849
fold_3,2641,recent,2400,2431,2432,nan,0.0584629587829113
fold_3,2641,random,561,2409,2432,nan,0.0745415985584259
fold_3,2642,retrieval,988,2430,2432,2.101592540740967,0.07151977717876434
fold_3,2642,recent,2400,2431,2432,nan,0.0584629587829113
fold_3,2642,random,517,2410,2432,nan,0.08447159081697464
fold_3,2643,retrieval,1184,2431,2432,2.5208840370178223,0.0761934295296669
fold_3,2643,recent,2400,2431,2432,nan,0.0584629587829113
fold_3,2643,random,493,2376,2432,nan,0.07215220481157303
fold_3,2644,retrieval,990,2426,2432,2.036588191986084,0.07403771579265594
fold_3,2644,recent,2400,2431,2432,nan,0.0584629587829113
fold_3,2644,random,487,2318,2432,nan,0.0795014426112175
fold_3,2645,retrieval,1183,2431,2432,1.9709614515304565,0.06881266087293625
fold_3,2645,recent,2400,2431,2432,nan,0.0584629587829113
fold_3,2645,random,518,2378,2432,nan,0.07880891114473343
fold_3,2646,retrieval,1198,2430,2432,2.1806955337524414,0.0694274753332138
fold_3,2646,recent,2400,2431,2432,nan,0.0584629587829113
fold_3,2646,random,530,2427,2432,nan,0.07642561197280884
fold_3,2647,retrieval,977,2425,2432,2.2548208236694336,0.08297913521528244
fold_3,2647,recent,2400,2431,2432,nan,0.0584629587829113
fold_3,2647,random,537,2383,2432,nan,0.08495450019836426
fold_3,2648,retrieval,994,2401,2432,3.845245838165283,0.08722909539937973
fold_3,2648,recent,2400,2431,2432,nan,0.0584629587829113
fold_3,2648,random,514,2375,2432,nan,0.08383936434984207
fold_3,2649,retrieval,2030,2431,2432,2.8419644832611084,0.07576185464859009
fold_3,2649,recent,2400,2431,2432,nan,0.0584629587829113
fold_3,2649,random,733,2380,2432,nan,0.08046844601631165
fold_3,2650,retrieval,1014,2431,2432,2.405606746673584,0.06871426850557327
fold_3,2650,recent,2400,2431,2432,nan,0.0584629587829113
fold_3,2650,random,547,2401,2432,nan,0.08742634207010269
fold_3,2651,retrieval,1271,2426,2432,2.0978498458862305,0.05886450409889221
fold_3,2651,recent,2400,2431,2432,nan,0.0584629587829113
fold_3,2651,random,522,2403,2432,nan,0.0810830295085907
fold_3,2652,retrieval,1023,2426,2432,2.136577844619751,0.06403850018978119
fold_3,2652,recent,2400,2431,2432,nan,0.0584629587829113
fold_3,2652,random,547,2403,2432,nan,0.07144767045974731
fold_3,2653,retrieval,1209,2431,2432,2.2413835525512695,0.06537684798240662
fold_3,2653,recent,2400,2431,2432,nan,0.0584629587829113
fold_3,2653,random,514,2349,2432,nan,0.07767944037914276
fold_3,2654,retrieval,1276,2431,2432,2.239870071411133,0.0649426132440567
fold_3,2654,recent,2400,2431,2432,nan,0.0584629587829113
fold_3,2654,random,554,2423,2432,nan,0.10160400718450546
fold_3,2655,retrieval,1277,2428,2432,2.266252040863037,0.05361819267272949
fold_3,2655,recent,2400,2431,2432,nan,0.0584629587829113
fold_3,2655,random,499,2358,2432,nan,0.0802016332745552
fold_3,2656,retrieval,977,2426,2432,2.4542064666748047,0.05919768661260605
fold_3,2656,recent,2400,2431,2432,nan,0.0584629587829113
fold_3,2656,random,505,2337,2432,nan,0.08734973520040512
fold_3,2657,retrieval,1181,2426,2432,2.4481334686279297,0.058189745992422104
fold_3,2657,recent,2400,2431,2432,nan,0.0584629587829113
fold_3,2657,random,510,2342,2432,nan,0.0805644616484642
fold_3,2658,retrieval,1209,2426,2432,2.223170280456543,0.061332203447818756
fold_3,2658,recent,2400,2431,2432,nan,0.0584629587829113
fold_3,2658,random,528,2426,2432,nan,0.06793008744716644
fold_3,2659,retrieval,1188,2426,2432,2.2098915576934814,0.06683452427387238
fold_3,2659,recent,2400,2431,2432,nan,0.0584629587829113
fold_3,2659,random,606,2426,2432,nan,0.08947865664958954
fold_3,2660,retrieval,1133,2428,2432,2.217221975326538,0.06252740323543549
fold_3,2660,recent,2400,2431,2432,nan,0.0584629587829113
fold_3,2660,random,509,2266,2432,nan,0.07638998329639435
fold_3,2661,retrieval,1119,2428,2432,2.2401301860809326,0.06696772575378418
fold_3,2661,recent,2400,2431,2432,nan,0.0584629587829113
fold_3,2661,random,511,2326,2432,nan,0.07558351010084152
fold_3,2662,retrieval,1209,2426,2432,2.4510345458984375,0.06444384157657623
fold_3,2662,recent,2400,2431,2432,nan,0.0584629587829113
fold_3,2662,random,559,2406,2432,nan,0.0905877947807312
fold_3,2663,retrieval,984,2426,2432,2.450838088989258,0.0667855441570282
fold_3,2663,recent,2400,2431,2432,nan,0.0584629587829113
fold_3,2663,random,486,2410,2432,nan,0.09114547073841095
fold_3,2664,retrieval,980,2412,2432,2.402437686920166,0.06486912071704865
fold_3,2664,recent,2400,2431,2432,nan,0.0584629587829113
fold_3,2664,random,535,2316,2432,nan,0.07708147913217545
fold_3,2665,retrieval,990,2412,2432,2.1329121589660645,0.06636220961809158
fold_3,2665,recent,2400,2431,2432,nan,0.0584629587829113
fold_3,2665,random,556,2391,2432,nan,0.07799924165010452
fold_3,2666,retrieval,1117,2412,2432,2.165025234222412,0.05806757137179375
fold_3,2666,recent,2400,2431,2432,nan,0.0584629587829113
fold_3,2666,random,614,2356,2432,nan,0.07231011986732483
fold_3,2667,retrieval,1129,2415,2432,2.1288819313049316,0.06975028663873672
fold_3,2667,recent,2400,2431,2432,nan,0.0584629587829113
fold_3,2667,random,505,2383,2432,nan,0.069625623524189
fold_3,2668,retrieval,1167,2431,2432,3.0282628536224365,0.08275724202394485
fold_3,2668,recent,2400,2431,2432,nan,0.0584629587829113
fold_3,2668,random,517,2386,2432,nan,0.08269644528627396
fold_3,2669,retrieval,1110,2426,2432,2.1428661346435547,0.07564952224493027
fold_3,2669,recent,2400,2431,2432,nan,0.0584629587829113
fold_3,2669,random,491,2378,2432,nan,0.07755672186613083
fold_3,2670,retrieval,990,2426,2432,2.215862274169922,0.06690431386232376
fold_3,2670,recent,2400,2431,2432,nan,0.0584629587829113
fold_3,2670,random,550,2425,2432,nan,0.0830623209476471
fold_3,2671,retrieval,1117,2418,2432,2.0510482788085938,0.06235583499073982
fold_3,2671,recent,2400,2431,2432,nan,0.0584629587829113
fold_3,2671,random,498,2332,2432,nan,0.07716209441423416
fold_3,2672,retrieval,1110,2426,2432,2.297719955444336,0.07020808011293411
fold_3,2672,recent,2400,2431,2432,nan,0.0584629587829113
fold_3,2672,random,605,2425,2432,nan,0.08909350633621216
fold_3,2673,retrieval,1131,2421,2432,4.310362815856934,0.08182273060083389
fold_3,2673,recent,2400,2431,2432,nan,0.0584629587829113
fold_3,2673,random,501,2429,2432,nan,0.09013624489307404
fold_3,2674,retrieval,1117,2417,2432,2.1464505195617676,0.06295698136091232
fold_3,2674,recent,2400,2431,2432,nan,0.0584629587829113
fold_3,2674,random,585,2405,2432,nan,0.09063553065061569
fold_3,2675,retrieval,1059,2400,2432,3.0306546688079834,0.07251046597957611
fold_3,2675,recent,2400,2431,2432,nan,0.0584629587829113
fold_3,2675,random,487,2426,2432,nan,0.09726211428642273
fold_3,2676,retrieval,1133,2412,2432,2.197096347808838,0.06257164478302002
fold_3,2676,recent,2400,2431,2432,nan,0.0584629587829113
fold_3,2676,random,489,2382,2432,nan,0.08056942373514175
fold_3,2677,retrieval,1136,2403,2432,3.219935417175293,0.08087898045778275
fold_3,2677,recent,2400,2431,2432,nan,0.0584629587829113
fold_3,2677,random,587,2350,2432,nan,0.09814237058162689
fold_3,2678,retrieval,1332,2412,2432,2.4484496116638184,0.06667733937501907
fold_3,2678,recent,2400,2431,2432,nan,0.0584629587829113
fold_3,2678,random,539,2416,2432,nan,0.08149982243776321
fold_3,2679,retrieval,981,2414,2432,2.6970748901367188,0.07373145967721939
fold_3,2679,recent,2400,2431,2432,nan,0.0584629587829113
fold_3,2679,random,506,2421,2432,nan,0.08807838708162308
fold_3,2680,retrieval,2030,2412,2432,3.2053029537200928,0.067204050719738
fold_3,2680,recent,2400,2431,2432,nan,0.0584629587829113
fold_3,2680,random,505,2371,2432,nan,0.08057862520217896
fold_3,2681,retrieval,1117,2418,2432,2.952242612838745,0.06684940308332443
fold_3,2681,recent,2400,2431,2432,nan,0.0584629587829113
fold_3,2681,random,510,2396,2432,nan,0.06573104113340378
fold_3,2682,retrieval,1140,2412,2432,2.4395060539245605,0.06398466974496841
fold_3,2682,recent,2400,2431,2432,nan,0.0584629587829113
fold_3,2682,random,496,2404,2432,nan,0.07660021632909775
fold_3,2683,retrieval,1117,2412,2432,2.3327291011810303,0.06399554759263992
fold_3,2683,recent,2400,2431,2432,nan,0.0584629587829113
fold_3,2683,random,498,2375,2432,nan,0.08171968162059784
fold_3,2684,retrieval,991,2414,2432,2.7007813453674316,0.07282595336437225
fold_3,2684,recent,2400,2431,2432,nan,0.0584629587829113
fold_3,2684,random,564,2411,2432,nan,0.08102203160524368
fold_3,2685,retrieval,1129,2415,2432,2.0332274436950684,0.06558645516633987
fold_3,2685,recent,2400,2431,2432,nan,0.0584629587829113
fold_3,2685,random,508,2415,2432,nan,0.08785083144903183
fold_3,2686,retrieval,1118,2417,2432,2.1521401405334473,0.0684521496295929
fold_3,2686,recent,2400,2431,2432,nan,0.0584629587829113
fold_3,2686,random,508,2230,2432,nan,0.09521635621786118
fold_3,2687,retrieval,1154,2401,2432,3.0479164123535156,0.07288641482591629
fold_3,2687,recent,2400,2431,2432,nan,0.0584629587829113
fold_3,2687,random,516,2374,2432,nan,0.07561896741390228
fold_3,2688,retrieval,1129,2414,2432,2.6549129486083984,0.07768895477056503
fold_3,2688,recent,2400,2431,2432,nan,0.0584629587829113
fold_3,2688,random,655,2415,2432,nan,0.09747902303934097
fold_3,2689,retrieval,1131,2421,2432,4.410403251647949,0.0786198303103447
fold_3,2689,recent,2400,2431,2432,nan,0.0584629587829113
fold_3,2689,random,488,2332,2432,nan,0.07579920440912247
fold_3,2690,retrieval,800,2427,2432,4.026711463928223,0.0792732834815979
fold_3,2690,recent,2400,2431,2432,nan,0.0584629587829113
fold_3,2690,random,659,2422,2432,nan,0.07874877750873566
fold_3,2691,retrieval,630,2384,2432,55.71199035644531,0.1480150818824768
fold_3,2691,recent,2400,2431,2432,nan,0.0584629587829113
fold_3,2691,random,499,2405,2432,nan,0.07929737120866776
fold_3,2692,retrieval,630,2384,2432,31.29575538635254,0.09885232895612717
fold_3,2692,recent,2400,2431,2432,nan,0.0584629587829113
fold_3,2692,random,504,2321,2432,nan,0.08566957712173462
fold_3,2693,retrieval,1157,2406,2432,4.448409080505371,0.07412177324295044
fold_3,2693,recent,2400,2431,2432,nan,0.0584629587829113
fold_3,2693,random,551,2233,2432,nan,0.08415434509515762
fold_3,2694,retrieval,1136,2406,2432,4.286611557006836,0.0735103189945221
fold_3,2694,recent,2400,2431,2432,nan,0.0584629587829113
fold_3,2694,random,488,2346,2432,nan,0.09078405052423477
fold_3,2695,retrieval,1131,2406,2432,3.925726890563965,0.0796554908156395
fold_3,2695,recent,2400,2431,2432,nan,0.0584629587829113
fold_3,2695,random,631,2284,2432,nan,0.0786704495549202
fold_3,2696,retrieval,1131,2401,2432,4.904572486877441,0.0870722234249115
fold_3,2696,recent,2400,2431,2432,nan,0.0584629587829113
fold_3,2696,random,530,2323,2432,nan,0.08798383176326752
fold_3,2697,retrieval,1131,2402,2432,4.001161575317383,0.08265972882509232
fold_3,2697,recent,2400,2431,2432,nan,0.0584629587829113
fold_3,2697,random,515,2429,2432,nan,0.0879855826497078
fold_3,2698,retrieval,1136,2412,2432,2.7001607418060303,0.07584991306066513
fold_3,2698,recent,2400,2431,2432,nan,0.0584629587829113
fold_3,2698,random,508,2379,2432,nan,0.07722388952970505
fold_3,2699,retrieval,1129,2414,2432,3.0755043029785156,0.07578818500041962
fold_3,2699,recent,2400,2431,2432,nan,0.0584629587829113
fold_3,2699,random,557,2388,2432,nan,0.07618064433336258
fold_3,2700,retrieval,1129,2414,2432,2.731204032897949,0.07113197445869446
fold_3,2700,recent,2400,2431,2432,nan,0.0584629587829113
fold_3,2700,random,564,2314,2432,nan,0.07558782398700714
fold_3,2701,retrieval,1159,2400,2432,4.253177642822266,0.07821369916200638
fold_3,2701,recent,2400,2431,2432,nan,0.0584629587829113
fold_3,2701,random,709,2417,2432,nan,0.08428283780813217
fold_3,2702,retrieval,1136,2412,2432,3.150364875793457,0.06786225736141205
fold_3,2702,recent,2400,2431,2432,nan,0.0584629587829113
fold_3,2702,random,610,2401,2432,nan,0.0875384584069252
fold_3,2703,retrieval,1138,2406,2432,3.3153672218322754,0.08278556168079376
fold_3,2703,recent,2400,2431,2432,nan,0.0584629587829113
fold_3,2703,random,512,2369,2432,nan,0.088628388941288
fold_3,2704,retrieval,1136,2408,2432,3.227386474609375,0.07569938153028488
fold_3,2704,recent,2400,2431,2432,nan,0.0584629587829113
fold_3,2704,random,534,2407,2432,nan,0.08230974525213242
fold_3,2705,retrieval,1136,2406,2432,3.3276684284210205,0.07028844207525253
fold_3,2705,recent,2400,2431,2432,nan,0.0584629587829113
fold_3,2705,random,498,2329,2432,nan,0.08584844321012497
fold_3,2706,retrieval,1131,2402,2432,4.372269630432129,0.08304765075445175
fold_3,2706,recent,2400,2431,2432,nan,0.0584629587829113
fold_3,2706,random,537,2383,2432,nan,0.08535024523735046
fold_3,2707,retrieval,1245,2403,2432,5.258879661560059,0.07844049483537674
fold_3,2707,recent,2400,2431,2432,nan,0.0584629587829113
fold_3,2707,random,540,2266,2432,nan,0.07761261612176895
fold_3,2708,retrieval,1245,2403,2432,5.103421211242676,0.07887602597475052
fold_3,2708,recent,2400,2431,2432,nan,0.0584629587829113
fold_3,2708,random,508,2404,2432,nan,0.09047818928956985
fold_3,2709,retrieval,1131,2406,2432,4.310059547424316,0.08351699262857437
fold_3,2709,recent,2400,2431,2432,nan,0.0584629587829113
fold_3,2709,random,634,2377,2432,nan,0.07185054570436478
fold_3,2710,retrieval,1189,2384,2432,6.414759159088135,0.08550562709569931
fold_3,2710,recent,2400,2431,2432,nan,0.0584629587829113
fold_3,2710,random,532,2218,2432,nan,0.08116628229618073
fold_3,2711,retrieval,1440,2411,2432,6.334342956542969,0.09042807668447495
fold_3,2711,recent,2400,2431,2432,nan,0.0584629587829113
fold_3,2711,random,619,2428,2432,nan,0.09632442891597748
fold_3,2712,retrieval,1441,2400,2432,4.667924880981445,0.08823065459728241
fold_3,2712,recent,2400,2431,2432,nan,0.0584629587829113
fold_3,2712,random,523,2401,2432,nan,0.08494032919406891
fold_3,2713,retrieval,1247,2406,2432,3.861468553543091,0.07626315206289291
fold_3,2713,recent,2400,2431,2432,nan,0.0584629587829113
fold_3,2713,random,524,2341,2432,nan,0.07463017106056213
fold_3,2714,retrieval,1441,2401,2432,4.727744102478027,0.08096614480018616
fold_3,2714,recent,2400,2431,2432,nan,0.0584629587829113
fold_3,2714,random,494,2380,2432,nan,0.0771043673157692
fold_3,2715,retrieval,1131,2413,2432,4.847084999084473,0.076665498316288
fold_3,2715,recent,2400,2431,2432,nan,0.0584629587829113
fold_3,2715,random,569,2406,2432,nan,0.0767759308218956
fold_3,2716,retrieval,1245,2403,2432,5.357466697692871,0.08032730966806412
fold_3,2716,recent,2400,2431,2432,nan,0.0584629587829113
fold_3,2716,random,575,2389,2432,nan,0.0896311029791832
fold_3,2717,retrieval,582,2380,2432,8.732420921325684,0.0886884331703186
fold_3,2717,recent,2400,2431,2432,nan,0.0584629587829113
fold_3,2717,random,488,2416,2432,nan,0.0930909812450409
fold_3,2718,retrieval,1441,2406,2432,3.8810887336730957,0.07245609164237976
fold_3,2718,recent,2400,2431,2432,nan,0.0584629587829113
fold_3,2718,random,540,2424,2432,nan,0.08763100206851959
fold_3,2719,retrieval,1245,2427,2432,4.918514251708984,0.08100637793540955
fold_3,2719,recent,2400,2431,2432,nan,0.0584629587829113
fold_3,2719,random,489,2298,2432,nan,0.08384346961975098
fold_3,2720,retrieval,630,2384,2432,9.709394454956055,0.09043455868959427
fold_3,2720,recent,2400,2431,2432,nan,0.0584629587829113
fold_3,2720,random,533,2351,2432,nan,0.08055968582630157
fold_3,2721,retrieval,1537,2377,2432,5.386157035827637,0.08300469815731049
fold_3,2721,recent,2400,2431,2432,nan,0.0584629587829113
fold_3,2721,random,509,2387,2432,nan,0.08163011819124222
fold_3,2722,retrieval,1245,2379,2432,7.102537155151367,0.0828615203499794
fold_3,2722,recent,2400,2431,2432,nan,0.0584629587829113
fold_3,2722,random,565,2429,2432,nan,0.08566376566886902
fold_3,2723,retrieval,1084,2410,2432,4.499248027801514,0.07716600596904755
fold_3,2723,recent,2400,2431,2432,nan,0.0584629587829113
fold_3,2723,random,537,2315,2432,nan,0.08164916932582855
fold_3,2724,retrieval,1083,2410,2432,4.326460361480713,0.07890339195728302
fold_3,2724,recent,2400,2431,2432,nan,0.0584629587829113
fold_3,2724,random,528,2399,2432,nan,0.0777553990483284
fold_3,2725,retrieval,1442,2407,2432,4.378342628479004,0.0759834498167038
fold_3,2725,recent,2400,2431,2432,nan,0.0584629587829113
fold_3,2725,random,511,2321,2432,nan,0.078997902572155
fold_3,2726,retrieval,1245,2413,2432,5.799938201904297,0.08216439932584763
fold_3,2726,recent,2400,2431,2432,nan,0.0584629587829113
fold_3,2726,random,546,2407,2432,nan,0.08010049164295197
fold_3,2727,retrieval,1246,2410,2432,5.032774448394775,0.0819702073931694
fold_3,2727,recent,2400,2431,2432,nan,0.0584629587829113
fold_3,2727,random,488,2411,2432,nan,0.08378160744905472
fold_3,2728,retrieval,1638,2411,2432,5.2850565910339355,0.07974069565534592
fold_3,2728,recent,2400,2431,2432,nan,0.0584629587829113
fold_3,2728,random,595,2304,2432,nan,0.07659275084733963
fold_3,2729,retrieval,2244,2421,2432,3.033435344696045,0.07247457653284073
fold_3,2729,recent,2400,2431,2432,nan,0.0584629587829113
fold_3,2729,random,584,2389,2432,nan,0.11086170375347137
fold_3,2730,retrieval,1129,2431,2432,3.5592610836029053,0.06966094672679901
fold_3,2730,recent,2400,2431,2432,nan,0.0584629587829113
fold_3,2730,random,507,2421,2432,nan,0.08392047137022018
fold_3,2731,retrieval,1091,2427,2432,5.707139492034912,0.08910904824733734
fold_3,2731,recent,2400,2431,2432,nan,0.0584629587829113
fold_3,2731,random,588,2428,2432,nan,0.08187315613031387
fold_3,2732,retrieval,1129,2431,2432,3.229078769683838,0.07453320920467377
fold_3,2732,recent,2400,2431,2432,nan,0.0584629587829113
fold_3,2732,random,564,2396,2432,nan,0.08774755150079727
fold_3,2733,retrieval,2026,2430,2432,2.858987808227539,0.07379366457462311
fold_3,2733,recent,2400,2431,2432,nan,0.0584629587829113
fold_3,2733,random,514,2425,2432,nan,0.08645869046449661
fold_3,2734,retrieval,1129,2412,2432,3.25264048576355,0.07597234845161438
fold_3,2734,recent,2400,2431,2432,nan,0.0584629587829113
fold_3,2734,random,539,2408,2432,nan,0.08851747959852219
fold_3,2735,retrieval,1129,2428,2432,2.6168813705444336,0.07610195875167847
fold_3,2735,recent,2400,2431,2432,nan,0.0584629587829113
fold_3,2735,random,494,2323,2432,nan,0.0842290073633194
fold_3,2736,retrieval,1179,2411,2432,4.43536901473999,0.07886277884244919
fold_3,2736,recent,2400,2431,2432,nan,0.0584629587829113
fold_3,2736,random,486,2361,2432,nan,0.07539059221744537
fold_3,2737,retrieval,2226,2402,2432,2.8436765670776367,0.0769977867603302
fold_3,2737,recent,2400,2431,2432,nan,0.0584629587829113
fold_3,2737,random,601,2318,2432,nan,0.08037908375263214
fold_3,2738,retrieval,2223,2412,2432,2.6602509021759033,0.06933222711086273
fold_3,2738,recent,2400,2431,2432,nan,0.0584629587829113
fold_3,2738,random,525,2211,2432,nan,0.07141070067882538
fold_3,2739,retrieval,1129,2414,2432,3.483729839324951,0.0725739598274231
fold_3,2739,recent,2400,2431,2432,nan,0.0584629587829113
fold_3,2739,random,565,2384,2432,nan,0.07583634555339813
fold_3,2740,retrieval,1131,2402,2432,4.816659927368164,0.08244962990283966
fold_3,2740,recent,2400,2431,2432,nan,0.0584629587829113
fold_3,2740,random,629,2395,2432,nan,0.09394290298223495
fold_3,2741,retrieval,2223,2415,2432,2.495509147644043,0.07132229954004288
fold_3,2741,recent,2400,2431,2432,nan,0.0584629587829113
fold_3,2741,random,571,2411,2432,nan,0.07589653879404068
fold_3,2742,retrieval,2240,2415,2432,2.40240478515625,0.0757148414850235
fold_3,2742,recent,2400,2431,2432,nan,0.0584629587829113
fold_3,2742,random,498,2404,2432,nan,0.08177108317613602
fold_3,2743,retrieval,2226,2403,2432,2.7125678062438965,0.07870509475469589
fold_3,2743,recent,2400,2431,2432,nan,0.0584629587829113
fold_3,2743,random,549,2404,2432,nan,0.07281974703073502
fold_3,2744,retrieval,1129,2415,2432,2.5826988220214844,0.06898210942745209
fold_3,2744,recent,2400,2431,2432,nan,0.0584629587829113
fold_3,2744,random,626,2430,2432,nan,0.07691602408885956
fold_3,2745,retrieval,2030,2401,2432,2.9792613983154297,0.07433989644050598
fold_3,2745,recent,2400,2431,2432,nan,0.0584629587829113
fold_3,2745,random,492,2211,2432,nan,0.07812285423278809
fold_3,2746,retrieval,1129,2414,2432,2.933927059173584,0.07579950988292694
fold_3,2746,recent,2400,2431,2432,nan,0.0584629587829113
fold_3,2746,random,490,2425,2432,nan,0.07138615846633911
fold_3,2747,retrieval,2223,2401,2432,2.910533905029297,0.08068753033876419
fold_3,2747,recent,2400,2431,2432,nan,0.0584629587829113
fold_3,2747,random,607,2331,2432,nan,0.08429722487926483
fold_3,2748,retrieval,1133,2415,2432,2.6421961784362793,0.07607883960008621
fold_3,2748,recent,2400,2431,2432,nan,0.0584629587829113
fold_3,2748,random,561,2349,2432,nan,0.07664976269006729
fold_3,2749,retrieval,1129,2416,2432,3.0046474933624268,0.07338420301675797
fold_3,2749,recent,2400,2431,2432,nan,0.0584629587829113
fold_3,2749,random,622,2381,2432,nan,0.08554455637931824
fold_3,2750,retrieval,1131,2402,2432,3.876275062561035,0.07861331850290298
fold_3,2750,recent,2400,2431,2432,nan,0.0584629587829113
fold_3,2750,random,513,2376,2432,nan,0.0779922679066658
fold_3,2751,retrieval,1027,2379,2432,7.156851768493652,0.08436378836631775
fold_3,2751,recent,2400,2431,2432,nan,0.0584629587829113
fold_3,2751,random,791,2402,2432,nan,0.08076906204223633
fold_3,2752,retrieval,1131,2406,2432,3.124377965927124,0.0805438905954361
fold_3,2752,recent,2400,2431,2432,nan,0.0584629587829113
fold_3,2752,random,509,2380,2432,nan,0.08886038511991501
fold_3,2753,retrieval,1179,2400,2432,3.325820207595825,0.07721875607967377
fold_3,2753,recent,2400,2431,2432,nan,0.0584629587829113
fold_3,2753,random,519,2412,2432,nan,0.07716035097837448
fold_3,2754,retrieval,1190,2403,2432,4.351357936859131,0.07873999327421188
fold_3,2754,recent,2400,2431,2432,nan,0.0584629587829113
fold_3,2754,random,493,2313,2432,nan,0.071929432451725
fold_3,2755,retrieval,2227,2415,2432,2.6330528259277344,0.07239779829978943
fold_3,2755,recent,2400,2431,2432,nan,0.0584629587829113
fold_3,2755,random,579,2335,2432,nan,0.06936855614185333
fold_3,2756,retrieval,1110,2415,2432,2.2711739540100098,0.06873370707035065
fold_3,2756,recent,2400,2431,2432,nan,0.0584629587829113
fold_3,2756,random,564,2389,2432,nan,0.07995952665805817
fold_3,2757,retrieval,1110,2415,2432,2.5727286338806152,0.0756724625825882
fold_3,2757,recent,2400,2431,2432,nan,0.0584629587829113
fold_3,2757,random,490,2428,2432,nan,0.07921232283115387
fold_3,2758,retrieval,1129,2415,2432,2.363356113433838,0.07678858935832977
fold_3,2758,recent,2400,2431,2432,nan,0.0584629587829113
fold_3,2758,random,506,2392,2432,nan,0.07990352064371109
fold_3,2759,retrieval,2030,2412,2432,2.177950382232666,0.07583976536989212
fold_3,2759,recent,2400,2431,2432,nan,0.0584629587829113
fold_3,2759,random,694,2416,2432,nan,0.09585623443126678
fold_3,2760,retrieval,2229,2414,2432,2.2754926681518555,0.06831716001033783
fold_3,2760,recent,2400,2431,2432,nan,0.0584629587829113
fold_3,2760,random,506,2427,2432,nan,0.0872693881392479
fold_3,2761,retrieval,2039,2431,2432,2.2944204807281494,0.06203077733516693
fold_3,2761,recent,2400,2431,2432,nan,0.0584629587829113
fold_3,2761,random,523,2283,2432,nan,0.07061518728733063
fold_3,2762,retrieval,1131,2401,2432,3.766726493835449,0.08024820685386658
fold_3,2762,recent,2400,2431,2432,nan,0.0584629587829113
fold_3,2762,random,503,2359,2432,nan,0.08298308402299881
fold_3,2763,retrieval,2227,2415,2432,2.795266628265381,0.06817504018545151
fold_3,2763,recent,2400,2431,2432,nan,0.0584629587829113
fold_3,2763,random,496,2323,2432,nan,0.09111081808805466
fold_3,2764,retrieval,2247,2402,2432,2.630795955657959,0.07238364219665527
fold_3,2764,recent,2400,2431,2432,nan,0.0584629587829113
fold_3,2764,random,540,2428,2432,nan,0.08912433683872223
fold_3,2765,retrieval,2249,2431,2432,2.402066230773926,0.07874342799186707
fold_3,2765,recent,2400,2431,2432,nan,0.0584629587829113
fold_3,2765,random,560,2369,2432,nan,0.08917664736509323
fold_3,2766,retrieval,1167,2416,2432,2.628784656524658,0.07589616626501083
fold_3,2766,recent,2400,2431,2432,nan,0.0584629587829113
fold_3,2766,random,601,2362,2432,nan,0.08449704200029373
fold_3,2767,retrieval,1131,2431,2432,3.150836944580078,0.0827295109629631
fold_3,2767,recent,2400,2431,2432,nan,0.0584629587829113
fold_3,2767,random,540,2412,2432,nan,0.07077641040086746
fold_3,2768,retrieval,2222,2400,2432,2.608555793762207,0.07133408635854721
fold_3,2768,recent,2400,2431,2432,nan,0.0584629587829113
fold_3,2768,random,492,2381,2432,nan,0.08709114044904709
fold_3,2769,retrieval,1129,2428,2432,2.1966946125030518,0.07795616239309311
fold_3,2769,recent,2400,2431,2432,nan,0.0584629587829113
fold_3,2769,random,514,2393,2432,nan,0.08167504519224167
fold_3,2770,retrieval,1129,2415,2432,2.9177188873291016,0.0754648819565773
fold_3,2770,recent,2400,2431,2432,nan,0.0584629587829113
fold_3,2770,random,507,2394,2432,nan,0.10073170810937881
fold_3,2771,retrieval,2030,2400,2432,2.754168748855591,0.07952567934989929
fold_3,2771,recent,2400,2431,2432,nan,0.0584629587829113
fold_3,2771,random,521,2424,2432,nan,0.09293299913406372
fold_3,2772,retrieval,1159,2400,2432,3.7067112922668457,0.08272077143192291
fold_3,2772,recent,2400,2431,2432,nan,0.0584629587829113
fold_3,2772,random,601,2211,2432,nan,0.07299016416072845
fold_3,2773,retrieval,2030,2401,2432,2.9281558990478516,0.07030836492776871
fold_3,2773,recent,2400,2431,2432,nan,0.0584629587829113
fold_3,2773,random,578,2402,2432,nan,0.07285729050636292
fold_3,2774,retrieval,2232,2404,2432,2.6769518852233887,0.07043721526861191
fold_3,2774,recent,2400,2431,2432,nan,0.0584629587829113
fold_3,2774,random,531,2274,2432,nan,0.07905840128660202
fold_3,2775,retrieval,2232,2412,2432,2.922513484954834,0.07339565455913544
fold_3,2775,recent,2400,2431,2432,nan,0.0584629587829113
fold_3,2775,random,614,2271,2432,nan,0.08930667489767075
fold_3,2776,retrieval,2240,2415,2432,2.6502761840820312,0.0751643180847168
fold_3,2776,recent,2400,2431,2432,nan,0.0584629587829113
fold_3,2776,random,492,2392,2432,nan,0.08217184990644455
fold_3,2777,retrieval,2030,2404,2432,3.399704933166504,0.07601527124643326
fold_3,2777,recent,2400,2431,2432,nan,0.0584629587829113
fold_3,2777,random,549,2264,2432,nan,0.0866122841835022
fold_3,2778,retrieval,2030,2401,2432,2.5039734840393066,0.07360147684812546
fold_3,2778,recent,2400,2431,2432,nan,0.0584629587829113
fold_3,2778,random,716,2405,2432,nan,0.07265053689479828
fold_3,2779,retrieval,1133,2401,2432,2.858299493789673,0.07740456610918045
fold_3,2779,recent,2400,2431,2432,nan,0.0584629587829113
fold_3,2779,random,502,2348,2432,nan,0.09555390477180481
fold_3,2780,retrieval,1110,2415,2432,2.368976593017578,0.07561642676591873
fold_3,2780,recent,2400,2431,2432,nan,0.0584629587829113
fold_3,2780,random,600,2386,2432,nan,0.08679752796888351
fold_3,2781,retrieval,1190,2421,2432,5.934128761291504,0.08256327360868454
fold_3,2781,recent,2400,2431,2432,nan,0.0584629587829113
fold_3,2781,random,536,2379,2432,nan,0.08170454949140549
fold_3,2782,retrieval,2237,2406,2432,3.005105972290039,0.0763605460524559
fold_3,2782,recent,2400,2431,2432,nan,0.0584629587829113
fold_3,2782,random,673,2415,2432,nan,0.08206851035356522
fold_3,2783,retrieval,2030,2404,2432,2.7828197479248047,0.07090361416339874
fold_3,2783,recent,2400,2431,2432,nan,0.0584629587829113
fold_3,2783,random,588,2428,2432,nan,0.08976218104362488
fold_3,2784,retrieval,2240,2412,2432,2.485940933227539,0.07107877731323242
fold_3,2784,recent,2400,2431,2432,nan,0.0584629587829113
fold_3,2784,random,560,2418,2432,nan,0.0766298770904541
fold_3,2785,retrieval,2008,2401,2432,2.9569900035858154,0.07623662054538727
fold_3,2785,recent,2400,2431,2432,nan,0.0584629587829113
fold_3,2785,random,503,2338,2432,nan,0.0861373320221901
fold_3,2786,retrieval,2039,2415,2432,2.469801902770996,0.06430812180042267
fold_3,2786,recent,2400,2431,2432,nan,0.0584629587829113
fold_3,2786,random,639,2384,2432,nan,0.08025707304477692
fold_3,2787,retrieval,2232,2415,2432,2.4818294048309326,0.06427094340324402
fold_3,2787,recent,2400,2431,2432,nan,0.0584629587829113
fold_3,2787,random,518,2409,2432,nan,0.08230160176753998
fold_3,2788,retrieval,1133,2415,2432,2.455850601196289,0.06888801604509354
fold_3,2788,recent,2400,2431,2432,nan,0.0584629587829113
fold_3,2788,random,604,2415,2432,nan,0.09572026878595352
fold_3,2789,retrieval,1133,2418,2432,2.7919793128967285,0.06768739968538284
fold_3,2789,recent,2400,2431,2432,nan,0.0584629587829113
fold_3,2789,random,493,2419,2432,nan,0.09143379330635071
fold_3,2790,retrieval,1131,2401,2432,3.7028517723083496,0.07994157820940018
fold_3,2790,recent,2400,2431,2432,nan,0.0584629587829113
fold_3,2790,random,491,2406,2432,nan,0.0819329172372818
fold_3,2791,retrieval,1110,2412,2432,2.439880609512329,0.06977316737174988
fold_3,2791,recent,2400,2431,2432,nan,0.0584629587829113
fold_3,2791,random,549,2407,2432,nan,0.07855548709630966
fold_3,2792,retrieval,1110,2412,2432,2.5680956840515137,0.07027216255664825
fold_3,2792,recent,2400,2431,2432,nan,0.0584629587829113
fold_3,2792,random,558,2431,2432,nan,0.07462312281131744
fold_3,2793,retrieval,1136,2400,2432,2.8618688583374023,0.07556317001581192
fold_3,2793,recent,2400,2431,2432,nan,0.0584629587829113
fold_3,2793,random,526,2355,2432,nan,0.07860752940177917
fold_3,2794,retrieval,1139,2401,2432,3.2968826293945312,0.0775221660733223
fold_3,2794,recent,2400,2431,2432,nan,0.0584629587829113
fold_3,2794,random,511,2407,2432,nan,0.07285849004983902
fold_3,2795,retrieval,1159,2400,2432,4.445256233215332,0.08204193413257599
fold_3,2795,recent,2400,2431,2432,nan,0.0584629587829113
fold_3,2795,random,497,2396,2432,nan,0.08492794632911682
fold_3,2796,retrieval,1131,2250,2432,5.792383193969727,0.08458898216485977
fold_3,2796,recent,2400,2431,2432,nan,0.0584629587829113
fold_3,2796,random,561,2349,2432,nan,0.08313799649477005
fold_3,2797,retrieval,1435,2401,2432,3.911620616912842,0.0873698890209198
fold_3,2797,recent,2400,2431,2432,nan,0.0584629587829113
fold_3,2797,random,564,2418,2432,nan,0.07335546612739563
fold_3,2798,retrieval,1441,2398,2432,4.356573104858398,0.0721096396446228
fold_3,2798,recent,2400,2431,2432,nan,0.0584629587829113
fold_3,2798,random,493,2371,2432,nan,0.07637747377157211
fold_3,2799,retrieval,1441,2401,2432,4.078531265258789,0.08098327368497849
fold_3,2799,recent,2400,2431,2432,nan,0.0584629587829113
fold_3,2799,random,641,2424,2432,nan,0.12666034698486328
fold_3,2800,retrieval,1438,2250,2432,5.26302433013916,0.08525920659303665
fold_3,2800,recent,2400,2431,2432,nan,0.0584629587829113
fold_3,2800,random,525,2389,2432,nan,0.08583930879831314
fold_3,2801,retrieval,1441,1738,2432,4.311450958251953,0.0702202171087265
fold_3,2801,recent,2400,2431,2432,nan,0.0584629587829113
fold_3,2801,random,547,2406,2432,nan,0.06928487122058868
fold_3,2802,retrieval,1509,1736,2432,4.780725955963135,0.0683371052145958
fold_3,2802,recent,2400,2431,2432,nan,0.0584629587829113
fold_3,2802,random,497,2388,2432,nan,0.08423673361539841
fold_3,2803,retrieval,1439,2375,2432,5.1431427001953125,0.08708801865577698
fold_3,2803,recent,2400,2431,2432,nan,0.0584629587829113
fold_3,2803,random,537,2413,2432,nan,0.09407100081443787
fold_3,2804,retrieval,1245,2406,2432,5.385492324829102,0.07841037958860397
fold_3,2804,recent,2400,2431,2432,nan,0.0584629587829113
fold_3,2804,random,518,2424,2432,nan,0.07744898647069931
fold_3,2805,retrieval,1131,2406,2432,5.031726837158203,0.09717339277267456
fold_3,2805,recent,2400,2431,2432,nan,0.0584629587829113
fold_3,2805,random,546,2405,2432,nan,0.07711973041296005
fold_3,2806,retrieval,1131,2404,2432,4.734828948974609,0.08523493260145187
fold_3,2806,recent,2400,2431,2432,nan,0.0584629587829113
fold_3,2806,random,494,2296,2432,nan,0.08713415265083313
fold_3,2807,retrieval,1154,2408,2432,3.4525985717773438,0.07410072535276413
fold_3,2807,recent,2400,2431,2432,nan,0.0584629587829113
fold_3,2807,random,560,2261,2432,nan,0.07257520407438278
fold_3,2808,retrieval,1247,2402,2432,3.673569440841675,0.07440229505300522
fold_3,2808,recent,2400,2431,2432,nan,0.0584629587829113
fold_3,2808,random,643,2418,2432,nan,0.08346138149499893
fold_3,2809,retrieval,1447,2405,2432,3.8753676414489746,0.0759543627500534
fold_3,2809,recent,2400,2431,2432,nan,0.0584629587829113
fold_3,2809,random,501,2352,2432,nan,0.08302914351224899
fold_3,2810,retrieval,1131,2406,2432,5.372142314910889,0.08303696662187576
fold_3,2810,recent,2400,2431,2432,nan,0.0584629587829113
fold_3,2810,random,531,2408,2432,nan,0.0949850007891655
fold_3,2811,retrieval,1131,2406,2432,3.9961583614349365,0.08081012964248657
fold_3,2811,recent,2400,2431,2432,nan,0.0584629587829113
fold_3,2811,random,490,2282,2432,nan,0.09340915828943253
fold_3,2812,retrieval,1136,2408,2432,3.355968713760376,0.07634005695581436
fold_3,2812,recent,2400,2431,2432,nan,0.0584629587829113
fold_3,2812,random,529,2372,2432,nan,0.08850625902414322
fold_3,2813,retrieval,1441,2406,2432,3.6426310539245605,0.0833514854311943
fold_3,2813,recent,2400,2431,2432,nan,0.0584629587829113
fold_3,2813,random,512,2390,2432,nan,0.08056765049695969
fold_3,2814,retrieval,1160,2406,2432,3.3661916255950928,0.07412877678871155
fold_3,2814,recent,2400,2431,2432,nan,0.0584629587829113
fold_3,2814,random,509,2409,2432,nan,0.07720757275819778
fold_3,2815,retrieval,1467,2398,2432,4.9776763916015625,0.08384976536035538
fold_3,2815,recent,2400,2431,2432,nan,0.0584629587829113
fold_3,2815,random,489,2385,2432,nan,0.0838145911693573
fold_3,2816,retrieval,1131,2401,2432,4.486238956451416,0.08610586822032928
fold_3,2816,recent,2400,2431,2432,nan,0.0584629587829113
fold_3,2816,random,494,2425,2432,nan,0.07468459755182266
fold_3,2817,retrieval,1131,2403,2432,4.571622371673584,0.08630042523145676
fold_3,2817,recent,2400,2431,2432,nan,0.0584629587829113
fold_3,2817,random,500,2268,2432,nan,0.09320956468582153
fold_3,2818,retrieval,1138,2402,2432,4.16891622543335,0.07977324724197388
fold_3,2818,recent,2400,2431,2432,nan,0.0584629587829113
fold_3,2818,random,550,2211,2432,nan,0.0779101699590683
fold_3,2819,retrieval,1161,2402,2432,4.03019905090332,0.0752468854188919
fold_3,2819,recent,2400,2431,2432,nan,0.0584629587829113
fold_3,2819,random,686,2380,2432,nan,0.08630924671888351
fold_3,2820,retrieval,1131,2401,2432,5.364477157592773,0.09797843545675278
fold_3,2820,recent,2400,2431,2432,nan,0.0584629587829113
fold_3,2820,random,487,2298,2432,nan,0.08979775756597519
fold_3,2821,retrieval,1130,2408,2432,3.9871890544891357,0.07075753062963486
fold_3,2821,recent,2400,2431,2432,nan,0.0584629587829113
fold_3,2821,random,501,2396,2432,nan,0.08966919779777527
fold_3,2822,retrieval,1138,2427,2432,4.972695350646973,0.08376505225896835
fold_3,2822,recent,2400,2431,2432,nan,0.0584629587829113
fold_3,2822,random,494,2311,2432,nan,0.09197226166725159
fold_3,2823,retrieval,1131,2406,2432,3.820446014404297,0.08159605413675308
fold_3,2823,recent,2400,2431,2432,nan,0.0584629587829113
fold_3,2823,random,516,2396,2432,nan,0.07769212871789932
fold_3,2824,retrieval,1138,2408,2432,3.5296406745910645,0.08411899209022522
fold_3,2824,recent,2400,2431,2432,nan,0.0584629587829113
fold_3,2824,random,521,2288,2432,nan,0.07581564784049988
fold_3,2825,retrieval,1154,2406,2432,3.622218132019043,0.0714603140950203
fold_3,2825,recent,2400,2431,2432,nan,0.0584629587829113
fold_3,2825,random,653,2422,2432,nan,0.07865878194570541
fold_3,2826,retrieval,1131,2401,2432,3.3409063816070557,0.0842851921916008
fold_3,2826,recent,2400,2431,2432,nan,0.0584629587829113
fold_3,2826,random,519,2371,2432,nan,0.07765261083841324
fold_3,2827,retrieval,1130,2408,2432,3.624441623687744,0.07767753303050995
fold_3,2827,recent,2400,2431,2432,nan,0.0584629587829113
fold_3,2827,random,527,2368,2432,nan,0.06902604550123215
fold_3,2828,retrieval,1131,2406,2432,4.09238338470459,0.07752315700054169
fold_3,2828,recent,2400,2431,2432,nan,0.0584629587829113
fold_3,2828,random,716,2398,2432,nan,0.08035039901733398
fold_3,2829,retrieval,1442,2406,2432,3.14793062210083,0.07736925780773163
fold_3,2829,recent,2400,2431,2432,nan,0.0584629587829113
fold_3,2829,random,610,2381,2432,nan,0.08091629296541214
fold_3,2830,retrieval,1131,2406,2432,4.245753288269043,0.08216992020606995
fold_3,2830,recent,2400,2431,2432,nan,0.0584629587829113
fold_3,2830,random,487,2387,2432,nan,0.11351986229419708
fold_3,2831,retrieval,1129,2412,2432,2.8785958290100098,0.06952565163373947
fold_3,2831,recent,2400,2431,2432,nan,0.0584629587829113
fold_3,2831,random,541,2424,2432,nan,0.06765168160200119
fold_3,2832,retrieval,1161,2414,2432,3.4883995056152344,0.0629921555519104
fold_3,2832,recent,2400,2431,2432,nan,0.0584629587829113
fold_3,2832,random,533,2235,2432,nan,0.08469976484775543
fold_3,2833,retrieval,1131,2408,2432,3.425955295562744,0.07343310862779617
fold_3,2833,recent,2400,2431,2432,nan,0.0584629587829113
fold_3,2833,random,529,2404,2432,nan,0.08516291528940201
fold_3,2834,retrieval,1138,2408,2432,3.4213898181915283,0.08128479868173599
fold_3,2834,recent,2400,2431,2432,nan,0.0584629587829113
fold_3,2834,random,523,2319,2432,nan,0.0855136588215828
fold_3,2835,retrieval,1131,2406,2432,3.376253604888916,0.07492716610431671
fold_3,2835,recent,2400,2431,2432,nan,0.0584629587829113
fold_3,2835,random,513,2405,2432,nan,0.08041799813508987
fold_3,2836,retrieval,1129,2414,2432,2.914332389831543,0.06808061897754669
fold_3,2836,recent,2400,2431,2432,nan,0.0584629587829113
fold_3,2836,random,513,2421,2432,nan,0.09337019175291061
fold_3,2837,retrieval,1129,2408,2432,3.063201427459717,0.07224847376346588
fold_3,2837,recent,2400,2431,2432,nan,0.0584629587829113
fold_3,2837,random,511,2307,2432,nan,0.08668418973684311
fold_3,2838,retrieval,1129,2414,2432,3.3007707595825195,0.07245435565710068
fold_3,2838,recent,2400,2431,2432,nan,0.0584629587829113
fold_3,2838,random,619,2395,2432,nan,0.09918025881052017
fold_3,2839,retrieval,1190,2421,2432,5.401459217071533,0.07684212177991867
fold_3,2839,recent,2400,2431,2432,nan,0.0584629587829113
fold_3,2839,random,509,2262,2432,nan,0.08758340775966644
fold_3,2840,retrieval,1246,2410,2432,3.6943395137786865,0.06615718454122543
fold_3,2840,recent,2400,2431,2432,nan,0.0584629587829113
fold_3,2840,random,517,2381,2432,nan,0.078655906021595
fold_3,2841,retrieval,1246,2410,2432,3.59525203704834,0.07399311661720276
fold_3,2841,recent,2400,2431,2432,nan,0.0584629587829113
fold_3,2841,random,586,2402,2432,nan,0.07379180192947388
fold_3,2842,retrieval,1245,2402,2432,5.036323547363281,0.07916709780693054
fold_3,2842,recent,2400,2431,2432,nan,0.0584629587829113
fold_3,2842,random,546,2386,2432,nan,0.07292287051677704
fold_3,2843,retrieval,1537,2330,2432,5.642651557922363,0.0798114687204361
fold_3,2843,recent,2400,2431,2432,nan,0.0584629587829113
fold_3,2843,random,559,2322,2432,nan,0.08184532821178436
fold_3,2844,retrieval,1101,2406,2432,4.757593154907227,0.07995723932981491
fold_3,2844,recent,2400,2431,2432,nan,0.0584629587829113
fold_3,2844,random,514,2385,2432,nan,0.0770130455493927
fold_3,2845,retrieval,1131,2406,2432,3.8249824047088623,0.07659421861171722
fold_3,2845,recent,2400,2431,2432,nan,0.0584629587829113
fold_3,2845,random,500,2419,2432,nan,0.08346104621887207
fold_3,2846,retrieval,1131,2408,2432,3.404376268386841,0.07702520489692688
fold_3,2846,recent,2400,2431,2432,nan,0.0584629587829113
fold_3,2846,random,564,2309,2432,nan,0.07622495293617249
fold_3,2847,retrieval,1140,2416,2432,3.354431390762329,0.07453766465187073
fold_3,2847,recent,2400,2431,2432,nan,0.0584629587829113
fold_3,2847,random,499,2430,2432,nan,0.10591650009155273
fold_3,2848,retrieval,1103,2414,2432,2.776759147644043,0.08183252066373825
fold_3,2848,recent,2400,2431,2432,nan,0.0584629587829113
fold_3,2848,random,691,2369,2432,nan,0.08026973903179169
fold_3,2849,retrieval,1103,2412,2432,2.928299903869629,0.07870130985975266
fold_3,2849,recent,2400,2431,2432,nan,0.0584629587829113
fold_3,2849,random,519,2418,2432,nan,0.07849492132663727
fold_3,2850,retrieval,1131,2404,2432,3.879098892211914,0.07947128266096115
fold_3,2850,recent,2400,2431,2432,nan,0.0584629587829113
fold_3,2850,random,512,2423,2432,nan,0.09061605483293533
fold_3,2851,retrieval,1798,2421,2432,3.2440311908721924,0.08195673674345016
fold_3,2851,recent,2400,2431,2432,nan,0.0584629587829113
fold_3,2851,random,654,2284,2432,nan,0.07168223708868027
fold_3,2852,retrieval,1129,2431,2432,2.49442720413208,0.07430588454008102
fold_3,2852,recent,2400,2431,2432,nan,0.0584629587829113
fold_3,2852,random,490,2376,2432,nan,0.08826099336147308
fold_3,2853,retrieval,982,2427,2432,3.7635464668273926,0.08326205611228943
fold_3,2853,recent,2400,2431,2432,nan,0.0584629587829113
fold_3,2853,random,524,2392,2432,nan,0.08945014327764511
fold_3,2854,retrieval,1129,2415,2432,3.1224422454833984,0.07792236655950546
fold_3,2854,recent,2400,2431,2432,nan,0.0584629587829113
fold_3,2854,random,538,2340,2432,nan,0.07956152409315109
fold_3,2855,retrieval,1129,2431,2432,3.242025375366211,0.07545120269060135
fold_3,2855,recent,2400,2431,2432,nan,0.0584629587829113
fold_3,2855,random,539,2307,2432,nan,0.07613479346036911
fold_3,2856,retrieval,1090,2431,2432,2.7889156341552734,0.07268539071083069
fold_3,2856,recent,2400,2431,2432,nan,0.0584629587829113
fold_3,2856,random,494,2394,2432,nan,0.07921183854341507
fold_3,2857,retrieval,1242,2430,2432,2.6008267402648926,0.07604768127202988
fold_3,2857,recent,2400,2431,2432,nan,0.0584629587829113
fold_3,2857,random,635,2404,2432,nan,0.0781673938035965
fold_3,2858,retrieval,633,2411,2432,5.448513031005859,0.08125869929790497
fold_3,2858,recent,2400,2431,2432,nan,0.0584629587829113
fold_3,2858,random,638,2285,2432,nan,0.07931884378194809
fold_3,2859,retrieval,1157,2399,2432,3.2770843505859375,0.06770230829715729
fold_3,2859,recent,2400,2431,2432,nan,0.0584629587829113
fold_3,2859,random,540,2379,2432,nan,0.08884071558713913
fold_3,2860,retrieval,1140,2401,2432,2.751892566680908,0.07417725026607513
fold_3,2860,recent,2400,2431,2432,nan,0.0584629587829113
fold_3,2860,random,491,2379,2432,nan,0.09600529074668884
fold_3,2861,retrieval,1129,2414,2432,2.517408847808838,0.07505287975072861
fold_3,2861,recent,2400,2431,2432,nan,0.0584629587829113
fold_3,2861,random,489,2352,2432,nan,0.0986429825425148
fold_3,2862,retrieval,1129,2404,2432,2.6430165767669678,0.07893896847963333
fold_3,2862,recent,2400,2431,2432,nan,0.0584629587829113
fold_3,2862,random,597,2418,2432,nan,0.07820338010787964
fold_3,2863,retrieval,1129,2415,2432,2.5709545612335205,0.08170951902866364
fold_3,2863,recent,2400,2431,2432,nan,0.0584629587829113
fold_3,2863,random,486,2422,2432,nan,0.08705860376358032
fold_3,2864,retrieval,1129,2415,2432,3.124706506729126,0.07497861236333847
fold_3,2864,recent,2400,2431,2432,nan,0.0584629587829113
fold_3,2864,random,505,2381,2432,nan,0.08421112596988678
fold_3,2865,retrieval,1140,2421,2432,2.6101303100585938,0.07924769073724747
fold_3,2865,recent,2400,2431,2432,nan,0.0584629587829113
fold_3,2865,random,501,2415,2432,nan,0.08870157599449158
fold_3,2866,retrieval,973,2414,2432,3.3417129516601562,0.07763315737247467
fold_3,2866,recent,2400,2431,2432,nan,0.0584629587829113
fold_3,2866,random,493,2305,2432,nan,0.11283083260059357
fold_3,2867,retrieval,1798,2421,2432,3.4084415435791016,0.08262307941913605
fold_3,2867,recent,2400,2431,2432,nan,0.0584629587829113
fold_3,2867,random,522,2328,2432,nan,0.09058744460344315
fold_3,2868,retrieval,1129,2430,2432,2.522940158843994,0.07551326602697372
fold_3,2868,recent,2400,2431,2432,nan,0.0584629587829113
fold_3,2868,random,637,2372,2432,nan,0.09100796282291412
fold_3,2869,retrieval,1131,2421,2432,4.320228576660156,0.08321749418973923
fold_3,2869,recent,2400,2431,2432,nan,0.0584629587829113
fold_3,2869,random,555,2422,2432,nan,0.08077281713485718
fold_3,2870,retrieval,2170,2415,2432,2.7234301567077637,0.08041061460971832
fold_3,2870,recent,2400,2431,2432,nan,0.0584629587829113
fold_3,2870,random,510,2185,2432,nan,0.07945283502340317
fold_3,2871,retrieval,1140,2421,2432,2.5629217624664307,0.08408206701278687
fold_3,2871,recent,2400,2431,2432,nan,0.0584629587829113
fold_3,2871,random,523,2390,2432,nan,0.08106444776058197
fold_3,2872,retrieval,1190,2421,2432,3.5650241374969482,0.07766862213611603
fold_3,2872,recent,2400,2431,2432,nan,0.0584629587829113
fold_3,2872,random,513,2350,2432,nan,0.08321990817785263
fold_3,2873,retrieval,1147,2421,2432,3.1353931427001953,0.07259577512741089
fold_3,2873,recent,2400,2431,2432,nan,0.0584629587829113
fold_3,2873,random,647,2363,2432,nan,0.08532994240522385
fold_3,2874,retrieval,1131,2408,2432,3.382446765899658,0.08073822408914566
fold_3,2874,recent,2400,2431,2432,nan,0.0584629587829113
fold_3,2874,random,520,2430,2432,nan,0.08891511708498001
fold_3,2875,retrieval,1179,2406,2432,2.980473518371582,0.06906135380268097
fold_3,2875,recent,2400,2431,2432,nan,0.0584629587829113
fold_3,2875,random,523,2258,2432,nan,0.08000193536281586
fold_3,2876,retrieval,803,2415,2432,2.965252637863159,0.0826227068901062
fold_3,2876,recent,2400,2431,2432,nan,0.0584629587829113
fold_3,2876,random,503,2428,2432,nan,0.08551589399576187
fold_3,2877,retrieval,1129,2415,2432,2.920340061187744,0.06895534694194794
fold_3,2877,recent,2400,2431,2432,nan,0.0584629587829113
fold_3,2877,random,556,2430,2432,nan,0.07662471383810043
fold_3,2878,retrieval,973,2414,2432,3.602712392807007,0.07804904878139496
fold_3,2878,recent,2400,2431,2432,nan,0.0584629587829113
fold_3,2878,random,541,2405,2432,nan,0.08673292398452759
fold_3,2879,retrieval,1154,2400,2432,3.2468838691711426,0.06700596213340759
fold_3,2879,recent,2400,2431,2432,nan,0.0584629587829113
fold_3,2879,random,502,2349,2432,nan,0.07955712080001831
fold_3,2880,retrieval,1131,2402,2432,4.323430061340332,0.07972592115402222
fold_3,2880,recent,2400,2431,2432,nan,0.0584629587829113
fold_3,2880,random,543,2395,2432,nan,0.08586285263299942
fold_3,2881,retrieval,1129,2414,2432,2.4804232120513916,0.07988408952951431
fold_3,2881,recent,2400,2431,2432,nan,0.0584629587829113
fold_3,2881,random,523,2405,2432,nan,0.08257777243852615
fold_3,2882,retrieval,1129,2415,2432,2.467616081237793,0.07697337865829468
fold_3,2882,recent,2400,2431,2432,nan,0.0584629587829113
fold_3,2882,random,687,2423,2432,nan,0.08002390712499619
fold_3,2883,retrieval,1192,2421,2432,2.85249924659729,0.07353289425373077
fold_3,2883,recent,2400,2431,2432,nan,0.0584629587829113
fold_3,2883,random,490,2426,2432,nan,0.0802188515663147
fold_3,2884,retrieval,1131,2406,2432,2.827317237854004,0.07708306610584259
fold_3,2884,recent,2400,2431,2432,nan,0.0584629587829113
fold_3,2884,random,531,2408,2432,nan,0.07998795062303543
fold_3,2885,retrieval,1129,2414,2432,3.2444889545440674,0.07621979713439941
fold_3,2885,recent,2400,2431,2432,nan,0.0584629587829113
fold_3,2885,random,518,2400,2432,nan,0.07565335184335709
fold_3,2886,retrieval,2020,2412,2432,2.5493810176849365,0.06726475805044174
fold_3,2886,recent,2400,2431,2432,nan,0.0584629587829113
fold_3,2886,random,511,2429,2432,nan,0.08552584052085876
fold_3,2887,retrieval,1192,2401,2432,3.140395164489746,0.0692334994673729
fold_3,2887,recent,2400,2431,2432,nan,0.0584629587829113
fold_3,2887,random,491,2186,2432,nan,0.07396535575389862
fold_3,2888,retrieval,2039,2412,2432,2.200623035430908,0.07061247527599335
fold_3,2888,recent,2400,2431,2432,nan,0.0584629587829113
fold_3,2888,random,651,2384,2432,nan,0.08341464400291443
fold_3,2889,retrieval,1139,2408,2432,2.7573375701904297,0.075142040848732
fold_3,2889,recent,2400,2431,2432,nan,0.0584629587829113
fold_3,2889,random,500,2369,2432,nan,0.07930023223161697
fold_3,2890,retrieval,1133,2401,2432,2.609337091445923,0.07340032607316971
fold_3,2890,recent,2400,2431,2432,nan,0.0584629587829113
fold_3,2890,random,493,2394,2432,nan,0.0809871256351471
fold_3,2891,retrieval,1129,2415,2432,2.3679914474487305,0.07048119604587555
fold_3,2891,recent,2400,2431,2432,nan,0.0584629587829113
fold_3,2891,random,501,2391,2432,nan,0.1091589704155922
fold_3,2892,retrieval,1129,2415,2432,2.4335520267486572,0.07643968611955643
fold_3,2892,recent,2400,2431,2432,nan,0.0584629587829113
fold_3,2892,random,506,2386,2432,nan,0.08655474334955215
fold_3,2893,retrieval,1113,2414,2432,2.7290847301483154,0.07388684898614883
fold_3,2893,recent,2400,2431,2432,nan,0.0584629587829113
fold_3,2893,random,519,2421,2432,nan,0.07674393057823181
fold_3,2894,retrieval,1131,2408,2432,3.024068593978882,0.0739189088344574
fold_3,2894,recent,2400,2431,2432,nan,0.0584629587829113
fold_3,2894,random,599,2338,2432,nan,0.07265729457139969
fold_3,2895,retrieval,1139,2408,2432,2.4591636657714844,0.06907442957162857
fold_3,2895,recent,2400,2431,2432,nan,0.0584629587829113
fold_3,2895,random,569,2397,2432,nan,0.07632464170455933
fold_3,2896,retrieval,1133,2412,2432,2.404547691345215,0.06577496975660324
fold_3,2896,recent,2400,2431,2432,nan,0.0584629587829113
fold_3,2896,random,504,2428,2432,nan,0.08896508067846298
fold_3,2897,retrieval,1133,2401,2432,2.381544351577759,0.0674636960029602
fold_3,2897,recent,2400,2431,2432,nan,0.0584629587829113
fold_3,2897,random,516,2430,2432,nan,0.07851291447877884
fold_3,2898,retrieval,2039,2412,2432,2.311772584915161,0.06407517939805984
fold_3,2898,recent,2400,2431,2432,nan,0.0584629587829113
fold_3,2898,random,563,2347,2432,nan,0.07346506416797638
fold_3,2899,retrieval,1192,2415,2432,2.62271785736084,0.06684800237417221
fold_3,2899,recent,2400,2431,2432,nan,0.0584629587829113
fold_3,2899,random,500,2342,2432,nan,0.07514510303735733
fold_3,2900,retrieval,1192,2426,2432,2.011504650115967,0.055757831782102585
fold_3,2900,recent,2400,2431,2432,nan,0.0584629587829113
fold_3,2900,random,653,2414,2432,nan,0.09249161183834076
fold_3,2901,retrieval,976,2414,2432,2.4218955039978027,0.07395309209823608
fold_3,2901,recent,2400,2431,2432,nan,0.0584629587829113
fold_3,2901,random,575,2356,2432,nan,0.07785266637802124
fold_3,2902,retrieval,1956,2430,2432,2.726654529571533,0.07036973536014557
fold_3,2902,recent,2400,2431,2432,nan,0.0584629587829113
fold_3,2902,random,523,2208,2432,nan,0.07841426879167557
fold_3,2903,retrieval,981,2414,2432,3.145442008972168,0.07595565170049667
fold_3,2903,recent,2400,2431,2432,nan,0.0584629587829113
fold_3,2903,random,679,2417,2432,nan,0.08729945123195648
fold_3,2904,retrieval,1131,2401,2432,3.383509635925293,0.08010843396186829
fold_3,2904,recent,2400,2431,2432,nan,0.0584629587829113
fold_3,2904,random,499,2255,2432,nan,0.07571771740913391
fold_3,2905,retrieval,2251,2428,2432,2.38244891166687,0.07615186274051666
fold_3,2905,recent,2400,2431,2432,nan,0.0584629587829113
fold_3,2905,random,585,2403,2432,nan,0.08257821947336197
fold_3,2906,retrieval,1167,2414,2432,2.5075647830963135,0.07686585187911987
fold_3,2906,recent,2400,2431,2432,nan,0.0584629587829113
fold_3,2906,random,598,2409,2432,nan,0.07801195979118347
fold_3,2907,retrieval,1154,2421,2432,2.532895088195801,0.08233563601970673
fold_3,2907,recent,2400,2431,2432,nan,0.0584629587829113
fold_3,2907,random,504,2355,2432,nan,0.08184459805488586
fold_3,2908,retrieval,1129,2415,2432,2.268552303314209,0.07571425288915634
fold_3,2908,recent,2400,2431,2432,nan,0.0584629587829113
fold_3,2908,random,530,2372,2432,nan,0.07896097749471664
fold_3,2909,retrieval,1139,2421,2432,3.09663462638855,0.07452189177274704
fold_3,2909,recent,2400,2431,2432,nan,0.0584629587829113
fold_3,2909,random,540,2417,2432,nan,0.07874968647956848
fold_3,2910,retrieval,1128,2421,2432,2.49289608001709,0.07783258706331253
fold_3,2910,recent,2400,2431,2432,nan,0.0584629587829113
fold_3,2910,random,512,2418,2432,nan,0.08583078533411026
fold_3,2911,retrieval,1129,2408,2432,2.5397861003875732,0.08135528117418289
fold_3,2911,recent,2400,2431,2432,nan,0.0584629587829113
fold_3,2911,random,613,2415,2432,nan,0.07486976683139801
fold_3,2912,retrieval,1129,2414,2432,2.785902500152588,0.07356306910514832
fold_3,2912,recent,2400,2431,2432,nan,0.0584629587829113
fold_3,2912,random,645,2402,2432,nan,0.07993559539318085
fold_3,2913,retrieval,1139,2408,2432,3.0027618408203125,0.08092247694730759
fold_3,2913,recent,2400,2431,2432,nan,0.0584629587829113
fold_3,2913,random,566,2363,2432,nan,0.0856841579079628
fold_3,2914,retrieval,1131,2402,2432,3.478999137878418,0.08039862662553787
fold_3,2914,recent,2400,2431,2432,nan,0.0584629587829113
fold_3,2914,random,591,2419,2432,nan,0.0878424271941185
fold_3,2915,retrieval,1131,2406,2432,3.5685110092163086,0.08460482954978943
fold_3,2915,recent,2400,2431,2432,nan,0.0584629587829113
fold_3,2915,random,499,2384,2432,nan,0.0789288580417633
fold_3,2916,retrieval,2237,2421,2432,2.5767369270324707,0.07817787677049637
fold_3,2916,recent,2400,2431,2432,nan,0.0584629587829113
fold_3,2916,random,507,2418,2432,nan,0.07952992618083954
fold_3,2917,retrieval,1102,2408,2432,2.520155906677246,0.07582288980484009
fold_3,2917,recent,2400,2431,2432,nan,0.0584629587829113
fold_3,2917,random,502,2389,2432,nan,0.0735352411866188
official_valid,2918,retrieval,2247,2917,2918,2.2111997604370117,0.08117391914129257
official_valid,2918,recent,2886,2917,2918,nan,0.07431679219007492
official_valid,2918,random,530,2831,2918,nan,0.0852297991514206
official_valid,2919,retrieval,2251,2905,2918,2.0766682624816895,0.07880092412233353
official_valid,2919,recent,2886,2917,2918,nan,0.07431679219007492
official_valid,2919,random,540,2823,2918,nan,0.07489825785160065
official_valid,2920,retrieval,2401,2914,2918,2.9959168434143066,0.0873553529381752
official_valid,2920,recent,2886,2917,2918,nan,0.07431679219007492
official_valid,2920,random,512,2912,2918,nan,0.08463571965694427
official_valid,2921,retrieval,1156,2912,2918,2.84414005279541,0.0864519253373146
official_valid,2921,recent,2886,2917,2918,nan,0.07431679219007492
official_valid,2921,random,649,2677,2918,nan,0.07307169586420059
official_valid,2922,retrieval,1131,2915,2918,5.092536926269531,0.09241267293691635
official_valid,2922,recent,2886,2917,2918,nan,0.07431679219007492
official_valid,2922,random,604,2897,2918,nan,0.08195725083351135
official_valid,2923,retrieval,2401,2914,2918,2.7275006771087646,0.08284717053174973
official_valid,2923,recent,2886,2917,2918,nan,0.07431679219007492
official_valid,2923,random,620,2859,2918,nan,0.07854839414358139
official_valid,2924,retrieval,2250,2915,2918,2.8750672340393066,0.07143773883581161
official_valid,2924,recent,2886,2917,2918,nan,0.07431679219007492
official_valid,2924,random,493,2790,2918,nan,0.0847577378153801
official_valid,2925,retrieval,1138,2914,2918,2.6515612602233887,0.09366165101528168
official_valid,2925,recent,2886,2917,2918,nan,0.07431679219007492
official_valid,2925,random,592,2915,2918,nan,0.07821983098983765
official_valid,2926,retrieval,2398,2916,2918,2.3909153938293457,0.07501306384801865
official_valid,2926,recent,2886,2917,2918,nan,0.07431679219007492
official_valid,2926,random,527,2717,2918,nan,0.08792151510715485
official_valid,2927,retrieval,2398,2917,2918,2.419867992401123,0.07701587677001953
official_valid,2927,recent,2886,2917,2918,nan,0.07431679219007492
official_valid,2927,random,577,2909,2918,nan,0.07886657863855362
official_valid,2928,retrieval,2003,2915,2918,4.063808917999268,0.08159928768873215
official_valid,2928,recent,2886,2917,2918,nan,0.07431679219007492
official_valid,2928,random,547,2721,2918,nan,0.07933453470468521
official_valid,2929,retrieval,2398,2917,2918,2.251931667327881,0.0724281370639801
official_valid,2929,recent,2886,2917,2918,nan,0.07431679219007492
official_valid,2929,random,501,2873,2918,nan,0.0914674699306488
official_valid,2930,retrieval,2317,2915,2918,2.3512916564941406,0.07679271697998047
official_valid,2930,recent,2886,2917,2918,nan,0.07431679219007492
official_valid,2930,random,537,2862,2918,nan,0.0959610566496849
official_valid,2931,retrieval,2247,2916,2918,2.260681390762329,0.07941262423992157
official_valid,2931,recent,2886,2917,2918,nan,0.07431679219007492
official_valid,2931,random,528,2880,2918,nan,0.08156368881464005
official_valid,2932,retrieval,2327,2914,2918,2.434868812561035,0.08559313416481018
official_valid,2932,recent,2886,2917,2918,nan,0.07431679219007492
official_valid,2932,random,570,2838,2918,nan,0.08539745211601257
official_valid,2933,retrieval,1131,2915,2918,3.1171889305114746,0.0856509804725647
official_valid,2933,recent,2886,2917,2918,nan,0.07431679219007492
official_valid,2933,random,613,2840,2918,nan,0.07834355533123016
official_valid,2934,retrieval,1131,2915,2918,3.221430540084839,0.08152715861797333
official_valid,2934,recent,2886,2917,2918,nan,0.07431679219007492
official_valid,2934,random,632,2759,2918,nan,0.07820376008749008
official_valid,2935,retrieval,1131,2916,2918,2.3816981315612793,0.08256445825099945
official_valid,2935,recent,2886,2917,2918,nan,0.07431679219007492
official_valid,2935,random,607,2806,2918,nan,0.08056353032588959
official_valid,2936,retrieval,2244,2916,2918,3.0668439865112305,0.07699760794639587
official_valid,2936,recent,2886,2917,2918,nan,0.07431679219007492
official_valid,2936,random,560,2837,2918,nan,0.08205599337816238
official_valid,2937,retrieval,2382,2912,2918,2.570728302001953,0.08781188726425171
official_valid,2937,recent,2886,2917,2918,nan,0.07431679219007492
official_valid,2937,random,493,2839,2918,nan,0.07571950554847717
official_valid,2938,retrieval,1131,2915,2918,4.036714553833008,0.08324858546257019
official_valid,2938,recent,2886,2917,2918,nan,0.07431679219007492
official_valid,2938,random,597,2827,2918,nan,0.08723974972963333
official_valid,2939,retrieval,1131,2915,2918,2.8740577697753906,0.07762782275676727
official_valid,2939,recent,2886,2917,2918,nan,0.07431679219007492
official_valid,2939,random,505,2911,2918,nan,0.07721181213855743
official_valid,2940,retrieval,2327,2915,2918,2.4911885261535645,0.07753611356019974
official_valid,2940,recent,2886,2917,2918,nan,0.07431679219007492
official_valid,2940,random,579,2912,2918,nan,0.07287456095218658
official_valid,2941,retrieval,1247,2912,2918,2.909457206726074,0.08851523697376251
official_valid,2941,recent,2886,2917,2918,nan,0.07431679219007492
official_valid,2941,random,562,2880,2918,nan,0.0778515636920929
official_valid,2942,retrieval,1131,2915,2918,3.0035476684570312,0.08041765540838242
official_valid,2942,recent,2886,2917,2918,nan,0.07431679219007492
official_valid,2942,random,531,2869,2918,nan,0.08572583645582199
official_valid,2943,retrieval,1131,2916,2918,3.322587490081787,0.07515373826026917
official_valid,2943,recent,2886,2917,2918,nan,0.07431679219007492
official_valid,2943,random,508,2889,2918,nan,0.0767156258225441
official_valid,2944,retrieval,2312,2917,2918,2.3364505767822266,0.06886861473321915
official_valid,2944,recent,2886,2917,2918,nan,0.07431679219007492
official_valid,2944,random,628,2903,2918,nan,0.09229414165019989
official_valid,2945,retrieval,2264,2908,2918,2.1667463779449463,0.07260791212320328
official_valid,2945,recent,2886,2917,2918,nan,0.07431679219007492
official_valid,2945,random,652,2891,2918,nan,0.08345925062894821
official_valid,2946,retrieval,2040,2915,2918,5.1783857345581055,0.08188279718160629
official_valid,2946,recent,2886,2917,2918,nan,0.07431679219007492
official_valid,2946,random,683,2885,2918,nan,0.06961950659751892
official_valid,2947,retrieval,2333,2917,2918,2.264578342437744,0.07288343459367752
official_valid,2947,recent,2886,2917,2918,nan,0.07431679219007492
official_valid,2947,random,491,2821,2918,nan,0.08663143962621689
official_valid,2948,retrieval,2466,2916,2918,3.195176124572754,0.08019550144672394
official_valid,2948,recent,2886,2917,2918,nan,0.07431679219007492
official_valid,2948,random,657,2870,2918,nan,0.08356274664402008
official_valid,2949,retrieval,1131,2915,2918,2.8790149688720703,0.08287700265645981
official_valid,2949,recent,2886,2917,2918,nan,0.07431679219007492
official_valid,2949,random,684,2784,2918,nan,0.0883733257651329
official_valid,2950,retrieval,2308,2917,2918,2.077256202697754,0.0867435485124588
official_valid,2950,recent,2886,2917,2918,nan,0.07431679219007492
official_valid,2950,random,736,2912,2918,nan,0.08698875457048416
official_valid,2951,retrieval,2401,2914,2918,2.288294792175293,0.0965590626001358
official_valid,2951,recent,2886,2917,2918,nan,0.07431679219007492
official_valid,2951,random,495,2891,2918,nan,0.07814847677946091
official_valid,2952,retrieval,2244,2915,2918,3.7661452293395996,0.07782278954982758
official_valid,2952,recent,2886,2917,2918,nan,0.07431679219007492
official_valid,2952,random,496,2730,2918,nan,0.0744982436299324
official_valid,2953,retrieval,2286,2917,2918,2.7619338035583496,0.07291866838932037
official_valid,2953,recent,2886,2917,2918,nan,0.07431679219007492
official_valid,2953,random,573,2702,2918,nan,0.09899585694074631
official_valid,2954,retrieval,2401,2912,2918,2.421156167984009,0.08635945618152618
official_valid,2954,recent,2886,2917,2918,nan,0.07431679219007492
official_valid,2954,random,507,2873,2918,nan,0.08031634986400604
official_valid,2955,retrieval,2539,2917,2918,2.191525459289551,0.08007315546274185
official_valid,2955,recent,2886,2917,2918,nan,0.07431679219007492
official_valid,2955,random,511,2778,2918,nan,0.07465100288391113
official_valid,2956,retrieval,2497,2912,2918,1.8655439615249634,0.0830964595079422
official_valid,2956,recent,2886,2917,2918,nan,0.07431679219007492
official_valid,2956,random,556,2916,2918,nan,0.08235850185155869
official_valid,2957,retrieval,2244,2916,2918,2.7365427017211914,0.077874094247818
official_valid,2957,recent,2886,2917,2918,nan,0.07431679219007492
official_valid,2957,random,500,2904,2918,nan,0.0815330222249031
official_valid,2958,retrieval,2467,2911,2918,2.2254457473754883,0.08960817009210587
official_valid,2958,recent,2886,2917,2918,nan,0.07431679219007492
official_valid,2958,random,526,2911,2918,nan,0.08380720764398575
official_valid,2959,retrieval,1245,2914,2918,4.541475296020508,0.08010682463645935
official_valid,2959,recent,2886,2917,2918,nan,0.07431679219007492
official_valid,2959,random,539,2746,2918,nan,0.07624663412570953
official_valid,2960,retrieval,2401,2915,2918,3.477682113647461,0.08622375875711441
official_valid,2960,recent,2886,2917,2918,nan,0.07431679219007492
official_valid,2960,random,965,2916,2918,nan,0.080572709441185
official_valid,2961,retrieval,2521,2917,2918,2.4210009574890137,0.07734928280115128
official_valid,2961,recent,2886,2917,2918,nan,0.07431679219007492
official_valid,2961,random,516,2885,2918,nan,0.0877140462398529
official_valid,2962,retrieval,2401,2914,2918,1.9611694812774658,0.07493048906326294
official_valid,2962,recent,2886,2917,2918,nan,0.07431679219007492
official_valid,2962,random,490,2843,2918,nan,0.08505719155073166
official_valid,2963,retrieval,2398,2916,2918,2.262845039367676,0.07431228458881378
official_valid,2963,recent,2886,2917,2918,nan,0.07431679219007492
official_valid,2963,random,501,2911,2918,nan,0.11837504059076309
official_valid,2964,retrieval,2399,2917,2918,2.092869281768799,0.07522470504045486
official_valid,2964,recent,2886,2917,2918,nan,0.07431679219007492
official_valid,2964,random,709,2914,2918,nan,0.07456615567207336
official_valid,2965,retrieval,2539,2915,2918,2.264388084411621,0.07756361365318298
official_valid,2965,recent,2886,2917,2918,nan,0.07431679219007492
official_valid,2965,random,499,2898,2918,nan,0.08504237979650497
official_valid,2966,retrieval,2325,2905,2918,1.602231740951538,0.0670585110783577
official_valid,2966,recent,2886,2917,2918,nan,0.07431679219007492
official_valid,2966,random,489,2896,2918,nan,0.08035227656364441
official_valid,2967,retrieval,2244,2916,2918,2.5181965827941895,0.0720408484339714
official_valid,2967,recent,2886,2917,2918,nan,0.07431679219007492
official_valid,2967,random,495,2799,2918,nan,0.08132009953260422
official_valid,2968,retrieval,2312,2917,2918,2.3185746669769287,0.07058598846197128
official_valid,2968,recent,2886,2917,2918,nan,0.07431679219007492
official_valid,2968,random,487,2831,2918,nan,0.0675046369433403
official_valid,2969,retrieval,2251,2914,2918,2.2878823280334473,0.09291264414787292
official_valid,2969,recent,2886,2917,2918,nan,0.07431679219007492
official_valid,2969,random,519,2890,2918,nan,0.08115533739328384
official_valid,2970,retrieval,2392,2908,2918,2.1258883476257324,0.08145572990179062
official_valid,2970,recent,2886,2917,2918,nan,0.07431679219007492
official_valid,2970,random,529,2763,2918,nan,0.08683314174413681
official_valid,2971,retrieval,1131,2916,2918,2.6270596981048584,0.08252248913049698
official_valid,2971,recent,2886,2917,2918,nan,0.07431679219007492
official_valid,2971,random,630,2870,2918,nan,0.08328109979629517
official_valid,2972,retrieval,2388,2917,2918,2.0071163177490234,0.06906422227621078
official_valid,2972,recent,2886,2917,2918,nan,0.07431679219007492
official_valid,2972,random,684,2908,2918,nan,0.08376471698284149
official_valid,2973,retrieval,2325,2915,2918,2.269679546356201,0.07755512744188309
official_valid,2973,recent,2886,2917,2918,nan,0.07431679219007492
official_valid,2973,random,499,2847,2918,nan,0.07850825041532516
official_valid,2974,retrieval,2317,2915,2918,2.3913352489471436,0.08756157755851746
official_valid,2974,recent,2886,2917,2918,nan,0.07431679219007492
official_valid,2974,random,637,2917,2918,nan,0.07851823419332504
official_valid,2975,retrieval,2317,2915,2918,2.6405885219573975,0.07976040244102478
official_valid,2975,recent,2886,2917,2918,nan,0.07431679219007492
official_valid,2975,random,614,2894,2918,nan,0.08027416467666626
official_valid,2976,retrieval,2288,2915,2918,2.1992335319519043,0.0812884122133255
official_valid,2976,recent,2886,2917,2918,nan,0.07431679219007492
official_valid,2976,random,489,2799,2918,nan,0.08670753240585327
official_valid,2977,retrieval,2288,2915,2918,2.051508665084839,0.081589475274086
official_valid,2977,recent,2886,2917,2918,nan,0.07431679219007492
official_valid,2977,random,523,2808,2918,nan,0.07613514363765717
official_valid,2978,retrieval,2312,2915,2918,3.2166178226470947,0.08220841735601425
official_valid,2978,recent,2886,2917,2918,nan,0.07431679219007492
official_valid,2978,random,516,2692,2918,nan,0.08382178097963333
official_valid,2979,retrieval,2317,2905,2918,2.399916410446167,0.08124341070652008
official_valid,2979,recent,2886,2917,2918,nan,0.07431679219007492
official_valid,2979,random,597,2840,2918,nan,0.07433899492025375
official_valid,2980,retrieval,2288,2915,2918,2.278578519821167,0.08146502077579498
official_valid,2980,recent,2886,2917,2918,nan,0.07431679219007492
official_valid,2980,random,499,2914,2918,nan,0.1077512726187706
official_valid,2981,retrieval,2317,2905,2918,2.018670082092285,0.07532340288162231
official_valid,2981,recent,2886,2917,2918,nan,0.07431679219007492
official_valid,2981,random,519,2822,2918,nan,0.07473362237215042
official_valid,2982,retrieval,1131,2915,2918,2.3993372917175293,0.08331795036792755
official_valid,2982,recent,2886,2917,2918,nan,0.07431679219007492
official_valid,2982,random,677,2895,2918,nan,0.06801547855138779
official_valid,2983,retrieval,1131,2915,2918,2.3800220489501953,0.08538086712360382
official_valid,2983,recent,2886,2917,2918,nan,0.07431679219007492
official_valid,2983,random,497,2800,2918,nan,0.09431884437799454
official_valid,2984,retrieval,2288,2916,2918,2.386456251144409,0.07835214585065842
official_valid,2984,recent,2886,2917,2918,nan,0.07431679219007492
official_valid,2984,random,621,2810,2918,nan,0.08392312377691269
official_valid,2985,retrieval,2288,2915,2918,2.5052738189697266,0.08467331528663635
official_valid,2985,recent,2886,2917,2918,nan,0.07431679219007492
official_valid,2985,random,534,2886,2918,nan,0.07559458166360855
official_valid,2986,retrieval,2246,2917,2918,2.232083797454834,0.06645480543375015
official_valid,2986,recent,2886,2917,2918,nan,0.07431679219007492
official_valid,2986,random,547,2917,2918,nan,0.09680334478616714
official_valid,2987,retrieval,2312,2916,2918,2.6095447540283203,0.08253151923418045
official_valid,2987,recent,2886,2917,2918,nan,0.07431679219007492
official_valid,2987,random,614,2810,2918,nan,0.09302523732185364
official_valid,2988,retrieval,2324,2905,2918,1.8212316036224365,0.06749793887138367
official_valid,2988,recent,2886,2917,2918,nan,0.07431679219007492
official_valid,2988,random,603,2829,2918,nan,0.08471368253231049
official_valid,2989,retrieval,2317,2916,2918,2.26005220413208,0.07963646948337555
official_valid,2989,recent,2886,2917,2918,nan,0.07431679219007492
official_valid,2989,random,653,2786,2918,nan,0.07993031293153763
official_valid,2990,retrieval,2324,2905,2918,2.0688858032226562,0.07328488677740097
official_valid,2990,recent,2886,2917,2918,nan,0.07431679219007492
official_valid,2990,random,531,2628,2918,nan,0.09082475304603577
official_valid,2991,retrieval,2327,2914,2918,2.633700132369995,0.0851186215877533
official_valid,2991,recent,2886,2917,2918,nan,0.07431679219007492
official_valid,2991,random,684,2858,2918,nan,0.08615973591804504
official_valid,2992,retrieval,1131,2916,2918,2.4482269287109375,0.08473122864961624
official_valid,2992,recent,2886,2917,2918,nan,0.07431679219007492
official_valid,2992,random,526,2716,2918,nan,0.08161241561174393
official_valid,2993,retrieval,2265,2914,2918,2.5956015586853027,0.08891373127698898
official_valid,2993,recent,2886,2917,2918,nan,0.07431679219007492
official_valid,2993,random,514,2831,2918,nan,0.07674457132816315
official_valid,2994,retrieval,1131,2915,2918,3.086787700653076,0.0819205716252327
official_valid,2994,recent,2886,2917,2918,nan,0.07431679219007492
official_valid,2994,random,520,2870,2918,nan,0.07744212448596954
official_valid,2995,retrieval,1131,2915,2918,2.5441646575927734,0.08413959294557571
official_valid,2995,recent,2886,2917,2918,nan,0.07431679219007492
official_valid,2995,random,505,2858,2918,nan,0.08335698395967484
official_valid,2996,retrieval,2265,2914,2918,2.2220542430877686,0.08681599050760269
official_valid,2996,recent,2886,2917,2918,nan,0.07431679219007492
official_valid,2996,random,505,2905,2918,nan,0.07535343617200851
official_valid,2997,retrieval,1131,2915,2918,3.3586032390594482,0.07954616844654083
official_valid,2997,recent,2886,2917,2918,nan,0.07431679219007492
official_valid,2997,random,491,2876,2918,nan,0.0771944522857666
official_valid,2998,retrieval,2260,2916,2918,2.034933567047119,0.08081338554620743
official_valid,2998,recent,2886,2917,2918,nan,0.07431679219007492
official_valid,2998,random,489,2502,2918,nan,0.08292055875062943
official_valid,2999,retrieval,1131,2916,2918,2.2287683486938477,0.08377514779567719
official_valid,2999,recent,2886,2917,2918,nan,0.07431679219007492
official_valid,2999,random,749,2892,2918,nan,0.08671417087316513
official_valid,3000,retrieval,1131,2916,2918,2.2996082305908203,0.08509021997451782
official_valid,3000,recent,2886,2917,2918,nan,0.07431679219007492
official_valid,3000,random,491,2913,2918,nan,0.11509604007005692
official_valid,3001,retrieval,2317,2916,2918,2.063976287841797,0.07849685847759247
official_valid,3001,recent,2886,2917,2918,nan,0.07431679219007492
official_valid,3001,random,546,2830,2918,nan,0.07486248761415482
official_valid,3002,retrieval,2244,2916,2918,2.3763320446014404,0.07520611584186554
official_valid,3002,recent,2886,2917,2918,nan,0.07431679219007492
official_valid,3002,random,540,2876,2918,nan,0.08012662827968597
official_valid,3003,retrieval,2399,2917,2918,1.9705781936645508,0.07071249932050705
official_valid,3003,recent,2886,2917,2918,nan,0.07431679219007492
official_valid,3003,random,540,2901,2918,nan,0.08313015848398209
official_valid,3004,retrieval,1131,2915,2918,3.35992693901062,0.08701071888208389
official_valid,3004,recent,2886,2917,2918,nan,0.07431679219007492
official_valid,3004,random,540,2789,2918,nan,0.0746581107378006
official_valid,3005,retrieval,2288,2915,2918,2.3439927101135254,0.08409088104963303
official_valid,3005,recent,2886,2917,2918,nan,0.07431679219007492
official_valid,3005,random,516,2888,2918,nan,0.08993984758853912
official_valid,3006,retrieval,2317,2905,2918,2.0184860229492188,0.0795857384800911
official_valid,3006,recent,2886,2917,2918,nan,0.07431679219007492
official_valid,3006,random,550,2904,2918,nan,0.07640425115823746
official_valid,3007,retrieval,2288,2915,2918,2.3891026973724365,0.08464183658361435
official_valid,3007,recent,2886,2917,2918,nan,0.07431679219007492
official_valid,3007,random,561,2897,2918,nan,0.08295027166604996
official_valid,3008,retrieval,2288,2905,2918,2.074129819869995,0.07660599052906036
official_valid,3008,recent,2886,2917,2918,nan,0.07431679219007492
official_valid,3008,random,533,2816,2918,nan,0.0746336281299591
official_valid,3009,retrieval,2288,2915,2918,2.5516128540039062,0.08388328552246094
official_valid,3009,recent,2886,2917,2918,nan,0.07431679219007492
official_valid,3009,random,523,2896,2918,nan,0.08005382865667343
official_valid,3010,retrieval,2546,2916,2918,1.7523596286773682,0.07098006457090378
official_valid,3010,recent,2886,2917,2918,nan,0.07431679219007492
official_valid,3010,random,531,2713,2918,nan,0.08648329228162766
official_valid,3011,retrieval,2324,2904,2918,2.4093308448791504,0.0731034055352211
official_valid,3011,recent,2886,2917,2918,nan,0.07431679219007492
official_valid,3011,random,515,2893,2918,nan,0.0804421529173851
official_valid,3012,retrieval,2246,2890,2918,1.932757019996643,0.06622518599033356
official_valid,3012,recent,2886,2917,2918,nan,0.07431679219007492
official_valid,3012,random,496,2793,2918,nan,0.08727684617042542
official_valid,3013,retrieval,2544,2908,2918,1.4698855876922607,0.07156702876091003
official_valid,3013,recent,2886,2917,2918,nan,0.07431679219007492
official_valid,3013,random,514,2915,2918,nan,0.07986381649971008
official_valid,3014,retrieval,2539,2915,2918,2.3382363319396973,0.07990264892578125
official_valid,3014,recent,2886,2917,2918,nan,0.07431679219007492
official_valid,3014,random,806,2786,2918,nan,0.08278806507587433
official_valid,3015,retrieval,2401,2915,2918,2.3464770317077637,0.07946019619703293
official_valid,3015,recent,2886,2917,2918,nan,0.07431679219007492
official_valid,3015,random,833,2838,2918,nan,0.08309747278690338
official_valid,3016,retrieval,2401,2908,2918,1.9860705137252808,0.07418060302734375
official_valid,3016,recent,2886,2917,2918,nan,0.07431679219007492
official_valid,3016,random,556,2849,2918,nan,0.115462526679039
official_valid,3017,retrieval,2247,2916,2918,2.1082191467285156,0.07495210319757462
official_valid,3017,recent,2886,2917,2918,nan,0.07431679219007492
official_valid,3017,random,565,2901,2918,nan,0.08334266394376755
official_valid,3018,retrieval,2317,2916,2918,1.916808009147644,0.07718978077173233
official_valid,3018,recent,2886,2917,2918,nan,0.07431679219007492
official_valid,3018,random,501,2848,2918,nan,0.08226000517606735
official_valid,3019,retrieval,2317,2915,2918,2.594717025756836,0.0826326534152031
official_valid,3019,recent,2886,2917,2918,nan,0.07431679219007492
official_valid,3019,random,555,2833,2918,nan,0.07807549089193344
official_valid,3020,retrieval,2325,2908,2918,1.7699655294418335,0.07192546129226685
official_valid,3020,recent,2886,2917,2918,nan,0.07431679219007492
official_valid,3020,random,597,2904,2918,nan,0.09133969247341156
official_valid,3021,retrieval,2317,2915,2918,2.0868427753448486,0.08014243841171265
official_valid,3021,recent,2886,2917,2918,nan,0.07431679219007492
official_valid,3021,random,568,2842,2918,nan,0.07455020397901535
official_valid,3022,retrieval,2527,2916,2918,1.6699848175048828,0.07266570627689362
official_valid,3022,recent,2886,2917,2918,nan,0.07431679219007492
official_valid,3022,random,537,2909,2918,nan,0.0999583899974823
official_valid,3023,retrieval,2398,2915,2918,1.9486606121063232,0.07977636158466339
official_valid,3023,recent,2886,2917,2918,nan,0.07431679219007492
official_valid,3023,random,597,2662,2918,nan,0.08778521418571472
official_valid,3024,retrieval,1131,2915,2918,3.1249537467956543,0.0822363793849945
official_valid,3024,recent,2886,2917,2918,nan,0.07431679219007492
official_valid,3024,random,494,2754,2918,nan,0.08077244460582733
official_valid,3025,retrieval,1131,2915,2918,2.137371778488159,0.07920923829078674
official_valid,3025,recent,2886,2917,2918,nan,0.07431679219007492
official_valid,3025,random,608,2872,2918,nan,0.09164298325777054
official_valid,3026,retrieval,2264,2917,2918,2.015429973602295,0.07431479543447495
official_valid,3026,recent,2886,2917,2918,nan,0.07431679219007492
official_valid,3026,random,663,2849,2918,nan,0.07944922149181366
official_valid,3027,retrieval,2288,2916,2918,2.0830237865448,0.08082035183906555
official_valid,3027,recent,2886,2917,2918,nan,0.07431679219007492
official_valid,3027,random,532,2821,2918,nan,0.07841157913208008
official_valid,3028,retrieval,2322,2916,2918,2.311534881591797,0.07762997597455978
official_valid,3028,recent,2886,2917,2918,nan,0.07431679219007492
official_valid,3028,random,489,2903,2918,nan,0.08910738676786423
official_valid,3029,retrieval,2401,2915,2918,1.9994844198226929,0.07971177250146866
official_valid,3029,recent,2886,2917,2918,nan,0.07431679219007492
official_valid,3029,random,537,2876,2918,nan,0.07915297895669937
official_valid,3030,retrieval,2401,2905,2918,1.7524874210357666,0.07601457089185715
official_valid,3030,recent,2886,2917,2918,nan,0.07431679219007492
official_valid,3030,random,608,2829,2918,nan,0.07699054479598999
official_valid,3031,retrieval,2401,2915,2918,2.2858376502990723,0.08460371941328049
official_valid,3031,recent,2886,2917,2918,nan,0.07431679219007492
official_valid,3031,random,508,2871,2918,nan,0.08108413964509964
official_valid,3032,retrieval,2401,2908,2918,1.7581908702850342,0.0757172629237175
official_valid,3032,recent,2886,2917,2918,nan,0.07431679219007492
official_valid,3032,random,644,2915,2918,nan,0.09120246022939682
official_valid,3033,retrieval,2317,2915,2918,2.173361301422119,0.08244536817073822
official_valid,3033,recent,2886,2917,2918,nan,0.07431679219007492
official_valid,3033,random,545,2883,2918,nan,0.07124541699886322
official_valid,3034,retrieval,2317,2914,2918,1.8355967998504639,0.07775512337684631
official_valid,3034,recent,2886,2917,2918,nan,0.07431679219007492
official_valid,3034,random,536,2578,2918,nan,0.07819601148366928
official_valid,3035,retrieval,2322,2905,2918,2.0620741844177246,0.07303465902805328
official_valid,3035,recent,2886,2917,2918,nan,0.07431679219007492
official_valid,3035,random,586,2915,2918,nan,0.08866778761148453
official_valid,3036,retrieval,1131,2916,2918,2.4856226444244385,0.08023622632026672
official_valid,3036,recent,2886,2917,2918,nan,0.07431679219007492
official_valid,3036,random,487,2766,2918,nan,0.07096057385206223
official_valid,3037,retrieval,1131,2915,2918,2.6659469604492188,0.07764897495508194
official_valid,3037,recent,2886,2917,2918,nan,0.07431679219007492
official_valid,3037,random,697,2699,2918,nan,0.07719254493713379
official_valid,3038,retrieval,2322,2915,2918,2.813054084777832,0.07616981118917465
official_valid,3038,recent,2886,2917,2918,nan,0.07431679219007492
official_valid,3038,random,513,2868,2918,nan,0.07761924713850021
official_valid,3039,retrieval,2401,2912,2918,2.052656650543213,0.08410552889108658
official_valid,3039,recent,2886,2917,2918,nan,0.07431679219007492
official_valid,3039,random,511,2903,2918,nan,0.09622600674629211
official_valid,3040,retrieval,2322,2916,2918,2.106146812438965,0.07630133628845215
official_valid,3040,recent,2886,2917,2918,nan,0.07431679219007492
official_valid,3040,random,577,2917,2918,nan,0.10034768283367157
official_valid,3041,retrieval,2401,2914,2918,2.001829147338867,0.07224141061306
official_valid,3041,recent,2886,2917,2918,nan,0.07431679219007492
official_valid,3041,random,494,2843,2918,nan,0.11686517298221588
official_valid,3042,retrieval,2515,2916,2918,2.2520039081573486,0.0810050517320633
official_valid,3042,recent,2886,2917,2918,nan,0.07431679219007492
official_valid,3042,random,515,2796,2918,nan,0.08782874792814255
official_valid,3043,retrieval,2467,2915,2918,2.7830872535705566,0.07451862096786499
official_valid,3043,recent,2886,2917,2918,nan,0.07431679219007492
official_valid,3043,random,508,2893,2918,nan,0.09254957735538483
official_valid,3044,retrieval,2401,2915,2918,2.461142063140869,0.08240681886672974
official_valid,3044,recent,2886,2917,2918,nan,0.07431679219007492
official_valid,3044,random,504,2902,2918,nan,0.08488623797893524
official_valid,3045,retrieval,2401,2915,2918,2.2659802436828613,0.08024416863918304
official_valid,3045,recent,2886,2917,2918,nan,0.07431679219007492
official_valid,3045,random,523,2891,2918,nan,0.0802643820643425
official_valid,3046,retrieval,2327,2915,2918,2.8154375553131104,0.0874226838350296
official_valid,3046,recent,2886,2917,2918,nan,0.07431679219007492
official_valid,3046,random,488,2907,2918,nan,0.08068375289440155
official_valid,3047,retrieval,2398,2916,2918,2.0976815223693848,0.07818865776062012
official_valid,3047,recent,2886,2917,2918,nan,0.07431679219007492
official_valid,3047,random,489,2914,2918,nan,0.0839969739317894
official_valid,3048,retrieval,1131,2915,2918,2.8531079292297363,0.086374431848526
official_valid,3048,recent,2886,2917,2918,nan,0.07431679219007492
official_valid,3048,random,546,2880,2918,nan,0.08744937926530838
official_valid,3049,retrieval,2248,2915,2918,2.6933443546295166,0.08130009472370148
official_valid,3049,recent,2886,2917,2918,nan,0.07431679219007492
official_valid,3049,random,575,2885,2918,nan,0.07527056336402893
official_valid,3050,retrieval,2399,2915,2918,2.311232805252075,0.06789427995681763
official_valid,3050,recent,2886,2917,2918,nan,0.07431679219007492
official_valid,3050,random,566,2868,2918,nan,0.08282510191202164
official_valid,3051,retrieval,2401,2915,2918,2.3154706954956055,0.07960288226604462
official_valid,3051,recent,2886,2917,2918,nan,0.07431679219007492
official_valid,3051,random,488,2849,2918,nan,0.09590260684490204
official_valid,3052,retrieval,2401,2914,2918,2.455176591873169,0.0798126682639122
official_valid,3052,recent,2886,2917,2918,nan,0.07431679219007492
official_valid,3052,random,614,2829,2918,nan,0.09418580681085587
official_valid,3053,retrieval,2486,2914,2918,3.031151294708252,0.07739284634590149
official_valid,3053,recent,2886,2917,2918,nan,0.07431679219007492
official_valid,3053,random,579,2850,2918,nan,0.07798053324222565
official_valid,3054,retrieval,2310,2874,2918,3.6070497035980225,0.07270953804254532
official_valid,3054,recent,2886,2917,2918,nan,0.07431679219007492
official_valid,3054,random,593,2882,2918,nan,0.08184226602315903
official_valid,3055,retrieval,1091,2844,2918,7.468916416168213,0.0828557088971138
official_valid,3055,recent,2886,2917,2918,nan,0.07431679219007492
official_valid,3055,random,487,2873,2918,nan,0.07667216658592224
official_valid,3056,retrieval,2243,2915,2918,3.9184958934783936,0.07921329885721207
official_valid,3056,recent,2886,2917,2918,nan,0.07431679219007492
official_valid,3056,random,533,2767,2918,nan,0.07859800010919571
official_valid,3057,retrieval,2398,2915,2918,2.845644950866699,0.08519887179136276
official_valid,3057,recent,2886,2917,2918,nan,0.07431679219007492
official_valid,3057,random,511,2891,2918,nan,0.08094251900911331
official_valid,3058,retrieval,2250,2915,2918,3.4532814025878906,0.08072193711996078
official_valid,3058,recent,2886,2917,2918,nan,0.07431679219007492
official_valid,3058,random,716,2903,2918,nan,0.07432232797145844
official_valid,3059,retrieval,2398,2915,2918,2.4381372928619385,0.08572030812501907
official_valid,3059,recent,2886,2917,2918,nan,0.07431679219007492
official_valid,3059,random,503,2767,2918,nan,0.08602739870548248
official_valid,3060,retrieval,2398,2915,2918,2.606451988220215,0.08090522140264511
official_valid,3060,recent,2886,2917,2918,nan,0.07431679219007492
official_valid,3060,random,555,2860,2918,nan,0.08122650533914566
official_valid,3061,retrieval,1131,2915,2918,2.7050421237945557,0.08359196037054062
official_valid,3061,recent,2886,2917,2918,nan,0.07431679219007492
official_valid,3061,random,499,2866,2918,nan,0.07431405037641525
official_valid,3062,retrieval,1131,2915,2918,2.914461612701416,0.08063973486423492
official_valid,3062,recent,2886,2917,2918,nan,0.07431679219007492
official_valid,3062,random,530,2787,2918,nan,0.0824582502245903
official_valid,3063,retrieval,1131,2915,2918,3.4058494567871094,0.0818219855427742
official_valid,3063,recent,2886,2917,2918,nan,0.07431679219007492
official_valid,3063,random,544,2869,2918,nan,0.08984249085187912
official_valid,3064,retrieval,2398,2917,2918,2.275989294052124,0.08095540851354599
official_valid,3064,recent,2886,2917,2918,nan,0.07431679219007492
official_valid,3064,random,541,2791,2918,nan,0.07895733416080475
official_valid,3065,retrieval,2401,2915,2918,2.0916779041290283,0.07737118750810623
official_valid,3065,recent,2886,2917,2918,nan,0.07431679219007492
official_valid,3065,random,607,2905,2918,nan,0.07067150622606277
official_valid,3066,retrieval,2401,2915,2918,2.326831340789795,0.07883045822381973
official_valid,3066,recent,2886,2917,2918,nan,0.07431679219007492
official_valid,3066,random,578,2904,2918,nan,0.0791497603058815
official_valid,3067,retrieval,2398,2915,2918,2.1207330226898193,0.07721181213855743
official_valid,3067,recent,2886,2917,2918,nan,0.07431679219007492
official_valid,3067,random,564,2886,2918,nan,0.08324284851551056
official_valid,3068,retrieval,1131,2915,2918,3.184622049331665,0.08572015166282654
official_valid,3068,recent,2886,2917,2918,nan,0.07431679219007492
official_valid,3068,random,490,2758,2918,nan,0.07297075539827347
official_valid,3069,retrieval,2260,2914,2918,2.3494391441345215,0.07786853611469269
official_valid,3069,recent,2886,2917,2918,nan,0.07431679219007492
official_valid,3069,random,582,2915,2918,nan,0.08460653573274612
official_valid,3070,retrieval,2398,2916,2918,2.4588732719421387,0.07486175745725632
official_valid,3070,recent,2886,2917,2918,nan,0.07431679219007492
official_valid,3070,random,503,2907,2918,nan,0.07510852813720703
official_valid,3071,retrieval,2401,2915,2918,2.557602643966675,0.08115282654762268
official_valid,3071,recent,2886,2917,2918,nan,0.07431679219007492
official_valid,3071,random,661,2828,2918,nan,0.07327437400817871
official_valid,3072,retrieval,1131,2915,2918,3.607457160949707,0.08439301699399948
official_valid,3072,recent,2886,2917,2918,nan,0.07431679219007492
official_valid,3072,random,529,2853,2918,nan,0.07553596794605255
official_valid,3073,retrieval,2215,2915,2918,3.7262463569641113,0.07938069105148315
official_valid,3073,recent,2886,2917,2918,nan,0.07431679219007492
official_valid,3073,random,564,2860,2918,nan,0.07939528673887253
official_valid,3074,retrieval,2401,2915,2918,2.539792060852051,0.08178471028804779
official_valid,3074,recent,2886,2917,2918,nan,0.07431679219007492
official_valid,3074,random,496,2831,2918,nan,0.08771290630102158
official_valid,3075,retrieval,1131,2915,2918,2.815901279449463,0.08661461621522903
official_valid,3075,recent,2886,2917,2918,nan,0.07431679219007492
official_valid,3075,random,499,2899,2918,nan,0.07974996417760849
official_valid,3076,retrieval,1131,2915,2918,2.5682032108306885,0.08811649680137634
official_valid,3076,recent,2886,2917,2918,nan,0.07431679219007492
official_valid,3076,random,490,2716,2918,nan,0.07914642244577408
official_valid,3077,retrieval,1131,2915,2918,3.8966784477233887,0.08466485142707825
official_valid,3077,recent,2886,2917,2918,nan,0.07431679219007492
official_valid,3077,random,606,2886,2918,nan,0.08595660328865051
official_valid,3078,retrieval,2467,2915,2918,3.2298343181610107,0.0823066458106041
official_valid,3078,recent,2886,2917,2918,nan,0.07431679219007492
official_valid,3078,random,551,2883,2918,nan,0.08354441076517105
official_valid,3079,retrieval,1131,2915,2918,3.214939594268799,0.08619243651628494
official_valid,3079,recent,2886,2917,2918,nan,0.07431679219007492
official_valid,3079,random,616,2739,2918,nan,0.08434543013572693
official_valid,3080,retrieval,2476,2915,2918,3.3725426197052,0.08374858647584915
official_valid,3080,recent,2886,2917,2918,nan,0.07431679219007492
official_valid,3080,random,492,2818,2918,nan,0.0802386924624443
official_valid,3081,retrieval,2467,2915,2918,2.6006662845611572,0.07931815832853317
official_valid,3081,recent,2886,2917,2918,nan,0.07431679219007492
official_valid,3081,random,588,2810,2918,nan,0.09041834622621536
official_valid,3082,retrieval,2467,2915,2918,3.212541341781616,0.08398543298244476
official_valid,3082,recent,2886,2917,2918,nan,0.07431679219007492
official_valid,3082,random,663,2833,2918,nan,0.07840444892644882
official_valid,3083,retrieval,2401,2915,2918,3.1172425746917725,0.08509063720703125
official_valid,3083,recent,2886,2917,2918,nan,0.07431679219007492
official_valid,3083,random,592,2895,2918,nan,0.08586016297340393
official_valid,3084,retrieval,2398,2915,2918,2.566878318786621,0.07410160452127457
official_valid,3084,recent,2886,2917,2918,nan,0.07431679219007492
official_valid,3084,random,515,2899,2918,nan,0.08692523837089539
official_valid,3085,retrieval,2398,2915,2918,2.4468679428100586,0.06986362487077713
official_valid,3085,recent,2886,2917,2918,nan,0.07431679219007492
official_valid,3085,random,663,2908,2918,nan,0.07402373850345612
official_valid,3086,retrieval,2401,2915,2918,2.4855833053588867,0.08226240426301956
official_valid,3086,recent,2886,2917,2918,nan,0.07431679219007492
official_valid,3086,random,535,2814,2918,nan,0.07475091516971588
official_valid,3087,retrieval,2401,2914,2918,2.348410129547119,0.08262007683515549
official_valid,3087,recent,2886,2917,2918,nan,0.07431679219007492
official_valid,3087,random,519,2863,2918,nan,0.08785445243120193
official_valid,3088,retrieval,1131,2915,2918,3.1792585849761963,0.08433512598276138
official_valid,3088,recent,2886,2917,2918,nan,0.07431679219007492
official_valid,3088,random,525,2915,2918,nan,0.08368676900863647
official_valid,3089,retrieval,1131,2916,2918,2.4225592613220215,0.08376122266054153
official_valid,3089,recent,2886,2917,2918,nan,0.07431679219007492
official_valid,3089,random,551,2909,2918,nan,0.08476989716291428
official_valid,3090,retrieval,1131,2915,2918,3.089258909225464,0.07812882214784622
official_valid,3090,recent,2886,2917,2918,nan,0.07431679219007492
official_valid,3090,random,589,2794,2918,nan,0.07637365907430649
official_valid,3091,retrieval,2398,2874,2918,2.4525704383850098,0.07929305732250214
official_valid,3091,recent,2886,2917,2918,nan,0.07431679219007492
official_valid,3091,random,506,2871,2918,nan,0.07866760343313217
official_valid,3092,retrieval,1247,2912,2918,2.784322738647461,0.07616814225912094
official_valid,3092,recent,2886,2917,2918,nan,0.07431679219007492
official_valid,3092,random,521,2875,2918,nan,0.08147318661212921
official_valid,3093,retrieval,1131,2915,2918,4.183382034301758,0.0863431990146637
official_valid,3093,recent,2886,2917,2918,nan,0.07431679219007492
official_valid,3093,random,513,2793,2918,nan,0.08920662105083466
official_valid,3094,retrieval,2401,2915,2918,3.9827938079833984,0.07915361225605011
official_valid,3094,recent,2886,2917,2918,nan,0.07431679219007492
official_valid,3094,random,587,2911,2918,nan,0.09241043031215668
official_valid,3095,retrieval,1131,2915,2918,2.838947057723999,0.08922726660966873
official_valid,3095,recent,2886,2917,2918,nan,0.07431679219007492
official_valid,3095,random,966,2907,2918,nan,0.0785798728466034
official_valid,3096,retrieval,1448,2914,2918,4.978052139282227,0.08474799245595932
official_valid,3096,recent,2886,2917,2918,nan,0.07431679219007492
official_valid,3096,random,643,2888,2918,nan,0.09023628383874893
official_valid,3097,retrieval,1131,2915,2918,3.2779104709625244,0.07595331221818924
official_valid,3097,recent,2886,2917,2918,nan,0.07431679219007492
official_valid,3097,random,822,2916,2918,nan,0.07218769192695618
official_valid,3098,retrieval,1245,2914,2918,3.49300479888916,0.08351059257984161
official_valid,3098,recent,2886,2917,2918,nan,0.07431679219007492
official_valid,3098,random,497,2790,2918,nan,0.07606533169746399
official_valid,3099,retrieval,2215,2917,2918,3.6488137245178223,0.07732605934143066
official_valid,3099,recent,2886,2917,2918,nan,0.07431679219007492
official_valid,3099,random,492,2866,2918,nan,0.07428557425737381
official_valid,3100,retrieval,2040,2915,2918,7.399664878845215,0.08257414400577545
official_valid,3100,recent,2886,2917,2918,nan,0.07431679219007492
official_valid,3100,random,493,2821,2918,nan,0.11740497499704361
official_valid,3101,retrieval,1131,2915,2918,4.746646881103516,0.08427435159683228
official_valid,3101,recent,2886,2917,2918,nan,0.07431679219007492
official_valid,3101,random,700,2849,2918,nan,0.08781708776950836
official_valid,3102,retrieval,1247,2912,2918,2.613389730453491,0.08688925951719284
official_valid,3102,recent,2886,2917,2918,nan,0.07431679219007492
official_valid,3102,random,547,2914,2918,nan,0.08104197680950165
official_valid,3103,retrieval,1131,2915,2918,2.8108019828796387,0.08345255255699158
official_valid,3103,recent,2886,2917,2918,nan,0.07431679219007492
official_valid,3103,random,502,2810,2918,nan,0.08144941180944443
official_valid,3104,retrieval,1131,2916,2918,2.400604248046875,0.08196956664323807
official_valid,3104,recent,2886,2917,2918,nan,0.07431679219007492
official_valid,3104,random,495,2856,2918,nan,0.08261512219905853
official_valid,3105,retrieval,1131,2915,2918,3.198615550994873,0.07608157396316528
official_valid,3105,recent,2886,2917,2918,nan,0.07431679219007492
official_valid,3105,random,510,2785,2918,nan,0.08813328295946121
official_valid,3106,retrieval,1131,2915,2918,3.361137866973877,0.07821077108383179
official_valid,3106,recent,2886,2917,2918,nan,0.07431679219007492
official_valid,3106,random,576,2826,2918,nan,0.08702622354030609
official_valid,3107,retrieval,2288,2916,2918,2.3275089263916016,0.08054384589195251
official_valid,3107,recent,2886,2917,2918,nan,0.07431679219007492
official_valid,3107,random,528,2877,2918,nan,0.08809958398342133
official_valid,3108,retrieval,1131,2915,2918,2.797111988067627,0.08401145786046982
official_valid,3108,recent,2886,2917,2918,nan,0.07431679219007492
official_valid,3108,random,563,2902,2918,nan,0.08009986579418182
official_valid,3109,retrieval,2264,2916,2918,2.2487387657165527,0.08081693947315216
official_valid,3109,recent,2886,2917,2918,nan,0.07431679219007492
official_valid,3109,random,506,2910,2918,nan,0.07486944645643234
official_valid,3110,retrieval,1131,2915,2918,2.4165091514587402,0.0817658081650734
official_valid,3110,recent,2886,2917,2918,nan,0.07431679219007492
official_valid,3110,random,638,2810,2918,nan,0.08422958105802536
official_valid,3111,retrieval,1131,2915,2918,4.51285457611084,0.0819167047739029
official_valid,3111,recent,2886,2917,2918,nan,0.07431679219007492
official_valid,3111,random,637,2876,2918,nan,0.0960182324051857
official_valid,3112,retrieval,2288,2915,2918,2.793773651123047,0.08238626271486282
official_valid,3112,recent,2886,2917,2918,nan,0.07431679219007492
official_valid,3112,random,711,2879,2918,nan,0.07918473333120346
official_valid,3113,retrieval,1131,2914,2918,3.7198386192321777,0.08369996398687363
official_valid,3113,recent,2886,2917,2918,nan,0.07431679219007492
official_valid,3113,random,508,2901,2918,nan,0.0771302729845047
official_valid,3114,retrieval,1131,2915,2918,3.693171739578247,0.07762163877487183
official_valid,3114,recent,2886,2917,2918,nan,0.07431679219007492
official_valid,3114,random,891,2915,2918,nan,0.08435371518135071
official_valid,3115,retrieval,1131,2916,2918,3.1859140396118164,0.07795614004135132
official_valid,3115,recent,2886,2917,2918,nan,0.07431679219007492
official_valid,3115,random,716,2849,2918,nan,0.07979228347539902
official_valid,3116,retrieval,1131,2915,2918,3.748522996902466,0.08410989493131638
official_valid,3116,recent,2886,2917,2918,nan,0.07431679219007492
official_valid,3116,random,677,2898,2918,nan,0.07516687363386154
official_valid,3117,retrieval,1247,2912,2918,2.333148241043091,0.0817447379231453
official_valid,3117,recent,2886,2917,2918,nan,0.07431679219007492
official_valid,3117,random,487,2841,2918,nan,0.11581620573997498
official_valid,3118,retrieval,1131,2915,2918,3.160731792449951,0.07704509794712067
official_valid,3118,recent,2886,2917,2918,nan,0.07431679219007492
official_valid,3118,random,568,2714,2918,nan,0.08161063492298126
official_valid,3119,retrieval,2286,2917,2918,2.5537500381469727,0.07732667028903961
official_valid,3119,recent,2886,2917,2918,nan,0.07431679219007492
official_valid,3119,random,607,2884,2918,nan,0.07522061467170715
official_valid,3120,retrieval,2264,2915,2918,2.6098432540893555,0.06892079859972
official_valid,3120,recent,2886,2917,2918,nan,0.07431679219007492
official_valid,3120,random,491,2821,2918,nan,0.07819276303052902
official_valid,3121,retrieval,1131,2915,2918,4.066163063049316,0.08444579690694809
official_valid,3121,recent,2886,2917,2918,nan,0.07431679219007492
official_valid,3121,random,511,2877,2918,nan,0.07821062207221985
official_valid,3122,retrieval,2539,2915,2918,2.6018826961517334,0.07207653671503067
official_valid,3122,recent,2886,2917,2918,nan,0.07431679219007492
official_valid,3122,random,556,2788,2918,nan,0.09854405373334885
official_valid,3123,retrieval,2392,2912,2918,2.319185256958008,0.07474848628044128
official_valid,3123,recent,2886,2917,2918,nan,0.07431679219007492
official_valid,3123,random,544,2899,2918,nan,0.08831462264060974
official_valid,3124,retrieval,2515,2917,2918,2.177741527557373,0.07206467539072037
official_valid,3124,recent,2886,2917,2918,nan,0.07431679219007492
official_valid,3124,random,599,2911,2918,nan,0.07760497182607651
official_valid,3125,retrieval,2539,2917,2918,2.1438565254211426,0.07999218255281448
official_valid,3125,recent,2886,2917,2918,nan,0.07431679219007492
official_valid,3125,random,569,2894,2918,nan,0.08642859011888504
official_valid,3126,retrieval,2401,2915,2918,3.149665117263794,0.08164007216691971
official_valid,3126,recent,2886,2917,2918,nan,0.07431679219007492
official_valid,3126,random,602,2890,2918,nan,0.06939224153757095
official_valid,3127,retrieval,2401,2914,2918,2.094531774520874,0.08154275268316269
official_valid,3127,recent,2886,2917,2918,nan,0.07431679219007492
official_valid,3127,random,530,2727,2918,nan,0.08603644371032715
official_valid,3128,retrieval,2534,2916,2918,2.5672829151153564,0.07696322351694107
official_valid,3128,recent,2886,2917,2918,nan,0.07431679219007492
official_valid,3128,random,497,2824,2918,nan,0.0684148445725441
official_valid,3129,retrieval,2401,2915,2918,2.1434497833251953,0.08338002115488052
official_valid,3129,recent,2886,2917,2918,nan,0.07431679219007492
official_valid,3129,random,508,2798,2918,nan,0.08200853317975998
official_valid,3130,retrieval,2539,2917,2918,2.178713321685791,0.07855653762817383
official_valid,3130,recent,2886,2917,2918,nan,0.07431679219007492
official_valid,3130,random,554,2898,2918,nan,0.07706967741250992
official_valid,3131,retrieval,2539,2915,2918,2.690385580062866,0.08437405526638031
official_valid,3131,recent,2886,2917,2918,nan,0.07431679219007492
official_valid,3131,random,499,2880,2918,nan,0.09842199087142944
official_valid,3132,retrieval,2401,2915,2918,2.2948126792907715,0.07504305243492126
official_valid,3132,recent,2886,2917,2918,nan,0.07431679219007492
official_valid,3132,random,580,2847,2918,nan,0.09118388593196869
official_valid,3133,retrieval,2401,2915,2918,2.0481581687927246,0.07610330730676651
official_valid,3133,recent,2886,2917,2918,nan,0.07431679219007492
official_valid,3133,random,496,2736,2918,nan,0.08528783172369003
official_valid,3134,retrieval,2401,2915,2918,2.432431697845459,0.07820936292409897
official_valid,3134,recent,2886,2917,2918,nan,0.07431679219007492
official_valid,3134,random,605,2831,2918,nan,0.07613532245159149
official_valid,3135,retrieval,2401,2915,2918,2.284456729888916,0.08360438793897629
official_valid,3135,recent,2886,2917,2918,nan,0.07431679219007492
official_valid,3135,random,556,2883,2918,nan,0.07270008325576782
official_valid,3136,retrieval,2212,2915,2918,4.448953628540039,0.08540540188550949
official_valid,3136,recent,2886,2917,2918,nan,0.07431679219007492
official_valid,3136,random,514,2908,2918,nan,0.09504257887601852
official_valid,3137,retrieval,2390,2917,2918,2.6417956352233887,0.07408848404884338
official_valid,3137,recent,2886,2917,2918,nan,0.07431679219007492
official_valid,3137,random,520,2870,2918,nan,0.094967320561409
official_valid,3138,retrieval,2401,2915,2918,2.560451030731201,0.07366906851530075
official_valid,3138,recent,2886,2917,2918,nan,0.07431679219007492
official_valid,3138,random,579,2863,2918,nan,0.08490870147943497
official_valid,3139,retrieval,2401,2914,2918,2.284018039703369,0.07459214329719543
official_valid,3139,recent,2886,2917,2918,nan,0.07431679219007492
official_valid,3139,random,520,2681,2918,nan,0.09488656371831894
official_valid,3140,retrieval,2401,2915,2918,2.4129459857940674,0.08161455392837524
official_valid,3140,recent,2886,2917,2918,nan,0.07431679219007492
official_valid,3140,random,828,2801,2918,nan,0.08354464173316956
official_valid,3141,retrieval,1131,2915,2918,3.275925636291504,0.09036573022603989
official_valid,3141,recent,2886,2917,2918,nan,0.07431679219007492
official_valid,3141,random,578,2849,2918,nan,0.07859890908002853
official_valid,3142,retrieval,2401,2914,2918,2.868422746658325,0.08781040459871292
official_valid,3142,recent,2886,2917,2918,nan,0.07431679219007492
official_valid,3142,random,524,2807,2918,nan,0.06665002554655075
official_valid,3143,retrieval,2322,2916,2918,2.3864269256591797,0.08064869791269302
official_valid,3143,recent,2886,2917,2918,nan,0.07431679219007492
official_valid,3143,random,538,2915,2918,nan,0.0921691358089447
official_valid,3144,retrieval,2325,2915,2918,2.1719565391540527,0.07167067378759384
official_valid,3144,recent,2886,2917,2918,nan,0.07431679219007492
official_valid,3144,random,486,2821,2918,nan,0.08183348923921585
official_valid,3145,retrieval,2515,2916,2918,2.1393284797668457,0.08214814960956573
official_valid,3145,recent,2886,2917,2918,nan,0.07431679219007492
official_valid,3145,random,512,2805,2918,nan,0.09363173693418503
official_valid,3146,retrieval,1131,2915,2918,3.3189125061035156,0.08571451902389526
official_valid,3146,recent,2886,2917,2918,nan,0.07431679219007492
official_valid,3146,random,813,2822,2918,nan,0.09903932362794876
official_valid,3147,retrieval,2322,2915,2918,2.520740032196045,0.08166912943124771
official_valid,3147,recent,2886,2917,2918,nan,0.07431679219007492
official_valid,3147,random,536,2799,2918,nan,0.07784877717494965
official_valid,3148,retrieval,2322,2915,2918,2.3592169284820557,0.07963253557682037
official_valid,3148,recent,2886,2917,2918,nan,0.07431679219007492
official_valid,3148,random,589,2606,2918,nan,0.07540195435285568
official_valid,3149,retrieval,2401,2915,2918,2.656956672668457,0.0796641856431961
official_valid,3149,recent,2886,2917,2918,nan,0.07431679219007492
official_valid,3149,random,854,2886,2918,nan,0.08233372122049332
official_valid,3150,retrieval,1131,2915,2918,2.8471617698669434,0.07724199444055557
official_valid,3150,recent,2886,2917,2918,nan,0.07431679219007492
official_valid,3150,random,500,2867,2918,nan,0.08447103947401047
official_valid,3151,retrieval,1131,2915,2918,2.7904279232025146,0.08070553839206696
official_valid,3151,recent,2886,2917,2918,nan,0.07431679219007492
official_valid,3151,random,487,2810,2918,nan,0.08549612760543823
official_valid,3152,retrieval,2398,2915,2918,3.2688722610473633,0.08206302672624588
official_valid,3152,recent,2886,2917,2918,nan,0.07431679219007492
official_valid,3152,random,510,2871,2918,nan,0.07860700786113739
official_valid,3153,retrieval,2401,2915,2918,3.289560556411743,0.08325054496526718
official_valid,3153,recent,2886,2917,2918,nan,0.07431679219007492
official_valid,3153,random,489,2910,2918,nan,0.08413481712341309
official_valid,3154,retrieval,1131,2915,2918,2.795792579650879,0.08462735265493393
official_valid,3154,recent,2886,2917,2918,nan,0.07431679219007492
official_valid,3154,random,499,2816,2918,nan,0.08009197562932968
official_valid,3155,retrieval,2392,2914,2918,2.5698401927948,0.08846013247966766
official_valid,3155,recent,2886,2917,2918,nan,0.07431679219007492
official_valid,3155,random,569,2917,2918,nan,0.08268216252326965
official_valid,3156,retrieval,1131,2915,2918,2.9255385398864746,0.08413465321063995
official_valid,3156,recent,2886,2917,2918,nan,0.07431679219007492
official_valid,3156,random,628,2905,2918,nan,0.08508791774511337
official_valid,3157,retrieval,2401,2915,2918,2.641907215118408,0.0803951546549797
official_valid,3157,recent,2886,2917,2918,nan,0.07431679219007492
official_valid,3157,random,549,2894,2918,nan,0.07845146954059601
official_valid,3158,retrieval,2401,2915,2918,2.334190845489502,0.08093789219856262
official_valid,3158,recent,2886,2917,2918,nan,0.07431679219007492
official_valid,3158,random,650,2871,2918,nan,0.08441146463155746
official_valid,3159,retrieval,2312,2917,2918,2.4565067291259766,0.07540453225374222
official_valid,3159,recent,2886,2917,2918,nan,0.07431679219007492
official_valid,3159,random,535,2906,2918,nan,0.0749552845954895
official_valid,3160,retrieval,2467,2915,2918,2.674852132797241,0.07314497977495193
official_valid,3160,recent,2886,2917,2918,nan,0.07431679219007492
official_valid,3160,random,673,2904,2918,nan,0.08213482052087784
