window,time,variant,baseline_ic,candidate_ic,delta
fold_2,1945,final,0.1475383320119236,0.15249375445500238,0.004955422443078783
fold_2,1946,final,0.13037022506445306,0.1271419940848196,-0.0032282309796334563
fold_2,1947,final,0.14590852736143636,0.14534594216293653,-0.000562585198499832
fold_2,1948,final,0.16560647809334064,0.17242789882083848,0.0068214207274978345
fold_2,1949,final,-0.02989279214216606,-0.027609662071293544,0.0022831300708725175
fold_2,1950,final,-0.026792900124377555,-0.026388119937024702,0.0004047801873528524
fold_2,1951,final,-0.001972738669712881,0.0035806415361324595,0.005553380205845341
fold_2,1952,final,-0.07462937173840588,-0.07860000194246923,-0.003970630204063352
fold_2,1953,final,0.15257700026355409,0.150922019488171,-0.0016549807753830914
fold_2,1954,final,0.17720738594207955,0.17105061297029855,-0.006156772971780994
fold_2,1955,final,0.29041963040546964,0.28420107626747865,-0.006218554137990995
fold_2,1956,final,0.2796915515539037,0.27756044836007265,-0.00213110319383103
fold_2,1957,final,0.15656143170668751,0.16190385605490396,0.00534242434821644
fold_2,1958,final,0.14627890631551246,0.13713456419113462,-0.009144342124377841
fold_2,1959,final,0.0456739370985529,0.04408448231323413,-0.0015894547853187724
fold_2,1960,final,-0.01998182774339681,-0.021815954109731524,-0.0018341263663347145
fold_2,1961,final,0.0672244334693373,0.07134180727648232,0.004117373807145011
fold_2,1962,final,0.06529466944850514,0.0662802956515267,0.0009856262030215612
fold_2,1963,final,0.07752165793424164,0.08586379858521268,0.008342140650971039
fold_2,1964,final,0.07834116987410973,0.08423157372744865,0.005890403853338916
fold_2,1965,final,0.15256655991665397,0.15999044308144864,0.00742388316479467
fold_2,1966,final,0.09982352234142684,0.10166607852344968,0.0018425561820228364
fold_2,1967,final,0.1133200010193259,0.11265528402861126,-0.000664716990714645
fold_2,1968,final,0.03776902987828057,0.03381779976810514,-0.003951230110175431
fold_2,1969,final,0.14856629993215076,0.14705008503645942,-0.0015162148956913424
fold_2,1970,final,0.21600374220122015,0.2229692152619072,0.0069654730606870385
fold_2,1971,final,0.2312145442254583,0.23300095139963214,0.0017864071741738319
fold_2,1972,final,0.25989102498044164,0.2674473179058632,0.007556292925421537
fold_2,1973,final,0.31946818189570053,0.3185925067482803,-0.0008756751474202074
fold_2,1974,final,0.2278112781099529,0.22637330985827325,-0.001437968251679661
fold_2,1975,final,0.2532305982734073,0.2522789399817256,-0.0009516582916817007
fold_2,1976,final,0.1994509026200787,0.20045831514365847,0.001007412523579776
fold_2,1977,final,0.1567889449976386,0.15201037211955984,-0.004778572878078757
fold_2,1978,final,0.14766732650641293,0.1422109654168145,-0.005456361089598433
fold_2,1979,final,0.2513784002970484,0.24221279806240753,-0.009165602234640857
fold_2,1980,final,0.20620181662325565,0.19901489734496025,-0.0071869192782954006
fold_2,1981,final,0.1942800418259089,0.19467686235104287,0.00039682052513395627
fold_2,1982,final,0.15022925448401706,0.1441206883532592,-0.006108566130757859
fold_2,1983,final,0.011485649408645783,0.004051246913117903,-0.00743440249552788
fold_2,1984,final,0.020916190701563548,0.015179166229497797,-0.005737024472065751
fold_2,1985,final,-0.060735313669332096,-0.06591473497149909,-0.005179421302166996
fold_2,1986,final,0.03999871209952327,0.03715077822188565,-0.0028479338776376192
fold_2,1987,final,0.08795675510638311,0.08750084351252399,-0.00045591159385911795
fold_2,1988,final,0.13506983275864934,0.13234043139609727,-0.002729401362552064
fold_2,1989,final,0.06605381973462018,0.06541667642612953,-0.0006371433084906564
fold_2,1990,final,0.0074456908907300145,0.006016250481930814,-0.0014294404087992008
fold_2,1991,final,0.02850181074963732,0.02761273559117191,-0.0008890751584654105
fold_2,1992,final,-0.025238121790705045,-0.02714107782668782,-0.001902956035982773
fold_2,1993,final,-0.07998889812047508,-0.07698757575641663,0.0030013223640584508
fold_2,1994,final,-0.036174170254068196,-0.033532039288554354,0.002642130965513842
fold_2,1995,final,0.14424356489549053,0.1460404481052476,0.001796883209757072
fold_2,1996,final,0.19396456163522105,0.20075189629144397,0.006787334656222915
fold_2,1997,final,0.11832276706521577,0.11069903942385205,-0.007623727641363723
fold_2,1998,final,0.13201162937256006,0.12215587144563783,-0.009855757926922226
fold_2,1999,final,0.1172787929566082,0.11495614434514487,-0.002322648611463335
fold_2,2000,final,0.21134270005284145,0.2133022998917051,0.0019595998388636515
fold_2,2001,final,0.17015671284276643,0.17070405348482212,0.0005473406420556937
fold_2,2002,final,0.20643082324942758,0.20206052144292086,-0.004370301806506716
fold_2,2003,final,0.14296304428209342,0.13437198003125952,-0.00859106425083389
fold_2,2004,final,0.06292639374943637,0.04800195626247304,-0.01492443748696333
fold_2,2005,final,0.13769396907555553,0.13440535596207173,-0.0032886131134838015
fold_2,2006,final,0.11661038134513774,0.11798518949059902,0.001374808145461287
fold_2,2007,final,0.1526427201798786,0.1634764189744914,0.010833698794612795
fold_2,2008,final,0.0433121323743812,0.04636012634574276,0.0030479939713615595
fold_2,2009,final,0.10944604971555054,0.10916010615454542,-0.0002859435610051142
fold_2,2010,final,0.07542078489510301,0.07942441075324347,0.004003625858140458
fold_2,2011,final,0.08949947123082849,0.08982149920878782,0.00032202797795932714
fold_2,2012,final,0.022674714931472086,0.018948914796599308,-0.0037258001348727775
fold_2,2013,final,0.03664838966054775,0.03779713408203129,0.0011487444214835357
fold_2,2014,final,0.053063075666775546,0.04834568757508943,-0.004717388091686113
fold_2,2015,final,0.02450914290059615,0.012526017858171793,-0.011983125042424358
fold_2,2016,final,0.007428378822167396,0.006368044000349989,-0.0010603348218174071
fold_2,2017,final,0.07445751998441393,0.07069033461157122,-0.0037671853728427074
fold_2,2018,final,0.09690858987017821,0.09489748508355303,-0.0020111047866251813
fold_2,2019,final,0.08344289241768534,0.08115221979344618,-0.002290672624239154
fold_2,2020,final,0.13123726435221647,0.13333933916380855,0.0021020748115920806
fold_2,2021,final,0.16680871520913398,0.1639891563624661,-0.0028195588466678745
fold_2,2022,final,0.1769146123103722,0.17582795510763916,-0.0010866572027330434
fold_2,2023,final,0.047086042018250486,0.04644405604739156,-0.0006419859708589257
fold_2,2024,final,-0.02272441588439973,-0.029111241983054148,-0.00638682609865442
fold_2,2025,final,-0.0808886111144034,-0.08295900382525793,-0.0020703927108545322
fold_2,2026,final,-0.1375925262495025,-0.14795231182139384,-0.01035978557189135
fold_2,2027,final,-0.0707369316709369,-0.08314434691408751,-0.012407415243150602
fold_2,2028,final,0.15417621332516074,0.15389284267903433,-0.0002833706461264074
fold_2,2029,final,0.2091400239972588,0.20907049551179668,-6.952848546212809e-05
fold_2,2030,final,0.10375614283883586,0.1010817620265164,-0.002674380812319452
fold_2,2031,final,0.08953063846966197,0.10671169119288877,0.0171810527232268
fold_2,2032,final,0.07075530435474302,0.07399298064066927,0.00323767628592625
fold_2,2033,final,-0.012663966239372793,-0.012966968610433829,-0.0003030023710610362
fold_2,2034,final,-0.0049316851300201135,-0.0018734948339416892,0.0030581902960784245
fold_2,2035,final,-0.08421612367688534,-0.08688495408342227,-0.002668830406536926
fold_2,2036,final,-0.08139156496371643,-0.09803328470612269,-0.01664171974240626
fold_2,2037,final,0.0011747496701526787,-0.004612443163864513,-0.005787192834017192
fold_2,2038,final,0.042802613109969495,0.041015640528812965,-0.0017869725811565304
fold_2,2039,final,0.018807057512873444,0.01723026494170086,-0.001576792571172582
fold_2,2040,final,0.05786302596083721,0.048373064521533254,-0.009489961439303952
fold_2,2041,final,0.25808287081930076,0.28061115926407715,0.02252828844477639
fold_2,2042,final,0.07423825494210463,0.07163439944017777,-0.0026038555019268633
fold_2,2043,final,0.08154219119497376,0.07764447978179116,-0.0038977114131825974
fold_2,2044,final,0.10763673549934537,0.1049710869892372,-0.0026656485101081706
fold_2,2045,final,0.17608880882919567,0.17502057316055414,-0.0010682356686415317
fold_2,2046,final,0.20238726593602127,0.1966763391911826,-0.005710926744838668
fold_2,2047,final,0.207564321761347,0.205056661231199,-0.0025076605301480037
fold_2,2048,final,0.32286823466892556,0.3309873052800316,0.00811907061110606
fold_2,2049,final,0.24302326245346556,0.23550990727508772,-0.00751335517837784
fold_2,2050,final,0.16634452502112423,0.1612966727019533,-0.005047852319170931
fold_2,2051,final,0.15839130963678252,0.16165382901878306,0.003262519382000534
fold_2,2052,final,0.07914602373053604,0.07998594556941399,0.0008399218388779467
fold_2,2053,final,0.09851272540518036,0.09457750033604795,-0.003935225069132409
fold_2,2054,final,0.128031016454665,0.1279117524377678,-0.00011926401689718591
fold_2,2055,final,0.09459948100683771,0.09652810147087992,0.0019286204640422133
fold_2,2056,final,0.08577347219198883,0.08540722351622616,-0.0003662486757626676
fold_2,2057,final,0.22957618183172518,0.22960093951348015,2.4757681754972172e-05
fold_2,2058,final,0.21628946225997292,0.21478565590861123,-0.0015038063513616862
fold_2,2059,final,0.23458288434022367,0.2337967556098844,-0.0007861287303392861
fold_2,2060,final,0.17802049052837732,0.17315672663539888,-0.004863763892978434
fold_2,2061,final,0.16851159162450904,0.16596689075286677,-0.002544700871642269
fold_2,2062,final,0.12971264925802062,0.12727224745677226,-0.002440401801248354
fold_2,2063,final,0.03182541196480677,0.030992813501731616,-0.0008325984630751515
fold_2,2064,final,0.09367606503898457,0.09168114296979063,-0.0019949220691939384
fold_2,2065,final,0.10292652845878797,0.10004193134682475,-0.002884597111963219
fold_2,2066,final,0.06496114321802812,0.060587697553704925,-0.004373445664323197
fold_2,2067,final,0.07346263618708672,0.07416872251393428,0.0007060863268475576
fold_2,2068,final,0.04041131331905611,0.037688524239821115,-0.002722789079234997
fold_2,2069,final,0.006156232783552978,-0.0012582167634920204,-0.007414449547044998
fold_2,2070,final,0.0034091390104844647,-0.007271047287832549,-0.010680186298317013
fold_2,2071,final,-0.025241401731248583,-0.039435052445488124,-0.014193650714239541
fold_2,2072,final,-0.1304438199037321,-0.13782216316569296,-0.007378343261960851
fold_2,2073,final,-0.04128904089571839,-0.04604411672097788,-0.00475507582525949
fold_2,2074,final,0.035573501740102674,0.031716126526588326,-0.0038573752135143483
fold_2,2075,final,0.1270388564008871,0.12260551776183265,-0.004433338639054457
fold_2,2076,final,0.2605961499460194,0.2565274659245877,-0.004068684021431679
fold_2,2077,final,0.1797575729826569,0.1806915096723931,0.0009339366897362089
fold_2,2078,final,0.12163572399323748,0.11898499359393702,-0.0026507303993004577
fold_2,2079,final,0.10652505542767841,0.10298465563825494,-0.0035403997894234707
fold_2,2080,final,0.14136615847016662,0.13906841425780167,-0.0022977442123649494
fold_2,2081,final,0.03382168023407583,0.027258375322030255,-0.0065633049120455735
fold_2,2082,final,0.15406640275423653,0.15406552230127027,-8.804529662564953e-07
fold_2,2083,final,0.1218980712242307,0.12110487180820499,-0.0007931994160257083
fold_2,2084,final,0.16378996078520627,0.162759218548643,-0.0010307422365632701
fold_2,2085,final,0.18534796703552867,0.18788671608510304,0.002538749049574379
fold_2,2086,final,0.183375632796816,0.1854653773115226,0.0020897445147065874
fold_2,2087,final,0.13248900349959558,0.13451716986114204,0.0020281663615464574
fold_2,2088,final,0.27846456685471666,0.28107803289375644,0.00261346603903978
fold_2,2089,final,0.213115108659045,0.21360397593866912,0.0004888672796241056
fold_2,2090,final,0.2525873711990578,0.2525632353328281,-2.413586622967978e-05
fold_2,2091,final,0.32945079176913855,0.32952782957828436,7.703780914580793e-05
fold_2,2092,final,0.24699206081457734,0.25242017617765644,0.005428115363079106
fold_2,2093,final,0.232024635340947,0.2314566428509005,-0.0005679924900464928
fold_2,2094,final,0.22815275745596797,0.23032507451390274,0.002172317057934775
fold_2,2095,final,0.22555395781115828,0.22474087492724254,-0.0008130828839157389
fold_2,2096,final,0.2702459468155883,0.2767757651296059,0.00652981831401761
fold_2,2097,final,0.24804386481540033,0.25280002112454275,0.0047561563091424175
fold_2,2098,final,0.2036889743993291,0.20253821421154608,-0.001150760187783012
fold_2,2099,final,0.1896653748735113,0.18610346542884065,-0.0035619094446706356
fold_2,2100,final,0.04098522279376134,0.03645904205838009,-0.004526180735381254
fold_2,2101,final,0.018944109845488277,0.0180328015812568,-0.0009113082642314765
fold_2,2102,final,-0.014596366193936835,-0.021753957111057636,-0.007157590917120801
fold_2,2103,final,-0.06783786359747832,-0.07830768678796864,-0.010469823190490321
fold_2,2104,final,0.04669296609268375,0.0402800133371189,-0.006412952755564853
fold_2,2105,final,0.10021749046923295,0.09834447494195366,-0.0018730155272792953
fold_2,2106,final,0.17110789962270806,0.16688762562634976,-0.004220273996358298
fold_2,2107,final,0.21783036196413863,0.21803047880531534,0.0002001168411767118
fold_2,2108,final,0.07132304036126809,0.06689514510761324,-0.004427895253654848
fold_2,2109,final,0.08856965327002428,0.09034053028979033,0.001770877019766054
fold_2,2110,final,0.11111128322676593,0.1067257255282987,-0.004385557698467227
fold_2,2111,final,0.16104837529789848,0.15975169840605805,-0.0012966768918404314
fold_2,2112,final,0.13293940976045998,0.13194105221086208,-0.0009983575495979002
fold_2,2113,final,0.20240504778842697,0.20282478151808872,0.00041973372966175315
fold_2,2114,final,0.26586985940146096,0.27028836311897714,0.004418503717516176
fold_2,2115,final,0.20051871925871373,0.20279913837353522,0.0022804191148214914
fold_2,2116,final,0.24992638931075098,0.25112106017502517,0.0011946708642741888
fold_2,2117,final,0.26348848731639235,0.26431936599819605,0.0008308786818037039
fold_2,2118,final,0.2050264835113293,0.2077450965261663,0.0027186130148370014
fold_2,2119,final,0.15896287259665784,0.1613959854773778,0.0024331128807199565
fold_2,2120,final,0.21250679130545774,0.21247516340985562,-3.162789560212653e-05
fold_2,2121,final,0.05186788211892239,0.049701787420477456,-0.002166094698444934
fold_2,2122,final,0.02600386726791963,0.01857316586242494,-0.007430701405494691
fold_2,2123,final,0.01755284604973104,0.010416229997372869,-0.00713661605235817
fold_2,2124,final,0.07184046191609274,0.06736146950195435,-0.004478992414138391
fold_2,2125,final,0.20096999605192686,0.20427468994444903,0.0033046938925221647
fold_2,2126,final,0.2510764511741024,0.2511455562510233,6.910507692092782e-05
fold_2,2127,final,0.290370545075588,0.2952635193561351,0.00489297428054708
fold_2,2128,final,0.3113421649233527,0.3131885117803162,0.0018463468569634989
fold_2,2129,final,0.2707855125976862,0.27243058036655354,0.0016450677688673587
fold_2,2130,final,0.21903780710852128,0.21309078464551873,-0.005947022463002549
fold_2,2131,final,0.24688088902220062,0.24554278990691492,-0.001338099115285707
fold_2,2132,final,0.21134992453739093,0.2048996972415535,-0.006450227295837441
fold_2,2133,final,0.14117906684156076,0.13636230102193034,-0.00481676581963042
fold_2,2134,final,0.10373683481206641,0.09933156737396888,-0.004405267438097535
fold_2,2135,final,0.05981238514830679,0.05539835672924547,-0.004414028419061321
fold_2,2136,final,0.08922457907074184,0.08386198527357741,-0.0053625937971644305
fold_2,2137,final,0.17018756728921408,0.16675145325843366,-0.003436114030780424
fold_2,2138,final,0.09127543348397271,0.08615419438916884,-0.005121239094803873
fold_2,2139,final,0.0472879344389537,0.04057561654971972,-0.0067123178892339805
fold_2,2140,final,0.02686164028394708,0.018997735793524755,-0.007863904490422326
fold_2,2141,final,-0.02657058025608184,-0.03929555919901338,-0.012724978942931543
fold_2,2142,final,-0.050237740916678215,-0.05565876819759652,-0.005421027280918304
fold_2,2143,final,-0.026895219547801302,-0.022781978357615473,0.004113241190185829
fold_2,2144,final,-0.05361075057430224,-0.0549789659217321,-0.0013682153474298547
fold_2,2145,final,0.0035164458452551874,-0.0010629851981513578,-0.004579431043406545
fold_2,2146,final,0.014960485423507466,0.013194638077543754,-0.0017658473459637117
fold_2,2147,final,0.0029189998742669442,0.00037734538787860176,-0.0025416544863883423
fold_2,2148,final,-0.05672545579286401,-0.06515634385667984,-0.008430888063815832
fold_2,2149,final,-0.07942143750083909,-0.08655441433751013,-0.007132976836671037
fold_2,2150,final,0.017807355480413328,0.01466484138194647,-0.003142514098466857
fold_2,2151,final,0.11089960398842634,0.10595105738155498,-0.004948546606871357
fold_2,2152,final,0.14839502962176698,0.14305806897730192,-0.005336960644465066
fold_2,2153,final,0.10634260585350441,0.09772388221863083,-0.008618723634873579
fold_2,2154,final,0.08021648258428511,0.07517461687936715,-0.005041865704917964
fold_2,2155,final,0.022525677263756292,0.013132276943232067,-0.009393400320524225
fold_2,2156,final,0.07011790860164469,0.06213390415378932,-0.007984004447855367
fold_2,2157,final,0.07479194346891996,0.0673464321571046,-0.007445511311815353
fold_2,2158,final,0.2070580240449235,0.1998421948471999,-0.0072158291977235944
fold_2,2159,final,0.22848428076070904,0.22595993818165958,-0.00252434257904946
fold_2,2160,final,0.21028536615433024,0.21027924713362361,-6.11902070662973e-06
fold_2,2161,final,0.1985673689826943,0.1900553888011624,-0.008511980181531903
fold_2,2162,final,0.2195547140683442,0.2105118111373417,-0.009042902931002517
fold_2,2163,final,0.11376098070707479,0.09902156774029526,-0.014739412966779525
fold_2,2164,final,0.10175104484264764,0.09332562243681676,-0.008425422405830885
fold_2,2165,final,0.009944624275251612,0.005477895003801787,-0.004466729271449825
fold_2,2166,final,0.009850313710111247,0.004172592292460369,-0.005677721417650878
fold_2,2167,final,-0.05069975137237929,-0.06082677082299239,-0.010127019450613103
fold_2,2168,final,-0.012973882570699544,-0.018549048332821103,-0.0055751657621215586
fold_2,2169,final,0.10281896581783699,0.10761421812045868,0.0047952523026216914
fold_2,2170,final,0.09819857557731768,0.09516702354663417,-0.003031552030683504
fold_2,2171,final,0.07135183866642214,0.06250385307778955,-0.00884798558863259
fold_2,2172,final,0.06216600183299328,0.05769447483665985,-0.004471526996333429
fold_2,2173,final,0.1764355562641751,0.17602718406797885,-0.0004083721961962439
fold_2,2174,final,0.1467338693707536,0.14623759176413234,-0.0004962776066212704
fold_2,2175,final,0.054663768735962084,0.055906332720666904,0.0012425639847048198
fold_2,2176,final,0.0266152087069405,0.022562749983571162,-0.0040524587233693385
fold_2,2177,final,0.00690960245364462,0.005406081059862557,-0.0015035213937820632
fold_2,2178,final,0.006214491483018766,0.0029278328770842785,-0.003286658605934488
fold_2,2179,final,-0.051612758995807924,-0.04763738326210295,0.003975375733704975
fold_2,2180,final,0.10767254130599031,0.10796202000344486,0.00028947869745454824
fold_2,2181,final,0.1710735651043095,0.17155337463512885,0.0004798095308193584
fold_2,2182,final,0.11132650127989,0.11427497684587014,0.0029484755659801437
fold_2,2183,final,0.15108387555150493,0.14861018996429265,-0.002473685587212282
fold_2,2184,final,0.22090020450392622,0.21375676556157955,-0.007143438942346675
fold_2,2185,final,0.1493634400455732,0.13594551324532264,-0.013417926800250557
fold_2,2186,final,0.11058414325362793,0.10186400898522366,-0.008720134268404275
fold_2,2187,final,0.11489023274646747,0.10567552370455237,-0.009214709041915098
fold_2,2188,final,0.12213317134692174,0.11166229359496167,-0.010470877751960067
fold_2,2189,final,0.1213826491763568,0.11843054564312205,-0.0029521035332347456
fold_2,2190,final,0.1573888285562028,0.15139012429155277,-0.005998704264650018
fold_2,2191,final,0.14163298658779003,0.1394595084726506,-0.0021734781151394322
fold_2,2192,final,0.13326835529983908,0.1353371166693512,0.0020687613695121176
fold_2,2193,final,0.14203298460449343,0.13987323941503033,-0.0021597451894631026
fold_2,2194,final,0.13773129616894447,0.1397001884347651,0.0019688922658206154
fold_2,2195,final,0.12584146219818143,0.12883480125067662,0.0029933390524951864
fold_2,2196,final,0.12026275253220035,0.12059002566015561,0.0003272731279552604
fold_2,2197,final,0.15556487952981732,0.15434907764961048,-0.0012158018802068404
fold_2,2198,final,0.16315528943588475,0.1593194691778423,-0.003835820258042466
fold_2,2199,final,0.18504913263879114,0.17280416147832375,-0.012244971160467383
fold_2,2200,final,0.14342939074561356,0.13718801275512682,-0.006241377990486741
fold_2,2201,final,0.11513998367397983,0.10750688457487687,-0.007633099099102966
fold_2,2202,final,0.11744946266782981,0.11819399898535748,0.0007445363175276748
fold_2,2203,final,0.1641830564205683,0.16236412430726005,-0.001818932113308247
fold_2,2204,final,0.10082829814888987,0.09687926241434311,-0.00394903573454676
fold_2,2205,final,0.0043373596878291945,-0.0004974508056030928,-0.004834810493432287
fold_2,2206,final,-0.009488571356184309,-0.017952863923952848,-0.008464292567768539
fold_2,2207,final,-0.004506919542217677,-0.019350246320172824,-0.014843326777955147
fold_2,2208,final,-0.021361389673399164,-0.04468343402282103,-0.023322044349421867
fold_2,2209,final,-0.02869564283230019,-0.03979166387832723,-0.011096021046027037
fold_2,2210,final,0.04504493495925874,0.04437454143189558,-0.0006703935273631584
fold_2,2211,final,0.20145161520412344,0.20171253932609415,0.000260924121970707
fold_2,2212,final,0.21437071267925167,0.21137375688007037,-0.0029969557991813
fold_2,2213,final,0.3062947835423114,0.3058914866242063,-0.0004032969181050894
fold_2,2214,final,0.2056678464625702,0.20142295588085252,-0.004244890581717675
fold_2,2215,final,0.05162346768995237,0.040263820609850176,-0.011359647080102196
fold_2,2216,final,0.03914895073588779,0.03629553329645816,-0.0028534174394296286
fold_2,2217,final,0.028869159727158717,0.01757166057051744,-0.011297499156641275
fold_2,2218,final,-0.027808245719938878,-0.04260254635770551,-0.014794300637766631
fold_2,2219,final,0.1345210821909235,0.1360176286882704,0.0014965464973468734
fold_2,2220,final,0.0690170703658219,0.07136673685153662,0.0023496664857147187
fold_2,2221,final,0.10835988134160095,0.1121427447233825,0.0037828633817815482
fold_2,2222,final,0.15466296629867737,0.15075932409896145,-0.003903642199715923
fold_2,2223,final,0.14620095867825253,0.1409916095224561,-0.005209349155796433
fold_2,2224,final,0.15306043072579428,0.15242906905307585,-0.0006313616727184335
fold_2,2225,final,0.17326214976219662,0.17750864441048403,0.004246494648287413
fold_2,2226,final,0.0754371757842728,0.06764994170888994,-0.007787234075382857
fold_2,2227,final,0.08295937330297486,0.08765802645561578,0.004698653152640925
fold_2,2228,final,0.1513269285463206,0.14780946126052885,-0.0035174672857917477
fold_2,2229,final,0.1848685301060739,0.18240514336939942,-0.0024633867366744833
fold_2,2230,final,0.1407420056508673,0.1392089733343309,-0.001533032316536398
fold_2,2231,final,0.24154790304040866,0.24460794261452426,0.003060039574115603
fold_2,2232,final,0.23170882895901512,0.23396897689972582,0.002260147940710694
fold_2,2233,final,0.14951067765822657,0.14790644650089596,-0.0016042311573306045
fold_2,2234,final,0.18528518093385102,0.1860210469852894,0.000735866051438383
fold_2,2235,final,0.30505660892339065,0.30649015613218145,0.0014335472087907974
fold_2,2236,final,0.23682395722185526,0.23826357769433867,0.001439620472483416
fold_2,2237,final,0.16379920795059996,0.1608961223704622,-0.002903085580137771
fold_2,2238,final,0.11489960991804701,0.11248649177225159,-0.002413118145795423
fold_2,2239,final,0.1132555280084189,0.1095517617466126,-0.003703766261806296
fold_2,2240,final,0.04666926409145745,0.043540129122528096,-0.003129134968929352
fold_2,2241,final,0.09234438844676392,0.11011277453270535,0.01776838608594143
fold_2,2242,final,0.1626617275868098,0.16096778731435832,-0.001693940272451483
fold_2,2243,final,0.21647244185707853,0.21325715845682133,-0.0032152834002572017
fold_2,2244,final,0.09827753402774767,0.09591162832949095,-0.002365905698256718
fold_2,2245,final,0.07582127359160662,0.07612594887674203,0.00030467528513540565
fold_2,2246,final,0.1340054472437448,0.13773472454935273,0.003729277305607931
fold_2,2247,final,0.15345432077695903,0.15906232797263672,0.0056080071956776945
fold_2,2248,final,0.1810447197525191,0.18602396690133358,0.004979247148814481
fold_2,2249,final,0.14957092345941367,0.15229172414036152,0.002720800680947849
fold_2,2250,final,0.1736164816335087,0.16711203011233006,-0.00650445152117865
fold_2,2251,final,0.2548377239318501,0.25496722071055505,0.00012949677870494058
fold_2,2252,final,0.13695096853105873,0.13161901650163954,-0.00533195202941919
fold_2,2253,final,0.16742174200909166,0.16651786308521468,-0.0009038789238769718
fold_2,2254,final,0.1809582286480009,0.1772977756576593,-0.003660452990341595
fold_2,2255,final,0.1755458333111197,0.17288541324177273,-0.0026604200693469693
fold_2,2256,final,0.06357879897575568,0.06096919839371925,-0.0026096005820364296
fold_2,2257,final,0.028923065215240965,0.026601910798219924,-0.0023211544170210416
fold_2,2258,final,0.14738849173910293,0.1439398117624385,-0.003448679976664426
fold_2,2259,final,0.12105793542349007,0.12297272319466082,0.0019147877711707534
fold_2,2260,final,0.14506923106271707,0.14807075324182423,0.0030015221791071522
fold_2,2261,final,0.15708172016621585,0.15479779257794657,-0.0022839275882692855
fold_2,2262,final,0.1022556766042889,0.1011254457013807,-0.0011302309029082025
fold_2,2263,final,0.09007173477136679,0.08459152941822547,-0.005480205353141324
fold_2,2264,final,0.08872717491822196,0.0881171693170674,-0.0006100056011545674
fold_2,2265,final,0.058327022408354565,0.06535130533319036,0.007024282924835798
fold_2,2266,final,0.13380840317925968,0.1405031636354696,0.006694760456209925
fold_2,2267,final,0.14249198962396975,0.1478042086110685,0.0053122189870987435
fold_2,2268,final,0.15088903666294765,0.1494529350380979,-0.0014361016248497505
fold_2,2269,final,0.1629951189968547,0.1565988005822687,-0.006396318414586016
fold_2,2270,final,0.15620104307482557,0.15410923448148883,-0.0020918085933367414
fold_2,2271,final,0.1102766485218872,0.10866588731260622,-0.0016107612092809837
fold_2,2272,final,0.10561034428771586,0.10493621140541814,-0.000674132882297715
fold_2,2273,final,0.15144552856065144,0.15118118421036011,-0.0002643443502913234
fold_2,2274,final,0.05627215248780165,0.061710282461471755,0.005438129973670103
fold_2,2275,final,0.11693718640704881,0.11670707167469063,-0.0002301147323581776
fold_2,2276,final,-0.04509830393014365,-0.04008857942792679,0.0050097245022168585
fold_2,2277,final,0.00594109402883663,0.010742372386992024,0.004801278358155393
fold_2,2278,final,0.015627509394750848,0.016989031482325875,0.0013615220875750275
fold_2,2279,final,0.16892640084611404,0.1699390438711511,0.0010126430250370633
fold_2,2280,final,0.2187120800098345,0.21816004783235307,-0.0005520321774814263
fold_2,2281,final,0.18051238215537133,0.17819273981277764,-0.0023196423425936863
fold_2,2282,final,0.23553639180862407,0.23614888613793453,0.000612494329310459
fold_2,2283,final,0.15963069314929862,0.1611985425296926,0.0015678493803939764
fold_2,2284,final,-0.00289172069079319,-0.007440909341059241,-0.00454918865026605
fold_2,2285,final,0.023294228620238364,0.029389676695123282,0.0060954480748849175
fold_2,2286,final,0.021619608367319156,0.019058522325264532,-0.0025610860420546243
fold_2,2287,final,-0.04962071981121582,-0.05732852206853232,-0.007707802257316501
fold_2,2288,final,0.003369483627243657,0.004017774319425128,0.0006482906921814707
fold_2,2289,final,0.01606199536508529,0.01269226989687717,-0.0033697254682081203
fold_2,2290,final,0.012213550117197039,0.009978011634299495,-0.0022355384828975436
fold_2,2291,final,0.109499327416486,0.11180851448612501,0.002309187069639007
fold_2,2292,final,0.10886216735892755,0.10559441869701557,-0.0032677486619119844
fold_2,2293,final,0.02876762468381938,0.009070147832056133,-0.01969747685176325
fold_2,2294,final,0.01187849047988928,0.0018522776538271537,-0.010026212826062126
fold_2,2295,final,0.05313892021206418,0.03140563159279884,-0.021733288619265337
fold_2,2296,final,0.08543222005548548,0.07098776095918535,-0.014444459096300127
fold_2,2297,final,0.03329206500494409,0.022781909700803675,-0.010510155304140414
fold_2,2298,final,0.13724720759705938,0.13527423956748186,-0.0019729680295775265
fold_2,2299,final,0.22989849380150587,0.22050741884891317,-0.009391074952592698
fold_2,2300,final,0.25888586102113076,0.26316260227014726,0.004276741249016502
fold_2,2301,final,0.20567539816802635,0.19389595272035803,-0.011779445447668319
fold_2,2302,final,0.13694907392396372,0.13187370169394316,-0.005075372230020553
fold_2,2303,final,0.14640797004058,0.1449523705869875,-0.0014555994535924988
fold_2,2304,final,0.12605873335010964,0.1284108096978295,0.0023520763477198614
fold_2,2305,final,0.13174966485315004,0.1298348197840117,-0.0019148450691383323
fold_2,2306,final,0.10860021507144826,0.10966038283964817,0.0010601677681999072
fold_2,2307,final,0.09157605967696565,0.08927654548022727,-0.002299514196738378
fold_2,2308,final,0.08018268899819701,0.07702586671942871,-0.0031568222787683037
fold_2,2309,final,-0.03899793108898226,-0.04390587917495005,-0.004907948085967791
fold_2,2310,final,0.10216460907900787,0.09942857529912189,-0.002736033779885988
fold_2,2311,final,0.08176709685593803,0.07471724170066457,-0.0070498551552734545
fold_2,2312,final,0.05432246665884645,0.047863425853825026,-0.006459040805021424
fold_2,2313,final,0.12371565279737295,0.11961166769878931,-0.004103985098583646
fold_2,2314,final,0.3161272905128151,0.3154007655106012,-0.0007265250022138736
fold_2,2315,final,0.258859167737701,0.2607390132304041,0.0018798454927030916
fold_2,2316,final,0.23480425311651412,0.23443440027225404,-0.00036985284426008236
fold_2,2317,final,0.2511685008216842,0.2492819460383341,-0.0018865547833500917
fold_2,2318,final,0.3027232162333633,0.29464165165117023,-0.008081564582193057
fold_2,2319,final,0.3130651877818705,0.3133485154194747,0.00028332763760424706
fold_2,2320,final,0.3552462111486296,0.3578111473668297,0.0025649362182000868
fold_2,2321,final,0.36045794410748344,0.35515132514952086,-0.005306618957962583
fold_2,2322,final,0.33117216830679586,0.3365155986252388,0.005343430318442921
fold_2,2323,final,0.34748024677101563,0.34546928634103624,-0.0020109604299793915
fold_2,2324,final,0.3494584544996298,0.35160803148239406,0.0021495769827642452
fold_2,2325,final,0.18845324344248765,0.190429181819844,0.001975938377356351
fold_2,2326,final,0.20860990609523947,0.20231114874877912,-0.006298757346460349
fold_2,2327,final,0.11293654883684195,0.11337185971932956,0.0004353108824876051
fold_2,2328,final,0.07826149407098068,0.07589829810082514,-0.0023631959701555377
fold_2,2329,final,0.048670081788135235,0.04085767427055983,-0.0078124075175754065
fold_2,2330,final,0.09839674020766424,0.09453054034289285,-0.003866199864771394
fold_2,2331,final,0.06777960652708759,0.06842683091525747,0.0006472243881698869
fold_2,2332,final,0.15620134212402637,0.15246530737786934,-0.0037360347461570242
fold_2,2333,final,0.13428968468906316,0.13599779263562597,0.0017081079465628146
fold_2,2334,final,0.12703463440710736,0.13522538849977403,0.008190754092666674
fold_2,2335,final,0.19453010026234874,0.19787201268198135,0.003341912419632609
fold_2,2336,final,0.20468603224738216,0.20997802930749065,0.005291997060108494
fold_2,2337,final,0.1396554790801514,0.14071850754726295,0.0010630284671115375
fold_2,2338,final,0.16428737170317434,0.16417408704226286,-0.00011328466091148348
fold_2,2339,final,0.10423529871668055,0.10457228893915667,0.0003369902224761162
fold_2,2340,final,0.06547589938122925,0.05462888419640024,-0.010847015184829008
fold_2,2341,final,0.0176673895501609,0.012849170418269046,-0.004818219131891855
fold_2,2342,final,0.01542431998757628,0.0038491765199784034,-0.011575143467597877
fold_2,2343,final,0.06217270089881856,0.058439964321363405,-0.0037327365774551535
fold_2,2344,final,0.11702268013529729,0.11348326872827331,-0.0035394114070239763
fold_2,2345,final,0.12166541470697569,0.11838977909750846,-0.0032756356094672257
fold_2,2346,final,0.10273383559998338,0.10124954826553806,-0.0014842873344453195
fold_2,2347,final,0.11614173645496866,0.1131926481249586,-0.0029490883300100496
fold_2,2348,final,0.18663412812677685,0.18368633750896463,-0.0029477906178122237
fold_2,2349,final,0.12084118170946631,0.10960468377572882,-0.011236497933737488
fold_2,2350,final,0.0812812777851422,0.07614272731827557,-0.005138550466866634
fold_2,2351,final,0.06916113019054711,0.06963958514076315,0.0004784549502160479
fold_2,2352,final,0.048047354097759225,0.04705003295784914,-0.000997321139910086
fold_2,2353,final,0.06437728006594526,0.06335894101454581,-0.0010183390513994472
fold_2,2354,final,0.06601658705057926,0.06192679459464709,-0.004089792455932176
fold_2,2355,final,0.10808145295192909,0.10929652526500808,0.0012150723130789909
fold_2,2356,final,0.13695726866310673,0.1371838351035166,0.00022656644040985885
fold_2,2357,final,0.1160513188022287,0.1089196508788618,-0.007131667923366905
fold_2,2358,final,0.1680769952937852,0.15925773811460417,-0.008819257179181028
fold_2,2359,final,0.11651214917701881,0.1023984321158792,-0.014113717061139605
fold_2,2360,final,0.11198587287715715,0.09865445648052047,-0.01333141639663668
fold_2,2361,final,-0.0391911063736607,-0.04476381357284852,-0.005572707199187815
fold_2,2362,final,0.003499695898301236,-0.0025848934599081597,-0.006084589358209396
fold_2,2363,final,0.0064279224958161425,-0.0008705219292027582,-0.007298444425018901
fold_2,2364,final,0.13891654326352668,0.13784196752191377,-0.0010745757416129043
fold_2,2365,final,0.0747401219352565,0.0706754157926952,-0.004064706142561297
fold_2,2366,final,0.08236023515043768,0.08020885394725251,-0.002151381203185171
fold_2,2367,final,0.11227808042740532,0.10800130196281929,-0.004276778464586031
fold_2,2368,final,0.11356764891648659,0.11012633259779696,-0.00344131631868963
fold_2,2369,final,0.032487487266458025,0.03213329772105258,-0.0003541895454054478
fold_2,2370,final,-0.06437502420273157,-0.06307722527899104,0.0012977989237405313
fold_2,2371,final,-0.05334002050271312,-0.05077029279554782,0.0025697277071653063
fold_2,2372,final,-0.08235835427980898,-0.08337347356486378,-0.001015119285054808
fold_2,2373,final,-0.08579747118921055,-0.08334287547131045,0.0024545957179001043
fold_2,2374,final,0.1371173587779438,0.1373622154327635,0.00024485665481971397
fold_2,2375,final,0.18503247608363785,0.17949955513159177,-0.005532920952046078
fold_2,2376,final,0.18586996502687028,0.1723023054303317,-0.013567659596538578
fold_2,2377,final,0.20038483369888976,0.19581670850808883,-0.004568125190800937
fold_2,2378,final,0.22028368034828033,0.2165799328016322,-0.003703747546648123
fold_2,2379,final,0.11382342616847928,0.11758710561430749,0.0037636794458282136
fold_2,2380,final,0.2789715501439339,0.28368506984667446,0.004713519702740587
fold_2,2381,final,0.33921460072379933,0.34563015663092217,0.0064155559071228385
fold_2,2382,final,0.28243364247662406,0.28502312912478095,0.0025894866481568912
fold_2,2383,final,0.21801698996225619,0.21888406655567394,0.0008670765934177538
fold_2,2384,final,0.2246193068746288,0.22594791149774462,0.00132860462311582
fold_2,2385,final,0.015342391775254018,0.007714542715900693,-0.007627849059353324
fold_2,2386,final,0.11469906726133183,0.10422848653360996,-0.010470580727721876
fold_2,2387,final,0.1435357191333476,0.13131889710021868,-0.012216822033128905
fold_2,2388,final,0.1360027837803411,0.12598440648867837,-0.010018377291662744
fold_2,2389,final,0.258608825762884,0.25727624355868917,-0.0013325822041948543
fold_2,2390,final,0.3267820777812759,0.32627043347815593,-0.0005116443031199513
fold_2,2391,final,0.32244466426457785,0.31384106917745763,-0.00860359508712022
fold_2,2392,final,0.2779696884381964,0.26868038940519773,-0.009289299032998688
fold_2,2393,final,0.25889541228658847,0.2520784373343178,-0.006816974952270682
fold_2,2394,final,0.17667432134618213,0.16722962987347992,-0.009444691472702216
fold_2,2395,final,0.10299234486524592,0.10339341780187097,0.0004010729366250576
fold_2,2396,final,0.11711952187843494,0.12375175677722093,0.006632234898785991
fold_2,2397,final,0.08053864950696846,0.08447177486074546,0.003933125353777003
fold_2,2398,final,0.108875930217699,0.11505359514428429,0.006177664926585294
fold_2,2399,final,0.22794712674135265,0.2329954646785245,0.005048337937171854
fold_2,2400,final,0.2827222086573877,0.28472223331001034,0.0020000246526226673
fold_2,2401,final,0.31225699445953464,0.3121385349907272,-0.0001184594688074525
fold_2,2402,final,0.3538166768254336,0.35242435731392435,-0.0013923195115092546
fold_2,2403,final,0.277919570519125,0.2774301220303645,-0.0004894484887605355
fold_2,2404,final,0.3098992940167293,0.3120069976506381,0.0021077036339088306
fold_2,2405,final,0.21580178886486542,0.21237653948886354,-0.0034252493760018876
fold_2,2406,final,0.2266560669102722,0.22104889587777038,-0.005607171032501829
fold_2,2407,final,0.19176675491215794,0.19328883955698173,0.0015220846448237846
fold_2,2408,final,0.1975126047691229,0.20075707758127018,0.0032444728121472644
fold_2,2409,final,0.15203304196546208,0.14879454825913443,-0.0032384937063276442
fold_2,2410,final,0.208044120026683,0.2142507908045994,0.006206670777916423
fold_2,2411,final,0.20489071009827425,0.20254536113366595,-0.002345348964608307
fold_2,2412,final,0.1106777959206145,0.11492925103808631,0.004251455117471811
fold_2,2413,final,0.05466958369564159,0.05965196274510407,0.004982379049462485
fold_2,2414,final,0.09675387000194634,0.0997790993088989,0.003025229306952565
fold_2,2415,final,0.07859478746992668,0.080285813907611,0.0016910264376843176
fold_2,2416,final,0.04555649352084836,0.047365453991289434,0.0018089604704410733
fold_2,2417,final,0.07221792104572901,0.08161818436370376,0.00940026331797475
fold_2,2418,final,0.07740798607959137,0.08370566780069334,0.006297681721101969
fold_2,2419,final,0.03372119278776069,0.041889183013359886,0.008167990225599199
fold_2,2420,final,0.06082758055860113,0.0765724529296673,0.01574487237106617
fold_2,2421,final,0.10053502824591391,0.1071438561491369,0.006608827903222994
fold_2,2422,final,0.07579023952155729,0.08029008447193643,0.004499844950379139
fold_2,2423,final,0.09776820551699662,0.1123230373237458,0.014554831806749172
fold_2,2424,final,0.13022592989521248,0.13543976705283312,0.005213837157620638
fold_2,2425,final,0.093270325692907,0.09061251618585382,-0.0026578095070531743
fold_2,2426,final,0.20428106898371273,0.19955894941055766,-0.004722119573155076
fold_2,2427,final,0.23642619585635233,0.23348982765515516,-0.002936368201197165
fold_2,2428,final,0.2626363548788003,0.262195193607948,-0.0004411612708523083
fold_2,2429,final,0.24186544230676182,0.23418514803687826,-0.007680294269883564
fold_2,2430,final,0.26344261421600457,0.25211911398180886,-0.011323500234195705
fold_2,2431,final,0.16545001687559138,0.15406235248496755,-0.01138766439062383
fold_2,1945,reference,0.1475383320119236,0.15524760316866196,0.007709271156738362
fold_2,1946,reference,0.13037022506445306,0.13160075506359398,0.0012305299991409169
fold_2,1947,reference,0.14590852736143636,0.15005441703431277,0.004145889672876407
fold_2,1948,reference,0.16560647809334064,0.17531672610857613,0.009710248015235484
fold_2,1949,reference,-0.02989279214216606,-0.020507428435920988,0.009385363706245074
fold_2,1950,reference,-0.026792900124377555,-0.02781794733076058,-0.0010250472063830264
fold_2,1951,reference,-0.001972738669712881,0.005372007029297852,0.007344745699010733
fold_2,1952,reference,-0.07462937173840588,-0.07759254097673945,-0.0029631692383335767
fold_2,1953,reference,0.15257700026355409,0.15881741437892447,0.00624041411537038
fold_2,1954,reference,0.17720738594207955,0.17054440700564044,-0.006662978936439107
fold_2,1955,reference,0.29041963040546964,0.279692555003136,-0.010727075402333641
fold_2,1956,reference,0.2796915515539037,0.2731124843143199,-0.006579067239583791
fold_2,1957,reference,0.15656143170668751,0.1622593426834774,0.005697910976789872
fold_2,1958,reference,0.14627890631551246,0.13541458125942032,-0.010864325056092139
fold_2,1959,reference,0.0456739370985529,0.046579224380694284,0.0009052872821413843
fold_2,1960,reference,-0.01998182774339681,-0.025048175774729772,-0.005066348031332962
fold_2,1961,reference,0.0672244334693373,0.06972823710463424,0.002503803635296939
fold_2,1962,reference,0.06529466944850514,0.06640137448093876,0.0011067050324336247
fold_2,1963,reference,0.07752165793424164,0.08872041286050969,0.011198754926268054
fold_2,1964,reference,0.07834116987410973,0.08489172710033303,0.0065505572262233025
fold_2,1965,reference,0.15256655991665397,0.16378105009365646,0.01121449017700249
fold_2,1966,reference,0.09982352234142684,0.10714356161881099,0.007320039277384144
fold_2,1967,reference,0.1133200010193259,0.11698304514401138,0.0036630441246854745
fold_2,1968,reference,0.03776902987828057,0.04209534062808204,0.004326310749801471
fold_2,1969,reference,0.14856629993215076,0.1487342855522112,0.00016798562006042905
fold_2,1970,reference,0.21600374220122015,0.22559949064861162,0.009595748447391472
fold_2,1971,reference,0.2312145442254583,0.23098209277217044,-0.0002324514532878741
fold_2,1972,reference,0.25989102498044164,0.26437949105704744,0.0044884660766058015
fold_2,1973,reference,0.31946818189570053,0.31645745935399566,-0.003010722541704869
fold_2,1974,reference,0.2278112781099529,0.22206791911351018,-0.005743358996442738
fold_2,1975,reference,0.2532305982734073,0.2455217231297376,-0.007708875143669719
fold_2,1976,reference,0.1994509026200787,0.1990655081197669,-0.0003853945003118031
fold_2,1977,reference,0.1567889449976386,0.14720701397481176,-0.00958193102282684
fold_2,1978,reference,0.14766732650641293,0.13595359288300946,-0.011713733623403472
fold_2,1979,reference,0.2513784002970484,0.2387592263344264,-0.012619173962621993
fold_2,1980,reference,0.20620181662325565,0.19613023568458318,-0.01007158093867247
fold_2,1981,reference,0.1942800418259089,0.18891621053035426,-0.00536383129555465
fold_2,1982,reference,0.15022925448401706,0.14026268366049274,-0.009966570823524312
fold_2,1983,reference,0.011485649408645783,0.003025339616482781,-0.008460309792163001
fold_2,1984,reference,0.020916190701563548,0.014370007366616916,-0.006546183334946632
fold_2,1985,reference,-0.060735313669332096,-0.06525056342679074,-0.004515249757458643
fold_2,1986,reference,0.03999871209952327,0.03606599177659624,-0.003932720322927033
fold_2,1987,reference,0.08795675510638311,0.08729855549835273,-0.0006581996080303743
fold_2,1988,reference,0.13506983275864934,0.13197219343211916,-0.003097639326530177
fold_2,1989,reference,0.06605381973462018,0.06332028148969812,-0.0027335382449220624
fold_2,1990,reference,0.0074456908907300145,0.003752537932729427,-0.0036931529580005876
fold_2,1991,reference,0.02850181074963732,0.025778548114471653,-0.002723262635165667
fold_2,1992,reference,-0.025238121790705045,-0.026183986855931676,-0.0009458650652266302
fold_2,1993,reference,-0.07998889812047508,-0.07700960713630728,0.0029792909841677984
fold_2,1994,reference,-0.036174170254068196,-0.03178547102701245,0.004388699227055745
fold_2,1995,reference,0.14424356489549053,0.14760724251369398,0.0033636776182034422
fold_2,1996,reference,0.19396456163522105,0.20526060580711283,0.011296044171891784
fold_2,1997,reference,0.11832276706521577,0.11335038757328662,-0.004972379491929149
fold_2,1998,reference,0.13201162937256006,0.12723305732171902,-0.0047785720508410345
fold_2,1999,reference,0.1172787929566082,0.11589258520446287,-0.0013862077521453325
fold_2,2000,reference,0.21134270005284145,0.2131468276168625,0.0018041275640210408
fold_2,2001,reference,0.17015671284276643,0.16472240186979786,-0.005434310972968565
fold_2,2002,reference,0.20643082324942758,0.2037515385283934,-0.002679284721034181
fold_2,2003,reference,0.14296304428209342,0.144208109512224,0.001245065230130571
fold_2,2004,reference,0.06292639374943637,0.05736154532047544,-0.0055648484289609335
fold_2,2005,reference,0.13769396907555553,0.1397588033593761,0.0020648342838205658
fold_2,2006,reference,0.11661038134513774,0.12109475576477792,0.004484374419640183
fold_2,2007,reference,0.1526427201798786,0.16585366195580362,0.013210941775925023
fold_2,2008,reference,0.0433121323743812,0.04812896140743938,0.004816829033058176
fold_2,2009,reference,0.10944604971555054,0.10766411631959649,-0.0017819333959540468
fold_2,2010,reference,0.07542078489510301,0.08076757514646117,0.0053467902513581606
fold_2,2011,reference,0.08949947123082849,0.08768881035637759,-0.0018106608744509062
fold_2,2012,reference,0.022674714931472086,0.01798883588300373,-0.004685879048468355
fold_2,2013,reference,0.03664838966054775,0.03183278577185085,-0.004815603888696902
fold_2,2014,reference,0.053063075666775546,0.0461581993490242,-0.006904876317751343
fold_2,2015,reference,0.02450914290059615,0.013117040236318366,-0.011392102664277785
fold_2,2016,reference,0.007428378822167396,0.009230373634696924,0.0018019948125295275
fold_2,2017,reference,0.07445751998441393,0.06451892485854861,-0.009938595125865313
fold_2,2018,reference,0.09690858987017821,0.09348135571596118,-0.0034272341542170293
fold_2,2019,reference,0.08344289241768534,0.08198743683959207,-0.001455455578093262
fold_2,2020,reference,0.13123726435221647,0.13331616141752536,0.0020788970653088934
fold_2,2021,reference,0.16680871520913398,0.1637032684164463,-0.003105446792687677
fold_2,2022,reference,0.1769146123103722,0.17474723802424774,-0.002167374286124457
fold_2,2023,reference,0.047086042018250486,0.04687914657509703,-0.00020689544315345698
fold_2,2024,reference,-0.02272441588439973,-0.029359152396775934,-0.006634736512376206
fold_2,2025,reference,-0.0808886111144034,-0.07895826754883328,0.0019303435655701195
fold_2,2026,reference,-0.1375925262495025,-0.14945077630541984,-0.011858250055917341
fold_2,2027,reference,-0.0707369316709369,-0.08758330017692195,-0.016846368505985046
fold_2,2028,reference,0.15417621332516074,0.15381367957630077,-0.00036253374885997225
fold_2,2029,reference,0.2091400239972588,0.20750249399071713,-0.001637530006541682
fold_2,2030,reference,0.10375614283883586,0.09988204065044769,-0.0038741021883881704
fold_2,2031,reference,0.08953063846966197,0.11593020341716255,0.02639956494750058
fold_2,2032,reference,0.07075530435474302,0.07681867847621084,0.006063374121467818
fold_2,2033,reference,-0.012663966239372793,-0.00611235041733311,0.006551615822039683
fold_2,2034,reference,-0.0049316851300201135,0.0038689712521018252,0.008800656382121939
fold_2,2035,reference,-0.08421612367688534,-0.08851675657896543,-0.00430063290208009
fold_2,2036,reference,-0.08139156496371643,-0.0882627559435353,-0.006871190979818878
fold_2,2037,reference,0.0011747496701526787,-0.00435020410880098,-0.005524953778953659
fold_2,2038,reference,0.042802613109969495,0.04744531936291143,0.004642706252941935
fold_2,2039,reference,0.018807057512873444,0.018536164057151038,-0.0002708934557224055
fold_2,2040,reference,0.05786302596083721,0.0494102701127219,-0.008452755848115306
fold_2,2041,reference,0.25808287081930076,0.2659708401563015,0.007887969337000755
fold_2,2042,reference,0.07423825494210463,0.06730209130222865,-0.006936163639875981
fold_2,2043,reference,0.08154219119497376,0.07546515592310747,-0.006077035271866288
fold_2,2044,reference,0.10763673549934537,0.10203862328665506,-0.005598112212690312
fold_2,2045,reference,0.17608880882919567,0.17120308651988542,-0.004885722309310253
fold_2,2046,reference,0.20238726593602127,0.1941394856867129,-0.008247780249308362
fold_2,2047,reference,0.207564321761347,0.20062998188181783,-0.006934339879529183
fold_2,2048,reference,0.32286823466892556,0.3292381584978677,0.006369923828942137
fold_2,2049,reference,0.24302326245346556,0.23306118936163386,-0.009962073091831697
fold_2,2050,reference,0.16634452502112423,0.15976075971133818,-0.006583765309786049
fold_2,2051,reference,0.15839130963678252,0.1629253063890869,0.00453399675230437
fold_2,2052,reference,0.07914602373053604,0.08180827577247066,0.0026622520419346124
fold_2,2053,reference,0.09851272540518036,0.09556934481011435,-0.002943380595066006
fold_2,2054,reference,0.128031016454665,0.1291474871649169,0.0011164707102518934
fold_2,2055,reference,0.09459948100683771,0.09910752536343521,0.004508044356597504
fold_2,2056,reference,0.08577347219198883,0.08623668063685896,0.00046320844487013346
fold_2,2057,reference,0.22957618183172518,0.2299777787728405,0.0004015969411153286
fold_2,2058,reference,0.21628946225997292,0.2119709671647063,-0.0043184950952666334
fold_2,2059,reference,0.23458288434022367,0.2330666416708672,-0.0015162426693564879
fold_2,2060,reference,0.17802049052837732,0.17147920437804626,-0.00654128615033106
fold_2,2061,reference,0.16851159162450904,0.16450859739066312,-0.0040029942338459246
fold_2,2062,reference,0.12971264925802062,0.1251698277411651,-0.004542821516855505
fold_2,2063,reference,0.03182541196480677,0.0331243690076469,0.0012989570428401306
fold_2,2064,reference,0.09367606503898457,0.09339127358784356,-0.000284791451141006
fold_2,2065,reference,0.10292652845878797,0.10191448875179689,-0.001012039706991083
fold_2,2066,reference,0.06496114321802812,0.06244307905540172,-0.002518064162626399
fold_2,2067,reference,0.07346263618708672,0.08099554688355463,0.007532910696467915
fold_2,2068,reference,0.04041131331905611,0.037900176868718854,-0.0025111364503372577
fold_2,2069,reference,0.006156232783552978,0.00043199764136323996,-0.005724235142189738
fold_2,2070,reference,0.0034091390104844647,-0.003229760391706174,-0.006638899402190639
fold_2,2071,reference,-0.025241401731248583,-0.037264454822975565,-0.012023053091726982
fold_2,2072,reference,-0.1304438199037321,-0.13511160755420798,-0.004667787650475874
fold_2,2073,reference,-0.04128904089571839,-0.04607445600036464,-0.004785415104646251
fold_2,2074,reference,0.035573501740102674,0.02951939361433514,-0.006054108125767534
fold_2,2075,reference,0.1270388564008871,0.12038421415763548,-0.0066546422432516295
fold_2,2076,reference,0.2605961499460194,0.253675211319726,-0.006920938626293394
fold_2,2077,reference,0.1797575729826569,0.1767328480396333,-0.00302472494302361
fold_2,2078,reference,0.12163572399323748,0.11655004573763736,-0.005085678255600121
fold_2,2079,reference,0.10652505542767841,0.1023115353900334,-0.0042135200376450105
fold_2,2080,reference,0.14136615847016662,0.14053169822117054,-0.0008344602489960828
fold_2,2081,reference,0.03382168023407583,0.032639103760619174,-0.0011825764734566535
fold_2,2082,reference,0.15406640275423653,0.15471673758427495,0.0006503348300384293
fold_2,2083,reference,0.1218980712242307,0.12015545427965517,-0.0017426169445755313
fold_2,2084,reference,0.16378996078520627,0.1641014828090487,0.00031152202384243655
fold_2,2085,reference,0.18534796703552867,0.18757527030531915,0.0022273032697904815
fold_2,2086,reference,0.183375632796816,0.18487253160852393,0.0014968988117079196
fold_2,2087,reference,0.13248900349959558,0.1335494386627866,0.0010604351631910147
fold_2,2088,reference,0.27846456685471666,0.2802285916184078,0.001764024763691141
fold_2,2089,reference,0.213115108659045,0.20823957979629096,-0.004875528862754053
fold_2,2090,reference,0.2525873711990578,0.24478668623313754,-0.007800684965920235
fold_2,2091,reference,0.32945079176913855,0.32948882549769315,3.803372855459841e-05
fold_2,2092,reference,0.24699206081457734,0.25186195974067654,0.004869898926099209
fold_2,2093,reference,0.232024635340947,0.2296241427800257,-0.0024004925609213135
fold_2,2094,reference,0.22815275745596797,0.22752588159827444,-0.0006268758576935263
fold_2,2095,reference,0.22555395781115828,0.22333631721334563,-0.0022176405978126534
fold_2,2096,reference,0.2702459468155883,0.2758902599569503,0.005644313141362045
fold_2,2097,reference,0.24804386481540033,0.2509998748124644,0.002956009997064052
fold_2,2098,reference,0.2036889743993291,0.2004177817307275,-0.003271192668601597
fold_2,2099,reference,0.1896653748735113,0.1835868145184829,-0.0060785603550283784
fold_2,2100,reference,0.04098522279376134,0.03685794315820155,-0.00412727963555979
fold_2,2101,reference,0.018944109845488277,0.019180187550744177,0.00023607770525590002
fold_2,2102,reference,-0.014596366193936835,-0.025827545448952494,-0.011231179255015659
fold_2,2103,reference,-0.06783786359747832,-0.07890546279205324,-0.011067599194574923
fold_2,2104,reference,0.04669296609268375,0.03862186188303057,-0.00807110420965318
fold_2,2105,reference,0.10021749046923295,0.09558082082470334,-0.004636669644529606
fold_2,2106,reference,0.17110789962270806,0.16710095484116338,-0.004006944781544675
fold_2,2107,reference,0.21783036196413863,0.2159920242027007,-0.001838337761437936
fold_2,2108,reference,0.07132304036126809,0.06527362541630936,-0.006049414944958725
fold_2,2109,reference,0.08856965327002428,0.09023662033703052,0.0016669670670062392
fold_2,2110,reference,0.11111128322676593,0.10844995264761076,-0.0026613305791551717
fold_2,2111,reference,0.16104837529789848,0.1621684975216681,0.0011201222237696151
fold_2,2112,reference,0.13293940976045998,0.13398107160295494,0.001041661842494962
fold_2,2113,reference,0.20240504778842697,0.2030818146594312,0.0006767668710042363
fold_2,2114,reference,0.26586985940146096,0.2697558324270703,0.003885973025609335
fold_2,2115,reference,0.20051871925871373,0.20164392026228894,0.0011252010035752158
fold_2,2116,reference,0.24992638931075098,0.2494679523809586,-0.0004584369297923885
fold_2,2117,reference,0.26348848731639235,0.26376710236022916,0.00027861504383680513
fold_2,2118,reference,0.2050264835113293,0.20593528865594907,0.0009088051446197731
fold_2,2119,reference,0.15896287259665784,0.16098527745820992,0.002022404861552085
fold_2,2120,reference,0.21250679130545774,0.21030230109987047,-0.002204490205587273
fold_2,2121,reference,0.05186788211892239,0.04861741312751214,-0.003250468991410252
fold_2,2122,reference,0.02600386726791963,0.017851785863387676,-0.008152081404531955
fold_2,2123,reference,0.01755284604973104,0.007722826143410171,-0.009830019906320868
fold_2,2124,reference,0.07184046191609274,0.0663796452313636,-0.005460816684729142
fold_2,2125,reference,0.20096999605192686,0.20077871910846465,-0.00019127694346221524
fold_2,2126,reference,0.2510764511741024,0.2495976812350739,-0.0014787699390284847
fold_2,2127,reference,0.290370545075588,0.29435794809220844,0.003987403016620428
fold_2,2128,reference,0.3113421649233527,0.31312853485333736,0.0017863699299846547
fold_2,2129,reference,0.2707855125976862,0.27345243449316314,0.002666921895476959
fold_2,2130,reference,0.21903780710852128,0.21259877272937122,-0.006439034379150055
fold_2,2131,reference,0.24688088902220062,0.24325371652966352,-0.0036271724925371063
fold_2,2132,reference,0.21134992453739093,0.20503281625948716,-0.006317108277903771
fold_2,2133,reference,0.14117906684156076,0.13446907451672213,-0.006709992324838626
fold_2,2134,reference,0.10373683481206641,0.09910307583509173,-0.004633758976974683
fold_2,2135,reference,0.05981238514830679,0.050944363228051175,-0.008868021920255618
fold_2,2136,reference,0.08922457907074184,0.086586579909868,-0.002637999160873844
fold_2,2137,reference,0.17018756728921408,0.16739141394652823,-0.0027961533426858476
fold_2,2138,reference,0.09127543348397271,0.08660068785885287,-0.004674745625119839
fold_2,2139,reference,0.0472879344389537,0.040325942252320945,-0.006961992186632758
fold_2,2140,reference,0.02686164028394708,0.019623416883605582,-0.007238223400341498
fold_2,2141,reference,-0.02657058025608184,-0.03632567459844367,-0.009755094342361832
fold_2,2142,reference,-0.050237740916678215,-0.05531421503441081,-0.005076474117732592
fold_2,2143,reference,-0.026895219547801302,-0.025821096802514425,0.0010741227452868776
fold_2,2144,reference,-0.05361075057430224,-0.05525718908766112,-0.0016464385133588763
fold_2,2145,reference,0.0035164458452551874,-0.0029214439512491113,-0.006437889796504299
fold_2,2146,reference,0.014960485423507466,0.013805043923181326,-0.00115544150032614
fold_2,2147,reference,0.0029189998742669442,-0.0005648783226382376,-0.003483878196905182
fold_2,2148,reference,-0.05672545579286401,-0.06784792015065803,-0.011122464357794022
fold_2,2149,reference,-0.07942143750083909,-0.08651373673363215,-0.007092299232793059
fold_2,2150,reference,0.017807355480413328,0.014504545987610624,-0.0033028094928027035
fold_2,2151,reference,0.11089960398842634,0.11027849929597644,-0.0006211046924499003
fold_2,2152,reference,0.14839502962176698,0.14589037275009675,-0.00250465687167023
fold_2,2153,reference,0.10634260585350441,0.10200386271088814,-0.004338743142616272
fold_2,2154,reference,0.08021648258428511,0.07664582994623689,-0.003570652638048219
fold_2,2155,reference,0.022525677263756292,0.014578966501641966,-0.007946710762114326
fold_2,2156,reference,0.07011790860164469,0.06264203007801677,-0.00747587852362791
fold_2,2157,reference,0.07479194346891996,0.06586411053479549,-0.008927832934124469
fold_2,2158,reference,0.2070580240449235,0.201448548392321,-0.0056094756526025025
fold_2,2159,reference,0.22848428076070904,0.23235052198664055,0.003866241225931516
fold_2,2160,reference,0.21028536615433024,0.2147920475362255,0.00450668138189525
fold_2,2161,reference,0.1985673689826943,0.19259822168979351,-0.005969147292900795
fold_2,2162,reference,0.2195547140683442,0.21007065311623407,-0.00948406095211013
fold_2,2163,reference,0.11376098070707479,0.10113374514637313,-0.012627235560701652
fold_2,2164,reference,0.10175104484264764,0.09467754334240366,-0.007073501500243981
fold_2,2165,reference,0.009944624275251612,0.005359621748355082,-0.00458500252689653
fold_2,2166,reference,0.009850313710111247,0.005975044870609316,-0.003875268839501931
fold_2,2167,reference,-0.05069975137237929,-0.06101462275022451,-0.010314871377845224
fold_2,2168,reference,-0.012973882570699544,-0.018622827236948285,-0.005648944666248741
fold_2,2169,reference,0.10281896581783699,0.10752527573604924,0.004706309918212248
fold_2,2170,reference,0.09819857557731768,0.087276627925376,-0.010921947651941682
fold_2,2171,reference,0.07135183866642214,0.062085477260686264,-0.009266361405735876
fold_2,2172,reference,0.06216600183299328,0.05910568874332963,-0.0030603130896636466
fold_2,2173,reference,0.1764355562641751,0.175087855104197,-0.001347701159978093
fold_2,2174,reference,0.1467338693707536,0.1446624000280781,-0.0020714693426755193
fold_2,2175,reference,0.054663768735962084,0.05712699238822171,0.0024632236522596287
fold_2,2176,reference,0.0266152087069405,0.022639992399017334,-0.003975216307923166
fold_2,2177,reference,0.00690960245364462,0.004775550841267983,-0.002134051612376637
fold_2,2178,reference,0.006214491483018766,0.0027476769265228724,-0.003466814556495894
fold_2,2179,reference,-0.051612758995807924,-0.04897936807912855,0.0026333909166793706
fold_2,2180,reference,0.10767254130599031,0.1073138620209375,-0.0003586792850528153
fold_2,2181,reference,0.1710735651043095,0.17162627673572306,0.0005527116314135716
fold_2,2182,reference,0.11132650127989,0.11255744627291897,0.0012309449930289762
fold_2,2183,reference,0.15108387555150493,0.14868874275991792,-0.0023951327915870124
fold_2,2184,reference,0.22090020450392622,0.21293781790847682,-0.0079623865954494
fold_2,2185,reference,0.1493634400455732,0.1354828837830955,-0.013880556262477695
fold_2,2186,reference,0.11058414325362793,0.10446863479378175,-0.006115508459846181
fold_2,2187,reference,0.11489023274646747,0.10354517575487127,-0.0113450569915962
fold_2,2188,reference,0.12213317134692174,0.11212186133942907,-0.010011310007492669
fold_2,2189,reference,0.1213826491763568,0.1169650126848105,-0.004417636491546306
fold_2,2190,reference,0.1573888285562028,0.15327216522576695,-0.004116663330435838
fold_2,2191,reference,0.14163298658779003,0.14078324232292158,-0.0008497442648684461
fold_2,2192,reference,0.13326835529983908,0.13787884658905833,0.004610491289219254
fold_2,2193,reference,0.14203298460449343,0.14079504994966785,-0.0012379346548255787
fold_2,2194,reference,0.13773129616894447,0.14055848134399307,0.0028271851750485966
fold_2,2195,reference,0.12584146219818143,0.1281999790629013,0.0023585168647198562
fold_2,2196,reference,0.12026275253220035,0.11980722238498001,-0.0004555301472203427
fold_2,2197,reference,0.15556487952981732,0.1552280640784223,-0.0003368154513950228
fold_2,2198,reference,0.16315528943588475,0.15655429185345873,-0.006600997582426021
fold_2,2199,reference,0.18504913263879114,0.1721243249204881,-0.012924807718303039
fold_2,2200,reference,0.14342939074561356,0.135836671013314,-0.007592719732299552
fold_2,2201,reference,0.11513998367397983,0.10554136616582913,-0.009598617508150706
fold_2,2202,reference,0.11744946266782981,0.11687758491348857,-0.0005718777543412407
fold_2,2203,reference,0.1641830564205683,0.16265528413034838,-0.0015277722902199142
fold_2,2204,reference,0.10082829814888987,0.09923522118933639,-0.0015930769595534772
fold_2,2205,reference,0.0043373596878291945,-7.879199455557483e-05,-0.0044161516823847695
fold_2,2206,reference,-0.009488571356184309,-0.01583506883805687,-0.006346497481872562
fold_2,2207,reference,-0.004506919542217677,-0.019884738583180524,-0.015377819040962847
fold_2,2208,reference,-0.021361389673399164,-0.040686195946132216,-0.01932480627273305
fold_2,2209,reference,-0.02869564283230019,-0.04258428961616551,-0.013888646783865321
fold_2,2210,reference,0.04504493495925874,0.04612714825269514,0.0010822132934364057
fold_2,2211,reference,0.20145161520412344,0.20208661579400478,0.0006350005898813349
fold_2,2212,reference,0.21437071267925167,0.21140910393187465,-0.002961608747377026
fold_2,2213,reference,0.3062947835423114,0.3058709003421328,-0.0004238832001785542
fold_2,2214,reference,0.2056678464625702,0.1978319048311196,-0.0078359416314506
fold_2,2215,reference,0.05162346768995237,0.03752150492813312,-0.01410196276181925
fold_2,2216,reference,0.03914895073588779,0.043877386832062805,0.004728436096175015
fold_2,2217,reference,0.028869159727158717,0.012043128163963909,-0.01682603156319481
fold_2,2218,reference,-0.027808245719938878,-0.050211935738862706,-0.022403690018923828
fold_2,2219,reference,0.1345210821909235,0.13060789070727963,-0.003913191483643885
fold_2,2220,reference,0.0690170703658219,0.07349458958607777,0.004477519220255868
fold_2,2221,reference,0.10835988134160095,0.11199293809421648,0.003633056752615535
fold_2,2222,reference,0.15466296629867737,0.15305750914506128,-0.0016054571536160966
fold_2,2223,reference,0.14620095867825253,0.1412967492302628,-0.004904209447989721
fold_2,2224,reference,0.15306043072579428,0.15441713129098086,0.0013567005651865804
fold_2,2225,reference,0.17326214976219662,0.17615618141031344,0.0028940316481168293
fold_2,2226,reference,0.0754371757842728,0.06909906983836048,-0.006338105945912317
fold_2,2227,reference,0.08295937330297486,0.08631275129880488,0.0033533779958300203
fold_2,2228,reference,0.1513269285463206,0.14791841972088424,-0.0034085088254363627
fold_2,2229,reference,0.1848685301060739,0.18303409839564036,-0.0018344317104335428
fold_2,2230,reference,0.1407420056508673,0.14098913533319168,0.00024712968232437627
fold_2,2231,reference,0.24154790304040866,0.24480928247036635,0.0032613794299576893
fold_2,2232,reference,0.23170882895901512,0.23325180060762116,0.001542971648606034
fold_2,2233,reference,0.14951067765822657,0.14793240987709205,-0.0015782677811345125
fold_2,2234,reference,0.18528518093385102,0.1857885144559127,0.0005033335220616941
fold_2,2235,reference,0.30505660892339065,0.3068051404174039,0.0017485314940132723
fold_2,2236,reference,0.23682395722185526,0.23936228596919262,0.002538328747337365
fold_2,2237,reference,0.16379920795059996,0.15996152120772328,-0.0038376867428766837
fold_2,2238,reference,0.11489960991804701,0.11505826598002744,0.0001586560619804278
fold_2,2239,reference,0.1132555280084189,0.10601358513963455,-0.007241942868784351
fold_2,2240,reference,0.04666926409145745,0.04118809457576277,-0.0054811695156946755
fold_2,2241,reference,0.09234438844676392,0.12299328545290919,0.030648897006145273
fold_2,2242,reference,0.1626617275868098,0.15139431057573688,-0.011267417011072922
fold_2,2243,reference,0.21647244185707853,0.20967972930454037,-0.00679271255253816
fold_2,2244,reference,0.09827753402774767,0.09540723672268207,-0.0028702973050655917
fold_2,2245,reference,0.07582127359160662,0.07483928418614882,-0.000981989405457795
fold_2,2246,reference,0.1340054472437448,0.13686030032433885,0.0028548530805940497
fold_2,2247,reference,0.15345432077695903,0.157223712202045,0.0037693914250859772
fold_2,2248,reference,0.1810447197525191,0.18576401425654226,0.004719294504023169
fold_2,2249,reference,0.14957092345941367,0.15217099477266505,0.0026000713132513786
fold_2,2250,reference,0.1736164816335087,0.16533634914023737,-0.008280132493271336
fold_2,2251,reference,0.2548377239318501,0.2559747945138842,0.0011370705820341054
fold_2,2252,reference,0.13695096853105873,0.13017543647686108,-0.006775532054197647
fold_2,2253,reference,0.16742174200909166,0.1669865839566938,-0.0004351580523978549
fold_2,2254,reference,0.1809582286480009,0.1779378337882086,-0.0030203948597923025
fold_2,2255,reference,0.1755458333111197,0.17063749246810128,-0.004908340843018416
fold_2,2256,reference,0.06357879897575568,0.05982610958181883,-0.003752689393936845
fold_2,2257,reference,0.028923065215240965,0.026928006306639125,-0.0019950589086018405
fold_2,2258,reference,0.14738849173910293,0.14308368317999043,-0.0043048085591125
fold_2,2259,reference,0.12105793542349007,0.12229219443271633,0.00123425900922626
fold_2,2260,reference,0.14506923106271707,0.1496423282199236,0.004573097157206524
fold_2,2261,reference,0.15708172016621585,0.15451665179674717,-0.0025650683694686816
fold_2,2262,reference,0.1022556766042889,0.1003399453066948,-0.001915731297594106
fold_2,2263,reference,0.09007173477136679,0.08466854554760704,-0.0054031892237597495
fold_2,2264,reference,0.08872717491822196,0.09057445920263484,0.0018472842844128728
fold_2,2265,reference,0.058327022408354565,0.061302449893392064,0.002975427485037499
fold_2,2266,reference,0.13380840317925968,0.13469101336080413,0.000882610181544452
fold_2,2267,reference,0.14249198962396975,0.14739668917328894,0.004904699549319186
fold_2,2268,reference,0.15088903666294765,0.15069850183990102,-0.00019053482304662306
fold_2,2269,reference,0.1629951189968547,0.15594392044238836,-0.0070511985544663425
fold_2,2270,reference,0.15620104307482557,0.15280634154910833,-0.0033947015257172475
fold_2,2271,reference,0.1102766485218872,0.10758526088166555,-0.002691387640221657
fold_2,2272,reference,0.10561034428771586,0.10319272155730282,-0.0024176227304130438
fold_2,2273,reference,0.15144552856065144,0.1523356925115838,0.00089016395093236
fold_2,2274,reference,0.05627215248780165,0.05962680755776203,0.003354655069960376
fold_2,2275,reference,0.11693718640704881,0.11580568266637846,-0.0011315037406703504
fold_2,2276,reference,-0.04509830393014365,-0.04333831121262161,0.0017599927175220367
fold_2,2277,reference,0.00594109402883663,0.0029936175176765913,-0.002947476511160039
fold_2,2278,reference,0.015627509394750848,0.014167934490086466,-0.0014595749046643815
fold_2,2279,reference,0.16892640084611404,0.17101299047845397,0.0020865896323399302
fold_2,2280,reference,0.2187120800098345,0.21853445019488194,-0.00017762981495256236
fold_2,2281,reference,0.18051238215537133,0.17829664583577484,-0.002215736319596484
fold_2,2282,reference,0.23553639180862407,0.2376424342004776,0.0021060423918535243
fold_2,2283,reference,0.15963069314929862,0.15699026247673248,-0.002640430672566141
fold_2,2284,reference,-0.00289172069079319,-0.008143759681735153,-0.005252038990941963
fold_2,2285,reference,0.023294228620238364,0.030262368604024398,0.0069681399837860335
fold_2,2286,reference,0.021619608367319156,0.020858333120959104,-0.0007612752463600526
fold_2,2287,reference,-0.04962071981121582,-0.05907604617694395,-0.009455326365728135
fold_2,2288,reference,0.003369483627243657,0.0037464265733826913,0.0003769429461390342
fold_2,2289,reference,0.01606199536508529,0.012404229406267961,-0.0036577659588173297
fold_2,2290,reference,0.012213550117197039,0.008511094132638085,-0.003702455984558954
fold_2,2291,reference,0.109499327416486,0.11071763949927359,0.0012183120827875815
fold_2,2292,reference,0.10886216735892755,0.10641651686180101,-0.002445650497126542
fold_2,2293,reference,0.02876762468381938,0.00690724317475936,-0.02186038150906002
fold_2,2294,reference,0.01187849047988928,0.000634736803573669,-0.01124375367631561
fold_2,2295,reference,0.05313892021206418,0.03320149311755891,-0.019937427094505265
fold_2,2296,reference,0.08543222005548548,0.06949352851611425,-0.015938691539371233
fold_2,2297,reference,0.03329206500494409,0.01989611306507122,-0.01339595193987287
fold_2,2298,reference,0.13724720759705938,0.13924816852843847,0.002000960931379081
fold_2,2299,reference,0.22989849380150587,0.21815919450623775,-0.011739299295268124
fold_2,2300,reference,0.25888586102113076,0.2649678397404118,0.006081978719281067
fold_2,2301,reference,0.20567539816802635,0.18800977623137216,-0.01766562193665419
fold_2,2302,reference,0.13694907392396372,0.13070407901878933,-0.006244994905174384
fold_2,2303,reference,0.14640797004058,0.1385879874065301,-0.007819982634049899
fold_2,2304,reference,0.12605873335010964,0.12817999855922246,0.0021212652091128215
fold_2,2305,reference,0.13174966485315004,0.12947661390241366,-0.002273050950736377
fold_2,2306,reference,0.10860021507144826,0.111170989544592,0.0025707744731437304
fold_2,2307,reference,0.09157605967696565,0.08784356319281235,-0.0037324964841533026
fold_2,2308,reference,0.08018268899819701,0.07537173680431687,-0.004810952193880141
fold_2,2309,reference,-0.03899793108898226,-0.0430268302328908,-0.00402889914390854
fold_2,2310,reference,0.10216460907900787,0.10380007499067541,0.0016354659116675357
fold_2,2311,reference,0.08176709685593803,0.07415176527090035,-0.007615331585037674
fold_2,2312,reference,0.05432246665884645,0.04689692118146293,-0.00742554547738352
fold_2,2313,reference,0.12371565279737295,0.11753032642083593,-0.006185326376537029
fold_2,2314,reference,0.3161272905128151,0.3152149315994927,-0.0009123589133223642
fold_2,2315,reference,0.258859167737701,0.26302721809645757,0.004168050358756559
fold_2,2316,reference,0.23480425311651412,0.23332884953814956,-0.0014754035783645647
fold_2,2317,reference,0.2511685008216842,0.2476655562654064,-0.0035029445562777817
fold_2,2318,reference,0.3027232162333633,0.2966510006066096,-0.006072215626753696
fold_2,2319,reference,0.3130651877818705,0.31429565718544616,0.0012304694035756847
fold_2,2320,reference,0.3552462111486296,0.3549420647124939,-0.00030414643613568826
fold_2,2321,reference,0.36045794410748344,0.35543545113153524,-0.005022492975948201
fold_2,2322,reference,0.33117216830679586,0.34063112718637634,0.009458958879580481
fold_2,2323,reference,0.34748024677101563,0.3523877137041971,0.004907466933181448
fold_2,2324,reference,0.3494584544996298,0.35539954024379466,0.0059410857441648535
fold_2,2325,reference,0.18845324344248765,0.1910873038291784,0.0026340603866907564
fold_2,2326,reference,0.20860990609523947,0.20473738137305994,-0.0038725247221795267
fold_2,2327,reference,0.11293654883684195,0.11096669878001529,-0.0019698500568266636
fold_2,2328,reference,0.07826149407098068,0.07748067849358937,-0.0007808155773913056
fold_2,2329,reference,0.048670081788135235,0.04434223861079308,-0.004327843177342153
fold_2,2330,reference,0.09839674020766424,0.09431453923289887,-0.004082200974765374
fold_2,2331,reference,0.06777960652708759,0.06557471768399731,-0.00220488884309028
fold_2,2332,reference,0.15620134212402637,0.15702351275577825,0.000822170631751884
fold_2,2333,reference,0.13428968468906316,0.13019532169143072,-0.004094362997632439
fold_2,2334,reference,0.12703463440710736,0.13915637929839111,0.012121744891283759
fold_2,2335,reference,0.19453010026234874,0.1998610612460338,0.0053309609836850735
fold_2,2336,reference,0.20468603224738216,0.21293216979828242,0.008246137550900257
fold_2,2337,reference,0.1396554790801514,0.14135174047486812,0.0016962613947167082
fold_2,2338,reference,0.16428737170317434,0.16361768578230046,-0.0006696859208738803
fold_2,2339,reference,0.10423529871668055,0.10356773022211259,-0.0006675684945679633
fold_2,2340,reference,0.06547589938122925,0.049762809905608406,-0.01571308947562084
fold_2,2341,reference,0.0176673895501609,0.013477216453718696,-0.004190173096442205
fold_2,2342,reference,0.01542431998757628,-0.0010890650357265547,-0.016513385023302834
fold_2,2343,reference,0.06217270089881856,0.05139473777562758,-0.01077796312319098
fold_2,2344,reference,0.11702268013529729,0.11326725819796922,-0.003755421937328071
fold_2,2345,reference,0.12166541470697569,0.11875664329203983,-0.002908771414935854
fold_2,2346,reference,0.10273383559998338,0.10186939989487141,-0.0008644357051119655
fold_2,2347,reference,0.11614173645496866,0.11787637628233869,0.0017346398273700298
fold_2,2348,reference,0.18663412812677685,0.1841144469638117,-0.0025196811629651372
fold_2,2349,reference,0.12084118170946631,0.11247917789866232,-0.008362003810803986
fold_2,2350,reference,0.0812812777851422,0.07662553699437187,-0.00465574079077033
fold_2,2351,reference,0.06916113019054711,0.06936195445286189,0.00020082426231478323
fold_2,2352,reference,0.048047354097759225,0.0515456382122632,0.003498284114503973
fold_2,2353,reference,0.06437728006594526,0.06824550989362042,0.0038682298276751653
fold_2,2354,reference,0.06601658705057926,0.060118532375705476,-0.005898054674873789
fold_2,2355,reference,0.10808145295192909,0.11016067167880958,0.002079218726880494
fold_2,2356,reference,0.13695726866310673,0.13422693376981396,-0.002730334893292774
fold_2,2357,reference,0.1160513188022287,0.10872728566088913,-0.007324033141339573
fold_2,2358,reference,0.1680769952937852,0.1624042543456664,-0.005672740948118787
fold_2,2359,reference,0.11651214917701881,0.09935029103092599,-0.01716185814609282
fold_2,2360,reference,0.11198587287715715,0.10503814086811478,-0.006947732009042376
fold_2,2361,reference,-0.0391911063736607,-0.047925912484098145,-0.008734806110437442
fold_2,2362,reference,0.003499695898301236,-0.002217308257337684,-0.00571700415563892
fold_2,2363,reference,0.0064279224958161425,-0.0022428659918845187,-0.008670788487700662
fold_2,2364,reference,0.13891654326352668,0.13715289316808818,-0.001763650095438496
fold_2,2365,reference,0.0747401219352565,0.07144766238042283,-0.0032924595548336766
fold_2,2366,reference,0.08236023515043768,0.08128772788751297,-0.00107250726292471
fold_2,2367,reference,0.11227808042740532,0.10867577450428476,-0.003602305923120566
fold_2,2368,reference,0.11356764891648659,0.11323492197552812,-0.00033272694095846933
fold_2,2369,reference,0.032487487266458025,0.02965668839804102,-0.002830798868417004
fold_2,2370,reference,-0.06437502420273157,-0.06348236345907167,0.000892660743659901
fold_2,2371,reference,-0.05334002050271312,-0.05087578562056469,0.0024642348821484333
fold_2,2372,reference,-0.08235835427980898,-0.07308758131776315,0.009270772962045828
fold_2,2373,reference,-0.08579747118921055,-0.08279863377861632,0.0029988374105942295
fold_2,2374,reference,0.1371173587779438,0.13011013209346295,-0.007007226684480838
fold_2,2375,reference,0.18503247608363785,0.17875858898962532,-0.006273887094012526
fold_2,2376,reference,0.18586996502687028,0.17123494187671107,-0.014635023150159215
fold_2,2377,reference,0.20038483369888976,0.19502032839392142,-0.005364505304968348
fold_2,2378,reference,0.22028368034828033,0.21471674431797746,-0.005566936030302866
fold_2,2379,reference,0.11382342616847928,0.12194991424612206,0.008126488077642782
fold_2,2380,reference,0.2789715501439339,0.28433725154693906,0.005365701403005185
fold_2,2381,reference,0.33921460072379933,0.34756598305108327,0.00835138232728394
fold_2,2382,reference,0.28243364247662406,0.28387068062714704,0.0014370381505229846
fold_2,2383,reference,0.21801698996225619,0.21664491607500808,-0.0013720738872481097
fold_2,2384,reference,0.2246193068746288,0.2244563786622972,-0.00016292821233160337
fold_2,2385,reference,0.015342391775254018,0.008108311757777344,-0.007234080017476673
fold_2,2386,reference,0.11469906726133183,0.10572616041821076,-0.008972906843121076
fold_2,2387,reference,0.1435357191333476,0.13107281792331318,-0.012462901210034405
fold_2,2388,reference,0.1360027837803411,0.12556027039242557,-0.010442513387915547
fold_2,2389,reference,0.258608825762884,0.2571174987267772,-0.0014913270361068265
fold_2,2390,reference,0.3267820777812759,0.3247080986273294,-0.0020739791539464703
fold_2,2391,reference,0.32244466426457785,0.31271287916115365,-0.009731785103424206
fold_2,2392,reference,0.2779696884381964,0.2744942482215921,-0.003475440216604342
fold_2,2393,reference,0.25889541228658847,0.2530367484315418,-0.005858663855046686
fold_2,2394,reference,0.17667432134618213,0.16675927396895318,-0.009915047377228953
fold_2,2395,reference,0.10299234486524592,0.1028871692405621,-0.00010517562468381758
fold_2,2396,reference,0.11711952187843494,0.12427686454535446,0.007157342666919517
fold_2,2397,reference,0.08053864950696846,0.08544227045854734,0.0049036209515788826
fold_2,2398,reference,0.108875930217699,0.11027430912466729,0.0013983789069682978
fold_2,2399,reference,0.22794712674135265,0.23262583507221057,0.004678708330857928
fold_2,2400,reference,0.2827222086573877,0.2848287872519103,0.0021065785945226234
fold_2,2401,reference,0.31225699445953464,0.312569081622339,0.000312087162804342
fold_2,2402,reference,0.3538166768254336,0.35268669258589336,-0.0011299842395402493
fold_2,2403,reference,0.277919570519125,0.2765112215264941,-0.0014083489926309256
fold_2,2404,reference,0.3098992940167293,0.31120871201263817,0.0013094179959088903
fold_2,2405,reference,0.21580178886486542,0.212031693425412,-0.003770095439453419
fold_2,2406,reference,0.2266560669102722,0.22060138812620236,-0.006054678784069845
fold_2,2407,reference,0.19176675491215794,0.1915754417926302,-0.00019131311952774732
fold_2,2408,reference,0.1975126047691229,0.19870190741857574,0.001189302649452828
fold_2,2409,reference,0.15203304196546208,0.1496508380568689,-0.0023822039085931723
fold_2,2410,reference,0.208044120026683,0.21333988951750538,0.0052957694908223885
fold_2,2411,reference,0.20489071009827425,0.20038948747575894,-0.004501222622515316
fold_2,2412,reference,0.1106777959206145,0.11380635310774621,0.003128557187131717
fold_2,2413,reference,0.05466958369564159,0.05866186042923927,0.0039922767335976855
fold_2,2414,reference,0.09675387000194634,0.09921054386534249,0.0024566738633961527
fold_2,2415,reference,0.07859478746992668,0.07877216362003796,0.0001773761501112775
fold_2,2416,reference,0.04555649352084836,0.04821953612782956,0.002663042606981199
fold_2,2417,reference,0.07221792104572901,0.08324768214575519,0.01102976110002618
fold_2,2418,reference,0.07740798607959137,0.08261968447584116,0.005211698396249784
fold_2,2419,reference,0.03372119278776069,0.044752244220847164,0.011031051433086476
fold_2,2420,reference,0.06082758055860113,0.07657830646260497,0.015750725904003837
fold_2,2421,reference,0.10053502824591391,0.10652594410916266,0.00599091586324875
fold_2,2422,reference,0.07579023952155729,0.07851410606464669,0.0027238665430893982
fold_2,2423,reference,0.09776820551699662,0.11277035062598643,0.015002145108989812
fold_2,2424,reference,0.13022592989521248,0.1315075033711839,0.0012815734759714092
fold_2,2425,reference,0.093270325692907,0.08938054563648877,-0.0038897800564182267
fold_2,2426,reference,0.20428106898371273,0.2041734791893454,-0.00010758979436734095
fold_2,2427,reference,0.23642619585635233,0.23612894025399792,-0.0002972556023544126
fold_2,2428,reference,0.2626363548788003,0.26319595427855824,0.0005595993997579152
fold_2,2429,reference,0.24186544230676182,0.23835730616136752,-0.0035081361453943027
fold_2,2430,reference,0.26344261421600457,0.2520080556455458,-0.011434558570458775
fold_2,2431,reference,0.16545001687559138,0.15500676902570085,-0.010443247849890536
fold_3,2432,final,0.08914798284195433,0.08624273320825857,-0.002905249633695761
fold_3,2433,final,0.1785918509629641,0.17539602124249334,-0.0031958297204707498
fold_3,2434,final,0.22396502981779906,0.22499511362818667,0.0010300838103876053
fold_3,2435,final,0.13332229086727887,0.13402934633598287,0.0007070554687040043
fold_3,2436,final,0.21420196149298107,0.21290945986096607,-0.0012925016320149973
fold_3,2437,final,0.2760432371615728,0.27314777024434556,-0.002895466917227252
fold_3,2438,final,0.271428754213664,0.2690086945484244,-0.0024200596652396156
fold_3,2439,final,0.2648388233906629,0.26093003453752617,-0.003908788853136724
fold_3,2440,final,0.26725931719299667,0.2649522364768358,-0.0023070807161608697
fold_3,2441,final,0.1806761046477296,0.18296597323765654,0.002289868589926941
fold_3,2442,final,0.12233002351232145,0.123969453017759,0.0016394295054375507
fold_3,2443,final,0.11894496135251457,0.1163261174517536,-0.0026188439007609754
fold_3,2444,final,0.23199914205919026,0.22185552122193788,-0.01014362083725237
fold_3,2445,final,0.2506067187701544,0.23942081494215944,-0.011185903827994947
fold_3,2446,final,0.2800899876582162,0.27386887443447533,-0.0062211132237408595
fold_3,2447,final,0.2716731644902783,0.26121853074483353,-0.010454633745444752
fold_3,2448,final,0.23738404980788771,0.22806135758884258,-0.009322692219045137
fold_3,2449,final,0.026140178323383726,0.015462123069398028,-0.010678055253985698
fold_3,2450,final,0.05701436097221244,0.059565404741752495,0.0025510437695400526
fold_3,2451,final,-0.047775854709836724,-0.04751348646528458,0.00026236824455214136
fold_3,2452,final,-0.13447897693446448,-0.14452662867680785,-0.010047651742343372
fold_3,2453,final,-0.04613841429937844,-0.04147167790006929,0.004666736399309153
fold_3,2454,final,-0.13102252996500127,-0.12272940257146575,0.008293127393535521
fold_3,2455,final,-0.16344037641289266,-0.1562197577590735,0.00722061865381915
fold_3,2456,final,-0.11293859711601455,-0.11106566804392108,0.0018729290720934655
fold_3,2457,final,-0.19260613278614147,-0.190504930738555,0.002101202047586459
fold_3,2458,final,-0.1688362427392504,-0.16836400014242944,0.00047224259682096537
fold_3,2459,final,-0.04059912231939783,-0.04637191711123001,-0.005772794791832181
fold_3,2460,final,-0.025511932757958797,-0.030877087161691314,-0.005365154403732517
fold_3,2461,final,-0.022953446231957834,-0.02743079071318363,-0.0044773444812257965
fold_3,2462,final,0.07854096001228428,0.07624513249227177,-0.0022958275200125056
fold_3,2463,final,0.18326674424213268,0.18802025506146544,0.004753510819332757
fold_3,2464,final,0.22546731072895065,0.22535391234230248,-0.00011339838664817248
fold_3,2465,final,0.036984484899452996,0.03555097143618437,-0.0014335134632686292
fold_3,2466,final,-0.12646988289264624,-0.12617064429392322,0.00029923859872302283
fold_3,2467,final,-0.11309219938755992,-0.11019438135142022,0.002897818036139699
fold_3,2468,final,-0.005995423455296487,-0.0016307405964737245,0.004364682858822763
fold_3,2469,final,-0.005571756627912612,-0.0027417860282372354,0.002829970599675377
fold_3,2470,final,-0.027275833320006868,-0.030208019167973704,-0.002932185847966836
fold_3,2471,final,0.14919313577733415,0.15344097562399303,0.004247839846658885
fold_3,2472,final,0.2967926685125059,0.3046123945177332,0.00781972600522729
fold_3,2473,final,0.3696230383933518,0.37997749755546517,0.01035445916211336
fold_3,2474,final,0.42147454487947494,0.4226256912034229,0.0011511463239479713
fold_3,2475,final,0.4654068001099776,0.46596337243143127,0.0005565723214536744
fold_3,2476,final,0.25185508516984495,0.2525412788478388,0.0006861936779938294
fold_3,2477,final,0.17981321490057575,0.18032106401071463,0.0005078491101388749
fold_3,2478,final,0.14282863282881958,0.14409067808713522,0.001262045258315636
fold_3,2479,final,0.2551755102301259,0.254532309542842,-0.0006432006872839069
fold_3,2480,final,0.25426051591280335,0.24988245635988227,-0.0043780595529210875
fold_3,2481,final,0.30149842891272716,0.298487949645454,-0.0030104792672731584
fold_3,2482,final,0.32037178843086483,0.3217097746932716,0.0013379862624067762
fold_3,2483,final,0.1854903126390418,0.18564498757979697,0.00015467494075516175
fold_3,2484,final,0.12111530817734552,0.12224463077575183,0.0011293225984063127
fold_3,2485,final,0.13539406353187144,0.13080603010873265,-0.004588033423138793
fold_3,2486,final,0.157712091179978,0.1605995392096888,0.002887448029710804
fold_3,2487,final,0.08785267072212839,0.08769189278882861,-0.00016077793329978551
fold_3,2488,final,0.2024397090353235,0.2030972503934148,0.0006575413580913181
fold_3,2489,final,0.3151474923153804,0.31736231191054015,0.002214819595159734
fold_3,2490,final,0.21730591377844927,0.21615087143103842,-0.001155042347410845
fold_3,2491,final,0.274333204915953,0.2719658180089263,-0.002367386907026703
fold_3,2492,final,0.1815777054439773,0.1846124425491696,0.003034737105192281
fold_3,2493,final,0.24340968825084416,0.24173505955577015,-0.0016746286950740097
fold_3,2494,final,0.1868721252978496,0.1925535328624157,0.005681407564566088
fold_3,2495,final,0.15889558339568233,0.16341841351628583,0.004522830120603505
fold_3,2496,final,0.13312734027979212,0.13233560855895898,-0.0007917317208331331
fold_3,2497,final,0.13017179023119915,0.12849591598174565,-0.0016758742494535073
fold_3,2498,final,0.14564781762443557,0.14336149281163113,-0.002286324812804441
fold_3,2499,final,0.2625974399851809,0.2618198200435637,-0.0007776199416172358
fold_3,2500,final,0.14525584546654866,0.1425935805715052,-0.0026622648950434535
fold_3,2501,final,0.2076639845557425,0.2073616816324363,-0.00030230292330621356
fold_3,2502,final,0.26025824358162636,0.26078330790568505,0.0005250643240586883
fold_3,2503,final,0.2762733985473795,0.27651216530713235,0.0002387667597528731
fold_3,2504,final,0.373849695387477,0.37394010715381043,9.04117663334536e-05
fold_3,2505,final,0.3694609928279365,0.367128712688613,-0.0023322801393234616
fold_3,2506,final,0.3012070855447557,0.29189975082123093,-0.009307334723524796
fold_3,2507,final,0.2583068152598723,0.259947800326087,0.001640985066214684
fold_3,2508,final,0.1997607717594193,0.2027688214258714,0.0030080496664521006
fold_3,2509,final,0.06923959816579818,0.06665985920589677,-0.0025797389599014064
fold_3,2510,final,0.09551396708896492,0.10356340834541027,0.008049441256445342
fold_3,2511,final,0.0017215492179285844,0.007954145147742122,0.006232595929813537
fold_3,2512,final,-0.0022509296244336047,0.0026944193313667764,0.004945348955800381
fold_3,2513,final,0.01306256249342979,0.009663588293738565,-0.0033989741996912244
fold_3,2514,final,0.09376820728426666,0.09455775643007143,0.0007895491458047715
fold_3,2515,final,0.07595044445446464,0.08030952811661116,0.004359083662146518
fold_3,2516,final,0.09624618059419002,0.09656838906856281,0.00032220847437279543
fold_3,2517,final,0.12805761249859063,0.13298724066700077,0.004929628168410138
fold_3,2518,final,0.12704092845067036,0.12971760989928102,0.0026766814486106627
fold_3,2519,final,0.0695537154105139,0.07517531557646763,0.005621600165953727
fold_3,2520,final,0.09221905832260029,0.09018064035126556,-0.0020384179713347217
fold_3,2521,final,0.07164646394693923,0.07736542067979972,0.005718956732860492
fold_3,2522,final,0.11973568155635303,0.12655978281710667,0.00682410126075364
fold_3,2523,final,0.009960599047097377,0.013651597402781003,0.003690998355683626
fold_3,2524,final,0.011915490619295845,0.013343234380732434,0.0014277437614365895
fold_3,2525,final,0.10436799783416782,0.11004934503692253,0.005681347202754705
fold_3,2526,final,0.13450056818209424,0.14126708821568773,0.006766520033593487
fold_3,2527,final,0.07728689793408845,0.08108383075666029,0.003796932822571833
fold_3,2528,final,0.12401746294721715,0.1314197166138934,0.007402253666676253
fold_3,2529,final,0.08998524775003956,0.09062820116812537,0.0006429534180858038
fold_3,2530,final,0.05572483487503882,0.05628559927642893,0.000560764401390107
fold_3,2531,final,0.07781059551596266,0.07691536318380239,-0.0008952323321602673
fold_3,2532,final,0.06884679418778095,0.06944367311269842,0.0005968789249174711
fold_3,2533,final,0.1273671669166907,0.12040909899968742,-0.006958067917003277
fold_3,2534,final,0.1905181043575098,0.18949670542812494,-0.0010213989293848535
fold_3,2535,final,0.2437923822224777,0.24690951268840788,0.003117130465930179
fold_3,2536,final,0.28568312421690517,0.2855220289681194,-0.00016109524878576975
fold_3,2537,final,0.2738480829416957,0.268166748968153,-0.0056813339735427015
fold_3,2538,final,0.19668108342492444,0.19607618247090375,-0.0006049009540206873
fold_3,2539,final,0.1548655764710822,0.15219240359145375,-0.002673172879628455
fold_3,2540,final,0.18289193890345998,0.1832363997757856,0.0003444608723256193
fold_3,2541,final,0.12165657388794547,0.12082754377264636,-0.000829030115299112
fold_3,2542,final,0.161817827181407,0.1653857832575409,0.0035679560761339157
fold_3,2543,final,0.13532729354315765,0.13524896395001396,-7.832959314368892e-05
fold_3,2544,final,0.06942149633777783,0.06932023679374003,-0.00010125954403780724
fold_3,2545,final,0.16088326813858514,0.1564566616239919,-0.004426606514593229
fold_3,2546,final,0.20235217961924448,0.20082942924729044,-0.0015227503719540403
fold_3,2547,final,0.2251698354898338,0.22250285478092197,-0.0026669807089118314
fold_3,2548,final,0.3516189091734417,0.35783049611807227,0.006211586944630587
fold_3,2549,final,0.2760998073791271,0.27436748582324744,-0.0017323215558796567
fold_3,2550,final,0.2282997458605956,0.22901481750215047,0.0007150716415548763
fold_3,2551,final,0.21633617970496083,0.2125232170277149,-0.003812962677245929
fold_3,2552,final,0.22401926816695025,0.2201725634197255,-0.0038467047472247606
fold_3,2553,final,0.1881107872013026,0.18960353330358362,0.001492746102281034
fold_3,2554,final,0.1330229982769395,0.13366728697376073,0.0006442886968212325
fold_3,2555,final,0.14983805138806097,0.1569077707931464,0.0070697194050854395
fold_3,2556,final,0.12240840373188748,0.1279203870894435,0.0055119833575560245
fold_3,2557,final,0.09577688434571019,0.09793597652878605,0.0021590921830758614
fold_3,2558,final,0.1593702052090678,0.1579127022534157,-0.0014575029556521124
fold_3,2559,final,0.1658613859312295,0.1699230042871791,0.004061618355949592
fold_3,2560,final,0.13682549521841836,0.12751103180866302,-0.009314463409755336
fold_3,2561,final,0.09079498681455524,0.0826385269086831,-0.008156459905872132
fold_3,2562,final,0.05580529202558879,0.050523198701153384,-0.005282093324435404
fold_3,2563,final,-0.01903487272948174,-0.014167588119424644,0.004867284610057096
fold_3,2564,final,0.006563690158027261,0.010004444506430853,0.0034407543484035923
fold_3,2565,final,0.045833102533340594,0.052186996528833116,0.006353893995492521
fold_3,2566,final,0.0958407725562796,0.09665603020301687,0.0008152576467372746
fold_3,2567,final,0.10030594919494877,0.09899516838576505,-0.0013107808091837175
fold_3,2568,final,-0.012072300045039876,-0.014541687194959976,-0.0024693871499201006
fold_3,2569,final,0.053585959857001424,0.05627348058020568,0.002687520723204259
fold_3,2570,final,-0.11203762104968507,-0.10951329513206667,0.002524325917618392
fold_3,2571,final,0.003851236069901213,-0.0007187318771243381,-0.004569967947025551
fold_3,2572,final,-0.0299741518693915,-0.03533361601678876,-0.005359464147397262
fold_3,2573,final,0.09139853269520917,0.09130674507204567,-9.178762316350286e-05
fold_3,2574,final,-0.014836955824862148,-0.021394901010857514,-0.006557945185995366
fold_3,2575,final,0.09934534036452855,0.09937276274388415,2.7422379355601656e-05
fold_3,2576,final,0.0002896651155869429,-0.007211726292927041,-0.0075013914085139835
fold_3,2577,final,-0.032638224587180985,-0.03603766634012333,-0.0033994417529423435
fold_3,2578,final,-0.05142533403786204,-0.0601107964699378,-0.008685462432075755
fold_3,2579,final,-0.07473911109448339,-0.07661146668792106,-0.0018723555934376662
fold_3,2580,final,-0.06663919672369321,-0.06885984404882925,-0.0022206473251360354
fold_3,2581,final,-0.06540463527616942,-0.06344793309357083,0.0019567021825985936
fold_3,2582,final,0.022844255639131904,0.02150079983218168,-0.0013434558069502257
fold_3,2583,final,0.00043561629809813195,0.0019282036993074603,0.0014925874012093284
fold_3,2584,final,0.1387214516055169,0.13792723791293385,-0.0007942136925830623
fold_3,2585,final,0.16027239182445016,0.15979186067698545,-0.00048053114746471337
fold_3,2586,final,0.2019593846151303,0.20524134943480518,0.003281964819674882
fold_3,2587,final,0.2040303199084387,0.20189768405990896,-0.0021326358485297403
fold_3,2588,final,0.1907090499047797,0.1895278650318204,-0.00118118487295929
fold_3,2589,final,0.11255148724327063,0.11272134750054308,0.00016986025727244725
fold_3,2590,final,0.011274724301106515,0.014395914643194754,0.003121190342088239
fold_3,2591,final,-0.01763580967954049,-0.01697889220789682,0.0006569174716436685
fold_3,2592,final,-0.06148375579635066,-0.06081202947624679,0.0006717263201038715
fold_3,2593,final,-0.06657206225420101,-0.07003884720416055,-0.003466784949959542
fold_3,2594,final,-0.13315304831344066,-0.13263673570773837,0.0005163126057022849
fold_3,2595,final,-0.08821335637205316,-0.08300299213139987,0.005210364240653284
fold_3,2596,final,-0.033585220584666786,-0.029523110226725796,0.00406211035794099
fold_3,2597,final,0.06675614527203093,0.0718843669315364,0.005128221659505466
fold_3,2598,final,0.049120610181860716,0.05395148073583413,0.004830870553973417
fold_3,2599,final,0.22166328520506273,0.22320495441789687,0.0015416692128341347
fold_3,2600,final,0.18545551145353886,0.1919895888092583,0.006534077355719425
fold_3,2601,final,0.10204993602491867,0.10471733494204039,0.0026673989171217133
fold_3,2602,final,0.16802297430593335,0.1700569399974584,0.002033965691525058
fold_3,2603,final,0.11127517382764243,0.11128566840636694,1.0494578724512538e-05
fold_3,2604,final,0.10669950096652617,0.10707061214158628,0.0003711111750601126
fold_3,2605,final,0.1721524571002367,0.1686020536741323,-0.0035504034261043815
fold_3,2606,final,0.3044093247135128,0.2989796478068034,-0.005429676906709369
fold_3,2607,final,0.30363812796007394,0.3024708453149861,-0.0011672826450878637
fold_3,2608,final,0.3716289110941788,0.3745392184288663,0.002910307334687501
fold_3,2609,final,0.3874413508806566,0.39064864616987566,0.0032072952892190365
fold_3,2610,final,0.31398963168395916,0.31755662770035814,0.0035669960163989822
fold_3,2611,final,0.21046297113993154,0.21089053101283678,0.0004275598729052421
fold_3,2612,final,0.1253084839636754,0.12390865903291402,-0.0013998249307613647
fold_3,2613,final,0.1891047447626873,0.19023453034344548,0.0011297855807581858
fold_3,2614,final,0.2241034580702428,0.22397857386322856,-0.00012488420701423086
fold_3,2615,final,0.20492794648125065,0.20379190023527347,-0.0011360462459771847
fold_3,2616,final,0.19126927275672187,0.18575658067553827,-0.005512692081183601
fold_3,2617,final,0.2281021175932006,0.22488484170123657,-0.003217275891964022
fold_3,2618,final,0.19051836647953274,0.18578013327207207,-0.004738233207460668
fold_3,2619,final,0.1062671897000226,0.1056066599004441,-0.0006605297995784937
fold_3,2620,final,0.15081075047204412,0.15153591457613905,0.0007251641040949275
fold_3,2621,final,0.21276642967450746,0.2115694406191608,-0.0011969890553466533
fold_3,2622,final,0.027592591656251608,0.028258273643066777,0.0006656819868151691
fold_3,2623,final,0.06867897500432975,0.06699452919057391,-0.0016844458137558332
fold_3,2624,final,0.03579593550970775,0.037416427930270425,0.0016204924205626761
fold_3,2625,final,0.014614128927957692,0.0088339718338528,-0.005780157094104892
fold_3,2626,final,0.07328125004463847,0.069297826725834,-0.003983423318804469
fold_3,2627,final,0.0728155856169381,0.06945141634379577,-0.0033641692731423284
fold_3,2628,final,0.07470223861188617,0.059247376388330664,-0.015454862223555507
fold_3,2629,final,0.06660343808793448,0.055121722270192616,-0.011481715817741864
fold_3,2630,final,0.0815246743684936,0.07589252273237032,-0.005632151636123281
fold_3,2631,final,-0.0591889656432289,-0.0660497955620805,-0.006860829918851605
fold_3,2632,final,0.017404791287563014,0.01223841215596385,-0.005166379131599164
fold_3,2633,final,0.051156852099551925,0.04293093558115431,-0.008225916518397616
fold_3,2634,final,0.030497604242408743,0.031141473425339027,0.0006438691829302838
fold_3,2635,final,-0.04064528940968749,-0.038056987150164284,0.002588302259523209
fold_3,2636,final,-0.018707047651097174,-0.025468307836756042,-0.006761260185658868
fold_3,2637,final,-0.032523987307384414,-0.03834271139546976,-0.005818724088085349
fold_3,2638,final,-0.10081681384007825,-0.10635774625192772,-0.00554093241184947
fold_3,2639,final,-0.11287513262222118,-0.11865380871087977,-0.005778676088658591
fold_3,2640,final,0.011569212720860346,0.0055268964406056,-0.006042316280254746
fold_3,2641,final,0.09076805880876647,0.08645815717836527,-0.0043099016304011945
fold_3,2642,final,0.2877631929019264,0.2835014281299997,-0.004261764771926746
fold_3,2643,final,0.36766592722143404,0.37126075634655326,0.0035948291251192144
fold_3,2644,final,0.3934440249019134,0.4041237038791078,0.010679678977194407
fold_3,2645,final,0.3455594741808451,0.34763185337650665,0.0020723791956615556
fold_3,2646,final,0.3468776954227265,0.3505802955590004,0.0037026001362738814
fold_3,2647,final,0.11141202207914346,0.11592286436286273,0.004510842283719271
fold_3,2648,final,0.060061842673642195,0.06572687514423402,0.005665032470591823
fold_3,2649,final,0.05183608009741192,0.05211759520414581,0.00028151510673388863
fold_3,2650,final,0.02239561835679587,0.020960204198168377,-0.0014354141586274925
fold_3,2651,final,-0.05168747893685881,-0.04619748478473588,0.00548999415212293
fold_3,2652,final,-0.09343797166308161,-0.0868960754225847,0.0065418962404969055
fold_3,2653,final,-0.15527540950173932,-0.14895824822836468,0.006317161273374644
fold_3,2654,final,-0.18295846598158372,-0.1832709848769172,-0.00031251889533348565
fold_3,2655,final,-0.10635524521409043,-0.10603035568337829,0.0003248895307121358
fold_3,2656,final,-0.0951622464724697,-0.09863982485452205,-0.003477578382052357
fold_3,2657,final,-0.16919544970721095,-0.16901229906993417,0.00018315063727677994
fold_3,2658,final,-0.16225208634628446,-0.1618033060898259,0.00044878025645855857
fold_3,2659,final,0.039821041141324315,0.04286604224272355,0.003045001101399235
fold_3,2660,final,-0.01860970330533789,-0.015027774149785775,0.003581929155552114
fold_3,2661,final,0.015508850371774668,0.024548776783859173,0.009039926412084506
fold_3,2662,final,0.1827503006282802,0.19053551677587105,0.00778521614759084
fold_3,2663,final,0.2662165993724686,0.26695244565146226,0.000735846278993646
fold_3,2664,final,0.1620358051342516,0.16684847280791973,0.004812667673668142
fold_3,2665,final,0.16619964014978736,0.16475032269303533,-0.0014493174567520306
fold_3,2666,final,0.08472221953919416,0.08296694201219522,-0.001755277526998944
fold_3,2667,final,0.21304320427992474,0.20961061144723134,-0.0034325928326933985
fold_3,2668,final,0.09564565930950747,0.09190664609649508,-0.003739013213012385
fold_3,2669,final,0.2474371674620189,0.2473181726338654,-0.00011899482815350138
fold_3,2670,final,0.14491899297970265,0.14273021446664197,-0.0021887785130606796
fold_3,2671,final,0.14882061092153942,0.14611682081441854,-0.002703790107120879
fold_3,2672,final,-0.09717635679154588,-0.09244285240322514,0.004733504388320736
fold_3,2673,final,0.004527346397646828,-0.0001491961312947868,-0.004676542528941614
fold_3,2674,final,-0.03658536339543703,-0.02729035327885603,0.009295010116581005
fold_3,2675,final,-0.0700472578262513,-0.06746235810181452,0.00258489972443679
fold_3,2676,final,-0.07173934277772229,-0.0667427343142385,0.004996608463483793
fold_3,2677,final,-0.0073727513182498304,-0.005501398586542272,0.0018713527317075589
fold_3,2678,final,0.054752847731167835,0.059707908767770684,0.004955061036602849
fold_3,2679,final,0.053608332498273854,0.05542505665545626,0.0018167241571824047
fold_3,2680,final,-0.014963228299917872,-0.014034754248087106,0.0009284740518307657
fold_3,2681,final,-0.01005017134314612,-0.012593518341173848,-0.0025433469980277283
fold_3,2682,final,0.010451902073870858,0.011427807895156614,0.0009759058212857556
fold_3,2683,final,0.032067872394874,0.02766684578743496,-0.004401026607439039
fold_3,2684,final,-0.03053383294529453,-0.030497600678424556,3.623226686997466e-05
fold_3,2685,final,0.13859190073691507,0.13637340997545938,-0.0022184907614556937
fold_3,2686,final,0.11536806588274466,0.1001404280924669,-0.015227637790277762
fold_3,2687,final,-0.0505344418944793,-0.06548745075129025,-0.014953008856810952
fold_3,2688,final,-0.11490103235952741,-0.13643188221017857,-0.021530849850651165
fold_3,2689,final,-0.20251102129966858,-0.22451885578400424,-0.02200783448433566
fold_3,2690,final,-0.20984036256598929,-0.22036399392983308,-0.010523631363843794
fold_3,2691,final,-0.1396957941911576,-0.1334867654869033,0.006209028704254299
fold_3,2692,final,-0.05232724100924455,-0.05054417557601344,0.001783065433231111
fold_3,2693,final,0.12012582643456811,0.1177536631087984,-0.0023721633257697133
fold_3,2694,final,0.16039851748634523,0.1624431939611437,0.0020446764747984736
fold_3,2695,final,0.1632660300718606,0.16859606434623678,0.005330034274376172
fold_3,2696,final,-0.02624648682213861,-0.03165135013369312,-0.005404863311554511
fold_3,2697,final,-0.0020926324263844413,-0.007005895071056059,-0.004913262644671618
fold_3,2698,final,0.09712483135821297,0.09512231888682275,-0.0020025124713902165
fold_3,2699,final,0.1312352583024117,0.127770422103499,-0.003464836198912691
fold_3,2700,final,0.0017877503369026822,-0.0028993453786466767,-0.004687095715549359
fold_3,2701,final,-0.05967462334059234,-0.059322491341092604,0.0003521319994997385
fold_3,2702,final,-0.10494052826427058,-0.11548573520525067,-0.010545206940980087
fold_3,2703,final,0.048063019461686465,0.04318939773727634,-0.004873621724410124
fold_3,2704,final,0.14355793284649226,0.14884498165070956,0.0052870488042172925
fold_3,2705,final,0.308016293117539,0.31373309910294167,0.005716805985402695
fold_3,2706,final,0.34712304400289784,0.34707852895967634,-4.451504322150468e-05
fold_3,2707,final,0.3666918587443225,0.3698875034310288,0.0031956446867063004
fold_3,2708,final,0.28410229229369394,0.2788105057166334,-0.005291786577060531
fold_3,2709,final,0.23262922874574526,0.23164193164854385,-0.0009872970972014117
fold_3,2710,final,0.17890424509314648,0.18880707938585037,0.009902834292703888
fold_3,2711,final,0.3639553967981977,0.3707488029640918,0.006793406165894078
fold_3,2712,final,0.33927992027009535,0.3387465434723746,-0.0005333767977207526
fold_3,2713,final,0.2895938832775186,0.2965104553985781,0.0069165721210595055
fold_3,2714,final,0.250376283965265,0.24470056543961202,-0.00567571852565299
fold_3,2715,final,0.1826314678879527,0.18398523475256104,0.0013537668646083356
fold_3,2716,final,0.22638057007430032,0.22419707575026696,-0.0021834943240333637
fold_3,2717,final,0.22028642867713896,0.2230035827566659,0.00271715407952694
fold_3,2718,final,0.234106591149427,0.23930250406753523,0.005195912918108225
fold_3,2719,final,0.2356375606100692,0.24192900267891917,0.006291442068849962
fold_3,2720,final,0.2453746040266527,0.2491847930644557,0.0038101890378030023
fold_3,2721,final,0.16273363721079673,0.16471904033500914,0.001985403124212415
fold_3,2722,final,0.22569618194954436,0.2319038601115613,0.00620767816201695
fold_3,2723,final,0.1835033003713108,0.18612208894933926,0.002618788578028469
fold_3,2724,final,0.2429830804734081,0.24313425967780064,0.00015117920439253196
fold_3,2725,final,0.25157183215820594,0.2563792201637558,0.004807388005549862
fold_3,2726,final,0.11662943628069043,0.12327536400479341,0.006645927724102982
fold_3,2727,final,0.15316016368698854,0.15861789368909224,0.0054577300021037
fold_3,2728,final,0.22440123601582612,0.22419096934578583,-0.00021026667004028776
fold_3,2729,final,0.16092650321851146,0.1565524652709471,-0.004374037947564358
fold_3,2730,final,-0.005245693027281384,-0.0063882093413855845,-0.0011425163141042007
fold_3,2731,final,0.047475101712097394,0.03805988759428714,-0.009415214117810253
fold_3,2732,final,0.020053875825354162,0.02027701106176659,0.00022313523641242713
fold_3,2733,final,-0.035158909990816604,-0.037276591242126296,-0.0021176812513096915
fold_3,2734,final,0.11744516928584005,0.12467992216772364,0.007234752881883591
fold_3,2735,final,0.17321810896674736,0.1775250523307425,0.004306943363995147
fold_3,2736,final,0.14237333615954148,0.1408259874079303,-0.001547348751611194
fold_3,2737,final,0.12654649151881264,0.12423883006652517,-0.002307661452287474
fold_3,2738,final,0.058958010424158006,0.060364793576807234,0.0014067831526492283
fold_3,2739,final,0.003189131195157888,0.00012056417635701716,-0.003068567018800871
fold_3,2740,final,0.0017682798258895998,0.0014901364707839745,-0.00027814335510562525
fold_3,2741,final,-0.030382674836963462,-0.02462732634998403,0.005755348486979433
fold_3,2742,final,-0.029920495281745826,-0.0320827642641943,-0.0021622689824484717
fold_3,2743,final,0.037102926336569836,0.03940413203411601,0.002301205697546174
fold_3,2744,final,0.16589033127329403,0.16788537097705383,0.0019950397037598044
fold_3,2745,final,0.18707249706873835,0.18772660969042426,0.0006541126216859094
fold_3,2746,final,0.22866596079624535,0.2255986750399169,-0.0030672857563284472
fold_3,2747,final,0.21151227933468236,0.20749451102425853,-0.00401776831042383
fold_3,2748,final,0.14764153231546623,0.14536234063527462,-0.0022791916801916112
fold_3,2749,final,0.010264486398908331,0.009507018104878688,-0.0007574682940296434
fold_3,2750,final,-0.07473156754492247,-0.07558670234980838,-0.0008551348048859153
fold_3,2751,final,0.07495348051512361,0.07131256198356827,-0.0036409185315553483
fold_3,2752,final,-0.04218141485722916,-0.04350693468706295,-0.0013255198298337892
fold_3,2753,final,-0.10804394442296221,-0.10812383118088335,-7.988675792114375e-05
fold_3,2754,final,-0.02681322150888985,-0.018525805435299077,0.008287416073590771
fold_3,2755,final,-0.03758363935206474,-0.03847900355497197,-0.0008953642029072284
fold_3,2756,final,0.08247048468674537,0.08358024259005119,0.001109757903305822
fold_3,2757,final,0.08324758666568574,0.08402378223697159,0.0007761955712858454
fold_3,2758,final,0.08291427602092691,0.08273829036500513,-0.00017598565592177873
fold_3,2759,final,0.1839873057681009,0.1838165612481566,-0.00017074451994431028
fold_3,2760,final,0.24054212534350436,0.24369571665111187,0.003153591307607506
fold_3,2761,final,0.2596201052325567,0.26192384009614567,0.00230373486358898
fold_3,2762,final,0.19073271329849995,0.1985659284163295,0.007833215117829556
fold_3,2763,final,0.25292502015447565,0.2565069909155457,0.00358197076107003
fold_3,2764,final,0.2983774024443609,0.30066787073351187,0.002290468289150971
fold_3,2765,final,0.22491192702529883,0.22006391444006548,-0.004848012585233347
fold_3,2766,final,0.06268196574653523,0.059568109874221016,-0.0031138558723142126
fold_3,2767,final,0.02163414352030808,0.012164606794797453,-0.009469536725510626
fold_3,2768,final,0.10018124274514853,0.10019423519127046,1.2992446121934398e-05
fold_3,2769,final,0.04885047909753452,0.04699547449006397,-0.0018550046074705465
fold_3,2770,final,0.09647511150788035,0.09664760734001171,0.00017249583213135855
fold_3,2771,final,0.143270014529302,0.1452661461553579,0.0019961316260559137
fold_3,2772,final,0.20137809671781162,0.1964221292069319,-0.004955967510879733
fold_3,2773,final,0.12514855717081708,0.12190832290984609,-0.0032402342609709894
fold_3,2774,final,0.14986860841418204,0.14754283360000556,-0.002325774814176479
fold_3,2775,final,0.14764152242986306,0.1442097546804436,-0.0034317677494194454
fold_3,2776,final,0.06301516152208027,0.06037263579693053,-0.0026425257251497386
fold_3,2777,final,-0.025012165428006456,-0.028118001125179207,-0.0031058356971727513
fold_3,2778,final,-0.02200733346208356,-0.025481714755603242,-0.003474381293519683
fold_3,2779,final,0.08047072743576167,0.07498561223154629,-0.0054851152042153795
fold_3,2780,final,0.042893585438378345,0.040818020863485155,-0.0020755645748931906
fold_3,2781,final,0.025772235314873576,0.027435405948821087,0.001663170633947511
fold_3,2782,final,-0.005259848019278289,-0.010691743258270409,-0.0054318952389921194
fold_3,2783,final,0.022160981978941206,0.019371179463531563,-0.002789802515409643
fold_3,2784,final,0.022016397128769228,0.02183919960407883,-0.00017719752469039923
fold_3,2785,final,-0.12283432644912279,-0.12953362189638037,-0.006699295447257586
fold_3,2786,final,-0.08971860086472634,-0.09519801011487511,-0.005479409250148767
fold_3,2787,final,0.0017366776822153515,-0.009830203192821184,-0.011566880875036534
fold_3,2788,final,0.13045388841685565,0.12504940580402,-0.005404482612835659
fold_3,2789,final,0.13067419636322394,0.13067765959422672,3.463231002781564e-06
fold_3,2790,final,0.08700160262754703,0.08385507682902402,-0.003146525798523009
fold_3,2791,final,0.11491359239907643,0.11667174065978889,0.0017581482607124527
fold_3,2792,final,-0.03647006683750937,-0.03268451166044836,0.0037855551770610077
fold_3,2793,final,-0.2080844184980577,-0.2057868537684124,0.0022975647296452906
fold_3,2794,final,-0.2573683344315474,-0.2502774271247836,0.007090907306763761
fold_3,2795,final,-0.25160968578166737,-0.24593855552708524,0.00567113025458213
fold_3,2796,final,0.031370396459070984,0.03488339856545382,0.0035130021063828343
fold_3,2797,final,0.25761041540942775,0.2601809628627783,0.002570547453350558
fold_3,2798,final,0.36779079566223616,0.3673847369306575,-0.00040605873157867345
fold_3,2799,final,0.4273008989670688,0.4276536305252527,0.000352731558183883
fold_3,2800,final,0.39123623288364845,0.38992315244690134,-0.001313080436747105
fold_3,2801,final,0.3376370479246385,0.3341357351691597,-0.003501312755478825
fold_3,2802,final,0.21045368621445965,0.20404864726298064,-0.0064050389514790085
fold_3,2803,final,0.12635285289260825,0.12642120355463535,6.835066202709461e-05
fold_3,2804,final,0.11270749151166216,0.11025590462171558,-0.0024515868899465804
fold_3,2805,final,0.10244720289322543,0.09273315573782258,-0.009714047155402847
fold_3,2806,final,0.10174698204867069,0.09909541635770705,-0.002651565690963642
fold_3,2807,final,0.11231508718096919,0.11097808731223817,-0.001336999868731023
fold_3,2808,final,0.06539681109551475,0.06342297896584842,-0.001973832129666328
fold_3,2809,final,0.051851206553491076,0.05098757526482603,-0.0008636312886650468
fold_3,2810,final,-0.02565375078712074,-0.030571190181256994,-0.004917439394136254
fold_3,2811,final,0.05181955881551692,0.046696445848211934,-0.005123112967304985
fold_3,2812,final,0.04077649897711823,0.037196426706081955,-0.0035800722710362734
fold_3,2813,final,0.049831070204142194,0.04782267149310603,-0.002008398711036162
fold_3,2814,final,0.1572432583820985,0.164547810008885,0.007304551626786504
fold_3,2815,final,0.2669919142379528,0.2663797691339267,-0.0006121451040261294
fold_3,2816,final,0.24620786869099112,0.24957151210924688,0.003363643418255763
fold_3,2817,final,0.30809131322736033,0.3156752773618854,0.007583964134525056
fold_3,2818,final,0.2994077483038335,0.30773974001343507,0.008331991709601583
fold_3,2819,final,0.22182682083578192,0.23010137632720457,0.008274555491422642
fold_3,2820,final,0.1510964270831101,0.15252111030586119,0.0014246832227510775
fold_3,2821,final,0.13813464396736835,0.1421414699147301,0.004006825947361736
fold_3,2822,final,0.12686894328237566,0.1254528536518987,-0.0014160896304769577
fold_3,2823,final,0.1669927234286419,0.16715182685918686,0.00015910343054495457
fold_3,2824,final,0.21183423554470132,0.21040337676302154,-0.0014308587816797835
fold_3,2825,final,0.24554242944367802,0.245659960064257,0.00011753062057898167
fold_3,2826,final,0.24674369410645874,0.252462466669992,0.005718772563533259
fold_3,2827,final,0.30273814165473517,0.3046987819114753,0.0019606402567401426
fold_3,2828,final,0.23120892101921844,0.2315667632013766,0.0003578421821581468
fold_3,2829,final,0.12338494742060373,0.12027598355221862,-0.003108963868385106
fold_3,2830,final,0.12188975906798592,0.11523611051976441,-0.006653648548221508
fold_3,2831,final,0.04619582349136091,0.036769263260629646,-0.009426560230731261
fold_3,2832,final,0.007041992080161948,-0.003215970429591644,-0.010257962509753592
fold_3,2833,final,-0.0686982137194848,-0.07678897620974003,-0.008090762490255227
fold_3,2834,final,0.043178343316454273,0.03690822768622997,-0.006270115630224303
fold_3,2835,final,0.11102671923103744,0.1131717245597457,0.0021450053287082604
fold_3,2836,final,0.18472702574223784,0.18278894731385095,-0.0019380784283868913
fold_3,2837,final,0.29068850693379544,0.29364573564484764,0.0029572287110521955
fold_3,2838,final,0.3655725813201727,0.37402283107978307,0.008450249759610395
fold_3,2839,final,0.28572700225531394,0.28050103184804287,-0.005225970407271074
fold_3,2840,final,0.16147450399431565,0.16075580272960388,-0.0007187012647117685
fold_3,2841,final,0.05150798871953384,0.0480588427503696,-0.0034491459691642426
fold_3,2842,final,-0.049814181339731804,-0.05014336477163008,-0.0003291834318982778
fold_3,2843,final,-0.09235554071363192,-0.09440969830937183,-0.0020541575957399166
fold_3,2844,final,-0.05318078267398617,-0.05066807125007016,0.0025127114239160073
fold_3,2845,final,0.04602851307869683,0.04571064102489527,-0.00031787205380155725
fold_3,2846,final,0.06115009209707789,0.0646859273490473,0.0035358352519694047
fold_3,2847,final,0.007646056903688224,0.013846615307159879,0.006200558403471655
fold_3,2848,final,0.08916777329184375,0.09680349341237506,0.007635720120531306
fold_3,2849,final,0.1535880107908693,0.15569563853740545,0.0021076277465361393
fold_3,2850,final,0.10166555699131388,0.1039547452723062,0.002289188280992324
fold_3,2851,final,0.05287603482388333,0.0554010607553395,0.0025250259314561693
fold_3,2852,final,0.0036508076079140236,-0.0005720548746276296,-0.004222862482541653
fold_3,2853,final,-0.12810889906980394,-0.131788875575453,-0.003679976505649052
fold_3,2854,final,-0.1855726798288708,-0.19385284588543336,-0.008280166056562566
fold_3,2855,final,-0.21572182456562217,-0.22373831294121552,-0.00801648837559335
fold_3,2856,final,-0.175841432132832,-0.17974087824112633,-0.0038994461082943466
fold_3,2857,final,-0.07563106896133462,-0.07630704377197142,-0.0006759748106368035
fold_3,2858,final,0.09532699133045772,0.09217937179078325,-0.003147619539674462
fold_3,2859,final,0.1296774612620308,0.13245392896187055,0.0027764676998397464
fold_3,2860,final,0.17335309500460291,0.17241379297879403,-0.0009393020258088858
fold_3,2861,final,0.24514743204584827,0.24705845469381338,0.0019110226479651105
fold_3,2862,final,0.11835067382516289,0.11884161121870757,0.0004909373935446798
fold_3,2863,final,0.16463011066892433,0.16257950088735998,-0.00205060978156435
fold_3,2864,final,0.049240710638646414,0.044631645483558566,-0.004609065155087848
fold_3,2865,final,0.11173273969215987,0.10676595158287225,-0.00496678810928762
fold_3,2866,final,-0.019714895004507172,-0.02323108684449879,-0.0035161918399916163
fold_3,2867,final,0.08097310587389352,0.08249888509522368,0.0015257792213301674
fold_3,2868,final,0.037592031145765585,0.02827013231524564,-0.009321898830519947
fold_3,2869,final,-0.0171081745274277,-0.022900663068617672,-0.005792488541189973
fold_3,2870,final,-0.09912433865085045,-0.10500755888425047,-0.005883220233400016
fold_3,2871,final,-0.07706404103863648,-0.08325095829523836,-0.006186917256601879
fold_3,2872,final,-0.031747596937691004,-0.03894569697147064,-0.007198100033779638
fold_3,2873,final,0.07219077826712371,0.07050037338677924,-0.0016904048803444705
fold_3,2874,final,0.12234078426087198,0.12014802851723598,-0.0021927557436360046
fold_3,2875,final,0.13414298401727648,0.12533851413872035,-0.008804469878556126
fold_3,2876,final,0.2974573476496298,0.298791401869204,0.001334054219574221
fold_3,2877,final,0.30772013189417025,0.30746790567684373,-0.0002522262173265122
fold_3,2878,final,0.2913966793706174,0.28999409618011646,-0.0014025831905009611
fold_3,2879,final,0.2316709699186902,0.2233470320355526,-0.008323937883137622
fold_3,2880,final,0.2603038002777725,0.2616568343673273,0.0013530340895547832
fold_3,2881,final,0.20655425645246062,0.21165052271818965,0.005096266265729038
fold_3,2882,final,0.2025203316110132,0.20369326421657352,0.0011729326055603118
fold_3,2883,final,0.08871579531883493,0.08405673469226929,-0.004659060626565639
fold_3,2884,final,0.030560820423494374,0.02550446814172,-0.005056352281774375
fold_3,2885,final,0.009175287093749186,0.001713475132471291,-0.0074618119612778954
fold_3,2886,final,0.09091541062540903,0.09226420185542769,0.0013487912300186589
fold_3,2887,final,0.10972077544019627,0.10696340142176175,-0.0027573740184345247
fold_3,2888,final,0.16921551580190522,0.16749082887401526,-0.0017246869278899624
fold_3,2889,final,0.16577751467266635,0.16829583637128284,0.002518321698616488
fold_3,2890,final,0.17675961989542405,0.18169426660474142,0.00493464670931737
fold_3,2891,final,0.18541968974511672,0.1902285535673111,0.0048088638221943925
fold_3,2892,final,0.10271096054389486,0.10634601050911188,0.0036350499652170187
fold_3,2893,final,0.043040424456304543,0.048546463527342175,0.005506039071037631
fold_3,2894,final,0.04760240146070127,0.04249137855152991,-0.005111022909171363
fold_3,2895,final,0.04531918067969731,0.0457516982191677,0.00043251753947038535
fold_3,2896,final,-0.017714780785594537,-0.01771135058251428,3.4302030802561834e-06
fold_3,2897,final,0.0017757301082635564,-5.03957168631826e-05,-0.0018261258251267391
fold_3,2898,final,0.08205306551348399,0.07449346805724436,-0.007559597456239631
fold_3,2899,final,-0.01933266793256291,-0.028424041276351474,-0.009091373343788563
fold_3,2900,final,0.028047211161972892,0.024133054463248562,-0.00391415669872433
fold_3,2901,final,-0.01516985520776921,-0.02051021526008655,-0.005340360052317342
fold_3,2902,final,-0.00389014305953448,-0.013733201076293989,-0.009843058016759509
fold_3,2903,final,-0.06351270728080981,-0.07469834143728744,-0.011185634156477636
fold_3,2904,final,-0.03392543220029141,-0.03500787483526858,-0.001082442634977171
fold_3,2905,final,-0.06387781114805911,-0.06686110259131625,-0.0029832914432571384
fold_3,2906,final,-0.08933849957237618,-0.08880375459445812,0.0005347449779180558
fold_3,2907,final,-0.0670384701588055,-0.07127913913688934,-0.004240668978083839
fold_3,2908,final,-0.058925487840966545,-0.07332251277611426,-0.014397024935147718
fold_3,2909,final,-0.0328318931297021,-0.04311884342842717,-0.010286950298725075
fold_3,2910,final,0.026276080802892482,0.022609448097774074,-0.0036666327051184076
fold_3,2911,final,0.06996555656541967,0.06830278194286714,-0.0016627746225525292
fold_3,2912,final,0.026582278177602055,0.020697783329676554,-0.005884494847925501
fold_3,2913,final,-0.03738370977711359,-0.03471956970511361,0.0026641400719999778
fold_3,2914,final,-0.039159680858129,-0.04215827248847603,-0.0029985916303470264
fold_3,2915,final,-0.16620885722489595,-0.16821705144410964,-0.0020081942192136937
fold_3,2916,final,-0.09013664387357566,-0.09817609355176402,-0.008039449678188357
fold_3,2917,final,-0.06331751738113778,-0.0675053931233591,-0.00418787574222132
fold_3,2432,reference,0.08914798284195433,0.09104043666285731,0.0018924538209029867
fold_3,2433,reference,0.1785918509629641,0.17617238596161305,-0.00241946500135104
fold_3,2434,reference,0.22396502981779906,0.2273311949124558,0.003366165094656731
fold_3,2435,reference,0.13332229086727887,0.1328944323168951,-0.0004278585503837695
fold_3,2436,reference,0.21420196149298107,0.2124582040326359,-0.0017437574603451633
fold_3,2437,reference,0.2760432371615728,0.2736095740757457,-0.002433663085827098
fold_3,2438,reference,0.271428754213664,0.2696695861014914,-0.0017591681121726377
fold_3,2439,reference,0.2648388233906629,0.26069335715365316,-0.004145466237009732
fold_3,2440,reference,0.26725931719299667,0.26691891518269834,-0.00034040201029833517
fold_3,2441,reference,0.1806761046477296,0.1834621981200948,0.002786093472365192
fold_3,2442,reference,0.12233002351232145,0.12446221143904303,0.002132187926721582
fold_3,2443,reference,0.11894496135251457,0.11363943795253134,-0.0053055233999832335
fold_3,2444,reference,0.23199914205919026,0.2225005806954929,-0.009498561363697366
fold_3,2445,reference,0.2506067187701544,0.23783444327406336,-0.012772275496091029
fold_3,2446,reference,0.2800899876582162,0.2762388782980558,-0.003851109360160365
fold_3,2447,reference,0.2716731644902783,0.26104206730509916,-0.010631097185179128
fold_3,2448,reference,0.23738404980788771,0.2285413091164571,-0.008842740691430623
fold_3,2449,reference,0.026140178323383726,0.015057972630548906,-0.01108220569283482
fold_3,2450,reference,0.05701436097221244,0.062950148807921,0.005935787835708563
fold_3,2451,reference,-0.047775854709836724,-0.04338880133389748,0.004387053375939247
fold_3,2452,reference,-0.13447897693446448,-0.1322882462545091,0.0021907306799553716
fold_3,2453,reference,-0.04613841429937844,-0.04072722956667762,0.005411184732700823
fold_3,2454,reference,-0.13102252996500127,-0.12130815846449396,0.009714371500507316
fold_3,2455,reference,-0.16344037641289266,-0.1570547375357549,0.00638563887713775
fold_3,2456,reference,-0.11293859711601455,-0.1121960139688625,0.0007425831471520455
fold_3,2457,reference,-0.19260613278614147,-0.19041227464739516,0.002193858138746313
fold_3,2458,reference,-0.1688362427392504,-0.1699396300109746,-0.0011033872717241822
fold_3,2459,reference,-0.04059912231939783,-0.045350837780976205,-0.004751715461578376
fold_3,2460,reference,-0.025511932757958797,-0.03232665955314846,-0.006814726795189661
fold_3,2461,reference,-0.022953446231957834,-0.026841805755846108,-0.003888359523888274
fold_3,2462,reference,0.07854096001228428,0.07579990566523655,-0.0027410543470477305
fold_3,2463,reference,0.18326674424213268,0.18605236061872513,0.0027856163765924424
fold_3,2464,reference,0.22546731072895065,0.22346778529131736,-0.0019995254376332927
fold_3,2465,reference,0.036984484899452996,0.03353543785276986,-0.0034490470466831333
fold_3,2466,reference,-0.12646988289264624,-0.12399679469890809,0.002473088193738149
fold_3,2467,reference,-0.11309219938755992,-0.11371300832797165,-0.0006208089404117351
fold_3,2468,reference,-0.005995423455296487,-0.004566629284885621,0.0014287941704108657
fold_3,2469,reference,-0.005571756627912612,0.0012645032611353763,0.006836259889047989
fold_3,2470,reference,-0.027275833320006868,-0.029807241796728414,-0.0025314084767215465
fold_3,2471,reference,0.14919313577733415,0.15043354854083155,0.0012404127634974005
fold_3,2472,reference,0.2967926685125059,0.29988306672931186,0.0030903982168059563
fold_3,2473,reference,0.3696230383933518,0.38067795536521476,0.01105491697186295
fold_3,2474,reference,0.42147454487947494,0.4189581052622865,-0.0025164396171884484
fold_3,2475,reference,0.4654068001099776,0.4653546054478089,-5.2194662168714157e-05
fold_3,2476,reference,0.25185508516984495,0.2512371335587729,-0.0006179516110720318
fold_3,2477,reference,0.17981321490057575,0.1811595483623,0.0013463334617242473
fold_3,2478,reference,0.14282863282881958,0.14603359470113958,0.00320496187232
fold_3,2479,reference,0.2551755102301259,0.2520384603851034,-0.0031370498450224993
fold_3,2480,reference,0.25426051591280335,0.2508603373850664,-0.003400178527736941
fold_3,2481,reference,0.30149842891272716,0.2968854274669943,-0.004613001445732845
fold_3,2482,reference,0.32037178843086483,0.3207576096411976,0.0003858212103327596
fold_3,2483,reference,0.1854903126390418,0.18329606734069662,-0.0021942452983451932
fold_3,2484,reference,0.12111530817734552,0.1225131214862326,0.0013978133088870803
fold_3,2485,reference,0.13539406353187144,0.12983285693823204,-0.005561206593639401
fold_3,2486,reference,0.157712091179978,0.16110769365037927,0.003395602470401271
fold_3,2487,reference,0.08785267072212839,0.0893426799477972,0.0014900092256688036
fold_3,2488,reference,0.2024397090353235,0.20313734975113792,0.0006976407158144349
fold_3,2489,reference,0.3151474923153804,0.32012359014655717,0.004976097831176751
fold_3,2490,reference,0.21730591377844927,0.21775531699860173,0.0004494032201524667
fold_3,2491,reference,0.274333204915953,0.2726292191415041,-0.0017039857744488573
fold_3,2492,reference,0.1815777054439773,0.18575171830498113,0.0041740128610038285
fold_3,2493,reference,0.24340968825084416,0.2414473491516117,-0.001962339099232463
fold_3,2494,reference,0.1868721252978496,0.19114539071120296,0.00427326541335335
fold_3,2495,reference,0.15889558339568233,0.16449371880917407,0.005598135413491745
fold_3,2496,reference,0.13312734027979212,0.13405924296927682,0.0009319026894847038
fold_3,2497,reference,0.13017179023119915,0.12806264666814485,-0.0021091435630543054
fold_3,2498,reference,0.14564781762443557,0.1433780951777157,-0.002269722446719885
fold_3,2499,reference,0.2625974399851809,0.26095980134901553,-0.001637638636165395
fold_3,2500,reference,0.14525584546654866,0.1429697477333529,-0.002286097733195769
fold_3,2501,reference,0.2076639845557425,0.2106314874511231,0.002967502895380586
fold_3,2502,reference,0.26025824358162636,0.2612186471239619,0.0009604035423355639
fold_3,2503,reference,0.2762733985473795,0.2776629118263893,0.0013895132790098241
fold_3,2504,reference,0.373849695387477,0.3710319427133805,-0.002817752674096452
fold_3,2505,reference,0.3694609928279365,0.3665941365280786,-0.0028668562998578895
fold_3,2506,reference,0.3012070855447557,0.28457439005542096,-0.01663269548933477
fold_3,2507,reference,0.2583068152598723,0.2590730344871759,0.0007662192273035773
fold_3,2508,reference,0.1997607717594193,0.20210975728496336,0.0023489855255440506
fold_3,2509,reference,0.06923959816579818,0.06907808549250462,-0.00016151267329356234
fold_3,2510,reference,0.09551396708896492,0.10801384912146217,0.012499882032497245
fold_3,2511,reference,0.0017215492179285844,0.010734116175271622,0.009012566957343038
fold_3,2512,reference,-0.0022509296244336047,0.0018302428294412157,0.004081172453874821
fold_3,2513,reference,0.01306256249342979,0.010741570568041606,-0.002320991925388184
fold_3,2514,reference,0.09376820728426666,0.09287204508169562,-0.0008961622025710353
fold_3,2515,reference,0.07595044445446464,0.08133542547807697,0.005384981023612331
fold_3,2516,reference,0.09624618059419002,0.09791103900031552,0.0016648584061254995
fold_3,2517,reference,0.12805761249859063,0.12907013439094148,0.0010125218923508483
fold_3,2518,reference,0.12704092845067036,0.1308781086287394,0.0038371801780690273
fold_3,2519,reference,0.0695537154105139,0.07766621729594118,0.008112501885427281
fold_3,2520,reference,0.09221905832260029,0.08889081301964605,-0.0033282453029542386
fold_3,2521,reference,0.07164646394693923,0.07767823164982263,0.006031767702883398
fold_3,2522,reference,0.11973568155635303,0.12597232854582027,0.006236646989467243
fold_3,2523,reference,0.009960599047097377,0.012346906481970267,0.00238630743487289
fold_3,2524,reference,0.011915490619295845,0.012289687993915067,0.0003741973746192225
fold_3,2525,reference,0.10436799783416782,0.11051689863173521,0.006148900797567386
fold_3,2526,reference,0.13450056818209424,0.1412609900233252,0.0067604218412309625
fold_3,2527,reference,0.07728689793408845,0.0811063477294155,0.003819449795327043
fold_3,2528,reference,0.12401746294721715,0.13239163701569176,0.008374174068474613
fold_3,2529,reference,0.08998524775003956,0.0933862406523229,0.003400992902283337
fold_3,2530,reference,0.05572483487503882,0.05554246260745397,-0.0001823722675848502
fold_3,2531,reference,0.07781059551596266,0.07640032100145362,-0.0014102745145090356
fold_3,2532,reference,0.06884679418778095,0.06855178358162398,-0.00029501060615697017
fold_3,2533,reference,0.1273671669166907,0.1212999514955607,-0.006067215421129993
fold_3,2534,reference,0.1905181043575098,0.1890152906426895,-0.0015028137148203058
fold_3,2535,reference,0.2437923822224777,0.24637882816227932,0.002586445939801618
fold_3,2536,reference,0.28568312421690517,0.28616026260932403,0.00047713839241886324
fold_3,2537,reference,0.2738480829416957,0.26780512510902826,-0.0060429578326674505
fold_3,2538,reference,0.19668108342492444,0.19426537319644133,-0.002415710228483109
fold_3,2539,reference,0.1548655764710822,0.1508468817337316,-0.004018694737350614
fold_3,2540,reference,0.18289193890345998,0.18238367147707085,-0.0005082674263891251
fold_3,2541,reference,0.12165657388794547,0.12172103444606382,6.44605581183455e-05
fold_3,2542,reference,0.161817827181407,0.16377997184337842,0.001962144661971421
fold_3,2543,reference,0.13532729354315765,0.1320567790452385,-0.0032705144979191525
fold_3,2544,reference,0.06942149633777783,0.06426659407157016,-0.00515490226620767
fold_3,2545,reference,0.16088326813858514,0.15264954866251357,-0.008233719476071572
fold_3,2546,reference,0.20235217961924448,0.19841172823826114,-0.00394045138098334
fold_3,2547,reference,0.2251698354898338,0.22214220870137907,-0.0030276267884547237
fold_3,2548,reference,0.3516189091734417,0.3571824720866486,0.005563562913206921
fold_3,2549,reference,0.2760998073791271,0.2708170762292263,-0.005282731149900799
fold_3,2550,reference,0.2282997458605956,0.22936504772297467,0.0010653018623790755
fold_3,2551,reference,0.21633617970496083,0.21242128479719327,-0.003914894907767558
fold_3,2552,reference,0.22401926816695025,0.22051841158687946,-0.0035008565800707936
fold_3,2553,reference,0.1881107872013026,0.18920019216303632,0.0010894049617337365
fold_3,2554,reference,0.1330229982769395,0.13326062752785672,0.00023762925091722065
fold_3,2555,reference,0.14983805138806097,0.15627146442718814,0.006433413039127173
fold_3,2556,reference,0.12240840373188748,0.1285419532361107,0.006133549504223221
fold_3,2557,reference,0.09577688434571019,0.09743360891712209,0.0016567245714119022
fold_3,2558,reference,0.1593702052090678,0.15784771487780017,-0.0015224903312676397
fold_3,2559,reference,0.1658613859312295,0.17652745406700265,0.010666068135773143
fold_3,2560,reference,0.13682549521841836,0.1291650816875886,-0.007660413530829746
fold_3,2561,reference,0.09079498681455524,0.07982458000048953,-0.010970406814065706
fold_3,2562,reference,0.05580529202558879,0.04814941307984397,-0.007655878945744821
fold_3,2563,reference,-0.01903487272948174,-0.020451642430326728,-0.001416769700844988
fold_3,2564,reference,0.006563690158027261,0.005329566559860209,-0.0012341235981670516
fold_3,2565,reference,0.045833102533340594,0.043212835299561075,-0.002620267233779519
fold_3,2566,reference,0.0958407725562796,0.09619373574609383,0.0003529631898142316
fold_3,2567,reference,0.10030594919494877,0.0997794123192752,-0.0005265368756735694
fold_3,2568,reference,-0.012072300045039876,-0.016441479113842663,-0.004369179068802787
fold_3,2569,reference,0.053585959857001424,0.05624869874830359,0.002662738891302169
fold_3,2570,reference,-0.11203762104968507,-0.11092853182084825,0.0011090892288368182
fold_3,2571,reference,0.003851236069901213,-0.0036297326156050766,-0.00748096868550629
fold_3,2572,reference,-0.0299741518693915,-0.03583678364195342,-0.005862631772561917
fold_3,2573,reference,0.09139853269520917,0.09202783357832763,0.0006293008831184527
fold_3,2574,reference,-0.014836955824862148,-0.026331670481093205,-0.011494714656231057
fold_3,2575,reference,0.09934534036452855,0.09691429904452546,-0.0024310413200030884
fold_3,2576,reference,0.0002896651155869429,-0.00831244192281406,-0.008602107038401002
fold_3,2577,reference,-0.032638224587180985,-0.039762859065288335,-0.00712463447810735
fold_3,2578,reference,-0.05142533403786204,-0.06297585837373917,-0.011550524335877131
fold_3,2579,reference,-0.07473911109448339,-0.08180859520780544,-0.007069484113322047
fold_3,2580,reference,-0.06663919672369321,-0.07073105533586979,-0.004091858612176577
fold_3,2581,reference,-0.06540463527616942,-0.06556756802813665,-0.00016293275196722912
fold_3,2582,reference,0.022844255639131904,0.01902301344924197,-0.003821242189889936
fold_3,2583,reference,0.00043561629809813195,0.0006628411895060998,0.00022722489140796783
fold_3,2584,reference,0.1387214516055169,0.13789081748840612,-0.00083063411711079
fold_3,2585,reference,0.16027239182445016,0.15751678422938659,-0.002755607595063575
fold_3,2586,reference,0.2019593846151303,0.2033948600781529,0.0014354754630226119
fold_3,2587,reference,0.2040303199084387,0.20282721008131857,-0.0012031098271201301
fold_3,2588,reference,0.1907090499047797,0.18959670593130673,-0.0011123439734729568
fold_3,2589,reference,0.11255148724327063,0.11314789569768327,0.0005964084544126391
fold_3,2590,reference,0.011274724301106515,0.013418816769266638,0.0021440924681601237
fold_3,2591,reference,-0.01763580967954049,-0.018422350738890182,-0.0007865410593496935
fold_3,2592,reference,-0.06148375579635066,-0.06164597770422811,-0.0001622219078774509
fold_3,2593,reference,-0.06657206225420101,-0.07072672459312049,-0.004154662338919479
fold_3,2594,reference,-0.13315304831344066,-0.13662574776395872,-0.003472699450518063
fold_3,2595,reference,-0.08821335637205316,-0.08586800434569267,0.002345352026360492
fold_3,2596,reference,-0.033585220584666786,-0.03041296862273546,0.003172251961931327
fold_3,2597,reference,0.06675614527203093,0.07245929739758801,0.005703152125557082
fold_3,2598,reference,0.049120610181860716,0.05219788269623953,0.0030772725143788163
fold_3,2599,reference,0.22166328520506273,0.22448942544852116,0.002826140243458425
fold_3,2600,reference,0.18545551145353886,0.1889085599839066,0.003453048530367736
fold_3,2601,reference,0.10204993602491867,0.10330557723473147,0.001255641209812794
fold_3,2602,reference,0.16802297430593335,0.1696681734151629,0.001645199109229556
fold_3,2603,reference,0.11127517382764243,0.10899140816447331,-0.002283765663169124
fold_3,2604,reference,0.10669950096652617,0.10320557108447963,-0.0034939298820465398
fold_3,2605,reference,0.1721524571002367,0.16861781156265018,-0.003534645537586506
fold_3,2606,reference,0.3044093247135128,0.2999527465578667,-0.004456578155646096
fold_3,2607,reference,0.30363812796007394,0.3033867677033688,-0.0002513602567051354
fold_3,2608,reference,0.3716289110941788,0.37350475823763324,0.0018758471434544566
fold_3,2609,reference,0.3874413508806566,0.39126547993745303,0.0038241290567964104
fold_3,2610,reference,0.31398963168395916,0.31894359759271346,0.004953965908754299
fold_3,2611,reference,0.21046297113993154,0.21054169783344925,7.872669351771666e-05
fold_3,2612,reference,0.1253084839636754,0.12444574099216459,-0.000862742971510802
fold_3,2613,reference,0.1891047447626873,0.19081584570868534,0.0017111009459980508
fold_3,2614,reference,0.2241034580702428,0.22556234293364774,0.0014588848634049523
fold_3,2615,reference,0.20492794648125065,0.20438516624423583,-0.0005427802370148171
fold_3,2616,reference,0.19126927275672187,0.18617348211953222,-0.005095790637189651
fold_3,2617,reference,0.2281021175932006,0.2247697072386595,-0.003332410354541099
fold_3,2618,reference,0.19051836647953274,0.18564503382624198,-0.004873332653290763
fold_3,2619,reference,0.1062671897000226,0.10426856102057244,-0.001998628679450151
fold_3,2620,reference,0.15081075047204412,0.15122729205957774,0.00041654158753362536
fold_3,2621,reference,0.21276642967450746,0.21180902420858078,-0.0009574054659266806
fold_3,2622,reference,0.027592591656251608,0.025897529402874132,-0.001695062253377476
fold_3,2623,reference,0.06867897500432975,0.06716683266340231,-0.0015121423409274332
fold_3,2624,reference,0.03579593550970775,0.037339864616043,0.0015439291063352525
fold_3,2625,reference,0.014614128927957692,0.008972266942403363,-0.005641861985554329
fold_3,2626,reference,0.07328125004463847,0.06979371025771412,-0.003487539786924343
fold_3,2627,reference,0.0728155856169381,0.06869885636143644,-0.004116729255501661
fold_3,2628,reference,0.07470223861188617,0.053777608299792015,-0.020924630312094156
fold_3,2629,reference,0.06660343808793448,0.053270621042922774,-0.013332817045011706
fold_3,2630,reference,0.0815246743684936,0.07486770706275363,-0.006656967305739975
fold_3,2631,reference,-0.0591889656432289,-0.06667330055454034,-0.007484334911311438
fold_3,2632,reference,0.017404791287563014,0.012684374315158101,-0.004720416972404913
fold_3,2633,reference,0.051156852099551925,0.04262740789040989,-0.008529444209142034
fold_3,2634,reference,0.030497604242408743,0.03035989495363339,-0.00013770928877535407
fold_3,2635,reference,-0.04064528940968749,-0.03929015019032776,0.00135513921935973
fold_3,2636,reference,-0.018707047651097174,-0.023121203628087797,-0.004414155976990623
fold_3,2637,reference,-0.032523987307384414,-0.040849338847196805,-0.008325351539812391
fold_3,2638,reference,-0.10081681384007825,-0.10792006703833992,-0.007103253198261675
fold_3,2639,reference,-0.11287513262222118,-0.1206918479387571,-0.007816715316535924
fold_3,2640,reference,0.011569212720860346,0.0045405865960556485,-0.0070286261248046975
fold_3,2641,reference,0.09076805880876647,0.08527806616754471,-0.005489992641221755
fold_3,2642,reference,0.2877631929019264,0.28196516902019736,-0.005798023881729064
fold_3,2643,reference,0.36766592722143404,0.3767878222214519,0.009121895000017866
fold_3,2644,reference,0.3934440249019134,0.39997982574305746,0.006535800841144079
fold_3,2645,reference,0.3455594741808451,0.356580618961333,0.01102114478048788
fold_3,2646,reference,0.3468776954227265,0.35780524939162156,0.010927553968895054
fold_3,2647,reference,0.11141202207914346,0.11699016623616568,0.005578144157022222
fold_3,2648,reference,0.060061842673642195,0.06605905637734773,0.005997213703705533
fold_3,2649,reference,0.05183608009741192,0.048788323332799304,-0.003047756764612615
fold_3,2650,reference,0.02239561835679587,0.018362005002723045,-0.004033613354072825
fold_3,2651,reference,-0.05168747893685881,-0.051377237361365014,0.0003102415754937943
fold_3,2652,reference,-0.09343797166308161,-0.09130862092921341,0.0021293507338682044
fold_3,2653,reference,-0.15527540950173932,-0.1517875041095543,0.00348790539218502
fold_3,2654,reference,-0.18295846598158372,-0.1867314192953602,-0.0037729533137764726
fold_3,2655,reference,-0.10635524521409043,-0.1070385312919316,-0.0006832860778411692
fold_3,2656,reference,-0.0951622464724697,-0.09993610827202512,-0.004773861799555426
fold_3,2657,reference,-0.16919544970721095,-0.17228367208651216,-0.003088222379301203
fold_3,2658,reference,-0.16225208634628446,-0.16394471336605113,-0.0016926270197666626
fold_3,2659,reference,0.039821041141324315,0.04240368057722249,0.0025826394358981763
fold_3,2660,reference,-0.01860970330533789,-0.014714753589025086,0.0038949497163128025
fold_3,2661,reference,0.015508850371774668,0.02380568670054103,0.008296836328766363
fold_3,2662,reference,0.1827503006282802,0.18983165540521182,0.007081354776931614
fold_3,2663,reference,0.2662165993724686,0.2685770518997217,0.0023604525272530874
fold_3,2664,reference,0.1620358051342516,0.16381704853238335,0.0017812433981317655
fold_3,2665,reference,0.16619964014978736,0.16377269142157475,-0.0024269487282126134
fold_3,2666,reference,0.08472221953919416,0.08227721143131002,-0.0024450081078841446
fold_3,2667,reference,0.21304320427992474,0.20872137274851993,-0.004321831531404807
fold_3,2668,reference,0.09564565930950747,0.09257884502940819,-0.003066814280099278
fold_3,2669,reference,0.2474371674620189,0.2459285830897853,-0.0015085843722336123
fold_3,2670,reference,0.14491899297970265,0.14317405634789848,-0.001744936631804167
fold_3,2671,reference,0.14882061092153942,0.1458840096538498,-0.0029366012676896314
fold_3,2672,reference,-0.09717635679154588,-0.09456272037746319,0.0026136364140826873
fold_3,2673,reference,0.004527346397646828,-0.0008893138459663834,-0.005416660243613211
fold_3,2674,reference,-0.03658536339543703,-0.030261041945691413,0.00632432144974562
fold_3,2675,reference,-0.0700472578262513,-0.0680286799665804,0.0020185778596709114
fold_3,2676,reference,-0.07173934277772229,-0.06961769147470459,0.0021216513030176964
fold_3,2677,reference,-0.0073727513182498304,-0.0037659252224519196,0.003606826095797911
fold_3,2678,reference,0.054752847731167835,0.05924378722839031,0.004490939497222478
fold_3,2679,reference,0.053608332498273854,0.05445607802970014,0.0008477455314262888
fold_3,2680,reference,-0.014963228299917872,-0.017426936755595628,-0.002463708455677756
fold_3,2681,reference,-0.01005017134314612,-0.011629671591118369,-0.0015795002479722497
fold_3,2682,reference,0.010451902073870858,0.00940364272386607,-0.0010482593500047883
fold_3,2683,reference,0.032067872394874,0.02604260693779472,-0.006025265457079279
fold_3,2684,reference,-0.03053383294529453,-0.033279434735164794,-0.0027456017898702632
fold_3,2685,reference,0.13859190073691507,0.1354233752892982,-0.0031685254476168656
fold_3,2686,reference,0.11536806588274466,0.09931134524918858,-0.01605672063355608
fold_3,2687,reference,-0.0505344418944793,-0.06569222150496017,-0.015157779610480863
fold_3,2688,reference,-0.11490103235952741,-0.1358020840938119,-0.020901051734284484
fold_3,2689,reference,-0.20251102129966858,-0.22281452987179712,-0.020303508572128537
fold_3,2690,reference,-0.20984036256598929,-0.22126417178336846,-0.011423809217379177
fold_3,2691,reference,-0.1396957941911576,-0.12872117152984738,0.010974622661310218
fold_3,2692,reference,-0.05232724100924455,-0.05117375162860759,0.00115348938063696
fold_3,2693,reference,0.12012582643456811,0.12040591432090836,0.0002800878863402495
fold_3,2694,reference,0.16039851748634523,0.1577700791781648,-0.0026284383081804363
fold_3,2695,reference,0.1632660300718606,0.16490719261119344,0.00164116253933283
fold_3,2696,reference,-0.02624648682213861,-0.033959155149007096,-0.007712668326868486
fold_3,2697,reference,-0.0020926324263844413,-0.00986754093442899,-0.007774908508044549
fold_3,2698,reference,0.09712483135821297,0.09367279903189081,-0.0034520323263221575
fold_3,2699,reference,0.1312352583024117,0.1257785400515784,-0.005456718250833298
fold_3,2700,reference,0.0017877503369026822,-0.004798665381797788,-0.006586415718700471
fold_3,2701,reference,-0.05967462334059234,-0.060353637774534466,-0.0006790144339421239
fold_3,2702,reference,-0.10494052826427058,-0.1152883964073816,-0.01034786814311102
fold_3,2703,reference,0.048063019461686465,0.04255105681726682,-0.005511962644419645
fold_3,2704,reference,0.14355793284649226,0.14522041957690998,0.001662486730417717
fold_3,2705,reference,0.308016293117539,0.3121684746561929,0.004152181538653932
fold_3,2706,reference,0.34712304400289784,0.34845148074196736,0.0013284367390695162
fold_3,2707,reference,0.3666918587443225,0.3665055705594188,-0.00018628818490368237
fold_3,2708,reference,0.28410229229369394,0.2791916929783734,-0.004910599315320563
fold_3,2709,reference,0.23262922874574526,0.23050017912265025,-0.002129049623095014
fold_3,2710,reference,0.17890424509314648,0.18855624987364292,0.009652004780496437
fold_3,2711,reference,0.3639553967981977,0.3749745287272877,0.011019131929089987
fold_3,2712,reference,0.33927992027009535,0.33934930758738346,6.938731728811653e-05
fold_3,2713,reference,0.2895938832775186,0.2965344088410304,0.006940525563511768
fold_3,2714,reference,0.250376283965265,0.24781422273386589,-0.0025620612313991264
fold_3,2715,reference,0.1826314678879527,0.18452564869821417,0.0018941808102614643
fold_3,2716,reference,0.22638057007430032,0.22429159246169458,-0.0020889776126057358
fold_3,2717,reference,0.22028642867713896,0.21909791639294585,-0.0011885122841931162
fold_3,2718,reference,0.234106591149427,0.23748084152258095,0.0033742503731539475
fold_3,2719,reference,0.2356375606100692,0.2448131973684857,0.009175636758416483
fold_3,2720,reference,0.2453746040266527,0.24773362614104674,0.002359022114394038
fold_3,2721,reference,0.16273363721079673,0.16615826219758234,0.0034246249867856127
fold_3,2722,reference,0.22569618194954436,0.22991925066399405,0.00422306871444969
fold_3,2723,reference,0.1835033003713108,0.18291011356108172,-0.0005931868102290738
fold_3,2724,reference,0.2429830804734081,0.2411022858145506,-0.0018807946588575153
fold_3,2725,reference,0.25157183215820594,0.2556651222362157,0.004093290078009737
fold_3,2726,reference,0.11662943628069043,0.1161866824233084,-0.00044275385738203055
fold_3,2727,reference,0.15316016368698854,0.14756937128626052,-0.005590792400728017
fold_3,2728,reference,0.22440123601582612,0.22355570192721888,-0.0008455340886072416
fold_3,2729,reference,0.16092650321851146,0.15796014707559056,-0.0029663561429209007
fold_3,2730,reference,-0.005245693027281384,-0.010093355993405944,-0.0048476629661245605
fold_3,2731,reference,0.047475101712097394,0.04325101720443322,-0.004224084507664171
fold_3,2732,reference,0.020053875825354162,0.021112269504313677,0.0010583936789595148
fold_3,2733,reference,-0.035158909990816604,-0.037582289156173225,-0.0024233791653566206
fold_3,2734,reference,0.11744516928584005,0.12426062294496311,0.006815453659123061
fold_3,2735,reference,0.17321810896674736,0.17843413191671648,0.005216022949969118
fold_3,2736,reference,0.14237333615954148,0.13700381506278872,-0.005369521096752761
fold_3,2737,reference,0.12654649151881264,0.12548130714950775,-0.001065184369304889
fold_3,2738,reference,0.058958010424158006,0.060974724481964115,0.00201671405780611
fold_3,2739,reference,0.003189131195157888,-0.0035396103612583764,-0.0067287415564162645
fold_3,2740,reference,0.0017682798258895998,-0.001935092675727112,-0.0037033725016167116
fold_3,2741,reference,-0.030382674836963462,-0.027543892828124687,0.002838782008838775
fold_3,2742,reference,-0.029920495281745826,-0.031229109946166934,-0.001308614664421108
fold_3,2743,reference,0.037102926336569836,0.039781557456918915,0.0026786311203490787
fold_3,2744,reference,0.16589033127329403,0.16734147230234014,0.0014511410290461157
fold_3,2745,reference,0.18707249706873835,0.18908099074606555,0.0020084936773271944
fold_3,2746,reference,0.22866596079624535,0.22535437366351105,-0.0033115871327343005
fold_3,2747,reference,0.21151227933468236,0.20624240898233126,-0.005269870352351103
fold_3,2748,reference,0.14764153231546623,0.14520008132953066,-0.002441450985935567
fold_3,2749,reference,0.010264486398908331,0.009549762308359066,-0.0007147240905492659
fold_3,2750,reference,-0.07473156754492247,-0.07618686048099864,-0.0014552929360761718
fold_3,2751,reference,0.07495348051512361,0.07348379267385063,-0.0014696878412729791
fold_3,2752,reference,-0.04218141485722916,-0.051331587008148466,-0.009150172150919303
fold_3,2753,reference,-0.10804394442296221,-0.10804309728983241,8.471331297971174e-07
fold_3,2754,reference,-0.02681322150888985,-0.02290819120274989,0.0039050303061399574
fold_3,2755,reference,-0.03758363935206474,-0.038598006837738404,-0.0010143674856736631
fold_3,2756,reference,0.08247048468674537,0.08406281664535747,0.0015923319586121087
fold_3,2757,reference,0.08324758666568574,0.08487334237272369,0.0016257557070379486
fold_3,2758,reference,0.08291427602092691,0.08096020106145638,-0.001954074959470531
fold_3,2759,reference,0.1839873057681009,0.18284735719720696,-0.001139948570893945
fold_3,2760,reference,0.24054212534350436,0.24326658304463936,0.002724457701134997
fold_3,2761,reference,0.2596201052325567,0.262050650482529,0.002430545249972327
fold_3,2762,reference,0.19073271329849995,0.19692223483475135,0.006189521536251408
fold_3,2763,reference,0.25292502015447565,0.25681130194419555,0.003886281789719892
fold_3,2764,reference,0.2983774024443609,0.3016148356360476,0.0032374331916866783
fold_3,2765,reference,0.22491192702529883,0.21782570263085754,-0.007086224394441287
fold_3,2766,reference,0.06268196574653523,0.058548932719221604,-0.004133033027313625
fold_3,2767,reference,0.02163414352030808,0.010023252737732028,-0.011610890782576051
fold_3,2768,reference,0.10018124274514853,0.09926626546890652,-0.0009149772762420127
fold_3,2769,reference,0.04885047909753452,0.044854897493371355,-0.003995581604163162
fold_3,2770,reference,0.09647511150788035,0.09578875496830214,-0.0006863565395782145
fold_3,2771,reference,0.143270014529302,0.1436224725534662,0.00035245802416419836
fold_3,2772,reference,0.20137809671781162,0.20053700837192337,-0.0008410883458882523
fold_3,2773,reference,0.12514855717081708,0.12150955367867633,-0.0036390034921407466
fold_3,2774,reference,0.14986860841418204,0.14567150649793176,-0.004197101916250279
fold_3,2775,reference,0.14764152242986306,0.14166652473359098,-0.0059749976962720774
fold_3,2776,reference,0.06301516152208027,0.060125938914244094,-0.002889222607836174
fold_3,2777,reference,-0.025012165428006456,-0.029819645848864377,-0.004807480420857921
fold_3,2778,reference,-0.02200733346208356,-0.028190927455304084,-0.006183593993220524
fold_3,2779,reference,0.08047072743576167,0.07376243544644125,-0.006708291989320422
fold_3,2780,reference,0.042893585438378345,0.03958805886612448,-0.0033055265722538654
fold_3,2781,reference,0.025772235314873576,0.0252531353152972,-0.0005190999995763751
fold_3,2782,reference,-0.005259848019278289,-0.010426919895812028,-0.005167071876533739
fold_3,2783,reference,0.022160981978941206,0.017213285602597186,-0.00494769637634402
fold_3,2784,reference,0.022016397128769228,0.01844537377607526,-0.0035710233526939673
fold_3,2785,reference,-0.12283432644912279,-0.13209151538124544,-0.009257188932122656
fold_3,2786,reference,-0.08971860086472634,-0.09910131968819756,-0.00938271882347122
fold_3,2787,reference,0.0017366776822153515,-0.009988307152329118,-0.011724984834544469
fold_3,2788,reference,0.13045388841685565,0.1262217337839216,-0.004232154632934054
fold_3,2789,reference,0.13067419636322394,0.13057463818263737,-9.955818058657306e-05
fold_3,2790,reference,0.08700160262754703,0.09104304291850514,0.004041440290958112
fold_3,2791,reference,0.11491359239907643,0.11933644142694201,0.004422849027865577
fold_3,2792,reference,-0.03647006683750937,-0.03241827245089487,0.004051794386614502
fold_3,2793,reference,-0.2080844184980577,-0.2073279397894181,0.0007564787086395963
fold_3,2794,reference,-0.2573683344315474,-0.2505388854555503,0.006829448975997077
fold_3,2795,reference,-0.25160968578166737,-0.2500832724377274,0.0015264133439399918
fold_3,2796,reference,0.031370396459070984,0.03346237618739208,0.0020919797283210986
fold_3,2797,reference,0.25761041540942775,0.25819302162447316,0.0005826062150454114
fold_3,2798,reference,0.36779079566223616,0.3647274437053368,-0.003063351956899385
fold_3,2799,reference,0.4273008989670688,0.42448877338849605,-0.002812125578572744
fold_3,2800,reference,0.39123623288364845,0.3885941109987211,-0.002642121884927351
fold_3,2801,reference,0.3376370479246385,0.33364178640924474,-0.003995261515393755
fold_3,2802,reference,0.21045368621445965,0.20197975513598732,-0.00847393107847233
fold_3,2803,reference,0.12635285289260825,0.12536600304003637,-0.000986849852571886
fold_3,2804,reference,0.11270749151166216,0.10948273582716887,-0.003224755684493291
fold_3,2805,reference,0.10244720289322543,0.10275584230990015,0.00030863941667472194
fold_3,2806,reference,0.10174698204867069,0.09957128850360446,-0.0021756935450662346
fold_3,2807,reference,0.11231508718096919,0.10727686229352924,-0.005038224887439949
fold_3,2808,reference,0.06539681109551475,0.062152139040356005,-0.0032446720551587427
fold_3,2809,reference,0.051851206553491076,0.055875991275713265,0.004024784722222188
fold_3,2810,reference,-0.02565375078712074,-0.030368220477659864,-0.004714469690539125
fold_3,2811,reference,0.05181955881551692,0.045972177429695116,-0.005847381385821804
fold_3,2812,reference,0.04077649897711823,0.035993442082636655,-0.004783056894481573
fold_3,2813,reference,0.049831070204142194,0.04780509938467216,-0.0020259708194700354
fold_3,2814,reference,0.1572432583820985,0.16275049543526307,0.005507237053164582
fold_3,2815,reference,0.2669919142379528,0.26869952407838626,0.0017076098404334439
fold_3,2816,reference,0.24620786869099112,0.25058497134747076,0.004377102656479642
fold_3,2817,reference,0.30809131322736033,0.3169822958676597,0.00889098264029936
fold_3,2818,reference,0.2994077483038335,0.30829239293381183,0.008884644629978344
fold_3,2819,reference,0.22182682083578192,0.22877727200472858,0.006950451168946659
fold_3,2820,reference,0.1510964270831101,0.15223403630582588,0.0011376092227157741
fold_3,2821,reference,0.13813464396736835,0.1425782459725934,0.004443602005225034
fold_3,2822,reference,0.12686894328237566,0.12723637150966377,0.000367428227288108
fold_3,2823,reference,0.1669927234286419,0.16524149794382562,-0.0017512254848162934
fold_3,2824,reference,0.21183423554470132,0.21056510287147123,-0.001269132673230089
fold_3,2825,reference,0.24554242944367802,0.24504520550399594,-0.0004972239396820732
fold_3,2826,reference,0.24674369410645874,0.25003620048747877,0.0032925063810200217
fold_3,2827,reference,0.30273814165473517,0.3043726441343484,0.0016345024796132201
fold_3,2828,reference,0.23120892101921844,0.22987042613133427,-0.0013384948878841785
fold_3,2829,reference,0.12338494742060373,0.12021308695052983,-0.003171860470073895
fold_3,2830,reference,0.12188975906798592,0.11501079675437184,-0.0068789623136140815
fold_3,2831,reference,0.04619582349136091,0.03850769633941224,-0.007688127151948665
fold_3,2832,reference,0.007041992080161948,0.001140661334938579,-0.005901330745223369
fold_3,2833,reference,-0.0686982137194848,-0.07688100473054083,-0.008182791011056026
fold_3,2834,reference,0.043178343316454273,0.03930393691556431,-0.003874406400889964
fold_3,2835,reference,0.11102671923103744,0.11073077970181673,-0.000295939529220704
fold_3,2836,reference,0.18472702574223784,0.17757872204671013,-0.0071483036955277135
fold_3,2837,reference,0.29068850693379544,0.2931120735903652,0.002423566656569731
fold_3,2838,reference,0.3655725813201727,0.36816670407102897,0.002594122750856298
fold_3,2839,reference,0.28572700225531394,0.2838818839903938,-0.0018451182649201203
fold_3,2840,reference,0.16147450399431565,0.15733440145488822,-0.004140102539427426
fold_3,2841,reference,0.05150798871953384,0.04774910873430903,-0.003758879985224811
fold_3,2842,reference,-0.049814181339731804,-0.040169566606910706,0.009644614732821098
fold_3,2843,reference,-0.09235554071363192,-0.09328779741929638,-0.0009322567056644637
fold_3,2844,reference,-0.05318078267398617,-0.05092500932246888,0.00225577335151729
fold_3,2845,reference,0.04602851307869683,0.04545790916042052,-0.0005706039182763051
fold_3,2846,reference,0.06115009209707789,0.0646541533803063,0.0035040612832284157
fold_3,2847,reference,0.007646056903688224,0.012710861664526627,0.005064804760838403
fold_3,2848,reference,0.08916777329184375,0.09749260394310139,0.008324830651257636
fold_3,2849,reference,0.1535880107908693,0.15554896726858872,0.0019609564777194055
fold_3,2850,reference,0.10166555699131388,0.10432454324835416,0.00265898625704028
fold_3,2851,reference,0.05287603482388333,0.05308581136706305,0.00020977654317971828
fold_3,2852,reference,0.0036508076079140236,-0.0018330585216106154,-0.005483866129524639
fold_3,2853,reference,-0.12810889906980394,-0.13549656167729487,-0.007387662607490936
fold_3,2854,reference,-0.1855726798288708,-0.19368498805035078,-0.008112308221479986
fold_3,2855,reference,-0.21572182456562217,-0.22928853395537832,-0.013566709389756154
fold_3,2856,reference,-0.175841432132832,-0.18600818676829664,-0.010166754635464653
fold_3,2857,reference,-0.07563106896133462,-0.07919841886562903,-0.0035673499042944146
fold_3,2858,reference,0.09532699133045772,0.09291859273430421,-0.0024083985961535076
fold_3,2859,reference,0.1296774612620308,0.1325200928263865,0.0028426315643556854
fold_3,2860,reference,0.17335309500460291,0.17197332415191327,-0.0013797708526896435
fold_3,2861,reference,0.24514743204584827,0.24701255532009994,0.0018651232742516732
fold_3,2862,reference,0.11835067382516289,0.11857501588677784,0.00022434206161495163
fold_3,2863,reference,0.16463011066892433,0.1620734545145785,-0.002556656154345832
fold_3,2864,reference,0.049240710638646414,0.042642775786723756,-0.006597934851922657
fold_3,2865,reference,0.11173273969215987,0.10664784521881311,-0.005084894473346757
fold_3,2866,reference,-0.019714895004507172,-0.02305148731075924,-0.003336592306252068
fold_3,2867,reference,0.08097310587389352,0.08113600363799903,0.00016289776410551016
fold_3,2868,reference,0.037592031145765585,0.028115423273797693,-0.009476607871967892
fold_3,2869,reference,-0.0171081745274277,-0.027544609952526482,-0.010436435425098783
fold_3,2870,reference,-0.09912433865085045,-0.10842825075493187,-0.009303912104081422
fold_3,2871,reference,-0.07706404103863648,-0.08478593246477929,-0.00772189142614281
fold_3,2872,reference,-0.031747596937691004,-0.038475858961155206,-0.0067282620234642015
fold_3,2873,reference,0.07219077826712371,0.07133171639721697,-0.0008590618699067382
fold_3,2874,reference,0.12234078426087198,0.12137526197453351,-0.0009655222863384771
fold_3,2875,reference,0.13414298401727648,0.1266799054940778,-0.007463078523198691
fold_3,2876,reference,0.2974573476496298,0.3009272539625347,0.0034699063129049468
fold_3,2877,reference,0.30772013189417025,0.3086527734980629,0.0009326416038926699
fold_3,2878,reference,0.2913966793706174,0.291242555194001,-0.00015412417661642142
fold_3,2879,reference,0.2316709699186902,0.21961678474038082,-0.01205418517830939
fold_3,2880,reference,0.2603038002777725,0.265630249652688,0.005326449374915498
fold_3,2881,reference,0.20655425645246062,0.2126980181111678,0.0061437616587071975
fold_3,2882,reference,0.2025203316110132,0.20417164363699775,0.001651312025984536
fold_3,2883,reference,0.08871579531883493,0.0878265873086793,-0.0008892080101556288
fold_3,2884,reference,0.030560820423494374,0.027590788334889364,-0.0029700320886050097
fold_3,2885,reference,0.009175287093749186,0.0026536200228769774,-0.006521667070872209
fold_3,2886,reference,0.09091541062540903,0.09184105657113668,0.0009256459457276517
fold_3,2887,reference,0.10972077544019627,0.10679022736426488,-0.002930548075931391
fold_3,2888,reference,0.16921551580190522,0.1715800706371634,0.002364554835258187
fold_3,2889,reference,0.16577751467266635,0.1666988644498859,0.0009213497772195545
fold_3,2890,reference,0.17675961989542405,0.18156794155497133,0.004808321659547282
fold_3,2891,reference,0.18541968974511672,0.19170553729148032,0.006285847546363604
fold_3,2892,reference,0.10271096054389486,0.10693003088170182,0.004219070337806954
fold_3,2893,reference,0.043040424456304543,0.048024944838371685,0.004984520382067141
fold_3,2894,reference,0.04760240146070127,0.04487238944834612,-0.0027300120123551486
fold_3,2895,reference,0.04531918067969731,0.04614153075056723,0.0008223500708699205
fold_3,2896,reference,-0.017714780785594537,-0.018542887246292227,-0.0008281064606976904
fold_3,2897,reference,0.0017757301082635564,-0.000400732742412253,-0.0021764628506758094
fold_3,2898,reference,0.08205306551348399,0.07452381824439773,-0.007529247269086256
fold_3,2899,reference,-0.01933266793256291,-0.02948835390070973,-0.01015568596814682
fold_3,2900,reference,0.028047211161972892,0.023788358740614312,-0.0042588524213585804
fold_3,2901,reference,-0.01516985520776921,-0.02298265870291773,-0.007812803495148521
fold_3,2902,reference,-0.00389014305953448,-0.013267844663708124,-0.009377701604173644
fold_3,2903,reference,-0.06351270728080981,-0.07514282580501022,-0.011630118524200414
fold_3,2904,reference,-0.03392543220029141,-0.034926871313634374,-0.0010014391133429668
fold_3,2905,reference,-0.06387781114805911,-0.06505905344033239,-0.001181242292273274
fold_3,2906,reference,-0.08933849957237618,-0.08788916463124977,0.0014493349411264095
fold_3,2907,reference,-0.0670384701588055,-0.07448478342573218,-0.007446313266926685
fold_3,2908,reference,-0.058925487840966545,-0.0692913749296314,-0.010365887088664857
fold_3,2909,reference,-0.0328318931297021,-0.04062284503091502,-0.007790951901212921
fold_3,2910,reference,0.026276080802892482,0.022004668852744675,-0.004271411950147807
fold_3,2911,reference,0.06996555656541967,0.0702596596555254,0.0002941030901057323
fold_3,2912,reference,0.026582278177602055,0.018875533286461244,-0.007706744891140812
fold_3,2913,reference,-0.03738370977711359,-0.03938782861896592,-0.00200411884185233
fold_3,2914,reference,-0.039159680858129,-0.0437287869789146,-0.0045691061207856
fold_3,2915,reference,-0.16620885722489595,-0.16815224418067673,-0.0019433869557807792
fold_3,2916,reference,-0.09013664387357566,-0.10046664678010549,-0.010330002906529828
fold_3,2917,reference,-0.06331751738113778,-0.06851886213241713,-0.005201344751279355
official_valid,2918,final,0.17169947265313731,0.17047847162804006,-0.001221001025097257
official_valid,2919,final,0.14881321660294014,0.12786835684513592,-0.02094485975780422
official_valid,2920,final,0.22772679838080356,0.21690372760755097,-0.010823070773252591
official_valid,2921,final,0.25444482475874225,0.25457807025908946,0.00013324550034721216
official_valid,2922,final,0.23371895932685324,0.2294733386743983,-0.004245620652454957
official_valid,2923,final,0.18542760071165437,0.18185170813838222,-0.003575892573272149
official_valid,2924,final,0.2534534854829341,0.25002992321677336,-0.003423562266160751
official_valid,2925,final,0.12598718466743788,0.12545049982958847,-0.0005366848378494105
official_valid,2926,final,0.04692097628166652,0.04612570442390926,-0.0007952718577572612
official_valid,2927,final,0.01584061119320218,0.01773439696808958,0.0018937857748873993
official_valid,2928,final,0.054949096638128726,0.048119451174668745,-0.006829645463459981
official_valid,2929,final,0.0949199878475073,0.09323981515910348,-0.0016801726884038137
official_valid,2930,final,0.14942165347127154,0.146390405698892,-0.003031247772379536
official_valid,2931,final,0.2209678351147797,0.22203845894082727,0.0010706238260475842
official_valid,2932,final,0.24356621660441352,0.24415160718581294,0.0005853905813994198
official_valid,2933,final,0.23346713827728355,0.23732474933056794,0.0038576110532843877
official_valid,2934,final,0.1198178015568214,0.116296751230794,-0.0035210503260273973
official_valid,2935,final,0.13347103772117858,0.130801024069529,-0.0026700136516495665
official_valid,2936,final,0.12086236137724005,0.11827070436873058,-0.002591657008509468
official_valid,2937,final,0.19336361430216856,0.19272747073976298,-0.0006361435624055722
official_valid,2938,final,0.14359741252191197,0.1375612331580396,-0.006036179363872379
official_valid,2939,final,0.1688952557420753,0.16672455757498045,-0.0021706981670948644
official_valid,2940,final,0.10695469320032157,0.10453504199751044,-0.002419651202811124
official_valid,2941,final,0.1294245713189161,0.12843837793911175,-0.000986193379804351
official_valid,2942,final,-0.08699136903505739,-0.10116348971880088,-0.014172120683743489
official_valid,2943,final,0.019236567322367087,-0.004954623667393159,-0.024191190989760247
official_valid,2944,final,0.009204682954879426,-0.0052539949870419374,-0.014458677941921363
official_valid,2945,final,0.050511048815703743,0.05842308961215607,0.00791204079645233
official_valid,2946,final,0.17127011111689486,0.1800618432201138,0.00879173210321893
official_valid,2947,final,0.21166506999501755,0.21531731594311287,0.003652245948095323
official_valid,2948,final,0.19146012110899913,0.19643108335282705,0.0049709622438279255
official_valid,2949,final,0.1397452780013931,0.14278070302088497,0.003035425019491861
official_valid,2950,final,0.11565074395258598,0.11867031000134538,0.0030195660487594006
official_valid,2951,final,0.13545767024095032,0.145217477152562,0.009759806911611685
official_valid,2952,final,0.12423501506943163,0.12901316356914852,0.004778148499716889
official_valid,2953,final,0.20995839252607584,0.21224220523909298,0.0022838127130171415
official_valid,2954,final,0.21633603419147,0.2328413538598416,0.0165053196683716
official_valid,2955,final,0.18851285227860337,0.20402365877999526,0.015510806501391888
official_valid,2956,final,0.0902465722728853,0.09491336254509904,0.004666790272213742
official_valid,2957,final,0.06999030065885417,0.06688586109215533,-0.003104439566698841
official_valid,2958,final,-0.030687583900777776,-0.02784490477692772,0.002842679123850056
official_valid,2959,final,-0.026180990735913,-0.025649744423849125,0.0005312463120638738
official_valid,2960,final,0.04992619360882531,0.05029564388616358,0.00036945027733827074
official_valid,2961,final,0.13460632223766877,0.13259446882001955,-0.0020118534176492286
official_valid,2962,final,0.08535305267147729,0.09034111296889469,0.004988060297417399
official_valid,2963,final,0.10621150053993018,0.1126995060347101,0.0064880054947799165
official_valid,2964,final,0.1310574935776267,0.13940700160926026,0.008349508031633562
official_valid,2965,final,0.17554038816258025,0.18470916340837462,0.009168775245794375
official_valid,2966,final,0.16286309588533415,0.1708188545829511,0.007955758697616944
official_valid,2967,final,0.14929108423966386,0.15530712484925024,0.006016040609586382
official_valid,2968,final,0.12435906200463032,0.12703316815739563,0.00267410615276531
official_valid,2969,final,0.06654693772250103,0.062299119813515706,-0.0042478179089853255
official_valid,2970,final,0.06989652022477683,0.059722346565214836,-0.01017417365956199
official_valid,2971,final,0.09071460389668028,0.08810240941465047,-0.002612194482029803
official_valid,2972,final,0.12469623555946609,0.13138793524562303,0.006691699686156946
official_valid,2973,final,0.08556295245431636,0.09155550859671185,0.005992556142395494
official_valid,2974,final,0.07022798540616366,0.07568528775205362,0.005457302345889953
official_valid,2975,final,0.04151086172043559,0.04877625959265281,0.007265397872217222
official_valid,2976,final,0.06203694881376728,0.06741239638361081,0.005375447569843532
official_valid,2977,final,0.12050141573981528,0.12592292657754442,0.0054215108377291404
official_valid,2978,final,0.1459031808433583,0.1453592151390931,-0.0005439657042651813
official_valid,2979,final,0.15868188695769078,0.16075639832622016,0.002074511368529375
official_valid,2980,final,0.1867596667702629,0.1915580912731285,0.004798424502865606
official_valid,2981,final,0.18155245158057173,0.1869372384325669,0.005384786851995171
official_valid,2982,final,0.15814274101112083,0.15767155315165915,-0.0004711878594616803
official_valid,2983,final,0.17640170699407837,0.17790579457896022,0.0015040875848818525
official_valid,2984,final,0.17042823771186405,0.17320122586216558,0.0027729881503015252
official_valid,2985,final,0.13895327472422542,0.13173028327421082,-0.007222991450014593
official_valid,2986,final,0.13853269596851184,0.13708303804969993,-0.0014496579188119085
official_valid,2987,final,0.1810973896931449,0.18128188820714067,0.00018449851399576778
official_valid,2988,final,0.15742483670510216,0.15087995906924342,-0.006544877635858731
official_valid,2989,final,0.17444756333090175,0.16459187914399076,-0.00985568418691099
official_valid,2990,final,0.15199405342239616,0.14634383615658625,-0.005650217265809915
official_valid,2991,final,0.09367380273334255,0.09518217541737005,0.0015083726840274952
official_valid,2992,final,0.04935758682885549,0.045920567784334,-0.00343701904452149
official_valid,2993,final,-0.009861593956996706,0.004727297198024651,0.014588891155021357
official_valid,2994,final,-0.04326146417409008,-0.04456041405621292,-0.0012989498821228407
official_valid,2995,final,-0.10375102439864552,-0.09596388544863602,0.007787138950009501
official_valid,2996,final,-0.1356539286695712,-0.1318908562221462,0.00376307244742502
official_valid,2997,final,-0.09296496002459748,-0.0879116911230716,0.005053268901525881
official_valid,2998,final,0.029304710241155402,0.03003503840573678,0.0007303281645813786
official_valid,2999,final,0.07223009256056195,0.07147893117737726,-0.0007511613831846925
official_valid,3000,final,0.03541189029719609,0.03497046199568669,-0.00044142830150940143
official_valid,3001,final,0.10631654860474815,0.10776884645197685,0.0014522978472286951
official_valid,3002,final,0.06997363087937906,0.06636882430436654,-0.0036048065750125258
official_valid,3003,final,-0.020236244318343834,-0.021130357045004898,-0.0008941127266610636
official_valid,3004,final,0.054351318038981127,0.04899746177288696,-0.005353856266094165
official_valid,3005,final,0.07723091108208158,0.07296056000016116,-0.0042703510819204205
official_valid,3006,final,0.018360268692786334,0.02265516953716902,0.004294900844382686
official_valid,3007,final,0.03237950491804954,0.03395710140164514,0.0015775964835955947
official_valid,3008,final,0.040217244343103094,0.036969398368787126,-0.0032478459743159674
official_valid,3009,final,-0.04887878465543676,-0.04383421022792297,0.005044574427513791
official_valid,3010,final,-0.010992796545212152,-0.009691195899303399,0.0013016006459087535
official_valid,3011,final,0.06609826692349408,0.06906252229438142,0.0029642553708873476
official_valid,3012,final,0.12075548518721219,0.1222950721091921,0.0015395869219799185
official_valid,3013,final,0.12065842924577569,0.11842635422917307,-0.002232075016602622
official_valid,3014,final,0.13779567057995568,0.13688809320148665,-0.0009075773784690266
official_valid,3015,final,0.18971051598401137,0.19206765899319872,0.0023571430091873513
official_valid,3016,final,0.13607227576037284,0.13839838732331428,0.0023261115629414353
official_valid,3017,final,0.11531440020940945,0.11235432755408722,-0.002960072655322221
official_valid,3018,final,0.11220299319046395,0.1189113472710729,0.00670835408060895
official_valid,3019,final,0.1239341767061161,0.12756912584329091,0.0036349491371748116
official_valid,3020,final,0.10765892971258113,0.10771451507437985,5.5585361798712873e-05
official_valid,3021,final,0.04822668383665834,0.043935069925821385,-0.004291613910836954
official_valid,3022,final,-0.03484332026501421,-0.04048726960156255,-0.00564394933654834
official_valid,3023,final,-0.0048683232672553,-0.0023510917888941306,0.0025172314783611697
official_valid,3024,final,-0.06253172227184438,-0.06489313397340002,-0.0023614117015556407
official_valid,3025,final,-0.03096875355685279,-0.04139614381879579,-0.010427390261943
official_valid,3026,final,0.09468092063087839,0.09430627439319438,-0.0003746462376840176
official_valid,3027,final,0.14801694911987445,0.14454638387188673,-0.0034705652479877225
official_valid,3028,final,0.14669649726263498,0.1438715028651922,-0.0028249943974427705
official_valid,3029,final,0.14114271818144772,0.13830591769067951,-0.0028368004907682043
official_valid,3030,final,0.1608711817330495,0.15852250745965032,-0.0023486742733991872
official_valid,3031,final,0.18576430374492664,0.1850317985871068,-0.0007325051578198349
official_valid,3032,final,0.12785131802261593,0.1284849412945206,0.0006336232719046653
official_valid,3033,final,0.05190612525526231,0.04778092624854373,-0.00412519900671858
official_valid,3034,final,0.09515066209165392,0.09927620133209875,0.004125539240444828
official_valid,3035,final,-0.02560353242838879,-0.027135055345410452,-0.0015315229170216604
official_valid,3036,final,-0.08671096625251488,-0.0881755405283224,-0.001464574275807512
official_valid,3037,final,-0.026722698375143565,-0.027152437957992912,-0.0004297395828493471
official_valid,3038,final,-0.054879741948661485,-0.06022940431928707,-0.005349662370625584
official_valid,3039,final,-0.08974097992837389,-0.09833150029098597,-0.008590520362612084
official_valid,3040,final,0.030010438390825057,0.028441096422784307,-0.0015693419680407501
official_valid,3041,final,-0.004604847313801786,-0.013487577880126767,-0.008882730566324982
official_valid,3042,final,0.01719827521465586,0.012998492359869546,-0.0041997828547863155
official_valid,3043,final,0.04237308765409035,0.03303268578258539,-0.009340401871504957
official_valid,3044,final,-0.058152067025485886,-0.06587366377116757,-0.007721596745681687
official_valid,3045,final,-0.17155220959194048,-0.1766679190600808,-0.005115709468140328
official_valid,3046,final,-0.12924123069111962,-0.1274974094580321,0.001743821233087528
official_valid,3047,final,-0.09878488723715455,-0.10203723006493488,-0.0032523428277803357
official_valid,3048,final,-0.10864085399451599,-0.1152107835697318,-0.006569929575215808
official_valid,3049,final,0.09789656146803355,0.10067881022508454,0.0027822487570509924
official_valid,3050,final,0.09461617952181255,0.09343857541283129,-0.0011776041089812533
official_valid,3051,final,0.008399476454543716,0.004460490076520334,-0.003938986378023383
official_valid,3052,final,-0.023347681811737693,-0.02401840976338074,-0.0006707279516430485
official_valid,3053,final,0.0392726180190515,0.04222065359096966,0.0029480355719181603
official_valid,3054,final,-0.09619914441885553,-0.09793022806267071,-0.001731083643815176
official_valid,3055,final,-0.015620596538374379,-0.010016665405751406,0.005603931132622973
official_valid,3056,final,0.08853385543749501,0.08931964748643191,0.0007857920489369036
official_valid,3057,final,0.19778032188675518,0.19782866293278295,4.834104602777223e-05
official_valid,3058,final,0.06458934587673322,0.0614758534783154,-0.003113492398417822
official_valid,3059,final,0.08136903536348411,0.08030145598705146,-0.001067579376432648
official_valid,3060,final,0.05610077408080456,0.05860803097109657,0.002507256890292013
official_valid,3061,final,0.09175747176343688,0.09435835408950842,0.0026008823260715436
official_valid,3062,final,0.07695289584662487,0.08059776841016317,0.003644872563538293
official_valid,3063,final,0.17261946635242312,0.17450915291356367,0.0018896865611405522
official_valid,3064,final,0.16833173264298704,0.1739845406746548,0.005652808031667761
official_valid,3065,final,0.27173934208982237,0.273140578411027,0.0014012363212046464
official_valid,3066,final,0.24168186186727328,0.24768445159839678,0.006002589731123498
official_valid,3067,final,0.15229361682203477,0.1553117972868246,0.003018180464789827
official_valid,3068,final,0.040701972968904564,0.03872310971934068,-0.001978863249563881
official_valid,3069,final,0.05113942951544439,0.04658887457647491,-0.004550554938969477
official_valid,3070,final,-0.01060257063574907,-0.019573646778207644,-0.008971076142458574
official_valid,3071,final,0.10518897743555501,0.10387782393243385,-0.0013111535031211652
official_valid,3072,final,0.0222522835095352,0.016656635135648502,-0.005595648373886698
official_valid,3073,final,0.014264828272788571,0.009029132930112644,-0.005235695342675928
official_valid,3074,final,0.034651102782368,0.03568941309488838,0.0010383103125203783
official_valid,3075,final,0.09980864179228227,0.10428977361485837,0.004481131822576104
official_valid,3076,final,0.03007792088928806,0.0353042379322175,0.005226317042929439
official_valid,3077,final,0.21090599049963693,0.22069741386329367,0.009791423363656737
official_valid,3078,final,0.19411572985636166,0.20319160151406962,0.009075871657707957
official_valid,3079,final,0.15837351522393864,0.16392974832106955,0.005556233097130908
official_valid,3080,final,0.10922939100739752,0.11409456403508053,0.004865173027683009
official_valid,3081,final,0.1673352698942173,0.16482688119805466,-0.002508388696162628
official_valid,3082,final,0.01685818959172078,0.019899540213444276,0.0030413506217234973
official_valid,3083,final,0.06247709580614792,0.06655953015160947,0.004082434345461544
official_valid,3084,final,0.05337575502923942,0.048636391601816105,-0.004739363427423315
official_valid,3085,final,-0.03133088392796035,-0.0348802704976505,-0.003549386569690151
official_valid,3086,final,0.019728745517368647,0.018009294888089864,-0.0017194506292787827
official_valid,3087,final,0.051821189838650535,0.053345886749569915,0.0015246969109193806
official_valid,3088,final,0.028684891831021707,0.02597144683106454,-0.002713444999957168
official_valid,3089,final,0.09619040244539567,0.10141689412188316,0.005226491676487491
official_valid,3090,final,0.2135649700108885,0.2241507482136629,0.010585778202774399
official_valid,3091,final,0.19126063449473316,0.19745307829317385,0.006192443798440694
official_valid,3092,final,0.20226321208353326,0.20811813039139598,0.005854918307862722
official_valid,3093,final,0.2288975156273895,0.22929061851697333,0.00039310288958382955
official_valid,3094,final,0.251412227672115,0.24925512884194928,-0.002157098830165738
official_valid,3095,final,0.31045674376371274,0.31590022084436653,0.005443477080653791
official_valid,3096,final,0.32877070608221765,0.33578413082422925,0.007013424742011609
official_valid,3097,final,0.3048881009938538,0.31019645497193743,0.0053083539780836575
official_valid,3098,final,0.2682668303391024,0.2795128074006412,0.011245977061538792
official_valid,3099,final,0.22583592739302297,0.2400039253035062,0.014167997910483232
official_valid,3100,final,0.1239964742867384,0.12593826603180638,0.0019417917450679778
official_valid,3101,final,0.013348879681585305,0.010179133765245967,-0.0031697459163393376
official_valid,3102,final,-0.11167991274648989,-0.12274997181588963,-0.011070059069399743
official_valid,3103,final,-0.15883607138380124,-0.1663577606989116,-0.0075216893151103525
official_valid,3104,final,-0.1168410276531123,-0.12343038225356698,-0.006589354600454678
official_valid,3105,final,-0.10471518479894712,-0.11123039306286885,-0.006515208263921726
official_valid,3106,final,-0.1157514079767263,-0.09689271091168006,0.01885869706504624
official_valid,3107,final,-0.05365583703203145,-0.06321530184752332,-0.009559464815491865
official_valid,3108,final,0.017202495694834074,0.011351006825503362,-0.005851488869330712
official_valid,3109,final,0.047128274954079015,0.04050140814853702,-0.006626866805541996
official_valid,3110,final,0.06755831267963754,0.06547416222243366,-0.002084150457203879
official_valid,3111,final,0.08788776887236371,0.09231225712451564,0.0044244882521519285
official_valid,3112,final,0.09898316633977788,0.09753216624514244,-0.0014510000946354462
official_valid,3113,final,0.048014403560492636,0.046851390510473795,-0.0011630130500188407
official_valid,3114,final,0.009464898170736492,0.013654927394095394,0.004190029223358902
official_valid,3115,final,0.042505718907821954,0.051231776693940766,0.008726057786118811
official_valid,3116,final,0.022510346425311155,0.030175047861806883,0.007664701436495728
official_valid,3117,final,0.03437166016334613,0.04013976059371594,0.005768100430369814
official_valid,3118,final,0.10301123449088197,0.11305649936278396,0.010045264871901993
official_valid,3119,final,0.08151804607274056,0.08322104742855006,0.0017030013558095025
official_valid,3120,final,0.046981219610150615,0.04971518419615894,0.0027339645860083236
official_valid,3121,final,0.08725224315388715,0.09213872907303448,0.0048864859191473375
official_valid,3122,final,0.14211212580399943,0.14650229820577632,0.004390172401776887
official_valid,3123,final,0.08194256606400575,0.08879585693065935,0.006853290866653594
official_valid,3124,final,0.08868638147640116,0.09417862003732257,0.005492238560921403
official_valid,3125,final,0.03380451510717138,0.03410683965444084,0.00030232454726945857
official_valid,3126,final,-0.0871986209403328,-0.09105828462046044,-0.003859663680127634
official_valid,3127,final,-0.05302367443987903,-0.05141004797538771,0.0016136264644913204
official_valid,3128,final,-0.020766257687107194,-0.015856999155779518,0.004909258531327676
official_valid,3129,final,-0.0019347752501119794,-0.00046111209290100754,0.001473663157210972
official_valid,3130,final,0.019643146809541264,0.02455540271093914,0.004912255901397877
official_valid,3131,final,0.0005150595239261723,0.002348557244965454,0.0018334977210392816
official_valid,3132,final,0.09265259928923329,0.096205262830144,0.0035526635409107027
official_valid,3133,final,0.1274603424608213,0.13276289750725348,0.005302555046432178
official_valid,3134,final,0.20225571872113177,0.2050212224210019,0.0027655036998701366
official_valid,3135,final,0.22743875205027184,0.2327655686858438,0.005326816635571968
official_valid,3136,final,0.3175112524824589,0.3191323348979609,0.001621082415501962
official_valid,3137,final,0.2109745890780327,0.2195220004310866,0.008547411353053896
official_valid,3138,final,0.1665782291536802,0.17546899180184203,0.008890762648161826
official_valid,3139,final,0.12108894339138601,0.13099239199968798,0.009903448608301973
official_valid,3140,final,0.1412904990923572,0.15264559217660653,0.01135509308424934
official_valid,3141,final,0.03745140470046011,0.043252434666316085,0.005801029965855978
official_valid,3142,final,0.08004796683675748,0.0880016007331023,0.00795363389634482
official_valid,3143,final,0.07832188777133643,0.08662909025659173,0.008307202485255294
official_valid,3144,final,0.057484011131984605,0.06439256869048657,0.006908557558501963
official_valid,3145,final,0.10807309559141032,0.11772846224072911,0.009655366649318792
official_valid,3146,final,0.1526494953795609,0.15886833603728512,0.006218840657724212
official_valid,3147,final,0.1602142989626751,0.15584153682506094,-0.004372762137614172
official_valid,3148,final,0.1805431958802166,0.17295991028626012,-0.00758328559395649
official_valid,3149,final,0.1941790817837418,0.193893043262116,-0.0002860385216257866
official_valid,3150,final,0.23451866843746946,0.2383919079996114,0.0038732395621419446
official_valid,3151,final,0.2425553150565318,0.24167131910559522,-0.000883995950936578
official_valid,3152,final,0.24216958776325162,0.24171161150628992,-0.00045797625696170075
official_valid,3153,final,0.25701636622306206,0.2594054783096778,0.002389112086615741
official_valid,3154,final,0.23997747076259915,0.24417943299594908,0.004201962233349926
official_valid,3155,final,0.180017387716317,0.1856032858071971,0.005585898090880087
official_valid,3156,final,0.11782847467461754,0.11849602564166593,0.0006675509670483887
official_valid,3157,final,0.12427193404521004,0.1333115358318879,0.009039601786677856
official_valid,3158,final,0.0778701839221254,0.08521597046105875,0.007345786538933349
official_valid,3159,final,0.1559115746721998,0.16754172038771267,0.01163014571551288
official_valid,3160,final,0.1934657855089182,0.21087339716217068,0.017407611653252497
official_valid,2918,reference,0.17169947265313731,0.1775677958846128,0.005868323231475486
official_valid,2919,reference,0.14881321660294014,0.12980042570063313,-0.01901279090230701
official_valid,2920,reference,0.22772679838080356,0.2184418274124164,-0.009284970968387152
official_valid,2921,reference,0.25444482475874225,0.2555117713976468,0.0010669466389045534
official_valid,2922,reference,0.23371895932685324,0.22744545289399246,-0.006273506432860787
official_valid,2923,reference,0.18542760071165437,0.17879459848917834,-0.0066330022224760365
official_valid,2924,reference,0.2534534854829341,0.245588989500989,-0.007864495981945108
official_valid,2925,reference,0.12598718466743788,0.12061553156046652,-0.005371653106971366
official_valid,2926,reference,0.04692097628166652,0.04041734555334985,-0.006503630728316667
official_valid,2927,reference,0.01584061119320218,0.012288270705146345,-0.0035523404880558364
official_valid,2928,reference,0.054949096638128726,0.04836976889309537,-0.006579327745033357
official_valid,2929,reference,0.0949199878475073,0.09478453278388616,-0.00013545506362114268
official_valid,2930,reference,0.14942165347127154,0.14613792524067595,-0.003283728230595584
official_valid,2931,reference,0.2209678351147797,0.22150539311238582,0.0005375579976061307
official_valid,2932,reference,0.24356621660441352,0.24536159471798916,0.0017953781135756353
official_valid,2933,reference,0.23346713827728355,0.23380275995223745,0.0003356216749539065
official_valid,2934,reference,0.1198178015568214,0.11562882467112877,-0.004188976885692627
official_valid,2935,reference,0.13347103772117858,0.13256585614024688,-0.0009051815809316965
official_valid,2936,reference,0.12086236137724005,0.11991094715118208,-0.0009514142260579617
official_valid,2937,reference,0.19336361430216856,0.194917941473499,0.001554327171330444
official_valid,2938,reference,0.14359741252191197,0.14003041600341262,-0.0035669965184993435
official_valid,2939,reference,0.1688952557420753,0.16870020913111428,-0.00019504661096103604
official_valid,2940,reference,0.10695469320032157,0.10292500316125458,-0.004029690039066988
official_valid,2941,reference,0.1294245713189161,0.13146893577021446,0.0020443644512983528
official_valid,2942,reference,-0.08699136903505739,-0.09642362351386778,-0.009432254478810395
official_valid,2943,reference,0.019236567322367087,-0.0018184902663565836,-0.021055057588723673
official_valid,2944,reference,0.009204682954879426,-0.00405497358694417,-0.013259656541823596
official_valid,2945,reference,0.050511048815703743,0.06443425680998907,0.013923207994285328
official_valid,2946,reference,0.17127011111689486,0.18797524575292165,0.016705134636026797
official_valid,2947,reference,0.21166506999501755,0.2233894546431808,0.01172438464816325
official_valid,2948,reference,0.19146012110899913,0.19564618912104886,0.004186068012049737
official_valid,2949,reference,0.1397452780013931,0.1423819166808705,0.0026366386794773877
official_valid,2950,reference,0.11565074395258598,0.11613507515213643,0.0004843311995504501
official_valid,2951,reference,0.13545767024095032,0.1447133478972937,0.009255677656343386
official_valid,2952,reference,0.12423501506943163,0.12328004721885369,-0.0009549678505779424
official_valid,2953,reference,0.20995839252607584,0.20493410585700358,-0.005024286669072259
official_valid,2954,reference,0.21633603419147,0.23890639130292643,0.02257035711145644
official_valid,2955,reference,0.18851285227860337,0.20045231512229547,0.0119394628436921
official_valid,2956,reference,0.0902465722728853,0.09729743039255863,0.007050858119673334
official_valid,2957,reference,0.06999030065885417,0.06755749785544397,-0.0024328028034101973
official_valid,2958,reference,-0.030687583900777776,-0.025525901762828884,0.005161682137948893
official_valid,2959,reference,-0.026180990735913,-0.02807594389372475,-0.001894953157811751
official_valid,2960,reference,0.04992619360882531,0.04831920088187156,-0.0016069927269537487
official_valid,2961,reference,0.13460632223766877,0.1228789667680633,-0.011727355469605474
official_valid,2962,reference,0.08535305267147729,0.08935693083395324,0.004003878162475952
official_valid,2963,reference,0.10621150053993018,0.11623525789510628,0.010023757355176091
official_valid,2964,reference,0.1310574935776267,0.13608716502188462,0.0050296714442579216
official_valid,2965,reference,0.17554038816258025,0.18120521275649837,0.005664824593918122
official_valid,2966,reference,0.16286309588533415,0.17208220135963226,0.009219105474298106
official_valid,2967,reference,0.14929108423966386,0.1572905741548163,0.007999489915152425
official_valid,2968,reference,0.12435906200463032,0.13209562773406136,0.007736565729431044
official_valid,2969,reference,0.06654693772250103,0.06457051588729007,-0.001976421835210962
official_valid,2970,reference,0.06989652022477683,0.06105574941676626,-0.008840770808010566
official_valid,2971,reference,0.09071460389668028,0.09766307756320905,0.006948473666528773
official_valid,2972,reference,0.12469623555946609,0.1365453575227096,0.011849121963243517
official_valid,2973,reference,0.08556295245431636,0.08674319072021457,0.0011802382658982064
official_valid,2974,reference,0.07022798540616366,0.07331903579453938,0.0030910503883757184
official_valid,2975,reference,0.04151086172043559,0.04821104340187204,0.006700181681436448
official_valid,2976,reference,0.06203694881376728,0.06598958531037014,0.0039526364966028585
official_valid,2977,reference,0.12050141573981528,0.12504973282229184,0.004548317082476563
official_valid,2978,reference,0.1459031808433583,0.1459642627811972,6.108193783890825e-05
official_valid,2979,reference,0.15868188695769078,0.1615211779657595,0.002839291008068706
official_valid,2980,reference,0.1867596667702629,0.1876319474420513,0.0008722806717884057
official_valid,2981,reference,0.18155245158057173,0.18201762306960134,0.0004651714890296088
official_valid,2982,reference,0.15814274101112083,0.1546916288620481,-0.0034511121490727326
official_valid,2983,reference,0.17640170699407837,0.1735119820953669,-0.0028897248987114765
official_valid,2984,reference,0.17042823771186405,0.1700832073390077,-0.0003450303728563531
official_valid,2985,reference,0.13895327472422542,0.13629123389613704,-0.00266204082808838
official_valid,2986,reference,0.13853269596851184,0.14205401993836006,0.0035213239698482224
official_valid,2987,reference,0.1810973896931449,0.18281452065039347,0.0017171309572485693
official_valid,2988,reference,0.15742483670510216,0.15094373433416478,-0.0064811023709373805
official_valid,2989,reference,0.17444756333090175,0.16621556267756718,-0.00823200065333457
official_valid,2990,reference,0.15199405342239616,0.1481332125191435,-0.0038608409032526714
official_valid,2991,reference,0.09367380273334255,0.0975129501167675,0.0038391473834249457
official_valid,2992,reference,0.04935758682885549,0.047800822826938115,-0.0015567640019173781
official_valid,2993,reference,-0.009861593956996706,0.000989338587741814,0.01085093254473852
official_valid,2994,reference,-0.04326146417409008,-0.042145374486237966,0.0011160896878521162
official_valid,2995,reference,-0.10375102439864552,-0.09792747182995738,0.005823552568688134
official_valid,2996,reference,-0.1356539286695712,-0.12237316672340716,0.013280761946164052
official_valid,2997,reference,-0.09296496002459748,-0.09250568823258994,0.0004592717920075401
official_valid,2998,reference,0.029304710241155402,0.021296732931750127,-0.008007977309405275
official_valid,2999,reference,0.07223009256056195,0.07182290908590445,-0.00040718347465749927
official_valid,3000,reference,0.03541189029719609,0.03316345409050095,-0.0022484362066951397
official_valid,3001,reference,0.10631654860474815,0.10268319417551967,-0.0036333544292284775
official_valid,3002,reference,0.06997363087937906,0.06564602595833056,-0.0043276049210485
official_valid,3003,reference,-0.020236244318343834,-0.023297564105386817,-0.0030613197870429827
official_valid,3004,reference,0.054351318038981127,0.04830005729536989,-0.006051260743611238
official_valid,3005,reference,0.07723091108208158,0.07069084933398936,-0.006540061748092213
official_valid,3006,reference,0.018360268692786334,0.020755579831088788,0.0023953111383024535
official_valid,3007,reference,0.03237950491804954,0.029670163846735972,-0.00270934107131357
official_valid,3008,reference,0.040217244343103094,0.03857069766193057,-0.0016465466811725268
official_valid,3009,reference,-0.04887878465543676,-0.0460489242333849,0.0028298604220518622
official_valid,3010,reference,-0.010992796545212152,-0.013153251828198376,-0.0021604552829862234
official_valid,3011,reference,0.06609826692349408,0.06838902313734135,0.002290756213847278
official_valid,3012,reference,0.12075548518721219,0.12222179421324102,0.0014663090260288308
official_valid,3013,reference,0.12065842924577569,0.11629843658170627,-0.0043599926640694175
official_valid,3014,reference,0.13779567057995568,0.13245357397594415,-0.005342096604011526
official_valid,3015,reference,0.18971051598401137,0.18703124192561546,-0.0026792740583959085
official_valid,3016,reference,0.13607227576037284,0.13752664127356942,0.0014543655131965816
official_valid,3017,reference,0.11531440020940945,0.11017739234077085,-0.005137007868638591
official_valid,3018,reference,0.11220299319046395,0.11622113143360276,0.004018138243138805
official_valid,3019,reference,0.1239341767061161,0.12104553407610202,-0.0028886426300140794
official_valid,3020,reference,0.10765892971258113,0.10663364978081828,-0.0010252799317628514
official_valid,3021,reference,0.04822668383665834,0.041156433643956825,-0.007070250192701515
official_valid,3022,reference,-0.03484332026501421,-0.039188890984249436,-0.004345570719235227
official_valid,3023,reference,-0.0048683232672553,-0.0031530772702106956,0.0017152459970446047
official_valid,3024,reference,-0.06253172227184438,-0.06898170351176151,-0.006449981239917135
official_valid,3025,reference,-0.03096875355685279,-0.0410390098470225,-0.01007025629016971
official_valid,3026,reference,0.09468092063087839,0.09384120391851684,-0.000839716712361549
official_valid,3027,reference,0.14801694911987445,0.1490018548892659,0.0009849057693914476
official_valid,3028,reference,0.14669649726263498,0.14668218054133247,-1.4316721302504165e-05
official_valid,3029,reference,0.14114271818144772,0.142495136575428,0.001352418393980287
official_valid,3030,reference,0.1608711817330495,0.15962568573710514,-0.0012454959959443679
official_valid,3031,reference,0.18576430374492664,0.18538618609609214,-0.0003781176488344973
official_valid,3032,reference,0.12785131802261593,0.1261015498000201,-0.0017497682225958155
official_valid,3033,reference,0.05190612525526231,0.045537153083660804,-0.006368972171601504
official_valid,3034,reference,0.09515066209165392,0.10006136232405581,0.004910700232401893
official_valid,3035,reference,-0.02560353242838879,-0.02715444219511362,-0.001550909766724829
official_valid,3036,reference,-0.08671096625251488,-0.08841847376506617,-0.00170750751255129
official_valid,3037,reference,-0.026722698375143565,-0.029000477690952254,-0.002277779315808689
official_valid,3038,reference,-0.054879741948661485,-0.06380822596782194,-0.008928484019160458
official_valid,3039,reference,-0.08974097992837389,-0.09879642903113775,-0.00905544910276386
official_valid,3040,reference,0.030010438390825057,0.02822696745758859,-0.001783470933236466
official_valid,3041,reference,-0.004604847313801786,-0.015136305115975118,-0.010531457802173332
official_valid,3042,reference,0.01719827521465586,0.014204562387096156,-0.0029937128275597056
official_valid,3043,reference,0.04237308765409035,0.03386899346457515,-0.008504094189515199
official_valid,3044,reference,-0.058152067025485886,-0.06489318533174276,-0.006741118306256878
official_valid,3045,reference,-0.17155220959194048,-0.1750717837170692,-0.0035195741251287105
official_valid,3046,reference,-0.12924123069111962,-0.128897826787885,0.0003434039032346181
official_valid,3047,reference,-0.09878488723715455,-0.10663984906591266,-0.007854961828758111
official_valid,3048,reference,-0.10864085399451599,-0.11551688060527557,-0.006876026610759575
official_valid,3049,reference,0.09789656146803355,0.10171560074719065,0.0038190392791570965
official_valid,3050,reference,0.09461617952181255,0.09317967604424456,-0.0014365034775679908
official_valid,3051,reference,0.008399476454543716,0.002902057941453672,-0.005497418513090045
official_valid,3052,reference,-0.023347681811737693,-0.02592022410488691,-0.0025725422931492173
official_valid,3053,reference,0.0392726180190515,0.03991481713781837,0.0006421991187668744
official_valid,3054,reference,-0.09619914441885553,-0.10196685168350741,-0.005767707264651881
official_valid,3055,reference,-0.015620596538374379,-0.011724897459510525,0.0038956990788638537
official_valid,3056,reference,0.08853385543749501,0.09023177223055258,0.0016979167930575717
official_valid,3057,reference,0.19778032188675518,0.19812523841918742,0.00034491653243223785
official_valid,3058,reference,0.06458934587673322,0.06151926864838693,-0.0030700772283462907
official_valid,3059,reference,0.08136903536348411,0.08031866968587967,-0.0010503656776044423
official_valid,3060,reference,0.05610077408080456,0.05430770299220345,-0.0017930710886011059
official_valid,3061,reference,0.09175747176343688,0.0941898375678981,0.0024323658044612256
official_valid,3062,reference,0.07695289584662487,0.08045280285251769,0.0034999070058928106
official_valid,3063,reference,0.17261946635242312,0.17201924421963855,-0.0006002221327845725
official_valid,3064,reference,0.16833173264298704,0.17698150167435447,0.008649769031367438
official_valid,3065,reference,0.27173934208982237,0.27647704756134195,0.004737705471519582
official_valid,3066,reference,0.24168186186727328,0.2516117071164647,0.00992984524919141
official_valid,3067,reference,0.15229361682203477,0.15617019669009496,0.003876579868060198
official_valid,3068,reference,0.040701972968904564,0.03855314409113056,-0.0021488288777740047
official_valid,3069,reference,0.05113942951544439,0.045681602260975014,-0.0054578272544693746
official_valid,3070,reference,-0.01060257063574907,-0.02474494429293645,-0.01414237365718738
official_valid,3071,reference,0.10518897743555501,0.10617792270230501,0.000988945266750002
official_valid,3072,reference,0.0222522835095352,0.016180329444665055,-0.006071954064870145
official_valid,3073,reference,0.014264828272788571,0.0023061416027719966,-0.011958686670016575
official_valid,3074,reference,0.034651102782368,0.038132251443190976,0.003481148660822976
official_valid,3075,reference,0.09980864179228227,0.10534924371199349,0.005540601919711216
official_valid,3076,reference,0.03007792088928806,0.03855802052014435,0.008480099630856289
official_valid,3077,reference,0.21090599049963693,0.22356181263271513,0.012655822133078198
official_valid,3078,reference,0.19411572985636166,0.20590150395685444,0.01178577410049278
official_valid,3079,reference,0.15837351522393864,0.16596453705922262,0.007591021835283984
official_valid,3080,reference,0.10922939100739752,0.1150409187167499,0.005811527709352379
official_valid,3081,reference,0.1673352698942173,0.1647562646159194,-0.00257900527829788
official_valid,3082,reference,0.01685818959172078,0.021961735824957508,0.005103546233236729
official_valid,3083,reference,0.06247709580614792,0.07116446025787193,0.008687364451724008
official_valid,3084,reference,0.05337575502923942,0.05482603843284818,0.0014502834036087611
official_valid,3085,reference,-0.03133088392796035,-0.03453180018527806,-0.003200916257317707
official_valid,3086,reference,0.019728745517368647,0.018892710184275033,-0.000836035333093614
official_valid,3087,reference,0.051821189838650535,0.053914652014180164,0.00209346217552963
official_valid,3088,reference,0.028684891831021707,0.026280205630947417,-0.00240468620007429
official_valid,3089,reference,0.09619040244539567,0.10347324508913855,0.007282842643742876
official_valid,3090,reference,0.2135649700108885,0.22523006074674629,0.01166509073585778
official_valid,3091,reference,0.19126063449473316,0.19679138226079293,0.005530747766059774
official_valid,3092,reference,0.20226321208353326,0.20830647184879156,0.0060432597652582964
official_valid,3093,reference,0.2288975156273895,0.2323253487108227,0.003427833083433196
official_valid,3094,reference,0.251412227672115,0.25068040092227795,-0.0007318267498370723
official_valid,3095,reference,0.31045674376371274,0.31741530368145254,0.006958559917739804
official_valid,3096,reference,0.32877070608221765,0.3367568809930706,0.007986174910852961
official_valid,3097,reference,0.3048881009938538,0.3093608886838106,0.0044727876899568475
official_valid,3098,reference,0.2682668303391024,0.2812983768589405,0.013031546519838066
official_valid,3099,reference,0.22583592739302297,0.24428359481780232,0.01844766742477935
official_valid,3100,reference,0.1239964742867384,0.12406845389803296,7.197961129455643e-05
official_valid,3101,reference,0.013348879681585305,0.009697381918349074,-0.0036514977632362312
official_valid,3102,reference,-0.11167991274648989,-0.12448013641289149,-0.0128002236664016
official_valid,3103,reference,-0.15883607138380124,-0.1670671401983447,-0.008231068814543469
official_valid,3104,reference,-0.1168410276531123,-0.11824406244521311,-0.001403034792100813
official_valid,3105,reference,-0.10471518479894712,-0.10161637695731104,0.0030988078416360754
official_valid,3106,reference,-0.1157514079767263,-0.09798827464570899,0.01776313333101731
official_valid,3107,reference,-0.05365583703203145,-0.06437549185172947,-0.01071965481969802
official_valid,3108,reference,0.017202495694834074,0.01337061092389889,-0.0038318847709351844
official_valid,3109,reference,0.047128274954079015,0.03820391640075782,-0.008924358553321195
official_valid,3110,reference,0.06755831267963754,0.06507555962776444,-0.0024827530518730934
official_valid,3111,reference,0.08788776887236371,0.09733892618155783,0.009451157309194116
official_valid,3112,reference,0.09898316633977788,0.09585740536462033,-0.003125760975157557
official_valid,3113,reference,0.048014403560492636,0.04645209227037282,-0.0015623112901198138
official_valid,3114,reference,0.009464898170736492,0.010128396725258773,0.0006634985545222807
official_valid,3115,reference,0.042505718907821954,0.04551625373575286,0.0030105348279309066
official_valid,3116,reference,0.022510346425311155,0.03045068813885324,0.007940341713542087
official_valid,3117,reference,0.03437166016334613,0.03843378541893525,0.004062125255589126
official_valid,3118,reference,0.10301123449088197,0.10288182812369719,-0.00012940636718478116
official_valid,3119,reference,0.08151804607274056,0.07868455826618216,-0.002833487806558399
official_valid,3120,reference,0.046981219610150615,0.047980599261124246,0.0009993796509736308
official_valid,3121,reference,0.08725224315388715,0.08661085124731778,-0.0006413919065693663
official_valid,3122,reference,0.14211212580399943,0.14198570249262765,-0.0001264233113717761
official_valid,3123,reference,0.08194256606400575,0.08677766774924757,0.004835101685241816
official_valid,3124,reference,0.08868638147640116,0.08973666875287413,0.0010502872764729665
official_valid,3125,reference,0.03380451510717138,0.03336572738047177,-0.0004387877266996132
official_valid,3126,reference,-0.0871986209403328,-0.09039573483341606,-0.0031971138930832615
official_valid,3127,reference,-0.05302367443987903,-0.056390238043586643,-0.0033665636037076146
official_valid,3128,reference,-0.020766257687107194,-0.016787774761370527,0.003978482925736666
official_valid,3129,reference,-0.0019347752501119794,-0.003624223679883008,-0.0016894484297710287
official_valid,3130,reference,0.019643146809541264,0.018738089488045773,-0.0009050573214954907
official_valid,3131,reference,0.0005150595239261723,-0.001516568591569526,-0.0020316281154956982
official_valid,3132,reference,0.09265259928923329,0.09483573407050165,0.002183134781268359
official_valid,3133,reference,0.1274603424608213,0.13362913525282155,0.0061687927920002494
official_valid,3134,reference,0.20225571872113177,0.20560555063085692,0.003349831909725154
official_valid,3135,reference,0.22743875205027184,0.2363291040997831,0.008890352049511274
official_valid,3136,reference,0.3175112524824589,0.3241740547560376,0.006662802273578683
official_valid,3137,reference,0.2109745890780327,0.21931962795911478,0.008345038881082067
official_valid,3138,reference,0.1665782291536802,0.17894081555430807,0.012362586400627873
official_valid,3139,reference,0.12108894339138601,0.13319234722483614,0.012103403833450127
official_valid,3140,reference,0.1412904990923572,0.15627432979202635,0.01498383069966916
official_valid,3141,reference,0.03745140470046011,0.04136724414703435,0.00391583944657424
official_valid,3142,reference,0.08004796683675748,0.08671376776501709,0.006665800928259608
official_valid,3143,reference,0.07832188777133643,0.08080358982160096,0.002481702050264531
official_valid,3144,reference,0.057484011131984605,0.05942903154061156,0.0019450204086269574
official_valid,3145,reference,0.10807309559141032,0.11298637242596121,0.004913276834550895
official_valid,3146,reference,0.1526494953795609,0.16162301558059539,0.00897352020103448
official_valid,3147,reference,0.1602142989626751,0.16207754516256664,0.0018632461998915328
official_valid,3148,reference,0.1805431958802166,0.18068903017088178,0.00014583429066516995
official_valid,3149,reference,0.1941790817837418,0.19292629979198012,-0.0012527819917616811
official_valid,3150,reference,0.23451866843746946,0.2396977297342496,0.005179061296780141
official_valid,3151,reference,0.2425553150565318,0.24076415793852574,-0.0017911571180060648
official_valid,3152,reference,0.24216958776325162,0.24659350905958766,0.004423921296336036
official_valid,3153,reference,0.25701636622306206,0.2585609285072352,0.0015445622841731566
official_valid,3154,reference,0.23997747076259915,0.24430956119828412,0.004332090435684971
official_valid,3155,reference,0.180017387716317,0.18780736490578506,0.007789977189468056
official_valid,3156,reference,0.11782847467461754,0.10823397807988852,-0.009594496594729024
official_valid,3157,reference,0.12427193404521004,0.13254930905197235,0.008277375006762303
official_valid,3158,reference,0.0778701839221254,0.08840481700729635,0.010534633085170955
official_valid,3159,reference,0.1559115746721998,0.1504041627041279,-0.00550741196807189
official_valid,3160,reference,0.1934657855089182,0.19645718103733517,0.0029913955284169846
