window,time,baseline_ic,candidate_ic,delta_vs_baseline,rank_correlation_to_baseline,calibration_cutoff_exclusive,in_window_label_update
fold_2,1945,0.14753916193784378,0.03802156774737769,-0.10951759419046608,0.8520884840701456,1945,False
fold_2,1946,0.13037226375512,0.017159834201102356,-0.11321242955401765,0.8590889309598739,1945,False
fold_2,1947,0.14590823158920113,-0.015382751720382391,-0.16129098330958352,0.8563911625599028,1945,False
fold_2,1948,0.16561214261098808,-0.01773433034602298,-0.18334647295701106,0.858789976128317,1945,False
fold_2,1949,-0.029892549653841315,-0.18344822428344845,-0.15355567462960715,0.8632600270009297,1945,False
fold_2,1950,-0.026791527415531365,-0.20770518918532294,-0.18091366176979157,0.8508005978280807,1945,False
fold_2,1951,-0.001982523156426579,-0.17781969726772048,-0.1758371741112939,0.856673565910879,1945,False
fold_2,1952,-0.07462937507408912,-0.12219596150798363,-0.04756658643389451,0.8754619774157785,1945,False
fold_2,1953,0.15258172406016904,0.15855537246574417,0.005973648405575127,0.8897668711107931,1945,False
fold_2,1954,0.17720611901866817,0.131355735015378,-0.04585038400329017,0.8663395411630068,1945,False
fold_2,1955,0.290413228220442,0.34608769267219797,0.055674464451755945,0.8600936091838923,1945,False
fold_2,1956,0.27969070747800584,0.29062666520635144,0.010935957728345602,0.8621460263035546,1945,False
fold_2,1957,0.1565626763868532,0.12343909387288424,-0.03312358251396896,0.8688653686252771,1945,False
fold_2,1958,0.14627987517490082,0.18777401236246974,0.04149413718756892,0.8598220209006363,1945,False
fold_2,1959,0.04567586766297603,0.13874757118404515,0.09307170352106912,0.8640531122594949,1945,False
fold_2,1960,-0.019980173986124023,0.042807347918603814,0.06278752190472783,0.8539154030469923,1945,False
fold_2,1961,0.06722933151249165,0.10877201679056625,0.0415426852780746,0.8553881048387096,1945,False
fold_2,1962,0.06529412703315583,0.0187000159219991,-0.04659411111115673,0.8533892872469779,1945,False
fold_2,1963,0.07751547859595165,-0.011915177294184965,-0.08943065589013661,0.8482243088834847,1945,False
fold_2,1964,0.07833853756884343,0.0015343144267219795,-0.07680422314212144,0.8567225721514913,1945,False
fold_2,1965,0.15256777054574064,-0.010515308722552035,-0.16308307926829269,0.8464135590265359,1945,False
fold_2,1966,0.09982884248968289,-0.032111610624905154,-0.13194045311458805,0.8516015229697936,1945,False
fold_2,1967,0.11331563818754023,0.024292901974107717,-0.08902273621343251,0.8627669024032615,1945,False
fold_2,1968,0.03775597239110221,-0.12378129246834989,-0.1615372648594521,0.8572325164508975,1945,False
fold_2,1969,0.14857061634028607,0.037726250239516604,-0.11084436610076946,0.8503317560439168,1945,False
fold_2,1970,0.21600528413567166,0.14814121785974288,-0.06786406627592878,0.8643396171590014,1945,False
fold_2,1971,0.23120921920821116,0.2307889948859166,-0.00042022432229457674,0.8641742364637721,1945,False
fold_2,1972,0.25989102246383383,0.3553206736534582,0.09542965118962438,0.8720075236034617,1945,False
fold_2,1973,0.31947067761457143,0.41755811016278255,0.09808743254821112,0.8695828825727773,1945,False
fold_2,1974,0.22780710204920962,0.31441965882268785,0.08661255677347823,0.8630592634647021,1945,False
fold_2,1975,0.25322440946641867,0.3638227214612688,0.11059831199485015,0.8581195014662756,1945,False
fold_2,1976,0.19944955486309976,0.2432472927635253,0.04379773790042554,0.8553207030970602,1945,False
fold_2,1977,0.15678505825746838,0.2538362359389108,0.09705117768144242,0.8558492664151347,1945,False
fold_2,1978,0.14767311440526426,0.25603154504327297,0.10835843063800871,0.8565121414777197,1945,False
fold_2,1979,0.2513802101959803,0.35961092386433746,0.10823071366835718,0.8606941922874519,1945,False
fold_2,1980,0.2062036933109099,0.30641070530100395,0.10020701199009405,0.8479703561082069,1945,False
fold_2,1981,0.19427689811172305,0.29165828848079534,0.09738139036907228,0.8626829715327944,1945,False
fold_2,1982,0.15022246877707324,0.16125885310040025,0.011036384323327014,0.847538120931979,1945,False
fold_2,1983,0.011488839764680635,0.00887080010371218,-0.002618039660968456,0.8481950280738144,1945,False
fold_2,1984,0.020911091450313963,0.008209031476336835,-0.012702059973977128,0.8493898862742292,1945,False
fold_2,1985,-0.060735311708566844,-0.0834491622655556,-0.022713850556988754,0.850993167066018,1945,False
fold_2,1986,0.03999306547723547,0.03168026594038412,-0.00831279953685135,0.8533178063085615,1945,False
fold_2,1987,0.08795563049803785,0.07904626232751438,-0.008909368170523471,0.8469162948823401,1945,False
fold_2,1988,0.13506412720835417,0.10831787336385092,-0.026746253844503257,0.8411743951612902,1945,False
fold_2,1989,0.06605548378156069,0.07452262221944066,0.008467138437879967,0.844048753665689,1945,False
fold_2,1990,0.0074457020002752115,-0.007310781169843172,-0.014756483170118384,0.8461899855160575,1945,False
fold_2,1991,0.02850218600243187,-0.010263091427651812,-0.03876527743008368,0.8570775405013946,1945,False
fold_2,1992,-0.025236984850388305,-0.08908781436735362,-0.06385082951696532,0.8515348843966811,1945,False
fold_2,1993,-0.07998619800976044,-0.1363774832808812,-0.056391285271120764,0.8468312655535616,1945,False
fold_2,1994,-0.03617287524139904,-0.10432347918603817,-0.06815060394463912,0.8528350082254488,1945,False
fold_2,1995,0.14424542682926828,-0.0054480634432444025,-0.14969349027251266,0.8453667812567055,1945,False
fold_2,1996,0.1939641969458551,0.05399650641942636,-0.13996769052642874,0.8525543147843501,1945,False
fold_2,1997,0.11831359925028609,0.0068673445595101405,-0.11144625469077594,0.8519503302023187,1945,False
fold_2,1998,0.13200788718843845,-0.007219686538874185,-0.13922757372731265,0.8451954070624736,1945,False
fold_2,1999,0.11727999192341387,0.005216627714668086,-0.11206336420874578,0.8575079795794291,1945,False
fold_2,2000,0.21135565737472858,0.11357212498651105,-0.09778353238821753,0.8586502329053716,1945,False
fold_2,2001,0.1701560041306058,0.07004720692368215,-0.10010879720692366,0.8599295137150419,1945,False
fold_2,2002,0.20643152919195593,0.11571055830175708,-0.09072097089019884,0.8568546622895991,1945,False
fold_2,2003,0.14296200615434565,0.03167558892244156,-0.11128641723190409,0.8611253777447964,1945,False
fold_2,2004,0.06292985793219368,-0.050320066071811734,-0.11324992400400541,0.8672511689972103,1945,False
fold_2,2005,0.13769639973920075,0.028353150113192543,-0.10934324962600821,0.8672443070059366,1945,False
fold_2,2006,0.1166103784539932,0.022629176616612304,-0.0939812018373809,0.8678835897825621,1945,False
fold_2,2007,0.1526408001967,0.022986150976024106,-0.1296546492206759,0.8696487420427722,1945,False
fold_2,2008,0.043309357826127395,-0.025515476645933285,-0.06882483447206068,0.8732318973070595,1945,False
fold_2,2009,0.10945498578427865,0.04831117901080037,-0.061143806773478276,0.8655182144517559,1945,False
fold_2,2010,0.07542067799911316,0.017042772571966708,-0.05837790542714645,0.8725991077176166,1945,False
fold_2,2011,0.08949881225384788,0.043218486369946504,-0.04628032588390138,0.8823441299799728,1945,False
fold_2,2012,0.022679775864336425,-0.012078909884366228,-0.03475868574870265,0.8810345290036478,1945,False
fold_2,2013,0.03664676727320349,-0.005065177882739799,-0.04171194515594329,0.8803776187336207,1945,False
fold_2,2014,0.05307063655523849,0.025070827919864213,-0.02799980863537428,0.8711314127208353,1945,False
fold_2,2015,0.02451018421655961,0.09260588314795729,0.06809569893139768,0.877480978649596,1945,False
fold_2,2016,0.007437929153851656,0.040266243026249905,0.03282831387239825,0.8907145858665331,1945,False
fold_2,2017,0.07445795898483858,0.12348378001553323,0.04902582103069465,0.8802327377333523,1945,False
fold_2,2018,0.09691373082984606,0.18767586472084807,0.09076213389100202,0.8713547595602814,1945,False
fold_2,2019,0.08344001457334953,0.11606905721400096,0.03262904264065143,0.8823650201678981,1945,False
fold_2,2020,0.13123618042234494,0.121572726437546,-0.00966345398479894,0.8803924746083971,1945,False
fold_2,2021,0.16680938127751885,0.1806277721232939,0.013818390845775047,0.8756839974787209,1945,False
fold_2,2022,0.176911160059051,0.1611834257239273,-0.0157277343351237,0.8706267657892854,1945,False
fold_2,2023,0.04708351959802588,0.009784417244832271,-0.037299102353193614,0.8730839286352906,1945,False
fold_2,2024,-0.022730457853515483,-0.034349049603032686,-0.011618591749517203,0.8748903869537228,1945,False
fold_2,2025,-0.0808923494385237,-0.07593836054287961,0.004953988895644093,0.8874240040054359,1945,False
fold_2,2026,-0.13759121754523995,-0.11560995726342893,0.02198126028181102,0.8769089299763964,1945,False
fold_2,2027,-0.07073668636994147,-0.03793955870338416,0.03279712766655731,0.8880398286066805,1945,False
fold_2,2028,0.15418289433794768,0.15837511844164512,0.004192224103697434,0.8818469597131822,1945,False
fold_2,2029,0.20913782043805496,0.19552580342162407,-0.013612017016430888,0.8758477241434803,1945,False
fold_2,2030,0.10375787899649523,0.05535538185752092,-0.048402497138974314,0.879390668585938,1945,False
fold_2,2031,0.08952796479110023,-0.05224477109696178,-0.141772735888062,0.8664168559115942,1945,False
fold_2,2032,0.07075793711107932,-0.05799818727201201,-0.12875612438309134,0.8641034819576567,1945,False
fold_2,2033,-0.012663581378299121,-0.13876521037479436,-0.12610162899649524,0.875116117409341,1945,False
fold_2,2034,-0.004944433530730415,-0.127865395804645,-0.1229209622739146,0.8702480039875543,1945,False
fold_2,2035,-0.08421508431085042,-0.16713973428224016,-0.08292464997138974,0.8877401920463485,1945,False
fold_2,2036,-0.08139108432873185,-0.1637100462234461,-0.08231896189471424,0.8852791399935627,1945,False
fold_2,2037,0.0011798043011475876,-0.050775919671964626,-0.05195572397311221,0.8809497599420641,1945,False
fold_2,2038,0.04280162610642135,0.015739144954196458,-0.027062481152224895,0.8787009602317429,1945,False
fold_2,2039,0.018807304385212813,0.004944014435170986,-0.013863289950041827,0.87865878245476,1945,False
fold_2,2040,0.057865535307586896,0.11793994449481647,0.060074409187229574,0.8790840694513982,1945,False
fold_2,2041,0.2580747308847722,0.31314738529075165,0.05507265440597947,0.8898432694370931,1945,False
fold_2,2042,0.07423711944038011,0.08206882598056593,0.00783170654018582,0.8816573944102711,1945,False
fold_2,2043,0.0815458593402035,0.06898244176522614,-0.012563417574977365,0.8751150445247119,1945,False
fold_2,2044,0.10763485936270653,0.10175651330376939,-0.0058783460589371395,0.8717932931299621,1945,False
fold_2,2045,0.17608059598741146,0.1939425604391674,0.017861964451755946,0.872231030058651,1945,False
fold_2,2046,0.20238701183749372,0.29024000205636213,0.08785299021886842,0.8694983035011802,1945,False
fold_2,2047,0.2075613020300017,0.3215405988656547,0.11397929683565303,0.8666099416171947,1945,False
fold_2,2048,0.3228705810564337,0.3906091414240755,0.06773856036764181,0.8810032253594164,1945,False
fold_2,2049,0.24302768042343179,0.28457760755668404,0.04154992713325226,0.8796228251734496,1945,False
fold_2,2050,0.1663400296376001,0.12762290854025818,-0.03871712109734193,0.876849563693584,1945,False
fold_2,2051,0.15838366622107589,0.06937172566052736,-0.08901194056054852,0.8668966588584507,1945,False
fold_2,2052,0.07913655808464051,-0.005005794764515721,-0.08414235284915624,0.8712794819755381,1945,False
fold_2,2053,0.0985108084702867,-0.022272621164081553,-0.12078342963436825,0.8644656475752805,1945,False
fold_2,2054,0.12802922341050588,-0.004672334341786214,-0.1327015577522921,0.8675981881314322,1945,False
fold_2,2055,0.09460006681221482,-0.009318567516274424,-0.10391863432848925,0.877695924379515,1945,False
fold_2,2056,0.0857668889922037,0.0022118522459051567,-0.08355503674629854,0.8692966458944281,1945,False
fold_2,2057,0.229572578409985,0.18064425604391673,-0.048928322366068255,0.874983079715328,1945,False
fold_2,2058,0.21628678601843232,0.19870447001372532,-0.017582316004707,0.8641824842643586,1945,False
fold_2,2059,0.23458271493455402,0.2261478747943638,-0.00843484014019022,0.8789243772798796,1945,False
fold_2,2060,0.17801809151705883,0.207512639922037,0.02949454840497817,0.8639360560761032,1945,False
fold_2,2061,0.16851674305898612,0.19556119743860303,0.027044454379616917,0.8742010585795007,1945,False
fold_2,2062,0.12971032296216634,0.1266313004958641,-0.0030790224663022336,0.8712293581467706,1945,False
fold_2,2063,0.03182618374937415,-0.04319244644517559,-0.07501863019454974,0.8687163494206422,1945,False
fold_2,2064,0.09367546271970514,-0.0007385748983513755,-0.09441403761805651,0.8790985086903653,1945,False
fold_2,2065,0.10292257125742078,-5.5532955439525066e-05,-0.10297810421286031,0.8710736334132034,1945,False
fold_2,2066,0.06495849277591016,-0.06173325629425649,-0.12669174907016664,0.87488209444961,1945,False
fold_2,2067,0.0734655181403152,-0.08529065697780318,-0.15875617511811838,0.8773541659216079,1945,False
fold_2,2068,0.04040814330723432,-0.1052833088915406,-0.1456914521987749,0.8810233866497387,1945,False
fold_2,2069,0.006159218417392663,-0.14384044922261446,-0.14999966764000713,0.8768167816948468,1945,False
fold_2,2070,0.0034070960237529277,-0.149075559434108,-0.1524826554578609,0.866376086295687,1945,False
fold_2,2071,-0.0252413990415564,-0.17935175416636862,-0.15411035512481222,0.8694977111794577,1945,False
fold_2,2072,-0.13044540394789525,-0.22740648085852697,-0.09696107691063172,0.8810504434589801,1945,False
fold_2,2073,-0.04128257085034354,-0.09864588683846404,-0.05736331598812049,0.8949598897611042,1945,False
fold_2,2074,0.0355735072251334,-0.006325604856383229,-0.04189911208151663,0.8886999655782847,1945,False
fold_2,2075,0.12703921840354765,0.08253197419712467,-0.04450724420642298,0.8825953749731779,1945,False
fold_2,2076,0.2605955180244618,0.2999804757349259,0.03938495771046413,0.8951099371468422,1945,False
fold_2,2077,0.1797565781238824,0.2603336112402546,0.08057703311637221,0.8844271466633287,1945,False
fold_2,2078,0.12163450620484942,0.15642805414491093,0.03479354794006151,0.8868844100922679,1945,False
fold_2,2079,0.10652559723911022,0.124362684178528,0.01783708693941778,0.8833432873185035,1945,False
fold_2,2080,0.14136223937844217,0.1441783156605393,0.002816076282097124,0.8807827699198912,1945,False
fold_2,2081,0.03381538458950815,-0.048974171556974005,-0.08278955614648215,0.8800591427651812,1945,False
fold_2,2082,0.15406109785730718,0.12531260652099446,-0.028748491336312715,0.8771683668907804,1945,False
fold_2,2083,0.12190039160288964,0.04792238126743437,-0.07397801033545526,0.8829482310814675,1945,False
fold_2,2084,0.16378280725790473,0.13747651985696135,-0.026306287400943373,0.8888512199592303,1945,False
fold_2,2085,0.18534808400686645,0.17926395644088405,-0.006084127565982395,0.8843993745976683,1945,False
fold_2,2086,0.18337248482139956,0.19298843126661971,0.009615946445220153,0.88985626698734,1945,False
fold_2,2087,0.1324875224984117,0.16881652490661578,0.03632900240820408,0.8909611258136042,1945,False
fold_2,2088,0.2784622832953603,0.36043254673874514,0.08197026344338482,0.8888646757206207,1945,False
fold_2,2089,0.21312941566416818,0.3065829359560043,0.0934535202918361,0.8882335817589315,1945,False
fold_2,2090,0.25258480400065714,0.34642659666027387,0.09384179265961673,0.8829352583498791,1945,False
fold_2,2091,0.3294532730479082,0.44689752189856724,0.11744424885065902,0.8839280007351719,1945,False
fold_2,2092,0.24699472232123817,0.2885307635377106,0.04153604121647245,0.8834725028610255,1945,False
fold_2,2093,0.23203088184419615,0.247048232442266,0.015017350598069856,0.8852461599670981,1945,False
fold_2,2094,0.22814940317481483,0.24022927388126425,0.01207987070644942,0.8736277582075673,1945,False
fold_2,2095,0.22555245798302284,0.1819215312911315,-0.043630926691891336,0.8664258413203633,1945,False
fold_2,2096,0.27023885094056216,0.2095911191974823,-0.06064773174307986,0.8719690562191545,1945,False
fold_2,2097,0.24804194154131592,0.22208169854982235,-0.025960242991493576,0.8775865236749872,1945,False
fold_2,2098,0.2036863003206123,0.17961247881629086,-0.02407382150432144,0.8708646667799155,1945,False
fold_2,2099,0.1896654946892211,0.1350633001931192,-0.054602194496101875,0.8673363962699375,1945,False
fold_2,2100,0.04098814909520063,0.040962478095272155,-2.5670999928471827e-05,0.8765546321793861,1945,False
fold_2,2101,0.01894606966597525,0.024711919301194474,0.005765849635219224,0.8791910338137471,1945,False
fold_2,2102,-0.014603524466808536,0.040035701465481334,0.05463922593228987,0.8739325356734139,1945,False
fold_2,2103,-0.0678390315428081,-0.0071484738216150475,0.06069055772119305,0.8794767675774265,1945,False
fold_2,2104,0.046692006115442386,0.10552170132680064,0.05882969521135825,0.8787835052928974,1945,False
fold_2,2105,0.1002141410664473,0.1689925725091195,0.0687784314426722,0.8936085245154137,1945,False
fold_2,2106,0.17111333014448177,0.24431090631929048,0.07319757617480871,0.8739235949681711,1945,False
fold_2,2107,0.21782643693289783,0.2599877519602154,0.04216131502731757,0.8647137633216506,1945,False
fold_2,2108,0.07132881231671553,0.09542499642371788,0.024096184107002344,0.8784195403583432,1945,False
fold_2,2109,0.08857067862985199,0.09989196414849791,0.011321285518645918,0.8752536142800943,1945,False
fold_2,2110,0.11110723928903511,0.0663125402331736,-0.04479469905586152,0.8722807739074456,1945,False
fold_2,2111,0.16104426814596307,0.16557547358169744,0.004531205435734376,0.8735520863135683,1945,False
fold_2,2112,0.13293666775827098,0.10945423447039274,-0.023482433287878246,0.8656263187540233,1945,False
fold_2,2113,0.20240012171205599,0.16558340383149286,-0.03681671788056312,0.8671140856340747,1945,False
fold_2,2114,0.265869561816036,0.2668826107753379,0.001013048959301932,0.8668343309670266,1945,False
fold_2,2115,0.20052287479436376,0.22127299996423716,0.0207501251698734,0.8680035181675129,1945,False
fold_2,2116,0.2499240375330806,0.24513833506186966,-0.004785702471210934,0.8669612219261854,1945,False
fold_2,2117,0.2634834552249481,0.24708579947786274,-0.01639765574708535,0.8720350833273727,1945,False
fold_2,2118,0.2050309795436664,0.16865105992060653,-0.036379919623059864,0.8749938867927902,1945,False
fold_2,2119,0.15896030773907446,0.0988296840354767,-0.06013062370359776,0.8732142282383233,1945,False
fold_2,2120,0.21250656024247191,0.188288559026536,-0.024218001215935925,0.8720288583613474,1945,False
fold_2,2121,0.051874541788856296,0.01579679565124097,-0.03607774613761533,0.8672523871682997,1945,False
fold_2,2122,0.026002499217716225,0.027295459320857984,0.0012929601031417583,0.867029148934268,1945,False
fold_2,2123,0.017553990732830465,0.07179584701949254,0.054241856286662074,0.8811629398826979,1945,False
fold_2,2124,0.0718322299012946,0.12876304225377297,0.05693081235247836,0.8733617275230668,1945,False
fold_2,2125,0.20097428038770887,0.26351513399746507,0.0625408536097562,0.8667881634003289,1945,False
fold_2,2126,0.25107152117159,0.29685372112152203,0.045782199949932045,0.8773744836742721,1945,False
fold_2,2127,0.290370586106289,0.3079525398281903,0.0175819537219013,0.8671914227344252,1945,False
fold_2,2128,0.3113347131821758,0.2453333988985051,-0.0660013142836707,0.8719815732064946,1945,False
fold_2,2129,0.2707767014162077,0.1826891517952936,-0.08808754962091409,0.8701346246691939,1945,False
fold_2,2130,0.21903534880774395,0.13181211927071818,-0.08722322953702577,0.8648522995493884,1945,False
fold_2,2131,0.24688304663471855,0.1529528467205493,-0.09393019991416926,0.864889783456119,1945,False
fold_2,2132,0.2113467831342536,0.14793133314855875,-0.06341544998569484,0.8636583912989056,1945,False
fold_2,2133,0.14117760263929618,0.11164472096058936,-0.029532881678706824,0.8759010666261354,1945,False
fold_2,2134,0.1037325097453687,0.06754072491238108,-0.036191784832987614,0.8734860033259422,1945,False
fold_2,2135,0.05981724097608261,0.04591165031424246,-0.013905590661840155,0.8883128330412702,1945,False
fold_2,2136,0.08922797010228165,0.07527987760174522,-0.013948092500536427,0.8748919180494955,1945,False
fold_2,2137,0.17018460927493284,0.1130225565975212,-0.057162052677411646,0.8833754850332592,1945,False
fold_2,2138,0.09127343049069225,0.026958103930552244,-0.06431532656014001,0.8692815249266862,1945,False
fold_2,2139,0.04728859702453329,0.0032388263536227736,-0.04404977067091051,0.8775549741613619,1945,False
fold_2,2140,0.026859242007009513,0.010234391763822329,-0.016624850243187182,0.8727307148987912,1945,False
fold_2,2141,-0.026554414323888262,-0.06930150740290394,-0.04274709307901568,0.8745129798770234,1945,False
fold_2,2142,-0.05024379068020885,-0.02865487089621629,0.02158891978399256,0.8700659712288104,1945,False
fold_2,2143,-0.026895502305000436,-0.021689122798600337,0.0052063795064000995,0.8750856376373674,1945,False
fold_2,2144,-0.05361295016450897,-0.06119527170803232,-0.007582321543523354,0.8718964129890564,1945,False
fold_2,2145,0.0035208385487447247,0.02998908116372219,0.026468242614977464,0.8781582705993848,1945,False
fold_2,2146,0.014960470906945137,0.038349501108647446,0.02338903020170231,0.8775966378477934,1945,False
fold_2,2147,0.0029161507297635557,0.0024725911643066435,-0.00044355956545691225,0.8832877655389456,1945,False
fold_2,2148,-0.056729478846291384,-0.041410362724411696,0.015319116121879688,0.8834286151741649,1945,False
fold_2,2149,-0.07942343627065301,-0.08908523174307989,-0.009661795472426876,0.8625664182640727,1945,False
fold_2,2150,0.01780805199914169,-0.004011213879550819,-0.021819265878692512,0.8767124244510406,1945,False
fold_2,2151,0.11089651804234316,0.030567030702381797,-0.08032948733996136,0.8744949172090692,1945,False
fold_2,2152,0.1483913005640613,0.043425374653831256,-0.10496592591023005,0.8781341306952292,1945,False
fold_2,2153,0.10633861356483798,0.030727460482082823,-0.07561115308275515,0.8712029830663043,1945,False
fold_2,2154,0.08021323604415488,-0.010061210331379444,-0.09027444637553432,0.8802201201630784,1945,False
fold_2,2155,0.02252415108003719,-0.07000219047278448,-0.09252634155282168,0.8717129944209998,1945,False
fold_2,2156,0.07012186200837817,0.01753737778485472,-0.05258448422352345,0.8759618969494313,1945,False
fold_2,2157,0.07480415468765819,0.048041449646411306,-0.026762705041246886,0.897120735283599,1945,False
fold_2,2158,0.20705389233602742,0.14988344673127815,-0.057170445604749265,0.8817601901688005,1945,False
fold_2,2159,0.22848396931549958,0.2022180213325227,-0.02626594798297688,0.8728602880695229,1945,False
fold_2,2160,0.21028176632572776,0.16019890833988984,-0.05008285798583792,0.8779883077927185,1945,False
fold_2,2161,0.19856564487703898,0.17803333740917737,-0.02053230746786161,0.8808857780201701,1945,False
fold_2,2162,0.2195508835030421,0.20109169644701538,-0.018459187056026727,0.8783046299442098,1945,False
fold_2,2163,0.11375777904923298,0.04669596263844661,-0.06706181641078637,0.8841469226092555,1945,False
fold_2,2164,0.10175186442133481,0.0295114017168149,-0.07224046270451992,0.8713949057615853,1945,False
fold_2,2165,0.009948177437236248,-0.023903679547242686,-0.033851856984478935,0.879370015556827,1945,False
fold_2,2166,0.00985047788069523,-0.012608294292253772,-0.022458772172949004,0.8813401334847293,1945,False
fold_2,2167,-0.05069975002542443,-0.03445114137727971,0.016248608648144716,0.8862694125062585,1945,False
fold_2,2168,-0.012973835026106858,0.00645093117445104,0.019424766200557896,0.883179616533152,1945,False
fold_2,2169,0.1028105006661999,0.16556693196980427,0.06275643130360437,0.899081498998641,1945,False
fold_2,2170,0.09820217347727561,0.14372452186884907,0.04552234839157346,0.8778827068879191,1945,False
fold_2,2171,0.07135175640154495,0.10373073278020169,0.032378976378656735,0.8796692274336599,1945,False
fold_2,2172,0.06216218680196054,0.03428661563652964,-0.0278755711654309,0.8804565682891066,1945,False
fold_2,2173,0.17643296035691292,0.16046431317502324,-0.015968647181889672,0.8852122970459909,1945,False
fold_2,2174,0.14674257697947213,0.09468899756812817,-0.05205357941134396,0.8945056348794791,1945,False
fold_2,2175,0.05466330995710504,-0.005552122076389385,-0.06021543203349443,0.8826076317932808,1945,False
fold_2,2176,0.026617988251913305,-0.05017664598383521,-0.0767946342357485,0.8741319134003289,1945,False
fold_2,2177,0.006913193768361801,-0.07025701371104687,-0.07717020747940867,0.8808527085866532,1945,False
fold_2,2178,0.006213907525245799,-0.09865998441333317,-0.10487389193857896,0.8854266839818324,1945,False
fold_2,2179,-0.05161400963808026,-0.13410416368643158,-0.08249015404835132,0.8857648996852872,1945,False
fold_2,2180,0.10767826119956955,0.040873233207324985,-0.06680502799224457,0.8938105621021384,1945,False
fold_2,2181,0.17107052651813173,0.08586952828839138,-0.08520099822974035,0.8841627923610613,1945,False
fold_2,2182,0.11131941340032901,0.0606038328803376,-0.050715580519991414,0.8743911603247264,1945,False
fold_2,2183,0.1510921393065852,0.10792649700728048,-0.04316564229930471,0.8875736043559116,1945,False
fold_2,2184,0.2208991331986267,0.20044661057864244,-0.02045252261998426,0.8852194496101851,1945,False
fold_2,2185,0.14936303063085615,0.12593850582933983,-0.023424524801516328,0.8724503120306129,1945,False
fold_2,2186,0.11058192815249267,0.0434507769472856,-0.06713115120520707,0.8797120869394176,1945,False
fold_2,2187,0.11489195286115927,0.0350649769672343,-0.07982697589392498,0.883234110131607,1945,False
fold_2,2188,0.12212982127530218,0.06499872594950289,-0.0571310953257993,0.8820716955153421,1945,False
fold_2,2189,0.12138182020119838,0.031284461005586045,-0.09009735919561233,0.8786694330698803,1945,False
fold_2,2190,0.15739086927561144,0.09061620559393335,-0.06677466368167809,0.8836748421965525,1945,False
fold_2,2191,0.1416308293398183,0.10580790447750517,-0.03582292486231313,0.8793927808275516,1945,False
fold_2,2192,0.13326368747447342,0.09950450639345503,-0.0337591810810184,0.8826248345969528,1945,False
fold_2,2193,0.1420329822616408,0.03135466213074887,-0.11067832013089193,0.8820632689006509,1945,False
fold_2,2194,0.13773835399866993,0.04456885696595172,-0.09316949703271821,0.8825494756276373,1945,False
fold_2,2195,0.12583121248162246,0.032815249450231836,-0.09301596303139062,0.8849136774908803,1945,False
fold_2,2196,0.12025913516558186,0.03524943450039338,-0.08500970066518848,0.8897975936091838,1945,False
fold_2,2197,0.15556403600076676,0.1015416069731399,-0.05402242902762687,0.8968720048637436,1945,False
fold_2,2198,0.1631547949002217,0.14881865344038336,-0.01433614145983833,0.8918477084972464,1945,False
fold_2,2199,0.18504977944453388,0.19835264374812966,0.013302864303595785,0.8829791435698449,1945,False
fold_2,2200,0.14342965453114942,0.13801355410914812,-0.005416100422001302,0.8935452690258207,1945,False
fold_2,2201,0.11514602439009308,0.13286172454151426,0.017715700151421182,0.8901234376117586,1945,False
fold_2,2202,0.11744899327658964,0.07274573528359916,-0.04470325799299048,0.8907757626421571,1945,False
fold_2,2203,0.16418106492740148,0.12437023907445818,-0.03981082585294329,0.8865113144624847,1945,False
fold_2,2204,0.10082537350718579,0.006543232853328098,-0.09428214065385769,0.8946739436556753,1945,False
fold_2,2205,0.0043373596309276875,-0.08451419560474929,-0.08885155523567698,0.8853597404513267,1945,False
fold_2,2206,-0.009484618660717611,-0.10727899165407236,-0.09779437299335475,0.8897270849724626,1945,False
fold_2,2207,-0.004508853583757126,-0.1003721691533618,-0.09586331556960467,0.8821245686109719,1945,False
fold_2,2208,-0.02136125613959633,-0.12187582837730479,-0.10051457223770846,0.8871224004899506,1945,False
fold_2,2209,-0.02869307166271818,-0.10269594129398514,-0.07400286963126695,0.8930878178420713,1945,False
fold_2,2210,0.04504744003253667,0.032241019396215806,-0.012806420636320863,0.8944405018417851,1945,False
fold_2,2211,0.2014598026306153,0.24678679753083013,0.04532699490021483,0.8992554404191402,1945,False
fold_2,2212,0.21437276721949397,0.2522815255109783,0.03790875829148435,0.899779142228739,1945,False
fold_2,2213,0.30629320681386013,0.36545930181322894,0.05916609499936881,0.8982832169551535,1945,False
fold_2,2214,0.20566551873319575,0.2550914753032337,0.04942595657003793,0.8984291627923611,1945,False
fold_2,2215,0.05162581136900079,0.07611436950146626,0.02448855813246547,0.8925495538588082,1945,False
fold_2,2216,0.03914361454831557,0.031558666672627134,-0.007584947875688433,0.9032038458443601,1945,False
fold_2,2217,0.028869570756741285,0.10039211698018738,0.07152254622344609,0.8943325763536228,1945,False
fold_2,2218,-0.027807962592089265,0.08068389689578713,0.1084918594878764,0.8846656399756813,1945,False
fold_2,2219,0.13452779665259995,0.23245425711680137,0.09792646046420142,0.8958017912702954,1945,False
fold_2,2220,0.06901315328064177,0.20974821414860018,0.1407350608679584,0.896167041431228,1945,False
fold_2,2221,0.10835919059795433,0.24352922045990982,0.13517002986195548,0.8934006084149915,1945,False
fold_2,2222,0.1546624217539161,0.2809762252146223,0.1263138034607062,0.8900214688684644,1945,False
fold_2,2223,0.14620018950439487,0.21538463532926558,0.06918444582487071,0.8829503097954365,1945,False
fold_2,2224,0.15306493950117964,0.18303690563971048,0.029971966138530842,0.8853516267613188,1945,False
fold_2,2225,0.17326322937508726,0.1430190195148187,-0.030244209860268545,0.8821107775731349,1945,False
fold_2,2226,0.07543692130010404,0.16769865735109998,0.09226173605099594,0.8857646649917744,1945,False
fold_2,2227,0.08296365379801159,0.1714101392067806,0.08844648540876902,0.8781614669015091,1945,False
fold_2,2228,0.15133029870896217,0.25955270769258276,0.1082224089836206,0.8836401299084471,1945,False
fold_2,2229,0.18486632528073813,0.25479583899578,0.06992951371504189,0.8804779030469922,1945,False
fold_2,2230,0.14074972283813747,0.17574056979114508,0.03499084695300761,0.8814001591445534,1945,False
fold_2,2231,0.24154859720334737,0.20246421482726557,-0.039084382376081805,0.8793849465345827,1945,False
fold_2,2232,0.2317115080287533,0.1873553617409341,-0.0443561462878192,0.886434759673843,1945,False
fold_2,2233,0.1495169336957299,0.15875224635219223,0.009235312656462324,0.8777254175309348,1945,False
fold_2,2234,0.18528309625563263,0.17230708193262284,-0.012976014323009794,0.8730411026571775,1945,False
fold_2,2235,0.3050601485945211,0.2584795436664044,-0.046580604928116665,0.8780188961805308,1945,False
fold_2,2236,0.23682331779743296,0.1678079686488805,-0.06901534914855245,0.8767163583613474,1945,False
fold_2,2237,0.16379931815385948,0.1379440104523553,-0.025855307701504182,0.8834515480831127,1945,False
fold_2,2238,0.11489219744653457,0.1368129850332594,0.02192078758672482,0.8792466785280022,1945,False
fold_2,2239,0.11324940991345397,0.19356708434661324,0.08031767443315926,0.8831390816107575,1945,False
fold_2,2240,0.04667069383971632,0.140168292404,0.09349759856428368,0.8808204102889635,1945,False
fold_2,2241,0.09234239797633394,0.20834294144827953,0.11600054347194559,0.8845085629604462,1945,False
fold_2,2242,0.16266710178098848,0.242862288552321,0.08019518677133253,0.8799253115835777,1945,False
fold_2,2243,0.2164744234822997,0.26329641640691054,0.04682199292461084,0.8858895666440169,1945,False
fold_2,2244,0.09828946427294186,0.09618705743509048,-0.0021024068378513727,0.878942269866247,1945,False
fold_2,2245,0.07582018677133252,0.09227297314212145,0.016452786370788924,0.8719737947929331,1945,False
fold_2,2246,0.13400482277292425,0.08347716413656439,-0.05052765863635986,0.8748588374400972,1945,False
fold_2,2247,0.15345824243616332,0.11386684384164221,-0.03959139859452111,0.8711388111544238,1945,False
fold_2,2248,0.18103858584865173,0.1337887020778199,-0.047249883770831835,0.868302774747872,1945,False
fold_2,2249,0.1495735385448023,0.1464055951225703,-0.0031679434222320058,0.8720562727987983,1945,False
fold_2,2250,0.17361240254631286,0.224796464845147,0.051184062298834154,0.8847950008046633,1945,False
fold_2,2251,0.25483630686288533,0.23594539017237676,-0.018890916690508575,0.8722670946284242,1945,False
fold_2,2252,0.13694996260815448,0.13398314043943324,-0.0029668221687212393,0.8845688456655459,1945,False
fold_2,2253,0.16742903361992678,0.15550095373716155,-0.01192807988276523,0.8739085410557182,1945,False
fold_2,2254,0.18096166781753575,0.13461276542925565,-0.0463489023882801,0.8813363553736786,1945,False
fold_2,2255,0.17554422268999248,0.0822468336743486,-0.09329738901564388,0.8773386537980116,1945,False
fold_2,2256,0.06358551914089187,0.08106902358856724,0.017483504447675366,0.892877331288892,1945,False
fold_2,2257,0.02891882294754606,0.011963278321816434,-0.016955544625729624,0.8719618924790785,1945,False
fold_2,2258,0.14738646504288444,0.09731054699967003,-0.050075918043214415,0.8774054632179387,1945,False
fold_2,2259,0.12105361740934124,0.09397788740075814,-0.0270757300085831,0.8934020277519489,1945,False
fold_2,2260,0.14506998337028823,0.09917290653386739,-0.045897076836420844,0.8879787188863456,1945,False
fold_2,2261,0.15708156381875402,0.10985911683713612,-0.0472224469816179,0.8796924620914096,1945,False
fold_2,2262,0.10225649459047238,0.0634125554323725,-0.03884393915809989,0.8724283929764848,1945,False
fold_2,2263,0.09007703535154853,0.06636625151991989,-0.02371078383162864,0.8841676873971819,1945,False
fold_2,2264,0.08873355592988862,0.06161136181485367,-0.02712219411503495,0.8896195841677992,1945,False
fold_2,2265,0.05832702098586647,0.10036810587909513,0.04204108489322866,0.8828172385737786,1945,False
fold_2,2266,0.13380178903511908,0.14831685635862957,0.014515067323510489,0.8841003862384664,1945,False
fold_2,2267,0.14249264626993777,0.11076388268006582,-0.03172876358987195,0.8786529821722336,1945,False
fold_2,2268,0.15089260648379946,0.09495052437236248,-0.055942082111436975,0.8783728363493312,1945,False
fold_2,2269,0.1629936722158644,0.10836276688005149,-0.0546309053358129,0.8704817475502468,1945,False
fold_2,2270,0.1562049947249839,0.06908880802517701,-0.08711618669980688,0.868273013375295,1945,False
fold_2,2271,0.11028162103926756,0.022822480062227306,-0.08745914097704025,0.8674248086689076,1945,False
fold_2,2272,0.10560700742082452,0.05270450216311703,-0.05290250525770749,0.8755586264394535,1945,False
fold_2,2273,0.15144809250053642,0.11299443217581001,-0.03845366032472641,0.8772267385201343,1945,False
fold_2,2274,0.05627127887847793,0.050857346577498026,-0.005413932300979904,0.8650987053858807,1945,False
fold_2,2275,0.11693326578518745,0.09447696900726033,-0.022456296777927126,0.8736210191509906,1945,False
fold_2,2276,-0.04509730852668719,-0.04619980924502397,-0.0011025007183367783,0.8732839545633359,1945,False
fold_2,2277,0.005937533544233953,-0.0305720040550904,-0.036509537599324356,0.8758285686824976,1945,False
fold_2,2278,0.01562990643034948,-0.041279041104878955,-0.05690894753522843,0.8823908451648664,1945,False
fold_2,2279,0.1689246962644747,0.05484036944905241,-0.1140843268154223,0.8664931760067234,1945,False
fold_2,2280,0.21871659529003643,0.09610826747013804,-0.12260832781989839,0.8739027184214291,1945,False
fold_2,2281,0.1805114647236413,0.0456572648976101,-0.1348541998260312,0.8752682882125741,1945,False
fold_2,2282,0.2355332466705184,0.10517149978422585,-0.13036174688629254,0.8801869948501536,1945,False
fold_2,2283,0.15963069299406335,0.05980890360131607,-0.09982178939274727,0.8860119537229096,1945,False
fold_2,2284,-0.002890133269286591,-0.0631504364828563,-0.06026030321356971,0.8755632867820613,1945,False
fold_2,2285,0.02329158769043702,-0.018162070399113082,-0.0414536580895501,0.889352793523353,1945,False
fold_2,2286,0.021627990665903728,-0.01825508726128317,-0.0398830779271869,0.8859636180351904,1945,False
fold_2,2287,-0.04961379561563233,-0.03710502240881623,0.0125087732068161,0.8811350560582218,1945,False
fold_2,2288,0.0033689024578496176,0.0016821601731935314,-0.0016867422846560862,0.8832784336778485,1945,False
fold_2,2289,0.016070621558025796,-0.0500875072925072,-0.066158128850533,0.890444543040555,1945,False
fold_2,2290,0.01221448975395179,-0.060289254166368635,-0.07250374392032043,0.8851038127637506,1945,False
fold_2,2291,0.109498873777076,0.03223556755662698,-0.07726330622044902,0.8784098173413918,1945,False
fold_2,2292,0.10886466576139789,-0.007881153528462217,-0.11674581928986011,0.8810553384951004,1945,False
fold_2,2293,0.02876723320935555,-0.07917784627351404,-0.10794507948286959,0.8829885313103497,1945,False
fold_2,2294,0.011879475973753094,-0.0785375746508028,-0.09041705062455589,0.8819627083184322,1945,False
fold_2,2295,0.05314116091862573,-0.0397365849158745,-0.09287774583450023,0.8920114575137686,1945,False
fold_2,2296,0.08543101382182829,0.004503321723640669,-0.08092769209818762,0.8835224366998069,1945,False
fold_2,2297,0.03329407394541109,0.005234604924590457,-0.028059469020820633,0.8947092817931478,1945,False
fold_2,2298,0.1372471233280881,0.16554209731063588,0.028294973982547766,0.8893366108468636,1945,False
fold_2,2299,0.22989840006079676,0.2591075723303054,0.029209172269508643,0.8901510979186038,1945,False
fold_2,2300,0.2588843683472334,0.3132409953498302,0.0543566270025968,0.9014608106537443,1945,False
fold_2,2301,0.20566861946570344,0.24771783538741704,0.042049215921713595,0.8969326812307011,1945,False
fold_2,2302,0.13695045955224946,0.2235126913310922,0.08656223177884273,0.9010496052678636,1945,False
fold_2,2303,0.1464096362921107,0.22348327641084326,0.07707364011873255,0.8831401656712681,1945,False
fold_2,2304,0.1260488900114441,0.15407783330949143,0.028028943298047337,0.8932044046384379,1945,False
fold_2,2305,0.13174900311136542,0.18719737947929332,0.055448376367927904,0.890826031757385,1945,False
fold_2,2306,0.10859822065604163,0.11912849950135593,0.010530278845314295,0.8845423588262641,1945,False
fold_2,2307,0.09158006848580215,0.08632060921965523,-0.005259459266146918,0.8822348410342606,1945,False
fold_2,2308,0.08018247979400614,0.009945126421572133,-0.070237353372434,0.8744250344217153,1945,False
fold_2,2309,-0.03899470710249624,-0.06618547045990987,-0.027190763357413633,0.8995492766969458,1945,False
fold_2,2310,0.10217525123381731,0.0687651991989128,-0.033410052034904505,0.9018554422072814,1945,False
fold_2,2311,0.08176010076174807,0.061848211411916175,-0.019911889349831895,0.8912865898362062,1945,False
fold_2,2312,0.05432779307631786,0.054080381410485656,-0.0002474116658322048,0.8846582638938558,1945,False
fold_2,2313,0.1237168299835491,0.1367905438630999,0.013073713879550808,0.8800504255775695,1945,False
fold_2,2314,0.31613058570560043,0.3169977335312209,0.0008671478256204734,0.8938533322008441,1945,False
fold_2,2315,0.25886188175023245,0.2276130328660325,-0.03124884888419996,0.897832124848008,1945,False
fold_2,2316,0.2347990017702596,0.20943210875473856,-0.025366893015521058,0.8879981425684856,1945,False
fold_2,2317,0.2511703383162864,0.14722854901294613,-0.10394178930334025,0.8775366121879693,1945,False
fold_2,2318,0.3027218188970746,0.21081411826764893,-0.09190770062942569,0.878832254488234,1945,False
fold_2,2319,0.3130659466418711,0.25928584999284743,-0.05378009664902367,0.884533328713969,1945,False
fold_2,2320,0.3552466070023603,0.2722623895822902,-0.08298421742007012,0.8811625040233172,1945,False
fold_2,2321,0.3604579429225377,0.2696145103175738,-0.09084343260496391,0.8860063769580144,1945,False
fold_2,2322,0.3311618558221872,0.23392469020456333,-0.09723716561762388,0.8771576603962521,1945,False
fold_2,2323,0.34748377261998425,0.224777264680638,-0.12270650793934626,0.8762411934053358,1945,False
fold_2,2324,0.349454125241399,0.22796403377798435,-0.12149009146341466,0.8805994407588871,1945,False
fold_2,2325,0.18845187218367784,0.08619223186824976,-0.10225964031542809,0.8808030206172661,1945,False
fold_2,2326,0.20860431120806805,0.09100681281739503,-0.11759749839067302,0.8781954304055504,1945,False
fold_2,2327,0.11294091087905012,0.013514088316286386,-0.09942682256276372,0.8832827922716543,1945,False
fold_2,2328,0.0782594793827337,-0.015686746745583287,-0.09394622612831699,0.8842284506651883,1945,False
fold_2,2329,0.048672886417280584,-0.018677032669336954,-0.06734991908661754,0.885695162184393,1945,False
fold_2,2330,0.09840019490737427,0.062212422215864385,-0.036187772691509884,0.889771632036335,1945,False
fold_2,2331,0.06777806710893354,0.05521523630283955,-0.012562830806093987,0.889310436932265,1945,False
fold_2,2332,0.15620146314641298,0.20089656274586937,0.04469509959945639,0.884283480705958,1945,False
fold_2,2333,0.1342896833202203,0.20460324502896787,0.07031356170874759,0.8839981045704884,1945,False
fold_2,2334,0.12703463629211073,0.18845610784278663,0.0614214715506759,0.8848434594270796,1945,False
fold_2,2335,0.19452234282240183,0.23520759199985694,0.04068524917745511,0.8836913489736069,1945,False
fold_2,2336,0.20469161272441166,0.18441742974957484,-0.020274182974836824,0.870993309198067,1945,False
fold_2,2337,0.13965474349116655,0.09464887615335096,-0.045005867337815586,0.8789087869251125,1945,False
fold_2,2338,0.16429215319004364,0.12994128191831772,-0.034350871271725925,0.8748107699735355,1945,False
fold_2,2339,0.10424063237608182,0.06064393194335168,-0.04359670043273014,0.8874843761175881,1945,False
fold_2,2340,0.0654709628245476,0.028644343215792862,-0.036826619608754746,0.8853263245654818,1945,False
fold_2,2341,0.017668521117945785,0.013036207621057148,-0.004632313496888637,0.8948454375581144,1945,False
fold_2,2342,0.015422660664473212,0.022567357038123168,0.0071446963736499555,0.8904573729525784,1945,False
fold_2,2343,0.0621800680387669,0.040822835455260706,-0.02135723258350619,0.8855472829196767,1945,False
fold_2,2344,0.11702651142622128,0.08419180494957441,-0.032834706476646866,0.8932478005865101,1945,False
fold_2,2345,0.12166471461268864,0.056600587404334456,-0.0650641272083542,0.8945855089049424,1945,False
fold_2,2346,0.10272752977254844,-0.001269256043916744,-0.10399678581646518,0.8856348906551749,1945,False
fold_2,2347,0.11613995700677468,0.04134709617445969,-0.07479286083231498,0.8894941907767684,1945,False
fold_2,2348,0.18663760192403975,0.11731429037622487,-0.06932331154781488,0.8846525083148559,1945,False
fold_2,2349,0.12083980044345898,0.09701701192690078,-0.023822788516558197,0.8835079080537871,1945,False
fold_2,2350,0.08128232669159444,0.08799804781935652,0.0067157211277620865,0.8890255997230213,1945,False
fold_2,2351,0.06916160771761676,0.1042438845576139,0.03508227683999714,0.8917371566769187,1945,False
fold_2,2352,0.04804856814605536,0.04710182569201058,-0.0009467424540447814,0.8974713897432228,1945,False
fold_2,2353,0.06437527939703884,0.05709764591230955,-0.00727763348472929,0.8912674455511049,1945,False
fold_2,2354,0.06601666994492524,0.08140144459836521,0.015384774653439973,0.8879633321783896,1945,False
fold_2,2355,0.10808335866533152,0.10806794712466919,-1.5411540662327305e-05,0.8818276589657392,1945,False
fold_2,2356,0.13695917673986124,0.09463706324654887,-0.04232211349331237,0.8883760997067447,1945,False
fold_2,2357,0.11605570762344795,0.09780931514703357,-0.01824639247641438,0.8853734867856377,1945,False
fold_2,2358,0.16807502145769254,0.08773477174379514,-0.0803402497138974,0.886657796742007,1945,False
fold_2,2359,0.1165127785029683,0.0414380230312567,-0.07507475547171161,0.8792937736928688,1945,False
fold_2,2360,0.1119837863439215,0.05683634278450536,-0.05514744355941614,0.8913685425756384,1945,False
fold_2,2361,-0.03918558107838265,-0.08112968272593396,-0.04194410164755131,0.8870783451648664,1945,False
fold_2,2362,0.0034999843537658246,-0.05127437459766826,-0.054774358951434086,0.8918069500572203,1945,False
fold_2,2363,0.006431820416994492,-0.031330790447750514,-0.03776261086474501,0.8874049603032688,1945,False
fold_2,2364,0.13891894580144482,0.022844697714755738,-0.11607424808668908,0.8809457925041128,1945,False
fold_2,2365,0.07473930041982002,-0.02218413605965238,-0.09692343647947241,0.8832794531509265,1945,False
fold_2,2366,0.08236109496817108,-0.022886115531793146,-0.10524721049996423,0.8896247474250769,1945,False
fold_2,2367,0.11227808051999141,0.016338244760746728,-0.09593983575924468,0.8889969869823331,1945,False
fold_2,2368,0.11356376510979187,-0.012452781900436305,-0.12601654701022819,0.8793101575352263,1945,False
fold_2,2369,0.03248250974536871,-0.05158541055718475,-0.08406792030255346,0.8933027970996352,1945,False
fold_2,2370,-0.06437160829980088,-0.13750346490746218,-0.0731318566076613,0.8833515686467347,1945,False
fold_2,2371,-0.05334677419354838,-0.10847867194764321,-0.055131897754094834,0.8899052955797151,1945,False
fold_2,2372,-0.08236364306916528,-0.1319595008404263,-0.04959585777126101,0.8861208738645302,1945,False
fold_2,2373,-0.08579767319765907,-0.12581559942347986,-0.04001792622582079,0.8850757836528145,1945,False
fold_2,2374,0.13711586259924183,0.14100615344038336,0.003890290841141536,0.8876803116729847,1945,False
fold_2,2375,0.1850233240648022,0.14783104078749731,-0.037192283277304894,0.9005056639367713,1945,False
fold_2,2376,0.18586299039768256,0.18627462046706242,0.00041163006937985913,0.8876397320470639,1945,False
fold_2,2377,0.2003844838530863,0.20431463906372932,0.0039301552106430215,0.8959223008010873,1945,False
fold_2,2378,0.22028399032615695,0.20741625911951933,-0.012867731206637617,0.8871993017309203,1945,False
fold_2,2379,0.11382408650892403,0.1112796511683218,-0.0025444353406022385,0.8984478153386739,1945,False
fold_2,2380,0.2789734737069881,0.23874003178068678,-0.04023344192630132,0.8953875013411058,1945,False
fold_2,2381,0.3392143355267863,0.2665282123953937,-0.07268612313139261,0.8991404741255988,1945,False
fold_2,2382,0.2824258144982476,0.22769343215792862,-0.05473238234031899,0.8972915809849081,1945,False
fold_2,2383,0.218020214934554,0.2206484469994993,0.0026282320649452795,0.8953308284457479,1945,False
fold_2,2384,0.2246188465596166,0.23478502074243615,0.010166174182819565,0.8945346362921107,1945,False
fold_2,2385,0.015341847864959589,0.09997403842715114,0.08463219056219154,0.893723937844217,1945,False
fold_2,2386,0.11470231921893996,0.14625599027251268,0.03155367105357272,0.8940707030970604,1945,False
fold_2,2387,0.14353571963606782,0.18373909233960373,0.04020337270353591,0.8897537363479725,1945,False
fold_2,2388,0.13600490174164936,0.18821684339460695,0.05221194165295759,0.896611863868822,1945,False
fold_2,2389,0.25861060322938273,0.29947694639153133,0.0408663431621486,0.8908713164294398,1945,False
fold_2,2390,0.32678200548959296,0.3019609648809098,-0.024821040608683176,0.8936808659967097,1945,False
fold_2,2391,0.3224405331342536,0.37267650069737496,0.050235967563121375,0.8942366537622487,1945,False
fold_2,2392,0.27796750947714755,0.31793858629568694,0.0399710768185394,0.892183744903798,1945,False
fold_2,2393,0.2588983262999785,0.32145593796938704,0.06255761166940854,0.8775309013124954,1945,False
fold_2,2394,0.1766779021529218,0.2659196856448036,0.0892417834918818,0.8802319777734066,1945,False
fold_2,2395,0.10299080001430512,0.1690942283277305,0.06610342831342537,0.8759035923753665,1945,False
fold_2,2396,0.1171179137007309,0.12739122514483942,0.010273311444108521,0.8879140353647192,1945,False
fold_2,2397,0.08053437477648236,0.10813975216365065,0.027605377387168298,0.8852649801516344,1945,False
fold_2,2398,0.10887306352391488,0.1593851477004506,0.050512084176535715,0.8784437385962527,1945,False
fold_2,2399,0.2279413020349045,0.19958877226235602,-0.028352529772548485,0.8912381088620269,1945,False
fold_2,2400,0.28271899139904155,0.23409825164508974,-0.048620739753951814,0.8781795047743365,1945,False
fold_2,2401,0.3122580421643659,0.2733694053536943,-0.03888863681067162,0.889473448340605,1945,False
fold_2,2402,0.35381972632501246,0.31974181478435015,-0.03407791154066231,0.8910139765574706,1945,False
fold_2,2403,0.27792052607109646,0.23708172028109575,-0.04083880579000071,0.8869156355053285,1945,False
fold_2,2404,0.3098947464133655,0.21850917092840283,-0.09138557548496268,0.8757536200796885,1945,False
fold_2,2405,0.21580001430512838,0.20119673574851582,-0.014603278556612559,0.8850833609005078,1945,False
fold_2,2406,0.22665601977684,0.21270017121450538,-0.013955848562334616,0.885844080806094,1945,False
fold_2,2407,0.19177074020098703,0.1639408840569344,-0.027829856144052617,0.8886072616407982,1945,False
fold_2,2408,0.19751565741005647,0.1906905130176668,-0.0068251443923896815,0.8856002230705957,1945,False
fold_2,2409,0.1520313957112314,0.16991102880695227,0.01787963309572088,0.8842296098394404,1945,False
fold_2,2410,0.20804775230670192,0.19176221300336166,-0.016285539303340257,0.8863821436234889,1945,False
fold_2,2411,0.20489419792933267,0.19038861892926112,-0.014505579000071545,0.8796881817287746,1945,False
fold_2,2412,0.11067829777912883,0.11122580421643657,0.0005475064373077487,0.8775450946820684,1945,False
fold_2,2413,0.05467137320291825,0.022851995565410198,-0.03181937763750805,0.8769798185930906,1945,False
fold_2,2414,0.09675337288105285,0.0475818521564981,-0.049171520724554746,0.8835152170803232,1945,False
fold_2,2415,0.07859454348759029,0.014483305468135324,-0.06411123801945497,0.8826064279200343,1945,False
fold_2,2416,0.04554955162363206,-0.029825622720120157,-0.07537517434375222,0.8820964277412202,1945,False
fold_2,2417,0.07222003299120233,-0.022548380391245258,-0.0947684133824476,0.881895597149703,1945,False
fold_2,2418,0.0774190866175524,0.026378958497246262,-0.05104012812030613,0.8657042146484515,1945,False
fold_2,2419,0.03372380373363851,0.00895143408912095,-0.02477236964451756,0.88369137132537,1945,False
fold_2,2420,0.06082869161719476,0.0860874468028038,0.025258755185609036,0.8932886484335885,1945,False
fold_2,2421,0.10054018623489018,0.07792162130748874,-0.02261856492740144,0.8858580618339172,1945,False
fold_2,2422,0.07579036951934767,0.12252425166297115,0.04673388214362348,0.8844006039446392,1945,False
fold_2,2423,0.09777449082683642,0.1218536652421143,0.024079174415277876,0.8918495860453473,1945,False
fold_2,2424,0.13022718368407118,0.07757456548172519,-0.052652618202346,0.8833370704084368,1945,False
fold_2,2425,0.09327974125599027,0.038311011372577065,-0.054968729883413205,0.8805648737572419,1945,False
fold_2,2426,0.20428256428367067,0.18923254103783704,-0.015050023245833627,0.8812504358593805,1945,False
fold_2,2427,0.23642885946895803,0.16441493188416123,-0.0720139275847968,0.8854487445319135,1945,False
fold_2,2428,0.26264539895283495,0.24315979051927614,-0.019485608433558815,0.8845394220407926,1945,False
fold_2,2429,0.2418675233352407,0.2725027045633359,0.03063518122809522,0.888026473428224,1945,False
fold_2,2430,0.2634385617087476,0.26538317627494457,0.0019446145661969894,0.8855085584900936,1945,False
fold_2,2431,0.1654436824976754,0.19205132188327015,0.02660763938559474,0.8909623551605749,1945,False
fold_3,2432,0.08914457567412916,0.0915816442851012,0.0024370686109720374,0.8836104355911593,2432,False
fold_3,2433,0.1785958175380874,0.1574132863350261,-0.021182531203061294,0.8895748247621771,2432,False
fold_3,2434,0.22396262114655605,0.1846002834203562,-0.03936233772619985,0.891998202918246,2432,False
fold_3,2435,0.13332634468206853,0.1358953333988985,0.0025689887168299785,0.8923388884915242,2432,False
fold_3,2436,0.21420196382590656,0.19071309947428652,-0.023488864351620037,0.8938864351620055,2432,False
fold_3,2437,0.27604604016164797,0.21995955448465773,-0.05608648567699023,0.8891547345504613,2432,False
fold_3,2438,0.2714353408196838,0.20896382814176384,-0.06247151267791995,0.8907475323653529,2432,False
fold_3,2439,0.26483648567699014,0.224704196767041,-0.04013228890994913,0.8880734680101565,2432,False
fold_3,2440,0.2672585786066805,0.19511276464487515,-0.07214581396180536,0.8878983754738574,2432,False
fold_3,2441,0.18067931478435018,0.11969285324726413,-0.06098646153708605,0.8842808879014377,2432,False
fold_3,2442,0.12232785789643086,0.11396780675559688,-0.008360051140833977,0.8952455452936127,2432,False
fold_3,2443,0.11894337627852083,0.10345796303912451,-0.015485413239396326,0.8848743830913381,2432,False
fold_3,2444,0.23199914169229668,0.1581278610256777,-0.073871280666619,0.888333988985051,2432,False
fold_3,2445,0.2506013741863958,0.17193565150919102,-0.07866572267720476,0.8845942484443173,2432,False
fold_3,2446,0.28008853533366707,0.19180997872112152,-0.08827855661254555,0.8863381106501681,2432,False
fold_3,2447,0.27167414705671983,0.197718779057292,-0.07395536799942784,0.893962274694228,2432,False
fold_3,2448,0.2373870230133753,0.1958029870896216,-0.041584035923753704,0.8972932685430227,2432,False
fold_3,2449,0.026144589085187037,-0.0023045785415937766,-0.028449167626780812,0.8904803027615611,2432,False
fold_3,2450,0.057016106680494956,0.07060734210714541,0.013591235426650451,0.8969458103855231,2432,False
fold_3,2451,-0.047781755149846214,0.017032881678706813,0.06481463682855303,0.8857946051784564,2432,False
fold_3,2452,-0.13447467806329425,-0.016290378460052928,0.11818429960324131,0.8865397874977083,2432,False
fold_3,2453,-0.0461416163006938,0.035467867105357265,0.08160948340605106,0.891347319576568,2432,False
fold_3,2454,-0.13101656936199127,-0.04791678215077605,0.08309978721121522,0.8950906699270437,2432,False
fold_3,2455,-0.1634440378907088,-0.08815211268864886,0.07529192520205993,0.8929704375581144,2432,False
fold_3,2456,-0.1129458729704599,-0.03276055450253915,0.08018531846792074,0.8887558114584078,2432,False
fold_3,2457,-0.1926048968242615,-0.12351094789356985,0.06909394893069164,0.8897604561547814,2432,False
fold_3,2458,-0.16883641191617194,-0.0912218814820113,0.07761453043416064,0.8939765686467348,2432,False
fold_3,2459,-0.04060576630784636,0.009083991220227449,0.04968975752807381,0.8923740031113654,2432,False
fold_3,2460,-0.025509318450039335,0.018364979704599094,0.04387429815463843,0.8928713410163794,2432,False
fold_3,2461,-0.02295574127387168,0.005185419050854731,0.02814116032472641,0.891621396895787,2432,False
fold_3,2462,0.07854497845290036,0.11249753013017666,0.0339525516772763,0.8920075571311064,2432,False
fold_3,2463,0.1832695605399447,0.18755651695704353,0.004286956417098836,0.8915906967491595,2432,False
fold_3,2464,0.225473165103179,0.23829097927067025,0.012817814167491254,0.8911667955618339,2432,False
fold_3,2465,0.03697654405979543,0.07478105330448466,0.03780450924468923,0.8951383685895142,2432,False
fold_3,2466,-0.126464699860525,-0.07566419381660824,0.050800506043916754,0.8945017233209354,2432,False
fold_3,2467,-0.11308789607324225,-0.08487058329161003,0.028217312781632226,0.8942786862527716,2432,False
fold_3,2468,-0.005995424594091981,0.026433385040411986,0.032428809634503966,0.8951216271189472,2432,False
fold_3,2469,-0.005573333899577999,0.04283070551105071,0.04840403941062871,0.8955682488734711,2432,False
fold_3,2470,-0.027276661183034116,0.03238478783706458,0.0596614490200987,0.8964252601745225,2432,False
fold_3,2471,0.14918925167746977,0.17713168764752163,0.02794243597005186,0.892509949028229,2432,False
fold_3,2472,0.2967885210285387,0.3027630690758887,0.005974548047349981,0.8940238426257061,2432,False
fold_3,2473,0.36962303751519915,0.3214245784457478,-0.04819845906945136,0.891059205350118,2432,False
fold_3,2474,0.42147454581217364,0.38626309813318077,-0.03521144767899287,0.8932124400972747,2432,False
fold_3,2475,0.4654062768221157,0.42579771207352834,-0.03960856474858737,0.8925391491130819,2432,False
fold_3,2476,0.25185374347328515,0.18074233558043057,-0.07111140789285458,0.8941394906480223,2432,False
fold_3,2477,0.1798165367284171,0.13781823322723696,-0.04199830350118014,0.8923963660503539,2432,False
fold_3,2478,0.1428298062516479,0.11479562665403045,-0.028034179597617448,0.8905991191466295,2432,False
fold_3,2479,0.2551790599742507,0.21037875062584935,-0.044800309348401374,0.8869510518739718,2432,False
fold_3,2480,0.25426430289321217,0.22282136247407194,-0.031442940419140225,0.891884130695229,2432,False
fold_3,2481,0.30150779405979544,0.26566341150489947,-0.03584438255489597,0.8843557663078463,2432,False
fold_3,2482,0.3203742355697017,0.27508138276947286,-0.04529285280022882,0.8885568695908733,2432,False
fold_3,2483,0.18548905657678275,0.17100920445604748,-0.01447985212073527,0.9006063921572133,2432,False
fold_3,2484,0.12111458184321579,0.12802535584006863,0.006910773996852845,0.8932760979186036,2432,False
fold_3,2485,0.13539711259924184,0.1643473620449181,0.028950249445676257,0.8942762275588297,2432,False
fold_3,2486,0.15771605214219295,0.161966541645805,0.004250489503612065,0.8943628071132251,2432,False
fold_3,2487,0.08785119114739197,0.08290298575662669,-0.004948205390765278,0.8859307497675416,2432,False
fold_3,2488,0.2024418133383079,0.16793747476468476,-0.034504338573623144,0.8867131955868678,2432,False
fold_3,2489,0.31515155612974755,0.2607761090944854,-0.05437544703526215,0.8896003951791716,2432,False
fold_3,2490,0.21730909359130246,0.14281879202131462,-0.07449030156998784,0.8918195340998497,2432,False
fold_3,2491,0.27433557225636457,0.20124963175819421,-0.07308594049817035,0.8891924196230598,2432,False
fold_3,2492,0.18157075897646804,0.16505727639296186,-0.016513482583506184,0.8853109800801087,2432,False
fold_3,2493,0.2434124387657033,0.213631016573919,-0.029781422191784285,0.8968123591838925,2432,False
fold_3,2494,0.18687450826121163,0.17316004756455186,-0.01371446069665977,0.8995048525677705,2432,False
fold_3,2495,0.158888927383592,0.16760076174808666,0.008711834364494658,0.8921008533903155,2432,False
fold_3,2496,0.13312336832129318,0.1454435819147414,0.012320213593448232,0.885326413972534,2432,False
fold_3,2497,0.13017521547099634,0.14016619653458262,0.009990981063586285,0.8925438206315712,2432,False
fold_3,2498,0.1456516209498605,0.13942718019097347,-0.006224440758887034,0.8916761363636362,2432,False
fold_3,2499,0.26259595611901865,0.21624056755596877,-0.04635538856304988,0.8875885465095484,2432,False
fold_3,2500,0.14525464246119732,0.11459986991273871,-0.03065477254845861,0.8898689851405478,2432,False
fold_3,2501,0.20766348137557075,0.19504879389886273,-0.01261468747670802,0.8919691201786384,2432,False
fold_3,2502,0.2602626555682712,0.230410925988842,-0.02985172957942922,0.8935070922144339,2432,False
fold_3,2503,0.2762725082254488,0.2306848580216007,-0.045587650203848085,0.8989443038766898,2432,False
fold_3,2504,0.3738477554359487,0.29751987071740216,-0.07632788471854657,0.891244065606895,2432,False
fold_3,2505,0.3694576009405621,0.2905042110721693,-0.07895338986839284,0.8975258386381517,2432,False
fold_3,2506,0.301200787847125,0.22198293666404406,-0.07921785118308095,0.8881236669635455,2432,False
fold_3,2507,0.2583078038945712,0.1992622353551248,-0.0590455685394464,0.9016919167083899,2432,False
fold_3,2508,0.19976433418568051,0.15986980097990128,-0.03989453320577924,0.8936351454652741,2432,False
fold_3,2509,0.06924234806736136,0.08820857324225734,0.018966225174895976,0.8928358992025892,2432,False
fold_3,2510,0.09551804681353264,0.11467187611758815,0.019153829304055514,0.8969989852299549,2432,False
fold_3,2511,0.0017210075280738144,0.08945865147342821,0.0877376439453544,0.8957270357985838,2432,False
fold_3,2512,-0.0022589362348902084,0.02223117534511122,0.024490111580001427,0.8964141625241399,2432,False
fold_3,2513,0.013068304752878906,0.04412955528932122,0.031061250536442313,0.8976215041842498,2432,False
fold_3,2514,0.09376335517845646,0.06946344592661469,-0.024299909251841778,0.8937946476468064,2432,False
fold_3,2515,0.07594943584149917,0.044649099670982045,-0.031300336170517126,0.9033999378620984,2432,False
fold_3,2516,0.09624656900436307,0.09296579956726986,-0.0032807694370932117,0.9041195640512123,2432,False
fold_3,2517,0.1280602245905157,0.10781872496602532,-0.020241499624490372,0.8997616519741077,2432,False
fold_3,2518,0.1270375979007224,0.1091140431657249,-0.017923554734997488,0.8984854892353907,2432,False
fold_3,2519,0.06955849679922751,0.08143189864816536,0.011873401848937842,0.9013502029540089,2432,False
fold_3,2520,0.09221805486016736,0.1127476016558186,0.020529546795651235,0.9036779602675059,2432,False
fold_3,2521,0.07164986186610399,0.0784144106287104,0.006764548762606404,0.9026237952399686,2432,False
fold_3,2522,0.1197351427830627,0.0921556263858093,-0.027579516397253395,0.8991751864137042,2432,False
fold_3,2523,0.009959152152921822,0.04827314748587368,0.03831399533295186,0.9002610462413273,2432,False
fold_3,2524,0.011912360972033473,0.027113873292325296,0.015201512320291823,0.9000973084006865,2432,False
fold_3,2525,0.104373133919396,0.13922553973703578,0.03485240581763978,0.8981812817395035,2432,False
fold_3,2526,0.13450510961304626,0.12991861723052714,-0.004586492382519125,0.9006319513983262,2432,False
fold_3,2527,0.07728880936628281,0.07502250822544881,-0.0022663011408339956,0.8959550126063943,2432,False
fold_3,2528,0.12401192913597023,0.0900403114047636,-0.03397161773120663,0.8948944437987267,2432,False
fold_3,2529,0.0899853542586405,0.05642867456399721,-0.03355667969464329,0.8955018976646877,2432,False
fold_3,2530,0.055721621239655655,0.050972648147485866,-0.004748973092169789,0.8950500033948138,2432,False
fold_3,2531,0.07781105831127959,0.07577329277233387,-0.0020377655389457183,0.8985984103426077,2432,False
fold_3,2532,0.06884549790787498,0.1113528963414634,0.04250739843358843,0.8972928438595236,2432,False
fold_3,2533,0.12736068181639557,0.15126399821427294,0.023903316397877378,0.8973056625956654,2432,False
fold_3,2534,0.19052011435162006,0.17921489432086402,-0.011305220030756041,0.8944033308597382,2432,False
fold_3,2535,0.2437928595057578,0.21556961233102065,-0.02822324717473715,0.8957120154137758,2432,False
fold_3,2536,0.2856817846541735,0.22375068172877474,-0.061931102925398746,0.8990001050532865,2432,False
fold_3,2537,0.27385678554824405,0.24931342089263997,-0.024543364655604083,0.8993422434911664,2432,False
fold_3,2538,0.19668323304842283,0.22705669748229737,0.030373464433874536,0.8945901468957871,2432,False
fold_3,2539,0.15487021448751875,0.16264853864172804,0.007778324154209287,0.8937527492668622,2432,False
fold_3,2540,0.1828964420463486,0.16591788632787352,-0.01697855571847509,0.8981622492132179,2432,False
fold_3,2541,0.12165445515342248,0.144051335294328,0.02239688014090553,0.8999425671446962,2432,False
fold_3,2542,0.1618156113654245,0.13710295445604748,-0.024712656909377018,0.9004062321185894,2432,False
fold_3,2543,0.13532715158071668,0.12110331655460982,-0.014223835026106857,0.8997834114154925,2432,False
fold_3,2544,0.06941785950575781,0.08887125831485586,0.01945339880909805,0.8929876037121808,2432,False
fold_3,2545,0.16088810260353334,0.15366622559187468,-0.007221877011658662,0.8947870435769973,2432,False
fold_3,2546,0.2023507461018525,0.1965189028860596,-0.005831843215792887,0.8946395219404906,2432,False
fold_3,2547,0.22517446172812222,0.22375073823333547,-0.001423723494786755,0.9011055293791574,2432,False
fold_3,2548,0.35161858057363565,0.31709689712824546,-0.034521683445390194,0.9014199963343107,2432,False
fold_3,2549,0.276102936574637,0.22760362277376436,-0.04849931380087266,0.8989853193619913,2432,False
fold_3,2550,0.22830008136041768,0.17344978229382732,-0.05485029906659036,0.8938926042486232,2432,False
fold_3,2551,0.21634180986696228,0.19895247344610542,-0.017389336420856855,0.8962757939346254,2432,False
fold_3,2552,0.2240192716901509,0.18718981340748156,-0.03682945828266934,0.9027441036048923,2432,False
fold_3,2553,0.18811408116372216,0.16364855652313853,-0.02446552464058363,0.897262467813461,2432,False
fold_3,2554,0.13302104194978898,0.12032862679708174,-0.012692415152707234,0.8974600350475644,2432,False
fold_3,2555,0.1498349657570989,0.1326387820971318,-0.017196183659967085,0.8949131410485657,2432,False
fold_3,2556,0.12241121879693867,0.09628263357413633,-0.026128585222802342,0.8924321288713253,2432,False
fold_3,2557,0.09577688023031257,0.0901692140226021,-0.005607666207710471,0.8955033505292896,2432,False
fold_3,2558,0.15936510934482512,0.15437532410056504,-0.004989785244260081,0.8947541417817035,2432,False
fold_3,2559,0.16586674549388453,0.11626304225377297,-0.049603703240111555,0.8939858334525426,2432,False
fold_3,2560,0.13682649667405763,0.11345905827551675,-0.023367438398540885,0.8877391079858378,2432,False
fold_3,2561,0.0907899953809802,0.09170836760603675,0.0009183722250565435,0.8954330120326051,2432,False
fold_3,2562,0.05580521109005078,0.05957618821972677,0.003770977129675987,0.8967278583434661,2432,False
fold_3,2563,-0.019044182730133752,0.019445173360274653,0.038489356090408405,0.8949696463057006,2432,False
fold_3,2564,0.006560365406623274,0.07442709078392103,0.06786672537729775,0.8981803988448608,2432,False
fold_3,2565,0.045832457889278304,0.07028724270406947,0.024454784814791165,0.8987504774860481,2432,False
fold_3,2566,0.09584001278520848,0.10869702632143624,0.012857013536227757,0.8975298396037477,2432,False
fold_3,2567,0.10030616327515912,0.1061294681174451,0.0058233048422859784,0.8945543393712895,2432,False
fold_3,2568,-0.012075573546241327,0.004937560349760389,0.017013133896001717,0.8973860954152063,2432,False
fold_3,2569,0.05358294292253773,0.0363882568306988,-0.017194686091838926,0.895564873757242,2432,False
fold_3,2570,-0.11203772083541948,-0.126472634736428,-0.014434913901008525,0.8952863260854015,2432,False
fold_3,2571,0.0038490183105643373,0.011468913167870682,0.007619894857306344,0.899521359344825,2432,False
fold_3,2572,-0.029974150185966664,-0.010172645018239038,0.019801505167727627,0.8994845236392246,2432,False
fold_3,2573,0.0913950629425649,0.07295883699306199,-0.018436225949502907,0.8980270210464202,2432,False
fold_3,2574,-0.014837983245118373,-0.0033867056183391744,0.011451277626779197,0.8974027139510765,2432,False
fold_3,2575,0.0993400977219083,0.08541622335669838,-0.01392387436520992,0.9000192783956797,2432,False
fold_3,2576,0.0002840350296831414,-0.0011252771618625276,-0.0014093121915456689,0.895651755060439,2432,False
fold_3,2577,-0.03264101186789779,-0.026987429368428576,0.005653582499469217,0.9030104410841636,2432,False
fold_3,2578,-0.05141761587153994,-0.013853108683212932,0.037564507188327004,0.9010431791359702,2432,False
fold_3,2579,-0.07474434053358128,-0.047964994903798,0.026779345629783284,0.8953445859559402,2432,False
fold_3,2580,-0.06663621611472711,-0.023408766808525855,0.04322744930620126,0.8909715640869752,2432,False
fold_3,2581,-0.0654101548530148,-0.0018076541377583862,0.06360250071525642,0.8929099872147914,2432,False
fold_3,2582,0.022846340569344106,0.07469155684500393,0.05184521627565983,0.8976084731063586,2432,False
fold_3,2583,0.0004364740540733853,-0.003391790644446034,-0.003828264698519419,0.9004561436056076,2432,False
fold_3,2584,0.1387196463057006,0.12860773102782344,-0.010111915277877165,0.8975347122881052,2432,False
fold_3,2585,0.16026690240326155,0.1378081414061941,-0.02245876099706745,0.8997310747621772,2432,False
fold_3,2586,0.2019606631321078,0.16030979543666402,-0.041650867695443794,0.8985843957871397,2432,False
fold_3,2587,0.20403669488949286,0.18597224581574992,-0.01806444907374294,0.9006355165045418,2432,False
fold_3,2588,0.19071193718260496,0.19520733495458123,0.004495397771976273,0.894207507063157,2432,False
fold_3,2589,0.11254722927544523,0.1438479677776983,0.03130073850225305,0.8948053273192188,2432,False
fold_3,2590,0.011268719601602173,0.055470974000429156,0.04420225439882698,0.9023491144231456,2432,False
fold_3,2591,-0.01763774274014734,0.021807531203061295,0.03944527394320864,0.8994323099206065,2432,False
fold_3,2592,-0.06148375473857378,-0.011049772906086832,0.05043398183248695,0.901965938148201,2432,False
fold_3,2593,-0.06657175362992633,-0.010101376421572132,0.0564703772083542,0.9040796996817109,2432,False
fold_3,2594,-0.13315856117230526,-0.07342887221944067,0.059729688952864596,0.8966021967312782,2432,False
fold_3,2595,-0.08821136721264572,-0.047285300139474996,0.04092606707317072,0.89560557631786,2432,False
fold_3,2596,-0.03358406060452595,0.008341353890994921,0.04192541449552087,0.8961216530920357,2432,False
fold_3,2597,0.06675886042541791,0.0808312846475554,0.014072424222137489,0.8946679310313997,2432,False
fold_3,2598,0.04912211215220657,0.07062378182891066,0.02150166967670409,0.9041438380659467,2432,False
fold_3,2599,0.22166328409984978,0.18731190991345395,-0.03435137418639583,0.8919476097024533,2432,False
fold_3,2600,0.18545716061082895,0.1659012007367141,-0.019555959874114848,0.8997758453436806,2432,False
fold_3,2601,0.10204585687719046,0.11610984326943707,0.01406398639224661,0.8977584757885702,2432,False
fold_3,2602,0.16803202272289183,0.16932451854302266,0.001292495820130829,0.8982875612949258,2432,False
fold_3,2603,0.11127517398409889,0.12557898889564406,0.01430381491154517,0.8934953041557944,2432,False
fold_3,2604,0.10670072330305413,0.13795372961519203,0.0312530063121379,0.9030183709140974,2432,False
fold_3,2605,0.17215207245547529,0.1569444357520921,-0.015207636703383182,0.9056873837708316,2432,False
fold_3,2606,0.3044121821579286,0.24723618214004717,-0.05717600001788142,0.9018299388455762,2432,False
fold_3,2607,0.3036457634011274,0.24413620493884558,-0.05950955846228184,0.8962614968983057,2432,False
fold_3,2608,0.371621783502001,0.3181900659824047,-0.0534317175195963,0.8922599724968818,2432,False
fold_3,2609,0.3874383761891138,0.3183970880123024,-0.06904128817681143,0.8900699833702882,2432,False
fold_3,2610,0.3139874204277233,0.23508455671983405,-0.07890286370788926,0.8887258712717258,2432,False
fold_3,2611,0.21046662658250478,0.1591513706101137,-0.05131525597239109,0.8887964357878549,2432,False
fold_3,2612,0.1253138634575495,0.09421787828123881,-0.03109598517631068,0.8952122411665833,2432,False
fold_3,2613,0.18910375017881406,0.14173819603390314,-0.04736555414491092,0.892699578892783,2432,False
fold_3,2614,0.22410832111436949,0.16119622165796438,-0.06291209945640511,0.8957213696266362,2432,False
fold_3,2615,0.20492789321221655,0.15036919524712108,-0.054558697965095465,0.8958183092232314,2432,False
fold_3,2616,0.19127164768256918,0.18018796715184893,-0.011083680530720258,0.9000819974429582,2432,False
fold_3,2617,0.22810778977973398,0.19009543085258562,-0.038012358927148354,0.8961892615876826,2432,False
fold_3,2618,0.19052528878477934,0.19680011041770973,0.0062748216329303885,0.8941571485408767,2432,False
fold_3,2619,0.10626697616407982,0.10841586349331234,0.0021488873292325184,0.9021950995994564,2432,False
fold_3,2620,0.15081065374436733,0.16225243187182606,0.011441778127458724,0.8996486526357197,2432,False
fold_3,2621,0.21276510308633143,0.18338925371933337,-0.029375849366998052,0.8939758198626705,2432,False
fold_3,2622,0.027592994510406976,0.051296256973750086,0.02370326246334311,0.8967214657392173,2432,False
fold_3,2623,0.06867787086045346,0.06086505251788434,-0.007812818342569118,0.8907107885554244,2432,False
fold_3,2624,0.03579564453544095,0.06075309795436664,0.02495745341892569,0.8999478645125526,2432,False
fold_3,2625,0.01461454384521851,0.031162504023317356,0.016547960178098845,0.8947116846076819,2432,False
fold_3,2626,0.07328598877853758,0.0791265042736571,0.005840515495119519,0.8926256976338024,2432,False
fold_3,2627,0.07281310928898233,0.07368718057566737,0.0008740712866850409,0.89863554779701,2432,False
fold_3,2628,0.07470497907874973,0.07341637758386381,-0.0012886014948859242,0.9057934764144194,2432,False
fold_3,2629,0.0666052142192976,0.08627372639653814,0.01966851217724054,0.9053451782776626,2432,False
fold_3,2630,0.08152361910807525,0.08127205001430512,-0.0002515690937701237,0.8978030452042056,2432,False
fold_3,2631,-0.05918549057649668,-0.04976820104069809,0.009417289535798588,0.8958635268399971,2432,False
fold_3,2632,0.017402948644589085,0.01490779897718332,-0.0024951496674057647,0.8966520746906514,2432,False
fold_3,2633,0.05115878245476003,0.02359860033259423,-0.027560182122165797,0.8961585254094842,2432,False
fold_3,2634,0.030493359291180886,0.003962855840068664,-0.02653050345111222,0.8935370547528788,2432,False
fold_3,2635,-0.040645407159716755,-0.0651096577498033,-0.02446425059008655,0.893534596058937,2432,False
fold_3,2636,-0.018695506401544954,-0.0338073658000143,-0.015111859398469343,0.8975883229919176,2432,False
fold_3,2637,-0.03251306460553609,-0.03047114163865245,0.0020419229668836372,0.8945171348615978,2432,False
fold_3,2638,-0.10081461000643731,-0.0753526437665403,0.025461966239897008,0.8942115080287532,2432,False
fold_3,2639,-0.11288293040555038,-0.05975571758100278,0.0531272128245476,0.8928279562441885,2432,False
fold_3,2640,0.011570412524139904,0.02797267273442529,0.016402260210285385,0.8987529951362563,2432,False
fold_3,2641,0.09077226459123094,0.09929547242686504,0.008523207835634095,0.8943825995994563,2432,False
fold_3,2642,0.28776490192046345,0.2738766897932909,-0.013888212127172561,0.8997318794256489,2432,False
fold_3,2643,0.3676608432873185,0.29189446838566624,-0.07576637490165228,0.8948422859595164,2432,False
fold_3,2644,0.39344685421286024,0.3024642260031471,-0.09098262820971315,0.8992919967277019,2432,False
fold_3,2645,0.34555777803793364,0.28250757724769326,-0.06305020079024037,0.8961314152246,2432,False
fold_3,2646,0.3468769222516272,0.2560195197947214,-0.09085740245690582,0.8977039263107073,2432,False
fold_3,2647,0.11141205028252626,0.08788945712037764,-0.023522593162148622,0.899298545794292,2432,False
fold_3,2648,0.06005869572991916,0.0540843153207925,-0.0059743804091266645,0.8968886457513767,2432,False
fold_3,2649,0.05183623086689077,0.08024441116583558,0.02840818029894481,0.8970854220043202,2432,False
fold_3,2650,0.022401126975895854,0.046912886238466484,0.02451175926257063,0.90506157910736,2432,False
fold_3,2651,-0.05169008959617653,0.013008290268936412,0.06469837986511294,0.896496050713066,2432,False
fold_3,2652,-0.09344114359845823,-0.03283309724143787,0.06060804635702036,0.8972840484407409,2432,False
fold_3,2653,-0.15528128619667228,-0.1109530121235963,0.04432827407307598,0.8901060951305176,2432,False
fold_3,2654,-0.18295532776625417,-0.13605395268578785,0.04690137508046632,0.8999018981117229,2432,False
fold_3,2655,-0.10635728846291394,-0.06949130739932766,0.03686598106358628,0.9024264850511408,2432,False
fold_3,2656,-0.09515670821114369,-0.07379311655103353,0.021363591660110162,0.9005811346649022,2432,False
fold_3,2657,-0.16919580591517056,-0.13486750992418284,0.03432829599098772,0.9004373234210713,2432,False
fold_3,2658,-0.16225579581217364,-0.08977363251913309,0.07248216329304055,0.897364548315571,2432,False
fold_3,2659,0.03981886131178027,0.06563493535870109,0.025816074046920816,0.9011134754309419,2432,False
fold_3,2660,-0.01861752110006437,0.012790226468063801,0.03140774756812817,0.8964532222301695,2432,False
fold_3,2661,0.015503562871039267,0.0543499101459123,0.03884634727487303,0.8957927611579999,2432,False
fold_3,2662,0.18275086501323223,0.16620874982118586,-0.016542115192046375,0.900473276232029,2432,False
fold_3,2663,0.26621392425434515,0.216266696767041,-0.04994722748730415,0.8925415183999712,2432,False
fold_3,2664,0.16203154057292038,0.14450003576282094,-0.017531504810099435,0.8944650664294398,2432,False
fold_3,2665,0.16619822214076244,0.15915808731492737,-0.0070401348258350704,0.89209513133896,2432,False
fold_3,2666,0.08472425747442958,0.10924095647664687,0.0245166990022173,0.8968131079679563,2432,False
fold_3,2667,0.2130401527072455,0.19882965050783202,-0.014210502199413472,0.8949739713718619,2432,False
fold_3,2668,0.09564972104999642,0.09623333676060367,0.0005836157106072493,0.8973060202238751,2432,False
fold_3,2669,0.24744160181363098,0.21642317647729276,-0.031018425336338223,0.9039865624105554,2432,False
fold_3,2670,0.14491610265717758,0.12857223642800944,-0.01634386622916814,0.8936132519133109,2432,False
fold_3,2671,0.14882170445604748,0.13912167629282599,-0.009700028163221491,0.8991352549889134,2432,False
fold_3,2672,-0.09717524005793575,-0.03277717303840927,0.06439806701952648,0.9002568552857448,2432,False
fold_3,2673,0.004527226682640727,0.036955701040698084,0.03242847435805736,0.8953524761283169,2432,False
fold_3,2674,-0.03658734398469351,0.02726424477862813,0.06385158876332164,0.8986966910449895,2432,False
fold_3,2675,-0.07004446883270152,0.0017066018167513053,0.07175107064945282,0.8958697406301408,2432,False
fold_3,2676,-0.07174366103998282,-0.06430425666976611,0.007439404370216715,0.9060585571489879,2432,False
fold_3,2677,-0.007378696981617909,0.015101801105071167,0.022480498086689074,0.8990198751877547,2432,False
fold_3,2678,0.05476521708032329,0.055228759119519355,0.00046354203919606735,0.9011739481260282,2432,False
fold_3,2679,0.05360833452542736,0.05932816188040912,0.005719827354981756,0.8956714916672627,2432,False
fold_3,2680,-0.01497084212502682,-0.012482889725341532,0.002487952399685288,0.894695658393534,2432,False
fold_3,2681,-0.010043060671625777,-0.02966636640798226,-0.019623305736356483,0.8971701997353551,2432,False
fold_3,2682,0.010452600851155139,-0.004763071311065016,-0.015215672162220155,0.8964024390243901,2432,False
fold_3,2683,0.032065381142264496,0.0220546522959731,-0.010010728846291395,0.8996764694049066,2432,False
fold_3,2684,-0.03053250840426293,-0.029305720710249623,0.0012267876940133052,0.8990670374079106,2432,False
fold_3,2685,0.13859433153306924,0.12924875201514766,-0.009345579517921587,0.8901343564480364,2432,False
fold_3,2686,0.1153701787246978,0.09915874669193905,-0.016211432032758752,0.8985267729418496,2432,False
fold_3,2687,-0.050529557971532794,-0.08822243133538372,-0.03769287336385093,0.9017530376046062,2432,False
fold_3,2688,-0.11489907061368998,-0.15386901196266362,-0.038969941348973636,0.9041849094306559,2432,False
fold_3,2689,-0.20250312924683497,-0.24046163096345038,-0.03795850171661541,0.9016606577676846,2432,False
fold_3,2690,-0.209842297135398,-0.19171738654245044,0.018124910592947574,0.9014002820792504,2432,False
fold_3,2691,-0.13969408259423502,-0.07369583050211,0.06599825209212502,0.9064433539267576,2432,False
fold_3,2692,-0.05232560036835705,0.01448224375938774,0.06680784412774479,0.9011919971747371,2432,False
fold_3,2693,0.12013516111150847,0.18010691965882267,0.059971758547314194,0.9045239633252271,2432,False
fold_3,2694,0.16040251055003216,0.20309683677848506,0.0426943262284529,0.8978209377905728,2432,False
fold_3,2695,0.16326455323295902,0.18338073769758956,0.020116184464630538,0.8997129251305342,2432,False
fold_3,2696,-0.026243853265145552,0.04716299129175309,0.07340684455689864,0.8970190012338173,2432,False
fold_3,2697,-0.002093186735569702,0.06693819961018525,0.06903138634575495,0.8969190217974393,2432,False
fold_3,2698,0.09712223285172733,0.15343254908447176,0.056310316232744434,0.8984091579643801,2432,False
fold_3,2699,0.13122953696087547,0.19418222721908304,0.06295269025820757,0.8973740925184178,2432,False
fold_3,2700,0.0017844306558901365,0.0826861231313926,0.08090169247550247,0.8997826067520205,2432,False
fold_3,2701,-0.059679844521135825,0.011838276053215076,0.0715181205743509,0.9008328266933696,2432,False
fold_3,2702,-0.10494061136542449,-0.06480380739932766,0.040136803966096826,0.9043421429082326,2432,False
fold_3,2703,0.04806155452042057,0.06118268766540303,0.013121133144982464,0.8992037743187181,2432,False
fold_3,2704,0.14356184285816462,0.10282550872612832,-0.0407363341320363,0.8980215113368142,2432,False
fold_3,2705,0.30801368908030785,0.23264629228953582,-0.07536739679077203,0.8976106772629223,2432,False
fold_3,2706,0.3471209923288749,0.2912452614262213,-0.055875730902653575,0.8970634700665188,2432,False
fold_3,2707,0.3666920015520282,0.299282106072527,-0.06740989547950121,0.8999726327805723,2432,False
fold_3,2708,0.2840986428009441,0.25652982172233746,-0.027568821078606642,0.9056037770009298,2432,False
fold_3,2709,0.2326283661755239,0.20025200495315068,-0.03237636122237322,0.9084109572813102,2432,False
fold_3,2710,0.17890322183594928,0.16920730637004935,-0.00969591546589993,0.9109193280165938,2432,False
fold_3,2711,0.36395539695601226,0.30675490397682564,-0.05720049297918661,0.9055482745152691,2432,False
fold_3,2712,0.3392826760424862,0.3073106023353122,-0.031972073707173976,0.9097765941277448,2432,False
fold_3,2713,0.28959560712304755,0.255516135737787,-0.034079471385260574,0.9012302714991278,2432,False
fold_3,2714,0.2503726038909949,0.2255713669444246,-0.024801236946570326,0.9094067953830198,2432,False
fold_3,2715,0.18262087833488305,0.16931021341463412,-0.013310664920248932,0.9050697822044202,2432,False
fold_3,2716,0.22638230008583077,0.18971038820542163,-0.036671911880409136,0.9058565307381445,2432,False
fold_3,2717,0.22028794720370487,0.1504938626263262,-0.06979408457737868,0.9110005766754881,2432,False
fold_3,2718,0.2341060077068879,0.17429758515546093,-0.05980842255142696,0.9063936237862815,2432,False
fold_3,2719,0.23563110268967458,0.2171172931120807,-0.01851380957759388,0.9118857928614218,2432,False
fold_3,2720,0.24537658250482797,0.2325088065946642,-0.012867775910163776,0.9137868580573635,2432,False
fold_3,2721,0.16273691751305344,0.15686679690293967,-0.0058701206101137715,0.9094390378013015,2432,False
fold_3,2722,0.22569317287747656,0.21092251314283667,-0.014770659734639896,0.9029637767327086,2432,False
fold_3,2723,0.18350875742078532,0.18265888750804662,-0.0008498699127386933,0.9040303469887703,2432,False
fold_3,2724,0.24299244286889343,0.18592223374579786,-0.05707020912309557,0.905352397897146,2432,False
fold_3,2725,0.2515713128854878,0.17469575946456284,-0.07687555342092495,0.9054135299692438,2432,False
fold_3,2726,0.1166334780237465,0.03643245744224304,-0.08020102058150347,0.9079096966418708,2432,False
fold_3,2727,0.153164976128317,0.09528715310063657,-0.057877823027680436,0.9055789665438809,2432,False
fold_3,2728,0.22439794408482938,0.18618858853086329,-0.038209355553966096,0.9010759691724483,2432,False
fold_3,2729,0.16092144025820757,0.1362051623632072,-0.02471627789500036,0.9090114709248264,2432,False
fold_3,2730,-0.005246830519991417,0.037800776500250335,0.043047607020241754,0.9026662524139902,2432,False
fold_3,2731,0.04747371432658608,0.10441522199771117,0.05694150767112509,0.9019951966061083,2432,False
fold_3,2732,0.020053878924969598,0.09599637454402402,0.07594249561905442,0.9032126524390243,2432,False
fold_3,2733,-0.03515576943709319,0.012981736374365208,0.0481375058114584,0.9064992892139331,2432,False
fold_3,2734,0.11744517112509832,0.0920270143408912,-0.025418156784207127,0.9040183552678634,2432,False
fold_3,2735,0.17321417235891567,0.12343449368786209,-0.04977967867105358,0.9039122961519205,2432,False
fold_3,2736,0.14237399193548386,0.1332626533330949,-0.009111338602388969,0.9043830913382446,2432,False
fold_3,2737,0.1265515029325513,0.09826896770617266,-0.028282535226378636,0.9049977089442816,2432,False
fold_3,2738,0.05896055360846863,0.06398184366282811,0.00502129005435948,0.9035235319361989,2432,False
fold_3,2739,0.0031911835705600456,0.035917215774980325,0.03272603220442028,0.910371978041628,2432,False
fold_3,2740,0.0017724165832200844,0.04166928554824404,0.03989686896502396,0.9077274738931405,2432,False
fold_3,2741,-0.030382673360274656,-0.0003779236106144052,0.03000474974966025,0.9033845263214361,2432,False
fold_3,2742,-0.029917063782991197,-0.004965265360131607,0.024951798422859592,0.9095190794649882,2432,False
fold_3,2743,0.03709922171160861,0.039350994206423004,0.002251772494814397,0.9052077819898432,2432,False
fold_3,2744,0.16589630570059366,0.1454915264466061,-0.020404779253987565,0.9057099031721622,2432,False
fold_3,2745,0.18706856626850724,0.16026413078463628,-0.02680443548387096,0.9088215368178241,2432,False
fold_3,2746,0.2286627945962377,0.19960955940204564,-0.029053235194192062,0.9074953731850367,2432,False
fold_3,2747,0.21151517014162077,0.20649909922394677,-0.005016070917674004,0.8992478184679207,2432,False
fold_3,2748,0.14764330832916098,0.1484543085258565,0.0008110001966955271,0.9107196597167584,2432,False
fold_3,2749,0.01026153798011587,0.03685938729346971,0.026597849313353836,0.9017434598741149,2432,False
fold_3,2750,-0.074731130641585,-0.009576802893212215,0.06515432774837279,0.9048007675595451,2432,False
fold_3,2751,0.07495554234318003,0.1560263706101137,0.08107082826693368,0.9070302106430154,2432,False
fold_3,2752,-0.04218599125599027,0.0120486396716973,0.05423463092768757,0.9040907302768042,2432,False
fold_3,2753,-0.10803764930977755,-0.05807561377941492,0.04996203553036263,0.906815924290108,2432,False
fold_3,2754,-0.02681061574637007,0.0024167061547814886,0.029227321901151557,0.9032055110507116,2432,False
fold_3,2755,-0.03759451443029826,-0.018653412495790635,0.018941101934507622,0.9022524623323964,2432,False
fold_3,2756,0.0824704844968171,0.08989891415134825,0.007428429654531152,0.9069504036728416,2432,False
fold_3,2757,0.08324885111937629,0.08464012543809454,0.001391274318718258,0.9050740290394107,2432,False
fold_3,2758,0.0829161898290537,0.09547784716758456,0.01256165733853086,0.9017209963521922,2432,False
fold_3,2759,0.18398027903941064,0.17213605741720905,-0.011844221622201584,0.9035763715041841,2432,False
fold_3,2760,0.24054087913954653,0.21315576720191687,-0.027385111937629658,0.9063424021886846,2432,False
fold_3,2761,0.2596203329518632,0.22575262856734135,-0.03386770438452186,0.9030683941599311,2432,False
fold_3,2762,0.1907322549352693,0.1460856921893999,-0.044646562745869395,0.9042240920713827,2432,False
fold_3,2763,0.2529358146770617,0.193824621361133,-0.059111193315928734,0.8989062388241184,2432,False
fold_3,2764,0.29837737375724194,0.2417267072276661,-0.056650666529575844,0.9013787796831414,2432,False
fold_3,2765,0.22490971005292895,0.1953238770474215,-0.02958583300550746,0.9062559455689864,2432,False
fold_3,2766,0.06267939525069736,0.05794047501966955,-0.0047389202310278156,0.8932690124096988,2432,False
fold_3,2767,0.02163565732064945,0.03325001341105786,0.011614356090408413,0.9055633091338244,2432,False
fold_3,2768,0.10018175336170516,0.10522007545955225,0.005038322097847089,0.9060685595629783,2432,False
fold_3,2769,0.04885048235104785,0.048823704938845566,-2.6777412202284856e-05,0.9034291069129532,2432,False
fold_3,2770,0.0964776638831271,0.11801139716400828,0.02153373328088118,0.9072167584579071,2432,False
fold_3,2771,0.14326878889206782,0.1622352880695229,0.018966499177455076,0.9025086277805593,2432,False
fold_3,2772,0.2013795843466132,0.17280094413847363,-0.028578640208139577,0.9053181326443029,2432,False
fold_3,2773,0.12514592383509854,0.11911549636313201,-0.006030427471966526,0.9062928483298762,2432,False
fold_3,2774,0.14986411245619055,0.16985128254416706,0.019987170087976514,0.9018387789678849,2432,False
fold_3,2775,0.14763992203705026,0.1545794292253773,0.006939507188327032,0.9085446431764538,2432,False
fold_3,2776,0.06301525284314427,0.06019025820756741,-0.0028249946355768593,0.9077973343287317,2432,False
fold_3,2777,-0.025010008071808414,-0.03831055326847193,-0.013300545196663516,0.9055945457227667,2432,False
fold_3,2778,-0.022008305915170584,-0.011790018596666903,0.010218287318503681,0.9096305588834847,2432,False
fold_3,2779,0.08047409207138258,0.06809668031614333,-0.012377411755239251,0.9053678429654528,2432,False
fold_3,2780,0.04288563496888634,0.048072708050210994,0.005187073081324656,0.9048124463557684,2432,False
fold_3,2781,0.025774946802803803,0.05533329831557113,0.029558351512767325,0.8963049294578355,2432,False
fold_3,2782,-0.005255033617051712,0.04494682515556827,0.050201858772619984,0.9007138817859952,2432,False
fold_3,2783,0.02216057730133753,0.0611928465417352,0.03903226924039767,0.8984818458980045,2432,False
fold_3,2784,0.02201778312424502,0.05584353318789786,0.033825750063652835,0.9012813452779702,2432,False
fold_3,2785,-0.12283627110006436,-0.06867601566411559,0.05416025543594877,0.9040542745511764,2432,False
fold_3,2786,-0.0897279566912238,-0.04847024533295186,0.041257711358271935,0.907282796742007,2432,False
fold_3,2787,0.0017367208175380873,0.013026953991130819,0.01129023317359273,0.9015172041520634,2432,False
fold_3,2788,0.13044576121164436,0.10899304189614477,-0.021452719315499594,0.9056291909555824,2432,False
fold_3,2789,0.13067308981832487,0.11953527331735925,-0.011137816500965625,0.9090892662363206,2432,False
fold_3,2790,0.08700160038623847,0.08996456127959372,0.0029629608933552515,0.9011226396538158,2432,False
fold_3,2791,0.11491851664759316,0.11728959167799155,0.0023710750303983924,0.9029177209248265,2432,False
fold_3,2792,-0.03647226593233674,0.01857685206709105,0.055049117999427785,0.8972887423109935,2432,False
fold_3,2793,-0.20808481152993347,-0.14648166484872327,0.0616031466812102,0.8997656641155853,2432,False
fold_3,2794,-0.2573730084579071,-0.20037423556970171,0.0569987728882054,0.904588448161791,2432,False
fold_3,2795,-0.2516124114870181,-0.21292215774980328,0.0386902537372148,0.9066730294685645,2432,False
fold_3,2796,0.03136649738931407,1.680852585651956e-05,-0.03134968886345755,0.9100658929976396,2432,False
fold_3,2797,0.25760547797010225,0.19603180208854873,-0.06157367588155352,0.908320779093055,2432,False
fold_3,2798,0.36778819907315113,0.2909100249079946,-0.07687817416515652,0.9112244966382947,2432,False
fold_3,2799,0.4272995940919819,0.33015889868392817,-0.09714069540805376,0.9022884852657176,2432,False
fold_3,2800,0.3912400713223528,0.31197556058221865,-0.07926451074013413,0.90670891216961,2432,False
fold_3,2801,0.3376367033831628,0.28845540376224876,-0.049181299620914054,0.8963487165617623,2432,False
fold_3,2802,0.21045536129389883,0.1662201715721336,-0.04423518972176524,0.9001756178027323,2432,False
fold_3,2803,0.12635228166797796,0.09860579760031471,-0.027746484067663252,0.9089833077033116,2432,False
fold_3,2804,0.11271271055360847,0.08578203231170875,-0.026930678241899722,0.9007921464845144,2432,False
fold_3,2805,0.10244593108504398,0.07673670964165653,-0.025709221443387442,0.9118326545847936,2432,False
fold_3,2806,0.10175135004649166,0.07816207039911308,-0.023589279647378586,0.9024630413597023,2432,False
fold_3,2807,0.11231272575280737,0.11609104543666404,0.003778319683856668,0.9008143082576352,2432,False
fold_3,2808,0.06540509217867105,0.03970924826550318,-0.02569584391316787,0.9030825987053858,2432,False
fold_3,2809,0.051848591391888986,0.06644557792718689,0.014596986535297903,0.9053666806737715,2432,False
fold_3,2810,-0.025657186538874183,0.03755537649309777,0.06321256303197195,0.9027382697947213,2432,False
fold_3,2811,0.051815935465989546,0.04925793264072669,-0.0025580028252628548,0.905125985712753,2432,False
fold_3,2812,0.04077236517416494,0.07249774247192618,0.031725377297761245,0.906727757760532,2432,False
fold_3,2813,0.04983209355553966,0.08689078034475357,0.03705868678921392,0.9049984353765825,2432,False
fold_3,2814,0.15724383761891136,0.17999795481367567,0.022754117194764306,0.9028269057113226,2432,False
fold_3,2815,0.26699463781203064,0.23856520679851223,-0.028429431013518414,0.8992862746763464,2432,False
fold_3,2816,0.2462077328159645,0.2055925228882054,-0.040615209927759105,0.896045637829912,2432,False
fold_3,2817,0.3080914164759316,0.2746435117302053,-0.03344790474572629,0.8951824239145982,2432,False
fold_3,2818,0.2994069750336589,0.2682107190115156,-0.031196256022143265,0.8949399153732629,2432,False
fold_3,2819,0.22182682077462268,0.20801928733638508,-0.013807533438237596,0.8970695944496102,2432,False
fold_3,2820,0.15109796330734568,0.16229800711680137,0.01120004380945569,0.8966746164437449,2432,False
fold_3,2821,0.13812989503612044,0.14015171259208925,0.002021817555968808,0.9063153789070881,2432,False
fold_3,2822,0.12687177017023102,0.08886415045418783,-0.03800761971604319,0.9045991658322009,2432,False
fold_3,2823,0.16699245851512765,0.15248730419855516,-0.014505154316572483,0.9107266669944925,2432,False
fold_3,2824,0.21183656614333735,0.1616242132179386,-0.050212352925398746,0.9112159694406694,2432,False
fold_3,2825,0.2455450924468922,0.2227603645125527,-0.0227847279343395,0.906031366229168,2432,False
fold_3,2826,0.2467460191509906,0.2697415353873114,0.02299551623632079,0.9055881307667548,2432,False
fold_3,2827,0.3027411419962806,0.3117683038588084,0.009027161862527777,0.9026545736177669,2432,False
fold_3,2828,0.2312050617802732,0.236162638133896,0.004957576353622817,0.9068267313675701,2432,False
fold_3,2829,0.1233865044524712,0.14232470629783275,0.01893820184536156,0.9017387883556256,2432,False
fold_3,2830,0.1218842312781632,0.14168478649595878,0.019800555217795585,0.90822823161791,2432,False
fold_3,2831,0.04619648987912166,0.073153185573278,0.026956695694156346,0.9070948519419211,2432,False
fold_3,2832,0.0070424705850797515,0.028211981886131176,0.021169511301051425,0.9009629363064158,2432,False
fold_3,2833,-0.0686944111651527,-0.044302993795150555,0.02439141737000214,0.8992469243973963,2432,False
fold_3,2834,0.0431779625026822,0.05775679940633717,0.014578836903654968,0.9006430378728274,2432,False
fold_3,2835,0.11101913981474859,0.11241919310252302,0.0014000532877744276,0.9000945560607211,2432,False
fold_3,2836,0.18472692851012087,0.1346276308025177,-0.050099297707603185,0.9022216087905013,2432,False
fold_3,2837,0.29068682497675413,0.2374164602853873,-0.05327036469136684,0.8928274198018739,2432,False
fold_3,2838,0.3655780501215936,0.26573955278592376,-0.09983849733566985,0.9021359903619196,2432,False
fold_3,2839,0.28572636524569056,0.20799836608611685,-0.07772799915957371,0.8976243428581645,2432,False
fold_3,2840,0.1614753057721193,0.11305776589657392,-0.04841753987554538,0.9043856394392388,2432,False
fold_3,2841,0.05150301135808208,0.023821246511127228,-0.02768176484695485,0.904762143712896,2432,False
fold_3,2842,-0.049813586295687,-0.026429574064802227,0.023384012230884776,0.9102521278878477,2432,False
fold_3,2843,-0.09235085786066805,-0.041661842411129385,0.05068901544953866,0.9121694956548171,2432,False
fold_3,2844,-0.0531781077891424,-0.008056514197839924,0.045121593591302474,0.9017075741184465,2432,False
fold_3,2845,0.046032316179100204,0.02246489655604034,-0.023567419623059863,0.9089353743473284,2432,False
fold_3,2846,0.06114949529718904,0.06606319513983261,0.004913699842643567,0.904837167405765,2432,False
fold_3,2847,0.007650349134539732,0.020106260281811027,0.012455911147271296,0.9157384463736499,2432,False
fold_3,2848,0.08917033608111007,0.08584203561976968,-0.003328300461340389,0.9138047729954937,2432,False
fold_3,2849,0.15358388169658824,0.13087820672608755,-0.02270567497050069,0.908369709640454,2432,False
fold_3,2850,0.10165946194835847,0.0717091499177455,-0.029950312030612963,0.9038928277662542,2432,False
fold_3,2851,0.0528806169980688,0.03504737456190544,-0.01783324243616336,0.9087297157749802,2432,False
fold_3,2852,0.0036480312567055283,0.015692010585795006,0.012043979329089478,0.9103466870216721,2432,False
fold_3,2853,-0.12810910789643087,-0.0699469592661469,0.058162148630283975,0.9001865813425363,2432,False
fold_3,2854,-0.18557335676982756,-0.11472482776492657,0.07084852900490099,0.9064824410499207,2432,False
fold_3,2855,-0.2157276616479508,-0.1331778842715113,0.08254977737643948,0.9086248636542449,2432,False
fold_3,2856,-0.17584400257492308,-0.12659645232815964,0.049247550246763444,0.9081036987697588,2432,False
fold_3,2857,-0.07563609765038266,-0.058846604320148765,0.0167894933302339,0.9024047479615189,2432,False
fold_3,2858,0.09533076139045847,0.07897161773120662,-0.016359143659251854,0.9112742740147342,2432,False
fold_3,2859,0.12967426775624058,0.1287359966204134,-0.0009382711358271734,0.9125581816393676,2432,False
fold_3,2860,0.17335725765480062,0.15750537559902725,-0.01585188205577337,0.9076612593309146,2432,False
fold_3,2861,0.2451449176561047,0.23755710875473857,-0.007587808901366122,0.9052355205278592,2432,False
fold_3,2862,0.11835169158143194,0.1451636037300622,0.026811912148630268,0.9049570734389527,2432,False
fold_3,2863,0.1646300112652886,0.1499515078499392,-0.014678503415349403,0.9108099496638296,2432,False
fold_3,2864,0.04924162702954008,0.04169388366354338,-0.007547743365996701,0.9100390373542663,2432,False
fold_3,2865,0.11173693315928761,0.0888366130820399,-0.02290032007724771,0.909246209140977,2432,False
fold_3,2866,-0.019717194317287745,-0.04714329938845575,-0.027426105071168008,0.9095082165081181,2432,False
fold_3,2867,0.08097157526285673,0.03446430646949431,-0.046507268793362415,0.9053888759745369,2432,False
fold_3,2868,0.037588770027179745,-0.008964487518775481,-0.046553257545955226,0.9109526768471496,2432,False
fold_3,2869,-0.017109615281453397,-0.01680062450826121,0.00030899077319218593,0.9080403315213504,2432,False
fold_3,2870,-0.09912493965023961,-0.0763061364530434,0.022818803197196202,0.9102355428796223,2432,False
fold_3,2871,-0.0770636712323868,-0.09011685501752377,-0.013053183785136965,0.9036287975645519,2432,False
fold_3,2872,-0.031742733441813886,-0.027919676704098416,0.0038230567377154703,0.9100738614011873,2432,False
fold_3,2873,0.07219181389027965,0.0883896784028324,0.016197864512552756,0.9106623497961517,2432,False
fold_3,2874,0.12234104543666405,0.14152255739932765,0.0191815119626636,0.9058001037121807,2432,False
fold_3,2875,0.13414117820613686,0.13021944961018522,-0.003921728595951635,0.9051603739002931,2432,False
fold_3,2876,0.2974543129962091,0.24184094708890638,-0.05561336590730273,0.9076481474858735,2432,False
fold_3,2877,0.30771960607252696,0.24230162810242473,-0.06541797797010224,0.911092621235963,2432,False
fold_3,2878,0.2914041497484425,0.23368446463057005,-0.05771968511787243,0.907756014042931,2432,False
fold_3,2879,0.23167137608537752,0.1730290778920641,-0.05864229819331343,0.9109239213039125,2432,False
fold_3,2880,0.26030628620985624,0.19255663936771333,-0.06774964684214291,0.9107141947106787,2432,False
fold_3,2881,0.20655615209927755,0.16360742927902153,-0.042948722820256025,0.9085796348615979,2432,False
fold_3,2882,0.2025191442851012,0.1624928809634504,-0.040026263321650796,0.9151973437164722,2432,False
fold_3,2883,0.08871220316858593,0.05604507903583435,-0.03266712413275158,0.9174730325978113,2432,False
fold_3,2884,0.030556771243115653,0.02555040099063014,-0.005006370252485511,0.9169398871682997,2432,False
fold_3,2885,0.009179612062799512,-0.02036238913525499,-0.0295420011980545,0.9173557976003146,2432,False
fold_3,2886,0.09091726047850654,0.07659225019669551,-0.014325010281811032,0.9162780961662255,2432,False
fold_3,2887,0.10972193289106642,0.061872898934267936,-0.04784903395679849,0.9119695367820613,2432,False
fold_3,2888,0.1692091722695086,0.1523919515771404,-0.016817220692368212,0.9111720817538086,2432,False
fold_3,2889,0.16577096818897072,0.1742245614584078,0.008453593269437093,0.9106683400686645,2432,False
fold_3,2890,0.17675775382662182,0.1868861088262642,0.010128354999642375,0.9067193646734854,2432,False
fold_3,2891,0.1854257340319004,0.19297011345754952,0.007544379425649117,0.9054776012981904,2432,False
fold_3,2892,0.10272501519919891,0.13122744707102496,0.02850243187182605,0.9108364588548744,2432,False
fold_3,2893,0.04304101325012516,0.0577120064730706,0.01467099322294544,0.9112394276160504,2432,False
fold_3,2894,0.04760035941635075,0.0764940924290108,0.02889373301266005,0.9132776401902581,2432,False
fold_3,2895,0.04532310591159431,0.04663323215435233,0.0013101262427580238,0.9097767058865603,2432,False
fold_3,2896,-0.017715202775194904,-0.026590205010371216,-0.008875002235176312,0.9032078356340748,2432,False
fold_3,2897,0.0017779933481152988,-0.027064146282969256,-0.028842139631084555,0.9068821439221145,2432,False
fold_3,2898,0.08205744626636148,0.03908670695944496,-0.04297073930691652,0.9076400673235104,2432,False
fold_3,2899,-0.019333213378871325,-0.04915395223875259,-0.029820738859881263,0.9077384821364709,2432,False
fold_3,2900,0.028041549692439733,-0.020677560170946283,-0.04871910986338601,0.9139303452006294,2432,False
fold_3,2901,-0.015170543952506972,-0.06634402269150991,-0.05117347873900294,0.9145843354373793,2432,False
fold_3,2902,-0.0038884691724483224,-0.05103711063228667,-0.047148641459838346,0.9141389989092338,2432,False
fold_3,2903,-0.06351356304985337,-0.09304917164365924,-0.02953560859380587,0.9082187209427078,2432,False
fold_3,2904,-0.03392043219369144,-0.06830002548100994,-0.0343795932873185,0.9138498006222731,2432,False
fold_3,2905,-0.06387589630570059,-0.09763831271010656,-0.03376241640440597,0.9158898013375294,2432,False
fold_3,2906,-0.08933561619340534,-0.10171549781846789,-0.012379881625062553,0.911561170070095,2432,False
fold_3,2907,-0.06704215766039626,-0.08972216758457907,-0.022680009924182815,0.9196395331163721,2432,False
fold_3,2908,-0.05893290447750518,-0.08690319674915957,-0.027970292271654387,0.9114995350833273,2432,False
fold_3,2909,-0.03283619286889349,-0.03337910601888276,-0.00054291314998927,0.9097098294113437,2432,False
fold_3,2910,0.026274106376510977,-0.003087292575638366,-0.029361398952149342,0.9204611951040698,2432,False
fold_3,2911,0.0699700208932268,0.08103442842071382,0.01106440752748701,0.9166950261646807,2432,False
fold_3,2912,0.026577844485373002,0.060011432926829256,0.033433588441456254,0.9144577238752591,2432,False
fold_3,2913,-0.037370773281596444,0.033855232100708094,0.07122600538230453,0.9142971935126242,2432,False
fold_3,2914,-0.03915575155568271,-0.0029446659752521277,0.03621108558043058,0.9153685135183462,2432,False
fold_3,2915,-0.1662092303840927,-0.16601266897932906,0.00019656140476362327,0.919003468993634,2432,False
fold_3,2916,-0.09013816742364636,-0.09813664526857878,-0.00799847784493242,0.9148250862778055,2432,False
fold_3,2917,-0.06331751573564122,-0.07745793398183248,-0.014140418246191264,0.9180223830555754,2432,False
official_valid,2918,0.1716994740691011,0.18521064417280686,0.013511170103705755,0.8947618313535708,2918,False
official_valid,2919,0.1488132170686225,0.18857981181389508,0.03976659474527258,0.8946618767894785,2918,False
official_valid,2920,0.22772679742130844,0.2450694917553462,0.01734269433403776,0.894328267975986,2918,False
official_valid,2921,0.25444482701607796,0.2264262811297878,-0.028018545886290158,0.894659631168006,2918,False
official_valid,2922,0.2337189603809325,0.18811702549279566,-0.04560193488813685,0.8974134105220899,2918,False
official_valid,2923,0.1854276024874512,0.16280926968973133,-0.022618332797719853,0.8948606008504315,2918,False
official_valid,2924,0.2534534845788852,0.1883170775723327,-0.06513640700655252,0.8932562019883075,2918,False
official_valid,2925,0.1259871852127398,0.11346401895913896,-0.012523166253600837,0.8925947924737794,2918,False
official_valid,2926,0.04692097669949223,0.07602617135747063,0.029105194657978395,0.8951004049972455,2918,False
official_valid,2927,0.015840611249689114,0.038112257719252966,0.022271646469563852,0.8924883557329866,2918,False
official_valid,2928,0.05494909517641694,0.05122006079460055,-0.00372903438181639,0.8948712938067191,2918,False
official_valid,2929,0.09491998748907436,0.07870781787040813,-0.016212169618666228,0.8940268364229297,2918,False
official_valid,2930,0.14942165103890254,0.12339390448811961,-0.026027746550782924,0.8945936059326887,2918,False
official_valid,2931,0.2209678363154262,0.1561032578455951,-0.06486457846983112,0.8938239815003682,2918,False
official_valid,2932,0.24356621634575853,0.17004369449545279,-0.07352252185030575,0.8960174129463733,2918,False
official_valid,2933,0.2334671385171268,0.1653981647820138,-0.068068973735113,0.8965723283103799,2918,False
official_valid,2934,0.11981780123878327,0.09499753576242999,-0.024820265476353284,0.8934546644401896,2918,False
official_valid,2935,0.13347103827167944,0.07293505753044009,-0.06053598074123935,0.8951537573072147,2918,False
official_valid,2936,0.1208623614330136,0.07045987981029522,-0.050402481622718376,0.8949123045158914,2918,False
official_valid,2937,0.19336361551164663,0.11792580671640009,-0.07543780879524654,0.8961742073794321,2918,False
official_valid,2938,0.14359741433326356,0.09858968448596077,-0.045007729847302794,0.8938428935653648,2918,False
official_valid,2939,0.16889525539933206,0.11190367108598138,-0.05699158431335068,0.8956692329355617,2918,False
official_valid,2940,0.10695469265255467,0.11946994237143894,0.012515249718884278,0.8963514376204605,2918,False
official_valid,2941,0.12942457185901907,0.11781469801327245,-0.011609873845746618,0.8961721567468978,2918,False
official_valid,2942,-0.08699136857715989,-0.06731992902594193,0.01967143955121796,0.8960908827779734,2918,False
official_valid,2943,0.01923656652155025,-0.00792682503414708,-0.02716339155569733,0.8985462935346384,2918,False
official_valid,2944,0.009204683502363718,-0.016138918379701665,-0.025343601882065383,0.8982696888675549,2918,False
official_valid,2945,0.050511049731221294,-0.027826610552191263,-0.07833766028341256,0.8978368075415435,2918,False
official_valid,2946,0.17127011199497563,0.09600992085793333,-0.0752601911370423,0.896112737507905,2918,False
official_valid,2947,0.21166506973937294,0.12912241253288848,-0.08254265720648446,0.8958298008619752,2918,False
official_valid,2948,0.19146011995923126,0.16234719869035236,-0.029112921268878905,0.8949399507724424,2918,False
official_valid,2949,0.13974527806936832,0.09767732762800296,-0.042067950441365354,0.8985970412035454,2918,False
official_valid,2950,0.11565074347356454,0.07339058436477196,-0.04226015910879258,0.8969072253782476,2918,False
official_valid,2951,0.13545767035076736,0.08104067706261738,-0.05441699328814999,0.8977653745270051,2918,False
official_valid,2952,0.12423501420989445,0.07176119222560405,-0.0524738219842904,0.8984882771025697,2918,False
official_valid,2953,0.20995839417905626,0.09869969236910295,-0.11125870180995331,0.8964225947746078,2918,False
official_valid,2954,0.21633603517136882,0.07961685938249942,-0.13671917578886938,0.8969206242789015,2918,False
official_valid,2955,0.18851285235316706,0.06663101160811011,-0.12188184074505695,0.8964392822886502,2918,False
official_valid,2956,0.09024657240995099,-0.009217532516492908,-0.09946410492644389,0.8962597351576003,2918,False
official_valid,2957,0.06999030202197051,-0.06649666352973212,-0.13648696555170264,0.8992032308859107,2918,False
official_valid,2958,-0.030687582892448075,-0.12714475829195496,-0.09645717539950688,0.899316941043036,2918,False
official_valid,2959,-0.02618098992996186,-0.10505301190310798,-0.07887202197314612,0.901173875231188,2918,False
official_valid,2960,0.049926194269651586,-0.017190601079971963,-0.06711679534962355,0.8986937543876298,2918,False
official_valid,2961,0.1346063231575276,0.048299132504399565,-0.08630719065312803,0.9021459734520151,2918,False
official_valid,2962,0.08535305362708397,0.05651419226250067,-0.028838861364583294,0.9009161129251643,2918,False
official_valid,2963,0.10621150095846763,0.09637101813682765,-0.009840482821639976,0.9025721263008025,2918,False
official_valid,2964,0.13105749449622173,0.11902961927883707,-0.01202787521738466,0.9011727054721411,2918,False
official_valid,2965,0.17554038899868052,0.14972185974565352,-0.025818529253026995,0.9016081893156318,2918,False
official_valid,2966,0.16286309559231574,0.17075716074023808,0.007894065147922347,0.9008566133790559,2918,False
official_valid,2967,0.14929108530987478,0.17715195959138527,0.02786087428151049,0.9004828751986362,2918,False
official_valid,2968,0.12435906106289889,0.14658563796690505,0.02222657690400616,0.9027706519189377,2918,False
official_valid,2969,0.06654693774511501,0.08434380974319977,0.01779687199808476,0.9000920353724224,2918,False
official_valid,2970,0.06989652206875428,0.08027300381100007,0.010376481742245786,0.9002526409916769,2918,False
official_valid,2971,0.09071460305697404,0.10757253346265701,0.016857930405682967,0.9032165984436424,2918,False
official_valid,2972,0.12469623532009828,0.14236138094900685,0.01766514562890857,0.90226743443188,2918,False
official_valid,2973,0.0855629511100931,0.07672194564756522,-0.008841005462527876,0.9035171719161792,2918,False
official_valid,2974,0.07022798522946656,0.07479011773287376,0.004562132503407201,0.9038768195577036,2918,False
official_valid,2975,0.041510861010062856,0.05259514904012239,0.011084288030059536,0.9039337766487962,2918,False
official_valid,2976,0.06203694728523161,0.022164745411600274,-0.03987220187363134,0.9045871499069232,2918,False
official_valid,2977,0.12050141747600675,0.05971802086017524,-0.06078339661583151,0.9033738809987492,2918,False
official_valid,2978,0.14590318195526675,0.11441098786997105,-0.0314921940852957,0.9022604066636235,2918,False
official_valid,2979,0.15868188622594748,0.11391700898279018,-0.044764877243157294,0.9013322799765837,2918,False
official_valid,2980,0.18675966599884883,0.12426589892334468,-0.06249376707550415,0.901294917465349,2918,False
official_valid,2981,0.1815524518383094,0.15139750442950006,-0.030154947408809335,0.902434829270511,2918,False
official_valid,2982,0.15814274071451137,0.16407624029303844,0.005933499578527068,0.9023989636854718,2918,False
official_valid,2983,0.17640170778993433,0.170568061111639,-0.0058336466782953345,0.9043233420011949,2918,False
official_valid,2984,0.17042823730396206,0.18987125777630187,0.01944302047233981,0.903017386128929,2918,False
official_valid,2985,0.13895327527738385,0.1890875281490434,0.05013425287165954,0.9047274325658291,2918,False
official_valid,2986,0.13853269474754074,0.18464461589118986,0.04611192114364912,0.9031364808786749,2918,False
official_valid,2987,0.18109738999900463,0.19107732231470478,0.009979932315700157,0.9010011149081568,2918,False
official_valid,2988,0.15742483685714148,0.15733513381758926,-8.970303955221914e-05,0.9021096048788888,2918,False
official_valid,2989,0.17444756327302122,0.1686747684239706,-0.005772794849050605,0.9034175625695567,2918,False
official_valid,2990,0.15199405328321938,0.12265380127332988,-0.029340252009889503,0.90294752547236,2918,False
official_valid,2991,0.09367380088393451,0.04724097633677813,-0.04643282454715638,0.901926049902583,2918,False
official_valid,2992,0.04935758703252574,0.00807767389620611,-0.04127991313631963,0.9030040426004766,2918,False
official_valid,2993,-0.009861593802284812,-0.06581650092987354,-0.05595490712758873,0.9033079888082548,2918,False
official_valid,2994,-0.043261463841018206,-0.1095527755150943,-0.06629131167407609,0.9028123082822963,2918,False
official_valid,2995,-0.103751026147506,-0.1599847581241341,-0.05623373197662809,0.9014502065571854,2918,False
official_valid,2996,-0.13565392770400683,-0.17559136490427008,-0.03993743720026324,0.9031692767836212,2918,False
official_valid,2997,-0.09296495947725782,-0.12997662740287683,-0.03701166792561901,0.9029116867697972,2918,False
official_valid,2998,0.02930470932397115,0.08203698822790023,0.05273227890392908,0.9041175784165121,2918,False
official_valid,2999,0.0722300926586739,0.13810787733805896,0.06587778467938506,0.903750045144449,2918,False
official_valid,3000,0.03541189067687603,0.09357852671219517,0.058166636035319144,0.9033249394812717,2918,False
official_valid,3001,0.10631654862187967,0.15650904329885973,0.05019249467698006,0.9048011578830193,2918,False
official_valid,3002,0.06997363039606622,0.13857404950711802,0.0686004191110518,0.9040274636873848,2918,False
official_valid,3003,-0.020236243898485325,-0.02919083573192062,-0.008954591833435294,0.9017638587773745,2918,False
official_valid,3004,0.05435131729741687,0.0741261093241383,0.019774792026721423,0.9015033482827983,2918,False
official_valid,3005,0.07723091082266315,0.12599780499513857,0.04876689417247543,0.9023591784437262,2918,False
official_valid,3006,0.018360269565685216,0.0399170853205146,0.021556815754829383,0.9047702983677541,2918,False
official_valid,3007,0.03237950541145949,0.06768354133332954,0.03530403592187006,0.9032639369729971,2918,False
official_valid,3008,0.04021724549454553,0.11638343987783831,0.07616619438329278,0.9051372077277378,2918,False
official_valid,3009,-0.04887878364916362,0.017052052698666144,0.06593083634782976,0.9045205236325375,2918,False
official_valid,3010,-0.010992796522592307,0.007394820011913651,0.01838761653450596,0.9045266986761867,2918,False
official_valid,3011,0.06609826844765451,0.0671784378728238,0.0010801694251692945,0.9033627935821478,2918,False
official_valid,3012,0.12075548051815566,0.10251041091647829,-0.018245069601677363,0.9021713212602029,2918,False
official_valid,3013,0.12065843020125176,0.10634159115071665,-0.014316839050535116,0.9022476608391606,2918,False
official_valid,3014,0.13779567093884865,0.13613981421076718,-0.0016558567280814673,0.9017538173127045,2918,False
official_valid,3015,0.18971051109475356,0.1998112406085777,0.010100729513824125,0.9038072035831354,2918,False
official_valid,3016,0.13607227572187222,0.17381881280341394,0.037746537081541714,0.9046572652586796,2918,False
official_valid,3017,0.1153143999396348,0.1469633396958861,0.0316489397562513,0.9053107691125555,2918,False
official_valid,3018,0.11220299361307953,0.11447821982746399,0.00227522621438446,0.9043388659756646,2918,False
official_valid,3019,0.12393417678456248,0.1273681663248459,0.0034339895402834275,0.9035569071918099,2918,False
official_valid,3020,0.10765892981754097,0.11539089121017788,0.0077319613926369185,0.9024033647376919,2918,False
official_valid,3021,0.048226683610204324,0.09053685008751222,0.0423101664773079,0.9025713510331427,2918,False
official_valid,3022,-0.03484332036335277,0.027282547511629916,0.062125867874982685,0.9029579035410399,2918,False
official_valid,3023,-0.0048683233942737455,0.03925319551812341,0.044121518912397156,0.9011177701580015,2918,False
official_valid,3024,-0.06253172327950614,-0.026736698010442175,0.03579502526906396,0.9010501347237969,2918,False
official_valid,3025,-0.030968754534004363,0.017068896919756035,0.0480376514537604,0.9003518389834796,2918,False
official_valid,3026,0.09468092000790446,0.09264241458422431,-0.0020385054236801425,0.9003678441501839,2918,False
official_valid,3027,0.14801694894619669,0.13960104403668194,-0.008415904909514743,0.8992621623098861,2918,False
official_valid,3028,0.1466964974031527,0.14998915846739475,0.0032926610642420584,0.8994084662200555,2918,False
official_valid,3029,0.1411427175311029,0.13537375369356272,-0.005768963837540192,0.9007584314656837,2918,False
official_valid,3030,0.16087118129902092,0.1428651584387523,-0.018006022860268617,0.8992781021360735,2918,False
official_valid,3031,0.18576430476295094,0.14684237159158098,-0.038921933171369966,0.8998859043812202,2918,False
official_valid,3032,0.12785131948015666,0.09523476115453552,-0.03261655832562113,0.9006058879589831,2918,False
official_valid,3033,0.05190612656214647,0.02704901415534075,-0.02485711240680572,0.901553444213282,2918,False
official_valid,3034,0.09515066236427311,0.06648821311034832,-0.02866244925392479,0.9018137227693129,2918,False
official_valid,3035,-0.025603530754409014,-0.01232237443249049,0.013281156321918524,0.9012196003650669,2918,False
official_valid,3036,-0.08671096537439318,-0.04784374148222895,0.03886722389216423,0.9018168554456761,2918,False
official_valid,3037,-0.02672269949610383,0.008730983967335744,0.03545368346343958,0.9017569802759043,2918,False
official_valid,3038,-0.05487974125467803,-0.00518938832016273,0.0496903529345153,0.9011209662249787,2918,False
official_valid,3039,-0.08974098222564077,-0.06110921233153813,0.028631769894102634,0.9002729691164123,2918,False
official_valid,3040,0.03001043845265789,0.0169475816228194,-0.01306285682983849,0.9011392414186192,2918,False
official_valid,3041,-0.004604845303338135,-0.013249568199615775,-0.00864472289627764,0.8994946940350417,2918,False
official_valid,3042,0.017198275232959977,-0.0009028811925034918,-0.01810115642546347,0.9009427742026022,2918,False
official_valid,3043,0.04237309000789223,0.016420980810978585,-0.025952109196913646,0.8996988428275746,2918,False
official_valid,3044,-0.05815206702832234,-0.045037240619852335,0.013114826408470004,0.899722456174612,2918,False
official_valid,3045,-0.17155220997682077,-0.1459865751757298,0.025565634801090975,0.9012004964293233,2918,False
official_valid,3046,-0.12924123092742776,-0.10916798588101519,0.02007324504641257,0.899436275405811,2918,False
official_valid,3047,-0.09878488743115887,-0.06564100237728823,0.03314388505387064,0.9017587348684372,2918,False
official_valid,3048,-0.10864085432568032,-0.08500219180440265,0.02363866252127768,0.9008501957725639,2918,False
official_valid,3049,0.09789656274798846,0.09194149409950123,-0.00595506864848723,0.90023701942625,2918,False
official_valid,3050,0.09461617937874897,0.10341312036989318,0.008796940991144211,0.9007977208261654,2918,False
official_valid,3051,0.0083994749832065,0.03336066432570555,0.02496118934249905,0.9009802520933466,2918,False
official_valid,3052,-0.02334768517059328,0.005132444102774264,0.028480129273367544,0.8992921806424463,2918,False
official_valid,3053,0.0392726193781425,0.055546465253557324,0.016273845875414826,0.8987656387737847,2918,False
official_valid,3054,-0.0961991422560125,-0.06380341220745818,0.032395730048554325,0.9010213078683045,2918,False
official_valid,3055,-0.015620597519752926,-0.012249686433247323,0.0033709110865056038,0.8999705105535463,2918,False
official_valid,3056,0.08853385757977106,0.07502659598190395,-0.01350726159786711,0.8994448424188798,2918,False
official_valid,3057,0.19778031978056954,0.1627293821141335,-0.03505093766643605,0.8987433457361484,2918,False
official_valid,3058,0.06458934655323999,0.0275133076476216,-0.03707603890561839,0.8992587359898369,2918,False
official_valid,3059,0.0813690359657689,0.048161087235720636,-0.033207948730048266,0.8999147862760701,2918,False
official_valid,3060,0.05610077357723242,0.03729692412268749,-0.018803849454544934,0.89998345595834,2918,False
official_valid,3061,0.09175747126003829,0.05590470797992389,-0.0358527632801144,0.8998658309566485,2918,False
official_valid,3062,0.07695289591707843,0.03484911279237883,-0.042103783124699604,0.8999220995812572,2918,False
official_valid,3063,0.17261945972931148,0.11434990840964421,-0.05826955131966727,0.8995170295110482,2918,False
official_valid,3064,0.16833173627261624,0.1036977451760539,-0.06463399109656234,0.8983132872260393,2918,False
official_valid,3065,0.27173934208982237,0.22115843853083364,-0.05058090355898873,0.8979644165802696,2918,False
official_valid,3066,0.2416818628185442,0.21256940523878637,-0.029112457579757833,0.8992143404760502,2918,False
official_valid,3067,0.1522936154825037,0.14141187783608217,-0.01088173764642153,0.8991017077201041,2918,False
official_valid,3068,0.040701972582860395,0.03956504144809309,-0.0011369311347673022,0.8996653420523711,2918,False
official_valid,3069,0.05113942997069891,0.06021578957310851,0.0090763596024096,0.8993124951925705,2918,False
official_valid,3070,-0.010602569694524435,-0.048033846936974434,-0.037431277242449996,0.8990043106850276,2918,False
official_valid,3071,0.10518897863430524,0.03632240405678705,-0.06886657457751819,0.9000998944333959,2918,False
official_valid,3072,0.022252283613079474,-0.029041867278403705,-0.051294150891483176,0.8989903799531824,2918,False
official_valid,3073,0.014264829310264182,-0.05111540386386551,-0.06538023317412969,0.9011586175312497,2918,False
official_valid,3074,0.034651103581577976,-0.04064371506341911,-0.07529481864499708,0.9014270770838249,2918,False
official_valid,3075,0.09980864097578433,0.04506737873537977,-0.05474126224040456,0.901128579590778,2918,False
official_valid,3076,0.030077920685771444,-0.02271050969595347,-0.05278843038172491,0.900846178927869,2918,False
official_valid,3077,0.2109059905613653,0.14126563655666602,-0.06964035400469928,0.9015580805396579,2918,False
official_valid,3078,0.19411572898490922,0.15048314880008332,-0.04363258018482591,0.9007326752798234,2918,False
official_valid,3079,0.1583735159228413,0.1318841477651543,-0.026489368157686988,0.9012220655509015,2918,False
official_valid,3080,0.10922939057994951,0.051217242282791925,-0.05801214829715759,0.9006233698892926,2918,False
official_valid,3081,0.16733526940802315,0.1188545130038081,-0.04848075640421505,0.9010420589060274,2918,False
official_valid,3082,0.016858188884375198,-0.0069408921628405645,-0.023799081047215762,0.9007436167024183,2918,False
official_valid,3083,0.06247709735298767,0.023356183065530802,-0.03912091428745687,0.9022192949567972,2918,False
official_valid,3084,0.05337575610771936,0.01421545787155574,-0.03916029823616362,0.9024126262294916,2918,False
official_valid,3085,-0.03133088533948139,-0.07301249566654285,-0.041681610327061455,0.9013527424342515,2918,False
official_valid,3086,0.01972874668514065,-0.01653491276755768,-0.03626365945269833,0.9019633380430436,2918,False
official_valid,3087,0.051821189745274054,0.00550021929539268,-0.04632097044988137,0.9026487450930011,2918,False
official_valid,3088,0.02868489258797825,-0.03134231090670643,-0.06002720349468468,0.9025102453882455,2918,False
official_valid,3089,0.0961904036179931,0.06409946389145295,-0.032090939726540146,0.9028820546526666,2918,False
official_valid,3090,0.21356496778941061,0.23317492820038144,0.019609960410970823,0.9038149871627236,2918,False
official_valid,3091,0.19126063480801425,0.22155599290630815,0.030295358098293895,0.9027597632543002,2918,False
official_valid,3092,0.20226321088096255,0.20406174463523555,0.0017985337542729962,0.9033395692152388,2918,False
official_valid,3093,0.22889751732598634,0.25318803094701936,0.024290513621033016,0.9052800012171702,2918,False
official_valid,3094,0.2514122286180179,0.2528069121149707,0.00139468349695282,0.9052089530595878,2918,False
official_valid,3095,0.31045674163465437,0.2893116978949631,-0.021145043739691283,0.905678393838962,2918,False
official_valid,3096,0.32877070449862505,0.29777682840083053,-0.030993876097794526,0.9051654948089515,2918,False
official_valid,3097,0.30488810129447397,0.3061934355052041,0.0013053342107301469,0.9074672128128789,2918,False
official_valid,3098,0.26826683127058276,0.278657284576182,0.010390453305599234,0.9076902787114766,2918,False
official_valid,3099,0.2258359276320889,0.24932261682521556,0.02348668919312666,0.9073029763513899,2918,False
official_valid,3100,0.12399647368818856,0.13761326669993723,0.013616793011748674,0.9077185778881977,2918,False
official_valid,3101,0.013348880034948453,0.0477360915779964,0.03438721154304795,0.9089392726303875,2918,False
official_valid,3102,-0.11167991321145258,-0.07289346728432848,0.0387864459271241,0.9086934796552314,2918,False
official_valid,3103,-0.15883607046416914,-0.1454305101191258,0.013405560345043338,0.9092127602030907,2918,False
official_valid,3104,-0.11684102565388872,-0.09421689354215385,0.022624132111734876,0.9084206716903356,2918,False
official_valid,3105,-0.10471518391891357,-0.06119672059941962,0.04351846331949395,0.9096288108445879,2918,False
official_valid,3106,-0.1157514093483419,-0.054710628090813056,0.06104078125752884,0.9082005473436883,2918,False
official_valid,3107,-0.05365583759199176,-0.0018810486975764991,0.05177478889441526,0.9078452144065153,2918,False
official_valid,3108,0.01720249530626391,0.07278292250220442,0.05558042719594051,0.9076647041404917,2918,False
official_valid,3109,0.0471282751426492,0.09300753137473611,0.045879256232086905,0.9068081229645678,2918,False
official_valid,3110,0.06755831352080402,0.1057835893771338,0.038225275856329774,0.9090322983690152,2918,False
official_valid,3111,0.08788776879305972,0.1256521852572317,0.03776441646417199,0.9094055077314561,2918,False
official_valid,3112,0.09898316702463686,0.13916753719270092,0.04018437016806406,0.9091492159550255,2918,False
official_valid,3113,0.048014404097223365,0.0968570523326983,0.048842648235474934,0.9082414397253237,2918,False
official_valid,3114,0.009464896667473558,0.06242910099879084,0.05296420433131729,0.9091712991480736,2918,False
official_valid,3115,0.0425057185576012,0.07564167804345676,0.03313595948585556,0.909647236845912,2918,False
official_valid,3116,0.022510344545043973,0.04605236430539499,0.02354201976035102,0.909568897489432,2918,False
official_valid,3117,0.03437165918619209,0.059833478059320926,0.025461818873128837,0.9069663098042,2918,False
official_valid,3118,0.1030112317835202,0.10592183913851,0.002910607354989797,0.9072436778546764,2918,False
official_valid,3119,0.08151804586555159,0.08950349364620239,0.0079854477806508,0.9075246633044239,2918,False
official_valid,3120,0.0469812212704661,0.07049682859887141,0.02351560732840531,0.9083219063102657,2918,False
official_valid,3121,0.08725224202984307,0.08940703008246799,0.002154788052624923,0.9074229425416713,2918,False
official_valid,3122,0.14211212606390997,0.10745550387115979,-0.034656622192750175,0.907912683245426,2918,False
official_valid,3123,0.08194256631175867,0.05826376916851475,-0.023678797143243918,0.9069181403155022,2918,False
official_valid,3124,0.08868638138753271,0.0590054700772905,-0.02968091131024221,0.905435612377525,2918,False
official_valid,3125,0.03380451509804975,0.008095424443569558,-0.02570909065448019,0.9075861439697913,2918,False
official_valid,3126,-0.08719862037452784,-0.0834270440875183,0.00377157628700954,0.9056233248265996,2918,False
official_valid,3127,-0.053023674371283844,-0.04166825479113136,0.011355419580152487,0.9062250432583187,2918,False
official_valid,3128,-0.020766257429849902,-0.02340153642595822,-0.0026352789961083187,0.9082319705129621,2918,False
official_valid,3129,-0.0019347749588170563,-0.018800366639750436,-0.01686559168093338,0.9080285313792671,2918,False
official_valid,3130,0.019643146333440477,0.014424528989068769,-0.005218617344371708,0.9067699915952009,2918,False
official_valid,3131,0.0005150591435449419,-0.01154320112820895,-0.012058260271753891,0.9073879725250371,2918,False
official_valid,3132,0.09265259732966978,0.08126303301791413,-0.011389564311755654,0.9072491612694573,2918,False
official_valid,3133,0.12746034315489307,0.11301418078233717,-0.014446162372555901,0.9086713900512384,2918,False
official_valid,3134,0.20225571836455244,0.1814565136544561,-0.02079920471009636,0.9082736396369872,2918,False
official_valid,3135,0.22743875268114833,0.181893592090011,-0.045545160591137335,0.9079551626784608,2918,False
official_valid,3136,0.3175112526057942,0.260165025762533,-0.05734622684326124,0.9081537404601191,2918,False
official_valid,3137,0.21097458916779452,0.16476148581251154,-0.046213103355282975,0.9064302942805136,2918,False
official_valid,3138,0.1665782296962802,0.15059114864268439,-0.01598708105359581,0.906271767419646,2918,False
official_valid,3139,0.12108894444972212,0.10304619865761194,-0.018042745792110182,0.9066213406726857,2918,False
official_valid,3140,0.14129049765027998,0.1391652616060356,-0.0021252360442443885,0.9072649969508156,2918,False
official_valid,3141,0.03745140479007435,0.0641548937367436,0.026703488946669254,0.908444615614483,2918,False
official_valid,3142,0.08004796546558846,0.0996378006909536,0.019589835225365143,0.909299495353306,2918,False
official_valid,3143,0.07832188610190159,0.056299370207459336,-0.022022515894442256,0.9101039280708786,2918,False
official_valid,3144,0.05748401333400048,0.016640066590832336,-0.040843946743168144,0.9101144261841059,2918,False
official_valid,3145,0.10807309598551497,0.04120896917830402,-0.06686412680721095,0.9096352867313544,2918,False
official_valid,3146,0.15264949471202394,0.058538735717306375,-0.09411075899471756,0.9110957541695717,2918,False
official_valid,3147,0.1602142993322515,0.06208073001761311,-0.0981335693146384,0.9103260996558945,2918,False
official_valid,3148,0.18054319627154422,0.11492561106439662,-0.0656175852071476,0.9111177905214058,2918,False
official_valid,3149,0.19417908307478973,0.1460474286434767,-0.04813165443131304,0.9108064385328898,2918,False
official_valid,3150,0.23451866892882053,0.1950600356428788,-0.039458633285941735,0.9119912807724357,2918,False
official_valid,3151,0.24255531649128248,0.24611193880696866,0.003556622315686181,0.9131122732367618,2918,False
official_valid,3152,0.2421695871771812,0.2477738271179234,0.0056042399407421895,0.9128033121057815,2918,False
official_valid,3153,0.2570163652742265,0.24762000533503037,-0.00939635993919613,0.913743951005581,2918,False
official_valid,3154,0.2399774721004445,0.2264489977595858,-0.013528474340858715,0.9143483721232267,2918,False
official_valid,3155,0.1800173878685877,0.15819162009406412,-0.02182576777452358,0.913279858841136,2918,False
official_valid,3156,0.11782847358114278,0.08080770145362189,-0.03702077212752089,0.914869290989253,2918,False
official_valid,3157,0.12427193465659796,0.05766791691480053,-0.06660401774179743,0.9131774714511065,2918,False
official_valid,3158,0.07787018345705883,0.009754695343089538,-0.0681154881139693,0.9150172841471704,2918,False
official_valid,3159,0.15591157447929055,0.07923227400302196,-0.07667930047626859,0.9145329578314952,2918,False
official_valid,3160,0.19346578626018726,0.1122346063713731,-0.08123117988881416,0.9125996660791412,2918,False
