stock,count,raw_mean_residual,mean_noise_variance,shrinkage,offset
0,1702,-0.15087917222084365,0.00010321692987498495,0.994136250754209,-0.14999444782733917
1,252,-0.36135465805492706,0.0004963099627586337,0.9724205461223215,-0.35138869285583496
2,695,0.013128983659549153,0.0002194242207406501,0.9876162737027803,0.012966398149728775
3,984,-0.107685399659137,9.69700005204736e-05,0.9944891828143556,-0.10709196329116821
4,483,-0.19736977797734317,0.0001994569358210869,0.9887304751431005,-0.19514551758766174
5,284,0.17724068867022985,0.0006230852610824454,0.9656179818344794,0.17114679515361786
6,877,-0.08719906813232493,0.00012347273612449506,0.9929935817980674,-0.08658811450004578
7,803,0.07730628559910976,0.00018933200253037232,0.9892964212430785,0.07647883147001266
8,537,-0.04131000135891708,0.00023913480897242353,0.9865188565190628,-0.04075309634208679
9,560,0.1272343318626684,0.00020179525959390017,0.988599863571821,0.12578384578227997
10,842,-0.0018153181410175605,0.00012902750228603135,0.992680685563256,-0.0018020313000306487
11,925,-0.060054807857283066,0.00012582593796056562,0.9928610034462003,-0.059626076370477676
12,559,-0.10839215357503013,0.0001894137203382707,0.9892918509282224,-0.10723147541284561
13,529,0.04028858246883846,0.0002639342354398709,0.9851415702557456,0.03968995809555054
14,397,0.0485102095376109,0.0003465067989258396,0.9805833273954689,0.04756830260157585
15,759,0.021661700099235466,0.0001955434893556599,0.9889491454526208,0.02142231911420822
16,857,-0.07606229782852973,0.00014688632869812752,0.9916760446677803,-0.07542915642261505
17,562,-0.012593287331618873,0.00017019144243959945,0.9903680793573062,-0.01247198972851038
18,292,0.1665980416311793,0.0003877169454204939,0.9783241518375587,0.1629868894815445
19,670,-0.0947457450233511,0.00022334057763940139,0.9873980302123231,-0.09355176240205765
20,62,-0.225609376305534,0.002265258906543994,0.8853880164501204,-0.1997518390417099
21,790,0.2475882725342165,0.00011082698277821216,0.9937066447694787,0.24603010714054108
22,719,-0.14514282299140896,0.00019616527019075672,0.9889143959547837,-0.1435338258743286
23,656,-0.036143064442113404,0.0002395207440749631,0.9864973933346606,-0.03565504029393196
24,803,-0.10219538899818215,0.00012013785994312932,0.9931815279037699,-0.1014985740184784
25,480,0.052477641582178575,0.0002690247600837504,0.9848593332622081,0.05168309435248375
26,767,-0.09961059868743709,0.00016398807713518642,0.9907158970462403,-0.09868580102920532
27,561,-0.12569299747307458,0.0002126954279734331,0.9879914687766924,-0.12418361008167267
28,747,-0.05602186233792678,0.00016333675491479307,0.9907524303304421,-0.05550379678606987
29,3,-0.4213098734617233,0.02136045255165227,0.4503198334183085,-0.18972419202327728
30,620,0.11856869579322876,0.0002762420594602209,0.9844594572952218,0.11672607064247131
31,699,-0.110418251421148,0.0001617367007734038,0.9908421903333114,-0.10940705984830856
32,638,-0.15152757442600115,0.0001583794915207021,0.9910305762785524,-0.15016846358776093
33,645,-0.04274003195626907,0.00022106349145286616,0.9875249117192377,-0.04220684617757797
34,707,0.12258966502244814,0.00017786299426826192,0.9899382792514291,0.12135620415210724
35,655,-0.06435425263324766,0.00019319001332226323,0.9890806964084814,-0.06365154683589935
36,693,0.04445676314866259,0.0002067824114016963,0.9883214118668794,0.043937571346759796
37,767,-0.16939780025377463,0.0001351186815770166,0.9923378001325126,-0.16809983551502228
38,401,-0.07306757555378048,0.00033614329877854684,0.9811531061982446,-0.07169047743082047
39,772,-0.026356020696229575,0.00016600795118294857,0.9906026175172151,-0.02610834315419197
40,637,-0.11578802064973481,0.00022360120689542167,0.9873835097704317,-0.11432718485593796
41,532,-0.06637275288987876,0.00024660982065298584,0.9861033113610553,-0.06545039266347885
42,862,0.13463853081156718,0.00014114020375920964,0.9919990685958566,0.13356129825115204
43,704,0.04810415032129227,0.00019115843647700114,0.9891942824907267,0.047584351152181625
44,699,-0.12715204774224878,0.0001672223916922514,0.990534521160841,-0.1259484887123108
45,765,-0.03281230340450028,0.00019605080899054816,0.9889207926704303,-0.032448768615722656
46,712,0.06816104039277755,0.00018890647282963804,0.9893202209574166,0.06743309646844864
47,642,-0.03808315378552842,0.00018875657712840127,0.9893286048397172,-0.03767675161361694
48,756,-0.07782108408630525,0.0001661429427643919,0.990595047779158,-0.07708918303251266
49,729,-0.10254956137092557,0.0001632880884532453,0.9907551601868436,-0.1016015037894249
50,726,0.05852319135204902,0.000164019035989837,0.9907141606016482,0.057979755103588104
51,691,0.07654631868080275,0.0002626298824897726,0.9852139143110152,0.0754145011305809
52,737,-0.044112190773541275,0.00016205311745784713,0.9908244386672851,-0.04370743781328201
53,680,0.1752869863747893,0.00018487057015642967,0.9895460044061956,0.17345453798770905
54,636,0.007738706121314903,0.00021538536048395254,0.9878414449068137,0.0076446146704256535
55,648,-0.18284125513408656,0.0002136789410403558,0.9879366106527898,-0.18063557147979736
56,776,0.02546469238466708,0.00016544592250081251,0.990634134873558,0.02522619441151619
57,832,-0.062031992099946365,9.763399631749121e-05,0.9944516572171715,-0.06168781593441963
58,626,-0.13019017408045527,0.0001720255277383156,0.9902652904466752,-0.12892280519008636
59,765,-0.14497395999291363,0.0001239511337105033,0.9929666262221246,-0.1439543068408966
60,807,-0.0772424667445848,0.00012831901146161454,0.9927205834020651,-0.07668018341064453
61,726,-0.06307764577912808,0.0001722898276639208,0.9902504798620515,-0.06246266886591911
62,698,-0.11689754911727755,0.0001464363353094402,0.9917013338855047,-0.11592745780944824
63,705,-0.06209152795321553,0.00025242428991490085,0.9857803197949188,-0.06120860576629639
64,750,0.16504220044768106,0.0002509663365483668,0.9858612886751015,0.16270871460437775
65,712,0.02196853204755887,0.00018418524590190592,0.9895843542372201,0.021739715710282326
66,598,-0.015022044503021002,0.00019186768581916944,0.989154625179306,-0.014859125018119812
67,572,0.12030383845517685,0.0003616408681289083,0.9797524534845017,0.11786798387765884
68,666,-0.2207496764401237,0.00011836940513600323,0.9932812229014492,-0.21926650404930115
69,713,-0.18927517259783447,0.00020109221232842868,0.9886391300008848,-0.1871248483657837
70,813,0.11078202844165531,0.0001873584612060635,0.9894068103196919,0.109608493745327
71,731,0.021260496254414115,0.0002011034575987753,0.988638501908166,0.021018944680690765
72,673,-0.03511326221464116,0.00015635154682313814,0.9911444067772611,-0.03480231389403343
73,640,-0.014521564857568591,0.00025510916081858035,0.9856312476301684,-0.014312908053398132
74,820,0.0700314930890028,0.00021030643770043002,0.9881247466009865,0.06919985264539719
75,738,-0.03234907105403541,0.00019289525063689674,0.9890971750624578,-0.03199637308716774
76,691,0.04336402399732304,0.00020993493300605428,0.9881454754653979,0.04284996539354324
77,756,0.05320814279617653,0.0001765846106336148,0.9900098750255936,0.05267658829689026
78,728,-0.13499523664231075,0.00016921536853322223,0.9904227908425841,-0.133702352643013
79,366,-0.24280956505589146,0.00038164428944537673,0.9786564058536602,-0.23762713372707367
80,774,-0.19309333287112088,0.00010398334820199188,0.9940929677560804,-0.19195272028446198
81,0,0.0,0.0,0.0,0.0
82,739,-0.13579261791671807,0.00016165951398909226,0.990846520776746,-0.13454964756965637
83,484,0.1330345748242545,0.0003553580252348963,0.9800972161723994,0.1303868144750595
84,449,0.048339182504749376,0.00034967769873504574,0.980409125485592,0.04739217460155487
85,295,0.12814420836709314,0.0003474552135191582,0.9805312172002604,0.12564939260482788
86,731,-0.037655963026058496,0.00017297146588224108,0.9902122849207684,-0.0372873954474926
87,704,0.07657766018316826,0.00017943410583301812,0.9898503034551165,0.07580041885375977
88,620,-0.07324825883993218,0.00014493466592543471,0.9917857356690707,-0.07264658063650131
89,718,-0.0796717627623837,0.00021942826570196222,0.9876160482428905,-0.07868511229753494
90,716,-0.25654629656951355,0.0001101866929340281,0.9937427763812032,-0.25494101643562317
91,440,-0.00574957671659914,0.00028278020270962486,0.9840974903322834,-0.0056581441313028336
92,715,-0.25620875782952024,9.966239462057018e-05,0.9943370402072406,-0.2547578513622284
93,739,-0.0558047055396603,0.00020732972135938953,0.9882908630161152,-0.055151280015707016
94,831,-0.21189093249866786,0.00012149231704924003,0.9931051851745788,-0.21042998135089874
95,413,-0.03536482944128444,0.0005589516598316478,0.9690473531749977,-0.03427019342780113
96,781,-0.09186957549737831,0.00018378070899781898,0.9896069929779041,-0.0909147709608078
97,652,-0.04791791535959653,0.0002021198945735635,0.9885817331886062,-0.047370776534080505
98,678,0.10300168158090879,0.00018275211849035148,0.9896645597433982,0.10193711519241333
99,786,-0.1448720947889085,0.0001802640909513005,0.9898038340085394,-0.14339496195316315
100,646,-0.1759395300419338,0.00016072126408038986,0.9908991628425379,-0.17433832585811615
101,811,-0.18729545493207128,0.00011894012810604457,0.9932490467366862,-0.1860310286283493
102,771,0.03967759889658014,0.000151896413218118,0.9913945695865853,0.039336156100034714
103,721,-0.054930615716777875,0.00020838757920704857,0.9882318225918463,-0.05428418144583702
104,727,-0.12474772523181639,0.000157479989666119,0.9910810629614734,-0.12363510578870773
105,542,-0.16846800946743945,0.000281760634730481,0.9841539184911312,-0.16579845547676086
106,679,0.021478348380072655,0.00025613852005244224,0.9855741064434367,0.021168503910303116
107,388,0.05903557377156907,0.00043164473843376516,0.9759274267315741,0.05761443451046944
108,598,0.04324529896860936,0.00022161799972405952,0.9874940109634601,0.04270447418093681
109,684,0.09487567977382044,0.00020055439157066804,0.9886691703441026,0.09380065649747849
110,743,0.02411129719716864,0.00018811074280606943,0.9893647289079438,0.02385486662387848
111,384,-0.15424150659237057,0.00035927344134550004,0.9798823344137032,-0.1511385291814804
112,558,0.016000306934759182,0.00020471440459748027,0.9884368575350356,0.015815293416380882
113,95,0.1059165516181996,0.0007438283047829395,0.9592270026593064,0.10159801691770554
114,745,-0.023441876856072637,0.00016948482223933266,0.9904076866563574,-0.023217014968395233
115,802,-0.07592425530804252,0.00015060200540939657,0.9914672763123383,-0.07527641206979752
116,0,0.0,0.0,0.0,0.0
117,596,0.07911359860355523,0.00025621694927610014,0.9855697529979547,0.07797197252511978
118,760,-0.055857456245116496,0.00017068887736430597,0.9903401991590134,-0.05531788617372513
119,743,-0.05580331295450415,0.00017445733703515574,0.9901290357722186,-0.05525248125195503
120,663,0.2567300810822782,0.0001859149214437731,0.9894875696170498,0.2540312111377716
121,665,-0.03839310999763639,0.00015506134057784195,0.9912168409140615,-0.0380558967590332
122,719,-0.1477148635643217,0.00017784280125362592,0.9899394100791202,-0.14622876048088074
123,0,0.0,0.0,0.0,0.0
124,615,-0.06205690048513858,0.00020359078418911696,0.9884995945120083,-0.06134321913123131
125,671,-0.13073449781450447,0.00014861912073058393,0.9915786753817193,-0.12963354587554932
126,561,-0.0632964148851852,0.00019513867336872745,0.988971770737312,-0.06259837001562119
127,649,-0.013186781850854402,0.00025610874224073617,0.9855757593588148,-0.012996573001146317
128,0,0.0,0.0,0.0,0.0
129,682,-0.0008230782073002057,0.0001878672033253495,0.9893783517193814,-0.0008143357699736953
130,738,-0.14416291586156219,0.00015391417598199168,0.991281253367716,-0.14290599524974823
131,748,-0.04740649266517099,0.00017208763534325207,0.9902618100807186,-0.046944838017225266
132,729,-0.1460386626371304,0.0001334616138727977,0.9924310565390791,-0.1449332982301712
133,772,0.09478603044906003,0.00017658586230080028,0.9900098049210071,0.09383910149335861
134,657,-0.01785624543661351,0.00020404246421358487,0.9884743741487703,-0.017650440335273743
135,668,-0.07934672075942784,0.00020775109012201982,0.9882673450313332,-0.07841577380895615
136,0,0.0,0.0,0.0,0.0
137,580,-0.06780065095758643,0.00021339761710668733,0.9879523016404538,-0.06698381155729294
138,744,-0.09103282012911613,0.00021948093913185202,0.9876131123167409,-0.08990520983934402
139,674,-0.03659360323001794,0.00020472604622705058,0.9884362075701478,-0.036170441657304764
140,714,-0.13462705277649983,0.00020613630942414434,0.9883574773595732,-0.13305965065956116
141,660,3.5297187666098276e-05,0.00020383720617879412,0.9884858349392788,3.4890770621132106e-05
142,746,-0.15344440283868013,0.0001292310673978929,0.9926692226232445,-0.15231953561306
143,708,-0.15038138948444088,0.00013703598609930654,0.9922299199946611,-0.14921291172504425
144,759,-0.10702949788357587,0.00014694580557040216,0.9916727022183479,-0.10613822937011719
145,720,0.07719567298061318,0.0002031081941871314,0.9885265422113345,0.07630997151136398
146,705,-0.033656921837452454,0.00021486476214391283,0.9878704763463352,-0.03324867784976959
147,591,0.11399915773742998,0.00019173767771844388,0.9891618942772392,0.11276362091302872
148,856,-0.15259049733378272,0.00013036396773508818,0.9926054327919727,-0.1514621526002884
149,0,0.0,0.0,0.0,0.0
150,718,0.016211518046282708,0.00018171522392819764,0.9897225980382119,0.01604490540921688
151,698,-0.11035892667040699,0.00016214757385599277,0.9908191395806422,-0.10934573411941528
152,814,-0.12308879892733085,0.00012188404875991023,0.9930831077649496,-0.12223740667104721
153,621,-0.057950408799324823,0.0002304981183861302,0.9869994171517062,-0.05719701945781708
154,729,-0.021498025567443284,0.0001481941066312242,0.9916025560620985,-0.0213174968957901
155,688,0.08174961299749178,0.00018612744053600081,0.9894756793403435,0.0808892548084259
156,587,-0.083670852264767,0.00023101785860898198,0.986970484653668,-0.08258066326379776
157,698,0.13004254560616071,0.0001968033247322332,0.9888787395061318,0.12859630584716797
158,714,-0.008533628506152904,0.00017327016360789953,0.9901955486097463,-0.008449960500001907
159,731,-0.019977284901139675,0.00017544603305105611,0.9900736496926484,-0.019778983667492867
160,725,-0.008995922332436875,0.00015875736317580492,0.9910093688665976,-0.00891504343599081
161,0,0.0,0.0,0.0,0.0
162,715,-0.05759404073957797,0.00012929218940760175,0.9926657808379383,-0.05717163160443306
163,461,-0.028126378066902435,0.0002862837937111541,0.9839036328209414,-0.027673644945025444
164,697,-0.07477335937299807,0.00018580468421166408,0.9894937374163791,-0.07398776710033417
165,654,0.007600013243564225,0.00020324173101886965,0.988519085402594,0.007512758020311594
166,683,0.0854721935861369,0.00017825356779619617,0.9899164072770931,0.08461032807826996
167,807,0.06391497136842658,0.000226352794452485,0.9872302365799723,0.06309879571199417
168,0,0.0,0.0,0.0,0.0
169,750,-0.05207175591650109,0.00017019598302898302,0.9903678248595671,-0.051570191979408264
170,263,-0.12033495715617454,0.0005279612917111271,0.9707132236196752,-0.11681073158979416
171,581,0.02742460979991905,0.0002584327857493498,0.9854467723470812,0.02702549286186695
172,729,-0.1465235974930932,0.00015763734837082133,0.9910722304583428,-0.1452154666185379
173,711,0.12444292696562245,0.0001862817064743003,0.9894670484609607,0.12313217669725418
174,0,0.0,0.0,0.0,0.0
175,766,-0.09496005283615142,0.0001433104357666488,0.9918770421928884,-0.09418869763612747
176,726,-0.019783393966069974,0.00016630118729984945,0.990586174264337,-0.01959715597331524
177,0,0.0,0.0,0.0,0.0
178,609,0.08511169672307477,0.00023862390002791565,0.9865472713671861,0.0839667096734047
179,228,-9.860883450560403e-05,0.0006248012277772943,0.9655265585192315,-9.520944877294824e-05
180,669,-0.03871775306872634,0.00021626576972426533,0.9877923523064046,-0.038245100528001785
181,475,0.13182692728544537,0.00028998286569002703,0.9836990420036449,0.12967802584171295
182,731,-0.1989729851229491,0.00013323209408161948,0.9924439748290427,-0.1974695473909378
183,605,-0.10976355151573489,0.0002014436106848319,0.9886195033933566,-0.10851439088582993
184,746,0.10077029552145914,0.00021664423527316992,0.9877712501452172,0.09953799843788147
185,728,0.125242926647783,0.00016262667571590489,0.9907922624196372,0.12408972531557083
186,680,0.02157339762951083,0.00018716778694354502,0.9894174768971306,0.021345097571611404
187,17,-0.4403427102986504,0.010603028152077504,0.6226997200050194,-0.27420127391815186
188,413,0.04978756110925796,0.0003678062101150213,0.9794143742102905,0.04876265302300453
189,742,0.049641029191306335,0.00020665270762701296,0.9883286517365454,0.04906165227293968
190,792,-0.09867558534247707,0.00014785532297174932,0.9916215924528118,-0.09784884005784988
191,756,-0.2281875946810321,0.00010553046591672114,0.9940056067278298,-0.22681975364685059
192,694,-0.16310459367598082,0.0001500474237602122,0.9914984303580797,-0.16171795129776
193,798,-0.09721797512946907,0.0001412412044942645,0.9919933889256453,-0.09643958508968353
194,746,-0.13816700800853823,0.00014590291863017226,0.9917313130867351,-0.13702455163002014
195,0,0.0,0.0,0.0,0.0
196,650,0.03879063558119994,0.00019912036241816037,0.9887492779391778,0.038354214280843735
197,721,-0.09332763702555685,0.00018060766411703795,0.9897845992117325,-0.09237425774335861
198,465,-0.10085811894236793,0.0002618857898389604,0.9852551890965546,-0.09937098622322083
199,699,-0.05514956436896742,0.0001921489428034621,0.9891388997204714,-0.05455058068037033
200,653,-0.15946833969622987,0.0002228871439645794,0.9874232933877318,-0.15746274590492249
201,589,-0.0854727961708031,0.00023221928084393137,0.986903611298794,-0.08435340970754623
202,716,0.11667416680619828,0.0001831639732550465,0.9896415088077538,0.11546559631824493
203,158,-0.10650605616996749,0.0011731235731021975,0.9371735762275168,-0.09981466084718704
204,627,0.06838725867756959,0.0002673451796688274,0.9849524373626921,0.06735819578170776
205,468,0.09161092600442915,0.00039429845698422115,0.9779643113945389,0.08959221839904785
206,769,0.21620120139615742,0.0002019478405817342,0.9885913420666149,0.21373464167118073
207,523,-0.10313160583576327,0.00023828826667869155,0.9865659389319363,-0.10174612700939178
208,637,-0.17709146780978005,0.00017749478043850892,0.9899588999759845,-0.17531327903270721
209,0,0.0,0.0,0.0,0.0
210,719,-0.14618423214293655,0.00012741647626755725,0.9927714132696825,-0.14512751996517181
211,821,-0.07442000520219356,0.00018597545904110475,0.9894841825568019,-0.07363741844892502
212,538,-0.05166415549593122,0.00025628237260247495,0.9855661215126,-0.05091844126582146
213,767,-0.13395449335564225,0.0001240935113540648,0.9929586041578228,-0.13301126658916473
214,780,0.06997707474212615,0.00022464166476083612,0.9873255469800687,0.06909015029668808
215,658,0.061997220109819826,0.00025166902802788854,0.9858222623493565,0.061118241399526596
216,731,-0.08042215082218562,0.00016271988495542193,0.9907870336389328,-0.07968122512102127
217,744,-0.06498937550381387,0.0001862172274985117,0.9894706559160059,-0.06430508196353912
218,573,0.005859314914253162,0.0003484064999168732,0.980478954778474,0.005744935013353825
219,635,0.01128322337790737,0.0002462671018797045,0.9861223558647345,0.011126638390123844
220,757,-0.18745624744597839,0.00014446058005582651,0.991812384793123,-0.18592143058776855
221,810,-0.21098056947467503,0.00011690878385378154,0.9933635791632223,-0.2095804065465927
222,512,0.029903805064805056,0.0003778070200738873,0.9788664712539205,0.02927183173596859
223,713,0.006544546393983244,0.00021101764412906273,0.9880850658093916,0.006466568447649479
224,727,0.06755122690086228,0.0002548957317236149,0.9856430962103865,0.06658139824867249
225,752,-0.12988937437841472,0.00012859272537941397,0.9927051691401687,-0.1289418488740921
226,465,0.12017263913707386,0.0002868199315374937,0.9838739744680317,0.11823473125696182
227,752,-0.09348277121960641,0.00017532824055304955,0.9900802480232728,-0.0925554484128952
228,744,-0.025579243950966384,0.00016560860736047575,0.9906250116512573,-0.025339439511299133
229,654,-0.05908669593718347,0.0003287450838117249,0.9815602606983451,-0.05799715220928192
230,765,-0.06249714990213416,0.0001443813993967462,0.9918168358040248,-0.06198572367429733
231,650,0.08387411592492404,0.0002093629385273057,0.9881773927678982,0.08288250863552094
232,734,-0.08824645883431632,0.00018365441596798635,0.989614060815108,-0.0873299390077591
233,704,0.08674742567911214,0.0001957404622155735,0.9889381369558884,0.08578784018754959
234,492,-0.016338365425060435,0.00030142120141180977,0.9830669406480204,-0.016061706468462944
235,775,0.04296836382919742,0.00021081872158201865,0.988096164100254,0.04245687648653984
236,391,0.058413521481958955,0.0003997873083101793,0.9776644139093447,0.05710881948471069
237,491,-0.0020388089605965585,0.00028880423954701735,0.9837642210323532,-0.0020057072397321463
238,732,-0.13687552947740583,0.0001436880411926359,0.991855813505083,-0.13576078414916992
239,676,-0.03319793486328432,0.00016920049555134187,0.9904236245587217,-0.0328800193965435
240,769,-0.08550777056427632,0.00018389646663513745,0.98960051482992,-0.08461853116750717
241,663,-0.14104859618017757,0.00018238873965063912,0.9896848984409491,-0.13959366083145142
242,421,0.03181458467445082,0.00040515507765804474,0.9773713098842194,0.031094662845134735
243,275,0.17138185311786153,0.000505030363167302,0.9719495548920468,0.16657452285289764
244,741,-0.023148519397988492,0.0001931278140797479,0.9890841736000425,-0.02289583347737789
245,722,0.16186547379842714,0.00020484751160720931,0.9884294260763621,0.15999259054660797
246,376,0.1465092763314618,0.00046347475299312056,0.9741980875723915,0.14272905886173248
247,598,0.16458441847841876,0.0002503998455098007,0.9858927529026739,0.16226258873939514
248,614,-0.0903065236776776,0.00020277646797766869,0.988545066568097,-0.08927206695079803
249,769,-0.10889689308943612,0.00015300435637930163,0.9913323450263618,-0.1079530119895935
250,555,-0.23958462918059784,0.00023364035864062682,0.986824523212294,-0.23642799258232117
251,740,-0.027435785360835695,0.0001739595777671916,0.990156922253737,-0.0271657332777977
252,760,0.053005266410151596,0.00020130871927612375,0.9886270373738285,0.05240244045853615
253,698,-0.10021892761315264,0.0001859823515700237,0.9894837969233654,-0.09916500747203827
254,709,0.014707949995069813,0.00026127449680918015,0.9852891000808388,0.014491583220660686
255,764,-0.16788582496969176,9.87282734090126e-05,0.9943898205327137,-0.16694395244121552
256,780,-0.11439726936320464,0.0001356542308611205,0.9923076642533226,-0.11351728439331055
257,358,0.11357356045738529,0.00039142924136172444,0.9781211515941558,0.11108870059251785
258,669,0.11007146140830577,0.00020059082539211783,0.9886671352506466,0.10882403701543808
259,788,-0.09581410404067808,0.00014832728751723058,0.991595072774438,-0.09500879049301147
260,543,-0.018739738198028086,0.0003055781847215624,0.9828374200862755,-0.018418116495013237
261,707,-0.14252769192509468,0.00020191226905000303,0.9885933286902003,-0.14090192317962646
262,103,0.050902068370826614,0.0009462625773525803,0.9486998046701457,0.04829078167676926
263,743,-0.1297449055497571,0.00017698474452730825,0.9899874644451653,-0.1284458339214325
264,682,0.04026206502215691,0.00017925473997139097,0.98986034641616,0.03985382243990898
265,710,-0.024932230858158478,0.00020933846669992596,0.9881787583423128,-0.024637501686811447
266,0,0.0,0.0,0.0,0.0
267,731,-0.025399510036496556,0.0001764461890793252,0.9900176279351596,-0.025145962834358215
268,788,-0.1357037059508907,0.00011870287517381167,0.9932624223065272,-0.1347893923521042
269,690,-0.13685021080765064,0.00018023733124234942,0.9898053321707866,-0.13545507192611694
270,740,0.07303463716210948,0.00018808232842023627,0.9893663182975213,0.07225801050662994
271,793,-0.17631961140091076,0.0001295973312357109,0.9926485986339277,-0.1750234216451645
272,263,-0.13287542542945524,0.0005563784331090429,0.9691854578830772,-0.12878093123435974
273,700,-0.02229647727949279,0.00018704063708468194,0.989424589960896,-0.022060682997107506
274,700,-0.16659723689513548,0.00021728847491602152,0.9877353312510055,-0.16455397009849548
275,703,0.011994507977179918,0.00021712565111778198,0.9877444090715446,0.011847508139908314
276,566,0.04072727993716463,0.0002471448603155948,0.9860735812685382,0.04016009345650673
277,650,0.1303711312608077,0.00018604402789981861,0.9894803461779171,0.12899966537952423
278,779,0.11559758656891361,0.0002170255741015641,0.9877499886900309,0.1141815111041069
279,730,-0.12206852990393974,0.0001504061585493335,0.9914782779349721,-0.12102829664945602
280,627,-0.09588125379877893,0.00019794428616742206,0.9888149854842296,-0.09480881690979004
281,609,0.035643649469504414,0.0002484200812073373,0.9860027293846614,0.035144735127687454
282,737,0.011612875827934386,0.0002263440786098085,0.9872307220082092,0.011464587412774563
283,698,-0.24766625470900774,9.670639471464177e-05,0.9945040812320856,-0.24630510807037354
284,579,-0.10898179094434196,0.00023829085556649062,0.9865657949380866,-0.10751770436763763
285,692,0.020876710634204865,0.00018295749058861433,0.9896530652198259,0.020660700276494026
286,745,0.04869357811524564,0.00018088758439357928,0.9897689285473616,0.04819539189338684
287,724,0.26879375862492794,0.00021357768602998638,0.987942258145864,0.26555269956588745
288,741,-0.07946810960850091,0.00023945802961584353,0.9865008810388506,-0.07839535921812057
289,758,-0.21107443802471526,0.00011686028226823476,0.9933663141305356,-0.20967423915863037
290,634,-0.022481552137161843,0.00017763180823920205,0.9899512260396447,-0.022255640476942062
291,731,-0.09904111708513118,0.00019075032232559756,0.9892171034245146,-0.09797316789627075
292,738,-0.17124745676793704,0.00016582473392024222,0.9906128917258303,-0.1696399450302124
293,778,-0.03238476996470463,0.00014944651848951938,0.9915321888785414,-0.0321105420589447
294,757,0.062010630355013564,0.00019184102258113745,0.9891561159829959,0.06133819371461868
295,732,0.03750794527472043,0.00017598604117134272,0.9900434014207107,0.03713449463248253
296,735,0.07181659936904908,0.0001694498517380501,0.990409646896436,0.07112785428762436
297,743,-0.07666649854169158,0.00020054462720366705,0.9886697157563173,-0.07579784840345383
298,468,-0.09787433879434043,0.0003084698271009576,0.9826778263054744,-0.09617894142866135
299,735,0.09222617911517011,0.00018470286753182334,0.9895553885466574,0.09126291424036026
300,727,-0.13785000759826402,0.00017412777185597884,0.990147499166889,-0.1364918351173401
301,110,0.04639207409186797,0.0010681312849952676,0.9424729539317226,0.043723274022340775
302,775,-0.005633298898896863,0.00013543176627212492,0.9923201823299075,-0.005590036045759916
303,758,-0.010979004125639128,0.00016164248785620195,0.9908474760063148,-0.010878518223762512
304,341,0.12493729388171976,0.00033579917483371805,0.9811720372778202,0.12258497625589371
305,760,-0.17561470398091172,0.00010035343207800692,0.9942979983639283,-0.1746133416891098
306,550,-0.09590427214110439,0.00023730148150185446,0.9866208269508429,-0.09462115168571472
307,708,-0.10939476154231609,0.00017955453070429275,0.9898435608020216,-0.10828369855880737
308,679,-0.0540423532961614,0.00014271841037160398,0.9919103272364002,-0.05360516905784607
309,752,0.05192445588615188,0.00016450115732527315,0.9906871197864212,0.05144089087843895
310,742,-0.20865624222773907,0.00014112535070402016,0.9919999038472941,-0.20698697865009308
311,304,0.012026031391303005,0.0005481815858745195,0.9696256440249434,0.011660748161375523
312,770,-0.09996469492673293,0.00020100023008515192,0.9886442676020628,-0.09882952272891998
313,768,0.18251834198720948,0.00019012149938018173,0.9892522680174435,0.18055668473243713
314,0,0.0,0.0,0.0,0.0
315,571,0.04182752876521305,0.00025992326631885636,0.9853640667781437,0.04121534526348114
316,767,-0.07092105105414263,0.0002143338254973769,0.9879000860645566,-0.07006291300058365
317,770,0.1169813237068328,0.00017840603443153216,0.9899078694637056,0.11580073088407516
318,0,0.0,0.0,0.0,0.0
319,753,-0.014248953815574348,0.00019900798836101427,0.9887555559161685,-0.014088732190430164
320,716,0.1285652533568983,0.00013282180735002563,0.9924670682418794,0.12759678065776825
321,771,-0.16983100135802218,0.00014475175413501966,0.9917960172633233,-0.16843770444393158
322,662,-0.10976952243613197,0.0001528777238870549,0.9913394565943335,-0.10881885886192322
323,350,-0.2127049277297088,0.00027523941430815325,0.9845149896345936,-0.20941118896007538
324,716,-0.09144212884435628,0.00019337008028043277,0.9890706300683054,-0.0904427245259285
325,757,-0.1003154854744161,0.00014740285241255353,0.9916470180963542,-0.09947755187749863
326,756,-0.08424421616154847,0.00016162553586806966,0.9908484270779161,-0.08347325026988983
327,680,-0.02311998269356349,0.00025189256930972055,0.9858098478830777,-0.02279190719127655
328,0,0.0,0.0,0.0,0.0
329,754,-0.11420124579364291,0.00014740842605714906,0.991646704889038,-0.11324729025363922
330,738,-0.003175360541841202,0.00019999511671928196,0.988700410956606,-0.00313948024995625
331,700,-0.009662434382896339,0.00021397947295702843,0.9879198488805729,-0.009545710869133472
332,776,0.08083893815487546,0.00017798192640076222,0.9899316189932786,0.08002501726150513
333,509,0.04928898656180893,0.0003038360229427286,0.982933597454108,0.048447802662849426
334,645,0.004508296404640342,0.00023135598693910258,0.986951662897165,0.004449470434337854
335,718,0.14790618660487495,0.00016536244386447185,0.9906388163465073,0.14652161300182343
336,648,0.09031199688597778,0.00019749388083665817,0.9888401520060152,0.0893041267991066
337,741,-0.0696071070517123,0.0001778753860741676,0.9899375852999968,-0.06890669465065002
338,736,-0.03184216058845935,0.00018934224409002486,0.9892958484506532,-0.03150131553411484
339,648,0.27066564643583085,0.0002239564358410477,0.9873637195822303,0.26724544167518616
340,776,0.004951204355690897,0.00016020629839158662,0.9909280582234228,0.004906287416815758
341,723,-0.02382030749608496,0.00017984883084154373,0.9898270831661287,-0.023577986285090446
342,571,0.15370233862411276,0.0002429483460650582,0.986306813518278,0.15159766376018524
343,486,0.03675939751129766,0.0002660971030016012,0.9850216333379362,0.036208800971508026
344,0,0.0,0.0,0.0,0.0
345,232,0.2541059941808083,0.000572312782268208,0.9683308959364988,0.24605868756771088
346,743,0.11342985679246335,0.00024299705352434116,0.9863041058410468,0.11187633126974106
347,654,-0.19730731102122445,0.0001714182652861133,0.9902993213133776,-0.19539329409599304
348,695,0.10193759424330519,0.000205684409020248,0.9883827040606611,0.10075335204601288
349,769,0.0467733223516838,0.000168541134172765,0.9904605869650779,0.0463271327316761
350,641,0.09571708035444645,0.0002614961292026468,0.985276804934098,0.09430781751871109
351,662,0.0656092610446528,0.0002227237079566321,0.987432399584482,0.0647847130894661
352,665,0.010134948878303955,0.00021739600810791746,0.9877293361069769,0.010010586120188236
353,564,0.12069855862567928,0.00027404811966669565,0.984580978628189,0.11883750557899475
354,0,0.0,0.0,0.0,0.0
355,687,0.1043484328908431,0.0002136832369631874,0.9879363710493392,0.10308961570262909
356,741,-0.037444834373690256,0.00021162207732813057,0.9880513447894675,-0.036997418850660324
357,267,0.17752369821127434,0.000463273926426064,0.9742089793585937,0.17294518649578094
358,669,0.09613135974625925,0.0002217192613136537,0.9874883682273263,0.09492859989404678
359,773,-0.029976563841432217,0.00021396823320350204,0.9879204757527984,-0.029614461585879326
360,769,-0.03566704926375295,0.00015563136141927747,0.9911848377734571,-0.035352639853954315
361,675,-0.05001788657710508,0.0003254729014878545,0.9817404502852161,-0.04910458251833916
362,744,-0.07929478819301773,0.0001418638653357347,0.9919583756838148,-0.0786571279168129
363,0,0.0,0.0,0.0,0.0
364,778,-0.11512686250908516,0.00014610093589329353,0.9917201838655345,-0.11417363584041595
365,624,0.11161176419633333,0.0002785898611159211,0.9843294468456649,0.10986274480819702
366,737,0.05830309645296801,0.00022269211011347067,0.9874341601472058,0.05757046863436699
367,709,0.22212264150557107,0.0002479003735962293,0.9860316033593575,0.21901994943618774
368,0,0.0,0.0,0.0,0.0
369,682,-0.05318847112630731,0.00020013183450902757,0.988692773836055,-0.052587058395147324
370,419,-0.013629248370205304,0.0003594850466203425,0.9798707239987268,-0.013354901224374771
371,658,0.021748283071199994,0.00022864442092355254,0.987102621168166,0.0214677881449461
372,640,0.032269624585751444,0.00020929083833719464,0.9881814161061715,0.031888242810964584
373,683,-0.00912648603718286,0.00020312912471180116,0.9885253734258387,-0.009021762758493423
374,741,0.09572651726665043,0.00016864703920156199,0.9904546499668547,0.094812773168087
375,761,-0.021965647335366177,0.00017612380357729683,0.9900356850276163,-0.02174677513539791
376,641,-0.1667658755186707,0.00012587572512849884,0.9928581988415803,-0.16557486355304718
377,761,0.04931564188382433,0.00015272112603421348,0.9913482511313733,0.04888897389173508
378,745,0.07023754071181752,0.00019267116863035756,0.9891097026934013,0.06947263330221176
379,624,0.03300209440744649,0.0002369155181917417,0.9866422970758674,0.03256126120686531
380,731,0.05515757926246699,0.0002970279080350491,0.9833096251987596,0.05423697829246521
381,776,-0.08007877238200421,0.00015527731456947726,0.9912047150686021,-0.07937445491552353
382,718,0.02930639477700908,0.00019688997304960278,0.9888738975301676,0.028980329632759094
383,728,-0.0577603054058912,0.00019415469853212495,0.9890267696972408,-0.0571264885365963
384,708,0.013864248638806895,0.0002895445501535012,0.9837232802170658,0.013638583943247795
385,688,-0.23446819979729955,0.00021085592349594419,0.988094088511349,-0.2316766381263733
386,0,0.0,0.0,0.0,0.0
387,565,-0.004167349892050291,0.00024281878549545203,0.9863140159413644,-0.004110315814614296
388,733,-0.0954059463599125,0.00018285041364743756,0.9896590582032585,-0.09441936016082764
389,745,0.046195690661368756,0.00021287708884953365,0.9879813356871204,0.045640479773283005
390,713,0.05576198643170099,0.0002234562616710191,0.9873915850533161,0.05505891516804695
391,712,0.14122962443749262,0.00019100557303620045,0.9892028301877727,0.13970474898815155
392,710,0.11570891102015132,0.00016753573678352757,0.9905169527302642,0.11461164057254791
393,803,-0.125578740850592,0.00011817473295132536,0.99329219858799,-0.12473638355731964
394,664,0.006301872986256628,0.00020103650686430232,0.9886422413826186,0.006230297964066267
395,684,-0.13602009203491938,0.00011397283748352717,0.993529162073986,-0.13513992726802826
396,748,-0.17107871406273367,0.0002046628497154205,0.9884397359106556,-0.16910099983215332
397,726,0.051191005297774865,0.00019980154246960674,0.9887112243077527,0.05061312019824982
398,725,-0.13855168516265934,0.00014661991027111753,0.9916910169844496,-0.13740046322345734
399,678,0.006749799584964383,0.0001950075454094482,0.9889790997395428,0.00667541055008769
400,767,-0.2057908878332633,0.00011190849072253326,0.9936456211485786,-0.20448321104049683
401,642,-0.003067228960517411,0.0002398565555010232,0.9864787184609247,-0.003025755984708667
402,556,-0.10405755365810108,0.00025910780667562144,0.9854093142584013,-0.10253928601741791
403,649,-0.09083431808583622,0.00025231891849555063,0.9857861712548799,-0.08954321593046188
404,550,0.08955576696009798,0.000259402286972114,0.9853929739251837,0.0882476270198822
405,774,-0.08969962401002722,0.0001833904407294312,0.9896288341972364,-0.08876933157444
406,656,-0.10489366401168632,0.00020232223743556156,0.9885704329756108,-0.10369477421045303
407,748,-0.16815267668608674,0.00021661867889375062,0.9877726750677668,-0.16609661281108856
408,733,-0.09457528056153751,0.00018115603228705687,0.9897539006029151,-0.09360625594854355
409,712,-0.22697993236060224,0.00010922542058875414,0.9937970259971968,-0.22557197511196136
410,711,0.10621473385196614,0.0001250756978180447,0.9929032678000502,0.10546095669269562
411,698,-0.0498989278898924,0.0001991319047941073,0.9887486331082882,-0.04933749511837959
412,749,-0.036729731836986634,0.00015141950133171916,0.9914213564272839,-0.03641464188694954
413,748,-0.02068000123462575,0.00016792227397492658,0.9904952814707352,-0.02048344351351261
414,694,-0.11912714011607536,0.00020118036713114698,0.9886342062287198,-0.11777316778898239
415,790,-0.053698407629905624,0.00020976068014876207,0.9881551985596765,-0.05306236073374748
416,754,-0.04810705156478072,0.0001580053053361467,0.9910515777441152,-0.04767657071352005
417,726,-0.09145952597742812,0.00018056935467507547,0.9897867439124322,-0.09052542597055435
418,630,0.12385359733321127,0.00023386756877883294,0.9868118793268972,0.12222020328044891
419,509,0.06044266185739713,0.00031637760312889303,0.9822416496633722,0.059369299560785294
420,663,-0.05439231031171157,0.00020506836009230784,0.9884170961954549,-0.0537622906267643
421,742,-0.03136823420234607,0.00017835478517698122,0.9899107392985735,-0.031051751226186752
422,198,-0.20617465003196037,0.0010761601491982066,0.9420655898888652,-0.19423004984855652
423,668,-0.047354812738011606,0.0001913179844309394,0.9891853611719097,-0.04684268683195114
424,773,0.0164194423211365,0.00021424892880812782,0.9879048208186125,0.01622084714472294
425,729,-0.18009095339280834,0.00012041177200034565,0.9931660881557647,-0.17886023223400116
426,699,-0.009967597548547435,0.00020551771460601155,0.988392009865767,-0.009851893410086632
427,773,-0.10290007830090232,0.0001714165482099245,0.9902994175413008,-0.10190188884735107
428,641,0.04481047795658318,0.00021705300213515128,0.9877484594818613,0.04426148161292076
429,676,0.0886356788687408,0.00023966424196977937,0.9864894131591465,0.08743815869092941
430,677,-0.03737729567858326,0.00019100693379436257,0.9892027540973217,-0.03697372227907181
431,771,-0.23694816697509682,0.00012485763695979494,0.9929155528100148,-0.23526951670646667
432,570,0.012980696886957606,0.0002002416660078625,0.9886866386819225,0.012833841145038605
433,714,0.0857797071666402,0.00023117680294071878,0.9869616370018265,0.08466128259897232
434,707,-0.008820153955933987,0.00021098345931913737,0.9880869730312739,-0.008715079165995121
435,740,0.18688360923095731,0.00016518598660613084,0.9906487121961967,0.18513600528240204
436,715,0.023077806397959904,0.00017047825291095499,0.9903520040322071,0.022855151444673538
437,634,-0.009588746574328337,0.0002662117551824265,0.985015276376203,-0.009445061907172203
438,647,0.11137493818255582,0.0002702448653624036,0.9847917102615862,0.10968111455440521
439,674,0.1289747104515772,0.000220677913871606,0.9875463997138968,0.1273685097694397
440,711,0.035851711180695085,0.00019130296116719308,0.9891862012091983,0.03546401858329773
441,788,-0.10179620573053676,0.00019557365922486444,0.9889474592911999,-0.10067109763622284
442,688,0.15905239206175645,0.00017673838970405387,0.9900012620929928,0.15746207535266876
443,265,0.015642117624575236,0.00042941772643209056,0.9760486511443246,0.015267468057572842
444,731,0.05550337873371229,0.0002050718287413693,0.9884169025446453,0.05486047640442848
445,761,-0.028445820959282456,0.0002211939991553538,0.9875176388193658,-0.02809075079858303
446,532,-0.16721113726384657,0.00019936482098585764,0.9887356211009346,-0.16532760858535767
447,767,-0.054022848695963424,0.00019675170813148758,0.9888816239048196,-0.05342220142483711
448,725,-0.047971199555643676,0.00014335873116552166,0.9918743270118786,-0.047581400722265244
449,342,-0.056547303561513364,0.0003946805920259816,0.9779434265068021,-0.055300064384937286
450,724,-0.0018234720404738385,0.0001753192150410749,0.9900807536050404,-0.0018053845269605517
451,0,0.0,0.0,0.0,0.0
452,745,0.05464017389829727,0.00015971138452287127,0.9909558300592515,0.05414599925279617
453,745,0.02003960734820806,0.00014932947313701795,0.9915387646881719,0.019870048388838768
454,685,-0.04728375461197248,0.00023293628626241554,0.9868637057860448,-0.046662621200084686
455,762,0.040558725530391665,0.00016560028607632502,0.990625478297397,0.040178507566452026
456,731,-0.028425869877194088,0.0001993797080607024,0.9887347894369196,-0.02810564637184143
457,611,-0.014535278580326789,0.00024657104739785106,0.9861054659111129,-0.01433331798762083
458,767,0.09236434753377093,0.00020570139070286264,0.9883817560589535,0.09129123389720917
459,737,-0.15651162963972162,0.0001295827323484882,0.9926494206678195,-0.15536117553710938
460,741,0.020665426756784462,0.00024801769911043383,0.9860250848272762,0.020376628264784813
461,746,-0.09861957898548238,0.00014355612040270628,0.9918632298875647,-0.09781713783740997
462,590,-0.03192262896731243,0.00025271012453057125,0.9857644472465463,-0.03146819397807121
463,681,0.021908891887818402,0.00016954022228705658,0.9904045812722629,0.021698666736483574
464,769,0.07955334524252247,0.00017540171022524366,0.9900761324945941,0.07876386493444443
465,288,0.004636418145512127,0.0005586312535621348,0.9690645471880903,0.004492988344281912
466,174,-0.03847709450142822,0.0007224390606528758,0.9603529712092364,-0.036951590329408646
467,761,-0.029467351695476162,0.00015864320191256193,0.9910157758800614,-0.02920261025428772
468,656,0.012622043452077977,0.00022389683518652884,0.9873670399436757,0.012462589889764786
469,645,-0.11805652132647675,0.00017683483648671977,0.9899958603313812,-0.11687546968460083
470,732,0.1640272562575267,0.00016618460849367615,0.990592711370478,0.16248419880867004
471,717,-0.1314801259500181,0.00014406889466302985,0.991834403135143,-0.13040651381015778
472,266,-0.17758288635711247,0.000500784386618818,0.9721788242506654,-0.172642320394516
473,395,0.05419157028103931,0.00034169271612167297,0.9808479203519336,0.053153689950704575
474,244,0.09467493674763647,0.000567528312227093,0.9685873295513382,0.09170094132423401
475,190,0.29470500054058474,0.0009721156275145915,0.9473719832214057,0.27919524908065796
476,784,-0.006257026168227918,0.0002315864869815741,0.9869388326308002,-0.006175301969051361
477,779,-0.1585823594029414,0.00015920885861970532,0.9909840306332725,-0.15715259313583374
478,688,0.08174603728057686,0.00016910973264120155,0.9904287123720398,0.0809636190533638
479,746,0.040742505401692504,0.00016141700648274223,0.990860126526203,0.04037012532353401
480,745,-0.015312919029403453,0.00016615048803235468,0.9905946246769127,-0.01516889501363039
481,638,-0.003013143235624864,0.0001689548549188668,0.990437394331361,-0.0029843298252671957
482,740,0.07866333697079303,0.00025077491336524617,0.9858719205384813,0.07755197584629059
483,277,0.33674417597002987,0.0005108666346480078,0.9716345910345431,0.3271922767162323
484,678,0.1902826395350066,0.00021393195763055257,0.9879224989475329,0.18798449635505676
485,731,0.05766226320684201,0.00015559252250932682,0.9911870182721488,0.057154085487127304
486,742,0.13850487057481092,0.00015667579333583935,0.9911262047504508,0.1372758001089096
487,762,-0.11212742586529709,0.00015949250888504688,0.9909681126489461,-0.11111470311880112
488,105,0.10587838661103022,0.0009029441935091959,0.9509330144673066,0.10068325698375702
489,104,0.023238160855656203,0.0008529558435556489,0.9535231860088766,0.022158125415444374
490,96,0.15989732012773553,0.0008722750960368494,0.9525204781011118,0.152305468916893
491,93,0.02990510675214952,0.0014861389072476441,0.9217223024712166,0.02756420336663723
492,90,0.043011416246493656,0.0004432870613877658,0.9752941823550685,0.04194878414273262
493,66,0.09638804852059393,0.001229413132176625,0.9343568851723273,0.09006083756685257
494,65,0.3794855289017925,0.0016043510242214946,0.9160187558017151,0.3476158678531647
495,50,-0.05903736442327499,0.0018184625875627433,0.9058659294841748,-0.053479935973882675
496,45,0.19436115158928766,0.0007326834227821249,0.959813359780139,0.18655042350292206
497,40,0.05082603245973587,0.0014966811408602247,0.9212107734445653,0.04682148993015289
498,28,0.05413297164653029,0.002492846332153697,0.87530891544506,0.04738307371735573
499,17,0.3890558572157341,0.006919083893071367,0.7166448440005598,0.2788148820400238
500,19,-0.3996702714970237,0.006607824453309867,0.7258978008158146,-0.2901197671890259
501,0,0.0,0.0,0.0,0.0
502,2,0.5893595218658447,0.0006433406397832186,0.9645399180416009,0.5684607625007629
503,0,0.0,0.0,0.0,0.0
504,0,0.0,0.0,0.0,0.0
505,0,0.0,0.0,0.0,0.0
506,0,0.0,0.0,0.0,0.0
507,0,0.0,0.0,0.0,0.0
508,0,0.0,0.0,0.0,0.0
509,0,0.0,0.0,0.0,0.0
510,0,0.0,0.0,0.0,0.0
511,0,0.0,0.0,0.0,0.0
512,0,0.0,0.0,0.0,0.0
513,0,0.0,0.0,0.0,0.0
514,0,0.0,0.0,0.0,0.0
515,0,0.0,0.0,0.0,0.0
516,0,0.0,0.0,0.0,0.0
517,0,0.0,0.0,0.0,0.0
518,0,0.0,0.0,0.0,0.0
519,0,0.0,0.0,0.0,0.0
520,0,0.0,0.0,0.0,0.0
521,0,0.0,0.0,0.0,0.0
522,0,0.0,0.0,0.0,0.0
523,0,0.0,0.0,0.0,0.0
524,0,0.0,0.0,0.0,0.0
525,0,0.0,0.0,0.0,0.0
526,0,0.0,0.0,0.0,0.0
527,0,0.0,0.0,0.0,0.0
528,0,0.0,0.0,0.0,0.0
529,0,0.0,0.0,0.0,0.0
530,0,0.0,0.0,0.0,0.0
531,0,0.0,0.0,0.0,0.0
532,0,0.0,0.0,0.0,0.0
533,0,0.0,0.0,0.0,0.0
534,0,0.0,0.0,0.0,0.0
535,0,0.0,0.0,0.0,0.0
536,0,0.0,0.0,0.0,0.0
537,0,0.0,0.0,0.0,0.0
538,0,0.0,0.0,0.0,0.0
539,0,0.0,0.0,0.0,0.0
540,0,0.0,0.0,0.0,0.0
541,0,0.0,0.0,0.0,0.0
542,0,0.0,0.0,0.0,0.0
543,0,0.0,0.0,0.0,0.0
544,0,0.0,0.0,0.0,0.0
545,0,0.0,0.0,0.0,0.0
546,0,0.0,0.0,0.0,0.0
547,0,0.0,0.0,0.0,0.0
548,0,0.0,0.0,0.0,0.0
549,0,0.0,0.0,0.0,0.0
550,0,0.0,0.0,0.0,0.0
551,0,0.0,0.0,0.0,0.0
552,0,0.0,0.0,0.0,0.0
553,0,0.0,0.0,0.0,0.0
554,0,0.0,0.0,0.0,0.0
555,0,0.0,0.0,0.0,0.0
556,0,0.0,0.0,0.0,0.0
557,0,0.0,0.0,0.0,0.0
558,0,0.0,0.0,0.0,0.0
559,0,0.0,0.0,0.0,0.0
560,0,0.0,0.0,0.0,0.0
561,0,0.0,0.0,0.0,0.0
562,0,0.0,0.0,0.0,0.0
563,0,0.0,0.0,0.0,0.0
564,0,0.0,0.0,0.0,0.0
565,0,0.0,0.0,0.0,0.0
566,0,0.0,0.0,0.0,0.0
567,740,-0.07135118626662203,0.00014489727412212174,0.9917878374700452,-0.07076524198055267
568,618,-0.11603198676674498,0.0001721186790967729,0.9902600704700298,-0.1149018406867981
569,690,0.035605297146527014,0.00025907876077688413,0.9854109260073579,0.03508584946393967
570,726,-0.13096155893293623,0.00022613106451412274,0.9872425859614985,-0.12929083406925201
571,452,-0.09324122474125002,0.0001737094602334052,0.9901709354396117,-0.09232474863529205
572,603,0.0038852329067824098,0.0002617661152486213,0.985261827763484,0.003827971639111638
573,776,-0.006846422833611363,0.00020657437744435426,0.9883330240609272,-0.006766545586287975
574,701,0.1687654457965098,0.00019469367832152573,0.9889966428360137,0.16690845787525177
575,700,-0.18769680978996414,0.00014565625368729117,0.9917451768168546,-0.18614740669727325
576,704,-0.04091801887790842,0.0001568694851402815,0.9911153319118616,-0.0405544750392437
577,332,-0.15714765111186418,0.0002570095774645277,0.9855257579898606,-0.1548730581998825
578,675,0.07779204416330214,0.00026834465261963087,0.9848970315058737,0.07661715149879456
579,740,0.03525308691518935,0.00018854314447838726,0.9893405426802168,0.03487730771303177
580,751,0.024007111753072942,0.00019739289813661565,0.9888457946179703,0.02373933233320713
581,768,0.10410447814986885,0.0001833640533333208,0.9896303109928991,0.10302494466304779
582,703,-0.0010056648334517417,0.0001909555052851845,0.9892056298688117,-0.000994809321127832
583,652,0.07550161652712643,0.00022046356581930887,0.9875583455996683,0.07456225156784058
584,628,0.07373277952147138,0.00020194539293716293,0.9885914787641114,0.07289160043001175
585,754,0.11903126909340725,0.00015583033785500136,0.9911736669652615,0.11798065900802612
586,699,-0.2012519011639048,0.00011943762914082818,0.9932210003717042,-0.19988761842250824
587,591,0.010116603442935775,0.0002676593387377098,0.9849350212597608,0.00996419694274664
588,749,-0.026523831501871705,0.00017973775109481857,0.9898333023703388,-0.02625417150557041
589,744,0.10224096451620622,0.0002040946010224547,0.9884714630795046,0.10106227546930313
590,197,0.04102346506726167,0.0005661258939512986,0.9686625208152884,0.03973789140582085
591,748,0.05325373993778133,0.00018386708378421705,0.9896021591752185,0.052700016647577286
592,716,-0.13164580928671626,0.00013510469616493054,0.9923385871297795,-0.13063721358776093
593,323,-0.09911660435998772,0.0003903735030040209,0.9781788741792997,-0.09695377200841904
594,751,-0.016303811953979706,0.00014059917244813172,0.9920294940304969,-0.016173861920833588
595,756,0.11661528648374966,0.00016628089853929108,0.9905873119416103,0.11551762372255325
596,739,-0.08066303957460375,0.0001587592156968588,0.9910092648992009,-0.07993782311677933
597,664,-0.05132792224681162,0.00020934529080018877,0.9881783775441867,-0.05072114244103432
598,733,-0.045133047835014525,0.0002022681318327766,0.9885734545781998,-0.04461733251810074
599,701,0.025326289648400054,0.0002281024343280269,0.9871328001772725,0.02500041201710701
600,745,0.06097307047187882,0.00016490074753137835,0.990664709026326,0.060403868556022644
601,778,-0.1958479571388436,0.00010422475229615339,0.994079335390584,-0.19468840956687927
602,713,0.24760365424622868,0.0001554820505562542,0.9911932204541017,0.2454230636358261
603,743,-0.02714643013208583,0.00012954840667882853,0.9926513534824025,-0.026946941390633583
604,754,-0.1189795491095405,0.00020623126113811973,0.9883521769781086,-0.11759369820356369
605,716,-0.15996902310627634,0.0001009236907028224,0.9942657825236358,-0.15905173122882843
606,736,-0.09985256279596007,0.00018501371590350871,0.9895379945364141,-0.09880790114402771
607,723,-0.09377194079023014,0.0001476303811386963,0.9916342324290663,-0.09298746287822723
608,729,0.1629766372475768,0.00020655843059712723,0.9883339142051581,0.16107533872127533
609,678,-0.20168102950209363,0.00016137004807429705,0.9908627611449071,-0.19983822107315063
610,756,-0.07886234762654615,0.0001403772717906068,0.9920419733747021,-0.07823476195335388
611,751,-0.19713272016058947,0.00014896431631813167,0.9915592803881353,-0.19546878337860107
612,701,0.0007894956168005198,0.00018705072522103553,0.9894240256029585,0.0007811459363438189
613,754,0.16776545232579368,0.0001932180837820654,0.989079127163198,0.16593331098556519
614,753,0.015748049529543912,0.0001781362430872361,0.9899229773162126,0.015589356422424316
615,711,0.11285334561444536,0.00019718198388367044,0.9888575800847884,0.11159588396549225
616,661,0.032603163018529606,0.0002104669826636111,0.9881157889354586,0.032215699553489685
617,727,0.07482807217947268,0.00024161526652517924,0.9863809259911374,0.07380898296833038
618,721,0.03059835534222455,0.0001882081719346304,0.9893592791424395,0.030272766947746277
619,702,-0.03270385015830185,0.00021201597407920396,0.9880293707292813,-0.032312363386154175
620,703,-0.010695270070565034,0.00016567755374821209,0.9906211452498259,-0.010594960302114487
621,684,0.20138029146078995,0.00021407254460031636,0.9879146580474771,0.1989465355873108
622,728,-0.052547393701868235,0.0002009517180232917,0.9886469772294384,-0.05195082351565361
623,718,-0.1361202620239643,0.0001507204675883324,0.9914606218631421,-0.13495787978172302
624,364,0.0792822768415355,0.000384599824724776,0.9784946710825387,0.07757728546857834
625,655,-0.02610276764550225,0.00022679688649972758,0.9872055035368527,-0.025768795982003212
626,748,0.04372421041365095,0.00018687171085890995,0.9894340402516115,0.04326222091913223
627,728,0.11959227891434189,0.00020994630037597382,0.9881448411868404,0.1181744933128357
628,745,0.10142698800003769,0.000152768758021664,0.9913455761019512,0.10054919868707657
629,661,0.06167316315174328,0.00021469891647333427,0.9878797251755437,0.060925666242837906
630,551,-0.1265624675717198,0.0002517815114419686,0.9858160154929543,-0.12476731091737747
631,673,-0.05720997269349768,0.00018870391347795704,0.989331550427212,-0.056599631905555725
632,756,-0.04485808025704322,0.00018837613658240175,0.989349884064989,-0.04438033699989319
633,584,-0.09214106171666198,0.00020700609556234355,0.9883089264025814,-0.09106383472681046
634,755,-0.1471063341612354,0.00013147847243547448,0.9925426867567994,-0.14600931107997894
635,734,0.049766649951402106,0.0001665102650975597,0.9905744505333697,0.04929757118225098
636,754,-0.10147798708850019,0.00018056845195468826,0.9897867944500867,-0.100441575050354
637,709,-0.05635284421747427,0.00015787037372379673,0.9910591510951212,-0.05584900081157684
638,762,0.003251310039477868,0.00015428973374365817,0.9912601651521876,0.0032228941563516855
639,701,-0.11566967450177959,0.00013397531010482018,0.992402144883382,-0.11479083448648453
640,806,0.017916068634614535,0.00020650108773458478,0.9883371150654181,0.017707115039229393
641,634,-0.08833270728858393,0.00019423479097438823,0.9890222927270076,-0.08736301958560944
642,169,0.06493547635935468,0.0008837863496710431,0.9519240229771405,0.06181364133954048
643,328,-0.018207746503942805,0.0004224197749608741,0.9764297713263183,-0.017778586596250534
644,244,0.1950487159345238,0.0007488289027391768,0.9589641428152248,0.18704472482204437
645,763,-0.047732856363878334,0.00015350857284988757,0.9913040296904094,-0.04731777310371399
646,748,0.1837686554249874,0.0001774680469377026,0.9899603971399384,0.18192368745803833
647,517,0.16141911350889582,0.0002654358995766418,0.9850582957756847,0.1590072363615036
648,328,0.11420558759283911,0.0004259567987039533,0.976237101884477,0.11149173229932785
649,595,0.06686809243117811,0.00027831406477418855,0.9843447173976648,0.06582125276327133
650,770,-0.10008873192520884,0.00015991111447988493,0.9909446221286481,-0.09918238967657089
651,674,0.13322716762342157,0.00021343301426879086,0.9879503273180484,0.1316218227148056
652,735,0.0804335368074933,0.00017327703965894684,0.990195163344881,0.07964489609003067
653,755,-0.14411454309296134,0.0001606844089415678,0.9909012307753451,-0.14280328154563904
654,598,-0.07208262483299675,0.00023704910775598567,0.9866348657336051,-0.07111923396587372
655,731,-0.17336411521389122,0.00011869807031499217,0.9932626931929902,-0.17219610512256622
656,775,-0.09181284055834817,0.00018597759400242262,0.9894840631067856,-0.09084734320640564
657,719,0.07933526173083731,0.00013305086034193944,0.9924541756249227,0.07873661071062088
658,356,0.15434473290453465,0.0003502527158521677,0.9803775420031297,0.1513161063194275
659,728,-0.1484851672807913,0.00011634004715967946,0.9933956507375398,-0.147504523396492
660,764,-0.10837435344458407,0.00017754767708712493,0.9899559376030647,-0.10728583484888077
661,310,0.08587014752350026,0.000460252475378849,0.9743728765151564,0.08366954326629639
662,729,-9.484257707461735e-05,0.00018011606897163867,0.9898121211862188,-9.387633326696232e-05
663,671,0.03598293303005431,0.00020385804987041708,0.9884846710984975,0.03556857630610466
664,730,0.051414733986076835,0.0002182359115919975,0.9876825126750076,0.050781432539224625
665,739,-0.053017867235050954,0.00015005029779004101,0.9914982689022223,-0.052567124366760254
666,675,0.04961608963156188,0.00021733587915691367,0.9877326883812904,0.04900743439793587
667,770,0.09599425660736569,0.00016019587267863998,0.9909286432408634,0.09512345492839813
668,758,-0.058119830210990514,0.00018849017605933923,0.9893435053856029,-0.05750047788023949
669,682,0.048884000536327486,0.0001585756726954979,0.99101956582634,0.04844500124454498
670,663,0.06717207290788446,0.00020124234641083559,0.9886307444858052,0.06640837341547012
671,744,0.006031650062199802,0.00017302430737875277,0.9902093241214458,0.005972596351057291
672,754,0.005019391464459801,0.0001778683893027181,0.9899379771248948,0.004968886263668537
673,698,-0.05228881753866366,0.0001825688565837743,0.9896748170014299,-0.05174892768263817
674,243,0.08650221776815108,0.0005166429889743322,0.9713230616366835,0.08402159810066223
675,650,0.031174074536046155,0.00022176967663607085,0.987485558890363,0.030783947557210922
676,771,0.034877854564871,0.00012783039560454286,0.9927481011058523,0.03462492302060127
677,753,0.023567843362243764,0.00015923387066738644,0.9909826269779156,0.02335532382130623
678,677,-0.06973241014265767,0.00016706326124936403,0.9905434434225411,-0.06907298415899277
679,757,-0.08555512377054798,0.00018196911329626924,0.9897083864114219,-0.08467462658882141
680,734,0.1471690614631638,0.00017707745068666866,0.9899822723308574,0.145694762468338
681,568,0.024890908460677142,0.0002894692810059604,0.9837274426119217,0.024485869333148003
682,671,0.06884027289812371,0.00024423598206178805,0.9862352380495517,0.06789270043373108
683,718,-0.05386873624419851,0.00014703764887166417,0.9916675409019232,-0.05341987684369087
684,657,-0.03285620110945796,0.00021569382579624566,0.9878242439819042,-0.03245615214109421
685,251,0.1568817585684448,0.0006821706538730922,0.9624799618090113,0.15099555253982544
686,725,0.20669682338576892,0.00017044246643049715,0.990354009785805,0.20470303297042847
687,699,0.012348098075483661,0.00022325046567725867,0.9874030507208622,0.012192550115287304
688,714,-0.14892184794345656,0.0001335165691464966,0.992427963486826,-0.1477942019701004
689,775,-0.023857912510152787,0.00014657569091424053,0.9916935020898399,-0.023659735918045044
690,740,0.11967423117367199,0.00017382321600656786,0.990164562063587,0.11849718540906906
691,707,0.08312674521836103,0.00022378681023262897,0.9873731695091035,0.08207711577415466
692,766,-0.052739387025507095,0.00017474258771667811,0.990113055586699,-0.05221795663237572
693,534,0.06482856180030531,0.00025965408613331706,0.9853790023431035,0.06388070434331894
694,244,-0.03608800882290377,0.0004611906873270348,0.9743219777569255,-0.0351613387465477
695,720,0.10535455234348774,0.000199969391258209,0.9887018480062467,0.1041642427444458
696,741,0.07734471445151589,0.0002085777750488203,0.9882212082623499,0.0764336884021759
697,757,0.09239209831730417,0.00019083552279130402,0.9892123390965151,0.09139540046453476
698,729,-0.010458287316667036,0.0001502985971632009,0.991484320258665,-0.010369228199124336
699,621,0.13203226268852367,0.0002029077939709844,0.9885377329386672,0.1305188685655594
700,748,-0.02808429131702704,0.00016334572042155083,0.9907519274283331,-0.027824565768241882
701,572,0.07848854056865602,0.0002943642836795929,0.9834568215712061,0.0771900936961174
702,719,0.12443393278706388,0.00014806049039560663,0.9916100639250792,0.12338993698358536
703,711,0.13744426126239503,0.00015464930911082797,0.9912399752164217,0.13624024391174316
704,740,0.07201999000877746,0.00018047477393102177,0.9897920389233292,0.07128481566905975
705,708,-0.22903789627486787,0.0001398003442513897,0.992074420342086,-0.22722263634204865
706,616,-0.09153054545439973,0.0002408015236630519,0.9864261714489009,-0.09028812497854233
707,744,0.027015941087982706,0.00019287736182087257,0.9890981751511163,0.026721417903900146
708,773,0.09526735668059771,0.00016863320134574567,0.9904554257080845,0.09435807168483734
709,660,0.01390145325920347,0.00021478482804641739,0.9878749340643302,0.013732897117733955
710,752,-0.030182443271846847,0.00017041172738264715,0.9903557326483824,-0.029891354963183403
711,763,0.08809117058616713,0.0001607225822949213,0.9908990888780033,0.08728946000337601
712,726,-0.09183809416466097,0.00019782907065834626,0.9888214230605686,-0.09081147611141205
713,719,0.09507658136088883,0.00024325649184401142,0.9862896837578352,0.09377305209636688
714,747,-0.15914668234556395,0.00019922282519821012,0.9887435537428323,-0.15735524892807007
715,292,0.11559976751227187,0.0005601380067692199,0.9689836953603762,0.1120142862200737
716,797,-0.21334289569627385,0.00010791781537151459,0.9938708304941613,-0.21203528344631195
717,686,0.14875057521588428,0.00019411702177718205,0.9890288757490522,0.14711861312389374
718,742,-0.19770600964036592,0.00017367107629795965,0.9901730859885732,-0.19576317071914673
719,258,0.034213099238830945,0.00045165574152046506,0.9748395040160184,0.03335228189826012
720,772,-0.0434224004808987,0.0001740820103615212,0.9901500629403989,-0.04299469292163849
721,737,0.11610491615511588,0.0001968434753860858,0.9888764958501944,0.1148134246468544
722,699,-0.22585061126960193,0.00014460156367794095,0.991804459728896,-0.22399964928627014
723,730,0.24409595266469333,0.00015188616485824433,0.9913951451938062,0.24199554324150085
724,739,0.029259609546214947,0.00017952908876770905,0.9898449853020352,0.028962478041648865
725,738,-0.012017271047341953,0.00022838214194931202,0.9871172252095382,-0.011862454935908318
726,760,-0.08621615352305143,0.00017881726771862633,0.9898848419921512,-0.08534406125545502
727,787,0.09718742273189364,0.00016559044112403708,0.9906260303893123,0.09627638757228851
728,683,0.17029413925606546,0.00022305081174373167,0.9874141744456513,0.16815084218978882
729,705,0.12937528952586314,0.00020132845347587894,0.9886259351684006,0.1279037594795227
730,790,-0.012227160080418556,0.00018682898796381993,0.9894364303399983,-0.012097997590899467
731,698,-0.13542833987271205,0.0001516835156448101,0.991406527284105,-0.13426454365253448
732,637,0.029492930408268933,0.0002420454255954424,0.9863570101076822,0.029090559110045433
733,708,0.06471043138891079,0.0002090112869011204,0.9881970159586164,0.06394665688276291
734,711,0.04479210111987155,0.0002041414570897404,0.9884688468761423,0.04427559673786163
735,691,0.061833930862245354,0.0002125693672940939,0.9879985005954066,0.0610918328166008
736,634,0.05560371252871192,0.0002585865304756279,0.9854382405335931,0.05479402467608452
737,746,-0.12077586720048403,0.00017792077333810772,0.9899350435837921,-0.11956026405096054
738,727,0.10306892018032451,0.00012533714447932187,0.992888538941875,0.10233595222234726
739,726,0.11042937900763282,0.00019277187919471915,0.9891040722833572,0.10922614485025406
740,594,0.11558663240878495,0.0002123796004552788,0.9880090862102869,0.1142006441950798
741,737,0.1457517870741023,0.00020535389207263115,0.9884011555173143,0.14406123757362366
742,722,0.05270473075865502,0.00022247212345782166,0.9874464174966047,0.05204309895634651
743,681,0.014059023009872997,0.0001643742166536116,0.99069423938469,0.013928192667663097
744,762,0.04101720005836035,0.0002124059408735716,0.9880076168698144,0.04052530601620674
745,607,-0.05704881742142472,0.00023582273371460104,0.9867030908741422,-0.056290242820978165
746,636,0.192711376681713,0.0001983663980512997,0.9887914010293725,0.19055135548114777
747,296,0.19139355646345663,0.000460317164771536,0.9743693668925055,0.18648801743984222
748,600,0.18216520837818584,0.0002615493892255145,0.9852738503585007,0.1794826090335846
749,740,0.12627129556384642,0.00021065111213106822,0.988105515563748,0.12476936727762222
750,739,0.06083498892198847,0.00018859336477461704,0.9893377337031546,0.06018634885549545
751,754,0.02785321564193746,0.00014141084221457018,0.9919838496730377,0.02762993983924389
752,650,0.022879772037267685,0.00019308750390112297,0.9890864271166354,0.02263007126748562
753,770,-0.09667345196395725,0.00013626768848168605,0.9922731466453139,-0.09592647105455399
754,743,0.1017341353312576,0.00018990086048745652,0.9892646070223831,0.10064198076725006
755,696,0.04346057711083485,0.00017852535060070192,0.9899011881099619,0.04302167519927025
756,757,0.1502670369349676,0.0001874178266047693,0.989403489385539,0.14867472648620605
757,746,0.1093673889872296,0.00015549059155944524,0.9911927409372632,0.10840415954589844
758,756,-0.22571994051356953,0.00012494033570791525,0.9929108937310959,-0.22411978244781494
759,738,-0.16733275425587565,0.0001169970650325868,0.9933586010937228,-0.16622142493724823
760,263,0.08101498333121095,0.0005297624299712684,0.9706162476575517,0.07863445580005646
761,733,0.09481248434373822,0.00016501967894038248,0.9906580390304268,0.09392675012350082
762,654,0.14088699364584703,0.00016136204030783673,0.9908632104249755,0.1395997405052185
763,666,0.00712310900078253,0.00019513251320122293,0.988972115038884,0.007044556085020304
764,564,0.16148352870347757,0.00031182784890597154,0.9824925574237657,0.15865635871887207
765,729,-0.09976438988148348,0.00017797061931963578,0.9899322521915501,-0.09875998646020889
766,609,0.1541513179571097,0.00022149457816040093,0.9875008886369185,0.1522245705127716
767,768,0.13565032113547204,0.0001510523848315545,0.9914419773464466,0.13448941707611084
768,721,0.06282842579593523,0.000223237093503005,0.9874037957441137,0.06203702464699745
769,720,0.08685651750743596,0.00017132450067180142,0.9903045760721196,0.08601440489292145
770,761,-0.026938533483858804,0.00017475715081372454,0.9901122397532591,-0.02667217142879963
771,588,-0.020515357408685243,0.00027716553007886465,0.9844083156454183,-0.02019548788666725
772,359,-0.10958947147914626,0.0003681633548715793,0.9793947971676346,-0.10733135789632797
773,711,0.07787357771974816,0.00025407913276181385,0.985688432576863,0.07675908505916595
774,769,0.03746099666158229,0.00018165585397593754,0.9897259213697848,0.03707611933350563
775,664,-0.08389688023444579,0.00015122015871769077,0.9914325533875266,-0.0831780955195427
776,755,-0.08771754423070033,0.00012539586643420822,0.9928852308421299,-0.08709345757961273
777,759,-0.07366948085929094,0.00016732405528939394,0.9905288210835173,-0.07297174632549286
778,751,-0.05311975562411761,0.00017724725986332252,0.9899727621152675,-0.0525871105492115
779,378,0.10107888657816504,0.000327203919802447,0.981645119887978,0.09922359883785248
780,728,0.06938427901228092,0.0001554498075136565,0.9911950306767683,0.06877335160970688
781,725,-0.19117980958701208,0.0001685508766849515,0.9904600408003394,-0.1893559694290161
782,329,0.17711898844440024,0.0004937784456487306,0.9725573595616182,0.1722583770751953
783,636,0.04332147094672956,0.00025748476284128975,0.9854993846004755,0.042693283408880234
784,629,-0.09626093832553854,0.000234598229440118,0.9867712214110977,-0.09498752653598785
785,743,-0.037548901715026325,0.00020171047683218172,0.9886045986731186,-0.037121016532182693
786,750,-0.03398619925851623,0.00017564702539263458,0.9900623909959948,-0.03364845737814903
787,715,-0.04328405373058953,0.00015075505614747545,0.9914586789154792,-0.04291434958577156
788,759,-0.014511055841904541,0.00018455809324939017,0.9895634898283823,-0.014359611086547375
789,699,0.00314309799348208,0.00017648549558008062,0.9900154263889042,0.00311171542853117
790,766,0.07084631480704555,0.00016584484423304592,0.9906117639966319,0.07018119096755981
791,301,-0.027891713206925465,0.00041497324731938596,0.9768356487186525,-0.027245620265603065
792,371,-0.13367217215847454,0.00032421651744482175,0.9818096532877465,-0.1312406361103058
793,747,0.00530617442505666,0.0001743177741035527,0.990136854491999,0.005253838840872049
794,747,0.16321039466883044,0.00013784627445587364,0.9921843349037195,0.16193479299545288
795,756,0.016922172198377588,0.00015902562963103527,0.9909943134133038,0.0167697761207819
796,698,-0.02360819078272043,0.00019148049453929849,0.9891762743860347,-0.023352662101387978
797,753,-0.10528475482506582,0.0001538323926092203,0.9912858457640094,-0.10436728596687317
798,633,0.06714506816901679,0.00018162377009719115,0.9897277173274145,0.06645533442497253
799,741,0.08302665926772453,0.0001775115509550395,0.989957960774223,0.08219290524721146
800,701,-0.18118853338684532,0.00014551702814482738,0.9917530021184026,-0.179694265127182
801,745,0.109980192771744,0.00017295514816125838,0.9902131992341298,0.10890384018421173
802,748,0.10544739864183898,0.00022185202924044533,0.9874809699187753,0.10412730276584625
803,685,-0.036927376543409635,0.00020466413662996889,0.988439664060351,-0.036500483751297
804,768,0.10000577033739926,0.00015005151310227538,0.9914982006290154,0.09915553778409958
805,733,-0.03620215780057247,0.00018626638704278132,0.9894679055466422,-0.03582087159156799
806,715,0.15461772122010067,0.00019126224600305263,0.9891884778359302,0.15294606983661652
807,696,0.2633849868222057,0.00021524440489383467,0.9878493052007792,0.2601846754550934
808,732,-0.052448932743056224,0.0002183283899313673,0.9876773574096201,-0.0518026240170002
809,781,0.1412711579319228,0.00013918889388104448,0.9921088112240526,0.1401563584804535
810,692,-0.10075029923655954,0.00016069572116590432,0.9909005960482918,-0.09983353316783905
811,622,0.1490720590678346,0.00022226976878382163,0.9874576926853005,0.14720235764980316
812,694,0.1728567360398448,0.0002219076790404824,0.9874778689438337,0.17069220542907715
813,746,0.09064961509434531,0.00021977154773660906,0.9875969146080644,0.08952528238296509
814,748,0.04813422629719272,0.0001634141680789845,0.9907480880111813,0.04768889397382736
815,760,-0.03933639200894456,0.00020772069064114494,0.9882690416894776,-0.03887493908405304
816,741,-0.1522577172710828,0.00013861823969641196,0.9921409096852802,-0.15106110274791718
817,730,0.10920379327686681,0.0002198493824315199,0.9875925764106497,0.10784885287284851
818,702,0.011054156537823103,0.00021987125342608563,0.9875913574149525,0.010916989296674728
819,563,-0.06659104327834997,0.00024852787049354597,0.9859967410269451,-0.0656585544347763
820,554,-0.009370779833800096,0.0003504962517209497,0.9803641661263306,-0.009186776354908943
821,742,0.14765743185286573,0.00019206152105394895,0.9891437875353084,0.1460544317960739
822,752,-0.21613220867027153,0.00017233469758910308,0.990247965528398,-0.21402448415756226
823,695,-0.12004035044354286,0.0001586471044016845,0.9910155568613177,-0.11896185576915741
824,682,-0.05058910780998706,0.0002397216866564369,0.9864862185931939,-0.049905456602573395
825,773,0.06953937844355214,0.0001418967886799314,0.9919565244188937,0.06898003816604614
826,705,0.04268472681337215,0.00016901945971115685,0.9904337727708425,0.04227639362215996
827,565,-0.06396551870666774,0.0002813081766122435,0.9841789619338301,-0.06295351684093475
828,469,0.17818006753687188,0.00030635867769137124,0.9827943384819854,0.17511436343193054
829,770,-0.01531083406033841,0.00016554312020990899,0.990628684092235,-0.015167351812124252
830,248,-0.04053345696640111,0.0004780593305151283,0.9734077466552066,-0.039455581456422806
831,183,0.11809528279092794,0.0008470424694371364,0.9538305240883067,0.11264288425445557
832,725,0.13319157813065524,0.00017809760770851318,0.9899251408688976,0.13184969127178192
833,784,-0.14275461489486754,0.00015077975675906196,0.9914572914094503,-0.14153510332107544
834,489,0.09597691497336959,0.0002619909425837093,0.9852493560687523,0.09456119686365128
835,692,-0.030461440284095833,0.0001995598903370151,0.9887247236943004,-0.030117979273200035
836,649,0.04008467225730993,0.0002212019266315364,0.9875171970424516,0.03958430141210556
837,747,-0.040385105005070226,0.00016287612510752444,0.9907782691220374,-0.04001268371939659
838,746,-0.14038175558196955,0.0001491990680310765,0.9915460911744997,-0.13919498026371002
839,732,0.1267466586276563,0.00021083376031712884,0.9880953250501217,0.12523777782917023
840,743,-0.009282892901753733,0.00025581592157519707,0.9855920136282674,-0.00914914533495903
841,697,0.013385164133210264,0.00023962199663704804,0.9864917624845214,0.013204353861510754
842,746,0.07153903573112258,0.00017732646980193298,0.9899683260005901,0.0708213821053505
843,681,0.004772270579717058,0.0002088292544527185,0.9882071742085423,0.004715992137789726
844,755,0.13260467364792003,0.0001741966913334133,0.9901436379996325,0.13129767775535583
845,751,0.07771800507415587,0.000211606384301408,0.988052220266322,0.07678944617509842
846,760,-0.20076352543148554,0.00010518649690036362,0.9940250282837927,-0.19956396520137787
847,737,0.10221166491225422,0.00017309444880378905,0.9902053940049232,0.10121054202318192
848,750,-0.10933175888160865,0.00013372631988751004,0.9924161582455978,-0.10850260406732559
849,672,-0.0804403956378034,0.0001834737231812923,0.989624173244697,-0.07960575819015503
850,724,0.008280571277423128,0.00019290154043364143,0.9890968234267885,0.008190286345779896
851,570,0.1750134011448704,0.0002461395229317769,0.9861294454738394,0.1725858747959137
852,718,0.04814101784155395,0.00021359900651784806,0.9879410689913671,0.04756048694252968
853,692,-0.0872798953716767,0.0002000364650421414,0.9886981012072429,-0.08629346638917923
854,729,0.011960064591162816,0.00022476573831520564,0.9873186354297355,0.011808394454419613
855,740,0.13450286283938062,0.00019402080019280968,0.9890342543751025,0.13302794098854065
856,751,0.10257671401772732,0.00019748833778843026,0.9888404617333396,0.10143200308084488
857,694,0.05164816039305728,0.00027355302472282026,0.9846084058623352,0.05085321143269539
858,744,0.059900068945842246,0.00018445923992870163,0.9895690215403682,0.059275250881910324
859,681,0.20276830126852805,0.00018798991651438138,0.9893714874933022,0.20061317086219788
860,383,0.12138319518550861,0.0003822730141915845,0.9786219958821665,0.11878826469182968
861,551,-0.011026749880933719,0.00023473998589291806,0.9867633337024879,-0.010880792513489723
862,681,0.04470082413727929,0.00024247569897265683,0.9863330890291837,0.0440899021923542
863,744,0.04003096573425317,0.0001960947741895823,0.9889183356457228,0.0395873561501503
864,723,-0.1811301566268811,0.00015842581107927396,0.991027976622316,-0.17950505018234253
865,748,-0.09410595575118447,0.00018545109925485417,0.9895135210975827,-0.09311911463737488
866,774,-0.20647514468054132,0.00013867778869720978,0.9921375600442311,-0.20485174655914307
867,706,-0.050669059803756876,0.00019328485831105068,0.9890753942335038,-0.050115521997213364
868,667,0.17705510941234934,0.00018868072662829626,0.9893328473214971,0.17516642808914185
869,738,-0.06557173588815421,0.00015777967943217982,0.9910642415885162,-0.06498580425977707
870,741,-0.03972495644756777,0.00020614707117617395,0.9883568766156812,-0.03926243260502815
871,726,0.005487360216718239,0.00018120216583323955,0.9897513180531893,0.005431122146546841
872,674,-0.027095907156352916,0.00023338621974500356,0.986838666024409,-0.02673928812146187
873,745,0.14624295782972901,0.00017445640465307325,0.9901290880065544,0.14479941129684448
874,701,-0.07862311926738129,0.0001681081611921604,0.9904848600166112,-0.07787501066923141
875,753,0.04686404594466347,0.0001991593163313752,0.9887471017279947,0.046336688101291656
876,775,-0.07410078189989192,0.00016808634941547173,0.9904860828458218,-0.07339579612016678
877,277,0.011266327819481009,0.0004975948385781601,0.9723511209535433,0.010954826138913631
878,726,0.11064085416680525,0.00019280868996393076,0.9891020143253365,0.10943508893251419
879,699,-0.04676636460321144,0.0001983822549613401,0.9887905150857673,-0.046242136508226395
880,715,0.0532575689568803,0.00017832294318305658,0.9899125223819519,0.0527203343808651
881,656,0.07098026838857771,0.0002021605369832487,0.9885794634170072,0.07016963511705399
882,752,-0.13200391290531038,0.00020283631975170476,0.9885417242556375,-0.13049137592315674
883,592,0.1976431484736905,0.00021757482192884202,0.9877193671172579,0.19521597027778625
884,731,-0.04431704343099111,0.00018063014761496478,0.9897833405087741,-0.04386427253484726
885,683,-0.1011420800261974,0.00020318981979980405,0.9885219841552615,-0.0999811664223671
886,752,0.010634420531247048,0.00019210422857248143,0.9891413997202453,0.010518945753574371
887,613,0.03419580531335431,0.0002942815364513041,0.9834613950283291,0.03363025560975075
888,711,-0.05590223445054065,0.00016245921007472543,0.9908016569178824,-0.05538802593946457
889,729,-0.011770323470786766,0.00017319986397550571,0.9901994875125425,-0.011654968373477459
890,613,-0.023224241202043864,0.00026933467132230296,0.9848421558909057,-0.022872211411595345
891,680,0.08439353912904421,0.00017089503074924333,0.99032864514841,0.08357734233140945
892,551,0.15333622566402338,0.00022137348958723005,0.9875076363974572,0.1514206975698471
893,752,-0.08250862291266033,0.0001793933697890739,0.9898525843088453,-0.08167137205600739
894,284,0.11963914628927662,0.0005437442391410131,0.9698641047649398,0.11603371053934097
895,788,-0.09354603692042987,0.00014866815730528966,0.9915759201900358,-0.09275799989700317
896,712,-0.15021696842662738,0.00014495251282207187,0.9917847324944713,-0.14898289740085602
897,686,0.2651373688362365,0.00021370163076102697,0.9879353451436239,0.26193857192993164
898,772,-0.1530750167840812,0.00013275792718902475,0.9924706638994726,-0.15192246437072754
899,763,-0.05538523140415881,0.00013424761792476592,0.9923868196415061,-0.054963573813438416
900,709,0.05075348794134531,0.00019427694178712196,0.9890199366166829,0.05019621178507805
901,724,0.02820748331292805,0.0001764575523168346,0.9900169914823577,0.0279258880764246
902,690,0.059566708629869895,0.0001859062526007191,0.989488054638093,0.058940548449754715
903,759,-0.08539484301397923,0.00016320136522850065,0.9907600248052564,-0.08460579812526703
904,520,-0.07606750063311596,0.00029338998769680213,0.9835106738182077,-0.07481320202350616
905,750,0.09641788408408562,0.00016833839600359564,0.9904719525932346,0.09549921005964279
906,717,0.08894012738512816,0.00023583025542841987,0.9867026724004687,0.08775746077299118
907,416,-0.05191490915603936,0.0002821269360417643,0.9841336447395235,-0.051091209053993225
908,777,-0.1395896336967497,0.00018172550349301704,0.9897220226247839,-0.13815493881702423
909,704,0.03150976498198526,0.00020733013383132383,0.9882908399941446,0.03114081174135208
910,733,0.07525904743969034,0.0001698958930429343,0.9903846450328956,0.07453540712594986
911,761,0.18544243801625032,0.00018031465465934536,0.9898010031740451,0.1835511177778244
912,714,0.19297462107394547,0.00019870130540656933,0.9887726897117177,0.1908080279827118
913,727,0.06437195040733314,0.0002282257401388713,0.9871259340755907,0.06354322284460068
914,733,-0.06310219596309072,0.0002190553782864237,0.987636832843601,-0.06232205405831337
915,710,-0.21267194993479152,0.00011358456288546055,0.9935510643038871,-0.21130044758319855
916,669,0.0004830272737417164,0.00020433820177439052,0.9884578618094739,0.0004774520930368453
917,724,0.18937510443087255,0.00018925516880716282,0.9893007184392861,0.18734893202781677
918,676,-0.11702622816561771,0.00021255484739414595,0.9879993105395947,-0.11562183499336243
919,694,0.08502760427327617,0.00021946507797069944,0.9876139963886752,0.0839744508266449
920,651,-0.029120853979043237,0.00019741946680992812,0.9888443100335415,-0.028795991092920303
921,765,0.02270726064277898,0.0001887089645819694,0.9893312679076993,0.02246500365436077
922,745,0.12958546710269364,0.00018678188752685592,0.989439065338841,0.1282169222831726
923,732,0.06540645856176162,0.00021387193931046966,0.9879258463628707,0.06461673229932785
924,731,0.07814460683986035,0.00019616027170516576,0.9889146752956708,0.07727834582328796
925,518,0.04769623638211631,0.00030255906517594265,0.9830041048358589,0.046885594725608826
926,689,0.0767662347698549,0.00022453587319456368,0.9873314402038242,0.07579372078180313
927,317,0.14053735611754636,0.0004906803190607745,0.9727248472681367,0.13670417666435242
928,734,-0.12822222699885757,0.00015662234371320862,0.9911292051729822,-0.12708479166030884
929,508,0.12484358129362891,0.00024673848652637884,0.9860961617305085,0.12310777604579926
930,303,0.2070642552944054,0.0004865908557581041,0.9729460159408094,0.20146234333515167
931,730,-0.05215592971390547,0.00019280805346598645,0.98910204990958,-0.0515875369310379
932,725,-0.04293615264625385,0.00016026053244450338,0.9909250150022229,-0.042546506971120834
933,746,0.09129718014840586,0.0002008920241563502,0.9886503114337294,0.09026098251342773
934,765,-0.027062915580870667,0.00015774543579798634,0.9910661636304003,-0.026821140199899673
935,730,0.13956712517274977,0.00015601575811042152,0.9911632574461412,0.13833381235599518
936,768,-0.03723164057373651,0.0001538783073343521,0.9912832675010349,-0.03690710291266441
937,703,0.19524153413656425,0.00021752536135057657,0.9877221245573354,0.19284437596797943
938,736,-0.05126268463715425,0.0001847438446420262,0.9895530955729225,-0.05072714760899544
939,648,-0.023327269119980894,0.00023715952354564433,0.9866287235903888,-0.023015353828668594
940,690,0.10147921056689127,0.0001689455294582561,0.9904379170922908,0.10050886124372482
941,674,0.041041022436748585,0.00024432741652349963,0.9862301559022498,0.04047589376568794
942,722,0.19701863147081017,0.00022680193508686425,0.9872052223704588,0.19449782371520996
943,780,-0.012726297150724208,0.00016671675364312116,0.9905628722632875,-0.012606197036802769
944,682,0.06941117962161379,0.00021309338288381867,0.9879692710223029,0.06857611238956451
945,745,-0.07404408151933911,0.0001877652318371994,0.9893840557862839,-0.07325803488492966
946,736,-0.06825884239262213,0.00017627049747507507,0.9900274684931025,-0.06757812947034836
947,755,-0.09590603674435062,0.00014954586860048833,0.9915266072865155,-0.09509338438510895
948,675,-0.04585675940331486,0.00020311522577174326,0.9885261495589435,-0.045330606400966644
949,732,0.10914834949653596,0.00020778745380565123,0.9882653155063019,0.107867531478405
950,588,-0.10221762056018979,0.0002218143690668804,0.9874830684684438,-0.10093817114830017
951,754,-0.06651463750156943,0.00016756305808093266,0.9905154209269121,-0.06588377058506012
952,727,-0.08268056145294005,0.00014980070566649492,0.9915122905637993,-0.08197879046201706
953,738,0.06557529058867717,0.00016233399217987807,0.9908086815157603,0.06497256457805634
954,691,0.12538763267283265,0.00021111711759847575,0.9880795160770337,0.12389294803142548
955,661,0.07624259611391625,0.000216772500171871,0.9877640986643055,0.07530970126390457
956,721,0.1100373946791631,0.00020649269071484598,0.9883375837861166,0.10875409096479416
957,767,0.08123473754132013,0.00017082914754120414,0.990332337589559,0.08044938743114471
958,686,0.1064629356632058,0.0001925170547122538,0.9891183188406368,0.10530444234609604
959,721,-0.009560326946157854,0.00020966654760439592,0.9881604511190253,-0.009447136893868446
960,685,0.16373877160006414,0.00017620865336387447,0.9900309324533799,0.162106454372406
961,712,-0.06486572438244069,0.0002092437421820936,0.9881840441857711,-0.0640992745757103
962,771,-0.11917262821761473,0.00012436044835809092,0.9929435643241593,-0.11833169311285019
963,730,-0.08239264034168566,0.00017350340561079997,0.9901824802370314,-0.08158374577760696
964,725,-0.14763507405231738,0.0001234485431439521,0.9929949450037814,-0.1466008871793747
965,787,-0.2556826242611399,9.784580225601146e-05,0.9944396876402689,-0.25426095724105835
966,719,-0.04915899054376572,0.0001823440446838257,0.9896874001231943,-0.048652034252882004
967,712,0.011111961787545614,0.0001986395479729704,0.9887761400543409,0.010987242683768272
968,767,-0.06811069360432717,0.00013503443287350423,0.9923425410556391,-0.06758914142847061
969,670,-0.09445206160698809,0.00015629710891633703,0.9911474627900569,-0.09361591935157776
970,708,-0.009838969961050792,0.00015480297042425612,0.9912313474789887,-0.009752695448696613
971,672,0.10566973851278558,0.00022777198527119816,0.9871512012151913,0.10431201010942459
972,746,-0.02218641497034969,0.00017555245765585653,0.990067688227931,-0.021966053172945976
973,734,0.07825662924880188,0.00019765256806085257,0.9888312851675414,0.07738260179758072
974,738,-0.20085470063919783,0.00011374546509766378,0.9935419878338974,-0.1995575726032257
975,754,-0.05511877763848406,0.00015572123450489708,0.9911797921448031,-0.05463261902332306
976,704,0.27972581738537305,0.00014458004264308207,0.9918056694752917,0.2774336636066437
977,772,-0.14471202383754012,0.00014974424971240036,0.9915154622184098,-0.1434842050075531
978,734,0.30796488334376576,0.00019201148310498518,0.9891465852158747,0.3046224117279053
979,692,0.12636808159685764,0.00016815294669364933,0.9904823492255931,0.12516535818576813
980,637,0.04515102575715848,0.00030231118887638094,0.9830177925288824,0.04438426345586777
981,729,-0.08638145204311536,0.00022437372513890402,0.9873404729580707,-0.085287906229496
982,682,0.30611658778691614,0.00018347665424249093,0.9896240092068928,0.30294033885002136
983,699,-0.1252730708070984,0.00014558275206590462,0.9917493080286929,-0.124239481985569
984,689,0.12419729013163569,0.00016447866616601904,0.9906883812187859,0.1230408102273941
985,721,-0.01640881114379708,0.00021831145145230762,0.987678301652165,-0.01620662584900856
986,729,0.07090226453518181,0.00025484875039681994,0.9856457044310897,0.06988450884819031
987,708,0.1087176032776426,0.00019185001965665844,0.9891556129350628,0.1075386255979538
988,620,-0.013482153642502043,0.0002446283049237336,0.9862134321710355,-0.013296280987560749
989,503,0.18033372350481466,0.000286170873963558,0.9839098796026045,0.1774321347475052
990,784,-0.13034224361466357,0.00014213520970299642,0.9919431183175901,-0.1292920857667923
991,569,-0.1468153839672282,0.00021360672580541615,0.9879406384472569,-0.14504487812519073
992,734,0.04646279792141484,0.00015060195190088336,0.9914672793181252,0.046066343784332275
993,742,-0.09985674295644716,0.00016269033726424532,0.9907886911767629,-0.09893693029880524
994,613,-0.07570036510111944,0.00023783183197222503,0.9865913264714885,-0.07468532025814056
995,737,0.012249479525225941,0.00016439882222798812,0.9906928593477219,0.012135472148656845
996,745,0.12498919047265244,0.000196719971856899,0.9888833973749558,0.12359973788261414
997,483,0.14574582993937946,0.0003014556854046169,0.9830650362337366,0.1432776302099228
998,249,0.22726880268279806,0.0005117010844286053,0.9715895752771686,0.22081199288368225
999,747,0.15326937670299567,0.00017968000066171904,0.9898365357695602,0.1517116278409958
1000,744,0.02741597781223195,0.0001508393366198179,0.9914539446493519,0.027181679382920265
1001,755,-0.03644311805286549,0.0001877299185473059,0.9893860311515081,-0.036056313663721085
1002,668,-0.007766758115449084,0.0001989089942498257,0.9887610864646807,-0.007679468020796776
1003,759,0.10466820623404169,0.00019606546992242992,0.9889199733330382,0.10350847989320755
1004,773,-0.050361619859856745,0.00017446811271420938,0.990128432092593,-0.04986447095870972
1005,664,0.045046117134302496,0.00021014340122887002,0.9881338434473561,0.044511593878269196
1006,680,-0.00979309196871541,0.0002242943367657212,0.9873448954929854,-0.009669159539043903
1007,739,0.12460941590711534,0.00018206161363719896,0.9897032087445518,0.12332633882761002
1008,651,-9.805181946393715e-05,0.00017987449500624368,0.9898256462755045,-9.705420234240592e-05
1009,732,-0.020740845039629384,0.0001953116058063953,0.9889621053657973,-0.020511910319328308
1010,693,0.028484427398352913,0.00021780212741208022,0.9877066949755215,0.028134260326623917
1011,774,0.016311546681732788,0.00015147606168567805,0.9914181795107175,0.016171563416719437
1012,708,-0.08901939517160677,0.00017255466436985427,0.9902356396422122,-0.08815018087625504
1013,637,0.11934451616312168,0.0002385987142944953,0.9865486721459881,0.11773917078971863
1014,724,-0.012797981729597183,0.00020499358372344802,0.9884212708952059,-0.012649796903133392
1015,728,-0.030077500120419393,0.00018241530084940174,0.9896834117542744,-0.029767202213406563
1016,393,0.167972739643723,0.00031720956581826333,0.9821957828251883,0.16498211026191711
1017,744,0.09136197502694783,0.0001889872311286243,0.9893157040884271,0.09038583934307098
1018,330,0.14862555208982844,0.00038976529249144565,0.9782121312342822,0.14538732171058655
1019,754,0.1064391490986042,0.00014052582059717684,0.9920336191885643,0.10559121519327164
1020,773,0.0075073019007430505,0.00013510048816566913,0.9923388239256147,0.007449787110090256
1021,319,0.0932594208473042,0.0004577912298133884,0.9745064263584231,0.09088190644979477
1022,680,0.20928601700922145,0.00017682955241902742,0.9899961562782861,0.2071923464536667
1023,697,-0.0573297117220791,0.00022086206526606106,0.9875361369565355,-0.05661516264081001
1024,692,0.0913229241100479,0.00024815084388031056,0.9860176874916582,0.09004601836204529
1025,769,-0.0863489543168923,0.00019551488627362522,0.9889507440533079,-0.08539485931396484
1026,701,0.14241583968317414,0.00023674088167971306,0.9866520119533222,0.14051488041877747
1027,736,0.20981024148109692,0.00017336889854221792,0.9901900165240752,0.20775200426578522
1028,824,0.16605416149408467,0.0001429388286668266,0.9918979345465874,0.16470877826213837
1029,668,0.1627394524528394,0.00021501694395861904,0.9878619896711094,0.16076411306858063
1030,688,0.07836874591614401,0.0002515780516170872,0.9858273148550342,0.07725805044174194
1031,793,0.3182061608824386,0.00016901956003070252,0.9904337671472354,0.31516212224960327
1032,719,-0.015188541317744613,0.00016605653078017874,0.99059989337234,-0.015045767650008202
1033,686,-0.15132409831612173,0.00017702958294765834,0.9899849532114363,-0.1498085856437683
1034,780,0.01745460330484769,0.00022941444176934238,0.9870597478820787,0.017228735610842705
1035,433,0.22904845919055697,0.0003635018113524962,0.9796503832439698,0.22438740730285645
1036,653,-0.015681454960319568,0.00019916625218231875,0.9887467142486376,-0.015504986979067326
1037,736,0.32356840720066155,0.00020972836319043325,0.9881570018270823,0.31973639130592346
1038,798,0.0765867021196244,0.0001489451506196308,0.9915603572029783,0.07594034075737
1039,678,0.11323052335799752,0.00016770581519194813,0.990507417144633,0.11215567588806152
1040,697,-0.05698041158756362,0.00018548093347843956,0.9895118517913463,-0.05638279393315315
1041,469,-0.08604234729462595,0.0003162462331294054,0.9822488925991446,-0.08451499789953232
1042,714,0.008606388405127143,0.00018877127651385002,0.9893277826756496,0.00851453933864832
1043,740,0.01920435356127249,0.00022440480425092146,0.9873387416264434,0.01896120235323906
1044,260,-0.034051432571588804,0.0004990947032901021,0.9722700919168767,-0.03310719132423401
1045,712,0.09390163780556302,0.0001946715411842308,0.9889978801792233,0.09286852180957794
1046,767,0.03437693673884192,0.00020990123973322516,0.988147355493497,0.03396948054432869
1047,669,-0.04574621089292838,0.00020176474589486313,0.9886015677509489,-0.04522477462887764
1048,334,0.09165247297472136,0.00041972075034561604,0.9765768442828672,0.08950567990541458
1049,770,-0.17524489023081669,0.00014221542125256048,0.9919386082088614,-0.17383217811584473
1050,733,-0.004720486166898421,0.00016061969658984313,0.9909048617904247,-0.004677552729845047
1051,718,-0.0354904021554131,0.00018927358355173515,0.9892996885265267,-0.03511064499616623
1052,718,0.015484891380481734,0.0002028379464377744,0.9885416334166554,0.015307459980249405
1053,759,-0.13152125770071513,0.00016525704375976928,0.9906447272362465,-0.13029083609580994
1054,679,-0.022137366128270684,0.0002131711432226503,0.987964933700414,-0.021870940923690796
1055,741,-0.07793440976948068,0.0001720096502591154,0.9902661801876659,-0.0771758109331131
1056,677,-0.039172870622868027,0.0001543654628328448,0.9912559129420268,-0.038830339908599854
1057,677,0.024958413088779507,0.0001904817271806684,0.9892321233067695,0.02468966320157051
1058,711,0.011093000839457816,0.0002695917447804216,0.9848279076004649,0.010924696922302246
1059,784,0.19180864571446402,0.0001813355161800147,0.989743853194447,0.18984143435955048
1060,733,0.005961100223993865,0.00015716748870450131,0.9910986040258728,0.005908038001507521
1061,643,0.10372737349459285,0.00022685093633041436,0.9872024933968739,0.10239992290735245
1062,682,0.011632460396179706,0.0001896680173673209,0.9892776288701121,0.011507732793688774
1063,671,0.02186583895125217,0.00019918222509791313,0.9887458219043376,0.021619757637381554
1064,719,0.02279700333141153,0.00020082193286978178,0.988654226415184,0.022538354620337486
1065,754,-0.041573836793011396,0.0001980410034178144,0.9888095815483227,-0.04110860824584961
1066,762,-0.14671237988329036,0.00016513761250463755,0.990651425085055,-0.14534083008766174
1067,422,0.04865116527595367,0.00033442042490345914,0.9812478929298621,0.047738853842020035
1068,752,0.17689297664192247,0.0001770556816472726,0.9899834915258722,0.17512112855911255
1069,715,0.020835837768716413,0.0001976391138582373,0.9888320369310368,0.02060314454138279
1070,347,0.06444006878077468,0.00044878754215819407,0.9749952882540551,0.06282876431941986
1071,763,0.09579596472940705,0.0001672249262877522,0.9905343790502742,0.09488919377326965
1072,382,0.04380658538085628,0.00020387063054678466,0.9884839686376843,0.043302107602357864
1073,476,0.08566924540654701,0.00031997251354027353,0.9820434898061129,0.08413092792034149
1074,752,0.14147106488482988,0.00016468586488474222,0.9906767604555468,0.14015209674835205
1075,519,0.030112961463285664,0.0002842775137907683,0.9840146331305224,0.029631594195961952
1076,625,0.1542620840534568,0.00018403961619447898,0.9895925038643087,0.15265659987926483
1077,691,0.15323430149884715,0.0002072780575033473,0.9882937466238895,0.15144050121307373
1078,683,-0.05376604616118385,0.00020134678872369335,0.988624911100212,-0.05315445363521576
1079,771,0.019995035810200387,0.000194786497842067,0.988991454773269,0.019774919375777245
1080,346,0.19762937883130474,0.00044870736497730626,0.974999643736809,0.19268856942653656
1081,692,0.19303056455992507,0.00013707744380135714,0.9922275875712863,0.1915302574634552
1082,801,0.02400791628772251,0.00017658979171238017,0.990009584838787,0.023768067359924316
1083,571,0.17310507935121158,0.00023470129042812927,0.9867654868092492,0.17081411182880402
1084,462,-0.13673061556565813,0.0002547462747832648,0.9856513935268449,-0.13476872444152832
1085,695,0.018729358270978755,0.00020654052611301268,0.988334913625513,0.018510878086090088
1086,669,0.07694632799179475,0.00021324588429981486,0.9879607648230175,0.07601995021104813
1087,750,0.0015631787131230037,0.00018367596525479293,0.9896128548281,0.0015469416975975037
1088,676,0.11921294733259231,0.0002003167550478286,0.988682444274802,0.1178637444972992
1089,769,0.10120196281768798,0.00021040820219438093,0.9881190685946075,0.09999959170818329
1090,732,-0.059081001479504375,0.00019742600113628565,0.9888439449140302,-0.058421891182661057
1091,683,0.06658577949005025,0.0002229083213691657,0.9874221134543354,0.06574827432632446
1092,778,-0.04097689469380826,0.00013510333725507553,0.9923386635994085,-0.04066295549273491
1093,723,0.10792466732100127,0.0001832133203252047,0.9896387469932322,0.1068064346909523
1094,738,-0.1820907778293399,0.00013123606431242148,0.9925563335330218,-0.18073534965515137
1095,694,0.0940746515788009,0.0002071675181226905,0.9882999164137932,0.0929739698767662
1096,676,0.0033092265011819863,0.00017192817568698673,0.9902707458787916,0.0032770303077995777
1097,742,-0.05593328842406244,0.00019185674588257222,0.9891552368560773,-0.05532670393586159
1098,707,-0.07199414678660908,0.00019703221706177454,0.988865948925966,-0.07119256258010864
1099,602,0.1237767701458025,0.00033096914182711366,0.9814378260286488,0.12147920578718185
1100,656,0.05291570243624425,0.0002894583494515183,0.9837280471314088,0.05205466225743294
1101,732,0.0807669408214813,0.00022050214427549972,0.9875561955525961,0.07976189255714417
1102,743,0.019036172376506903,0.0002121959356380168,0.9880193316568916,0.01880810596048832
1103,739,-0.10322013090166776,0.00019244727281863083,0.9891222202318045,-0.10209732502698898
1104,748,-0.0016473428156963963,0.0002200326751682763,0.9875823605504925,-0.00162688666023314
1105,393,-0.07432114930572249,0.00037377234897141895,0.979087440387532,-0.07276690751314163
1106,802,0.06961605290039222,0.00016057455658359467,0.990907394615435,0.0689830631017685
1107,704,0.0826834267963105,0.0001891000995447781,0.9893093913468937,0.08179949223995209
1108,671,0.02339696249301405,0.00018783138466389165,0.9893803553311837,0.023148495703935623
1109,831,0.02860615433952474,0.00017677091133170392,0.9899994406251298,0.028320075944066048
1110,714,-0.05457791429487806,0.00018132441569523354,0.989744474587491,-0.05401818826794624
1111,736,-0.11316534459246727,0.00016026338283799585,0.9909248550593569,-0.11213835328817368
1112,722,0.02311955530704657,0.00016134604737881965,0.9908641077181274,0.02290833741426468
1113,766,-0.11888848406119229,0.00016068634840031766,0.9909011219525747,-0.11780673265457153
1114,666,-0.0035544328794286056,0.00019713502295353423,0.9888602042059237,-0.0035148372408002615
1115,652,0.09414216439793903,0.00020041497129752063,0.988676958055993,0.093076191842556
1116,769,-0.16903655804809964,0.00015575490716815405,0.9911779017171571,-0.16754530370235443
1117,674,0.24224578206723096,0.00019477035248989383,0.988992357199145,0.2395792305469513
1118,681,0.016121520082330913,0.00020376267560988503,0.9884899964949398,0.01593596115708351
1119,750,0.07696446243984004,0.00023512491968739213,0.986741915591549,0.07594405859708786
1120,739,-0.09987059301105662,0.00014514314514400096,0.9917740171725031,-0.09904906153678894
1121,741,-0.013047223461995482,0.00016394718425179566,0.9907181906877809,-0.01292612124234438
1122,655,0.05238446707744862,0.00019777467179514987,0.9888244625835791,0.051799044013023376
1123,713,0.045619046729617085,0.00024497060004381456,0.9861944076952375,0.04498925060033798
1124,733,0.06983347613069688,0.0001886948431084979,0.9893320577536103,0.06908849626779556
1125,662,0.13475046753095535,0.00022762226359243103,0.9871595386846351,0.13302020728588104
1126,722,0.034986153760940414,0.00016142675945488523,0.9908595793338861,0.03466636687517166
1127,773,-0.07651444825248607,0.00017252195653025628,0.9902374724136647,-0.07576747238636017
1128,596,0.0817176547485885,0.00022804764963998793,0.9871358508122344,0.0806664302945137
1129,762,-0.036837126618786534,0.00017974959986848186,0.9898326389698645,-0.03646259009838104
1130,738,0.012100740671561663,0.0002065340066086257,0.9883352775418556,0.011959589086472988
1131,746,-0.16623149581762883,0.00011976984610489232,0.9932022726931717,-0.16510149836540222
1132,735,0.03123555009817185,0.00019442204574993187,0.989011825804468,0.030892329290509224
1133,758,-0.1302708212045417,0.00015576097212042353,0.9911775612235185,-0.12912151217460632
1134,769,0.10026009675526812,0.00019772958376558956,0.9888269818802282,0.09913989156484604
1135,701,0.09546821438073022,0.00021267441216664068,0.9879926410571199,0.09432189166545868
1136,762,-0.16050807454835947,0.00015139285267984283,0.9914228532521231,-0.15913137793540955
1137,672,0.02062034690918933,0.0002023321980587239,0.9885698767127791,0.02038465440273285
1138,721,-0.054110884204010855,0.00024694028752603745,0.9860849483785452,-0.05335792899131775
1139,228,0.1789327922579424,0.0006639249161269088,0.9634468124992478,0.17239223420619965
1140,656,0.1323820410485141,0.00018452865872821574,0.989565136942038,0.13100065290927887
1141,584,0.09228991803694006,0.00023760580524847914,0.986603898879103,0.09105359017848969
1142,738,-0.06567939312820674,0.00020751629764631098,0.9882804494381542,-0.06490965932607651
1143,686,0.07178687831012223,0.00017997887967957584,0.9898198020075591,0.0710560753941536
1144,675,-0.13130074849007306,0.0001859203770839658,0.9894872643746815,-0.12992042303085327
1145,336,0.114631336717312,0.0006237073446163205,0.9655848364523602,0.1106862798333168
1146,603,0.023568327592725976,0.00025225501533248274,0.9857897199435858,0.02323341555893421
1147,713,0.023164691037771412,0.00020888197323369782,0.9882042322360073,0.022891445085406303
1148,684,-0.017810136142421013,0.00019012979187280199,0.989251804274257,-0.017618710175156593
1149,712,-0.01995097633367509,0.0001809157640204127,0.9897673510061261,-0.019746825098991394
1150,711,0.07831899109447137,0.0002141788011824177,0.9879087319247948,0.07737201452255249
1151,742,0.15422006454343865,0.00021042288480008063,0.9881182493758661,0.15238766372203827
1152,702,0.04793243850594615,0.00015843156448891953,0.9910276537167527,0.04750237241387367
1153,716,0.0016322774999884253,0.0001933029739551893,0.9890743815105013,0.0016144438413903117
1154,694,0.20681127755612844,0.0001951220536419383,0.9889726996408588,0.20453070104122162
1155,754,0.04544998346197984,0.00015997736485645113,0.9909409045168772,0.04503824934363365
1156,293,0.10395377246287903,0.0004325657293907889,0.9758773026245158,0.10144612938165665
1157,728,-0.0483347965394157,0.00019485874156963852,0.9889874168134418,-0.047802504152059555
1158,755,-0.03353445796258994,0.00016829236723815423,0.990474533030854,-0.033215027302503586
1159,687,-0.050991593278521534,0.00020479874525769948,0.9884321487232408,-0.050401728600263596
1160,780,0.1765734116964711,0.0001608839952847535,0.9908900321377321,0.17496483027935028
1161,676,-0.08845026738812166,0.00021225832131772167,0.9880158515481995,-0.08739026635885239
1162,406,0.07225921927616367,0.0003441147878649223,0.9807147799261083,0.0708656832575798
1163,779,-0.15198791079314017,0.00015516457386939063,0.99121104485073,-0.15065209567546844
1164,745,0.25229730396687783,0.00016524880377602285,0.9906451893415628,0.24993711709976196
1165,740,-0.12540377897864863,0.00018605502634688325,0.9894797308253933,-0.12408449500799179
1166,691,0.147501397491116,0.0002108661586206148,0.9880935174693768,0.1457451730966568
1167,764,0.02273073143457399,0.00022637182853756178,0.9872291764796197,0.022440440952777863
1168,697,-0.059566736692319516,0.00019408435293529651,0.9890307018762564,-0.05891333147883415
1169,713,-0.026963029201775998,0.00021179477334734378,0.9880417105893763,-0.026640597730875015
1170,711,0.21781846897286244,0.00020571306989722866,0.9883811040694814,0.21528765559196472
1171,708,0.20988987834655842,0.00018856558076088802,0.9893392877473184,0.20765230059623718
1172,590,0.18558357443376367,0.00022882364253310402,0.9870926421196141,0.18318818509578705
1173,751,0.10063227182489816,0.00013334670574061212,0.9924375239853698,0.09987124055624008
1174,243,0.13122060907613717,0.00036180168869091525,0.9797436318527026,0.1285625547170639
1175,687,0.14482974989835873,0.0002041646335097898,0.9884675528283976,0.14315950870513916
1176,680,0.17214488867971608,0.00022651502260136094,0.9872212013819125,0.16994509100914001
1177,696,0.07637230008733513,0.0002750395330789986,0.9845260609724357,0.07519052177667618
1178,575,-0.1242959565896055,0.00020218716337209357,0.9885779764089291,-0.12287624180316925
1179,737,0.034374753835900426,0.00017796488441986842,0.9899325733471234,0.03402869030833244
1180,649,0.25046454044130667,0.00016901960123772884,0.9904337648372953,0.24806854128837585
1181,721,0.07643883607134574,0.00019246104210293025,0.989121450411276,0.0756072923541069
1182,676,0.12000911591296255,0.0002787043505456108,0.9843231078260923,0.1181277483701706
1183,757,-0.07747094245698878,0.0001617262324638538,0.9908427776391762,-0.07676152139902115
1184,739,0.012069115742879727,0.00018323652270840662,0.9896374484274665,0.011944049037992954
1185,758,-0.05839641290498126,0.0001974754014051251,0.9888411845766943,-0.05774477869272232
1186,727,-0.11112443968510201,0.00019417765822026553,0.9890254863030855,-0.10990490019321442
1187,638,0.2629757857790982,0.00024138788825801746,0.9863935681834433,0.25939762592315674
1188,577,0.09365947746818618,0.0003108767033926119,0.9825450269614073,0.09202465415000916
1189,463,0.11379687520061856,0.00043124200995606275,0.9759493464859791,0.11105998605489731
1190,724,-0.06018211756117683,0.00021014097195631916,0.9881339789932585,-0.059467993676662445
1191,680,-0.07584346856182332,0.0001932799498286267,0.9890756686338776,-0.07501492649316788
1192,636,0.23629619836376733,0.00023419490073485334,0.9867936643900582,0.233175590634346
1193,719,0.03453544812258825,0.00023281561144981923,0.9868704218138468,0.03408201411366463
1194,632,0.13862988806058524,0.00020764018816575808,0.9882735347279125,0.13700425624847412
1195,682,0.2093761788621064,0.00020224048256667706,0.9885749986970264,0.20698405802249908
1196,707,0.06922159185883348,0.00018390965769415413,0.9895997766236881,0.06850167363882065
1197,760,-0.07999880182752876,0.00014632768990188732,0.9917074398515467,-0.07933540642261505
1198,755,-0.08211474396066358,0.00017005369807694605,0.9903757999213566,-0.08132445812225342
1199,311,0.09196578606291617,0.0005405899038647702,0.9700336884619112,0.0892099142074585
1200,670,0.08464753801948321,0.00019911954909874227,0.9887493233764303,0.0836951956152916
1201,688,0.1294957271027162,0.00019368424843687243,0.9890530675169876,0.1280781477689743
1202,696,-0.032378628100643216,0.00019451349162416008,0.9890067143631023,-0.03202268108725548
1203,623,-0.18215880903264398,0.0002017478237142748,0.9886025128511875,-0.18008264899253845
1204,749,-0.019257126888322415,0.0002015402934860137,0.9886141035179044,-0.019037866964936256
1205,724,0.10615876803781775,0.00019056432222310025,0.9892275045305946,0.10501517355442047
1206,687,0.130002395411224,0.00023873559737935004,0.9865410590376866,0.12825269997119904
1207,753,-0.04569590509007097,0.0001788864821020726,0.989880966360047,-0.045233506709337234
1208,438,0.178088633022505,0.0003085605957724902,0.982672817494744,0.17500285804271698
1209,707,0.25086469658224975,0.00018505641686368944,0.9895356051846999,0.24823954701423645
1210,580,0.11945683601922516,0.00027331209610804535,0.9846217533611753,0.11761979758739471
1211,723,-0.1429534393928193,0.00015774943321191873,0.9910659392613942,-0.14167629182338715
1212,643,0.1479856160702546,0.0002101319160399503,0.9881344842857387,0.14622968435287476
1213,695,-0.02759796772822202,0.00022179576228347077,0.9874841053033665,-0.027252554893493652
1214,754,-0.09737429033164478,0.00015016294189822393,0.991491940877425,-0.09654582291841507
1215,719,0.11695621596708873,0.0002199101141334482,0.9875891914927508,0.11550469696521759
1216,728,0.08415759604674979,0.00020373832936764115,0.9884913559211402,0.08318905532360077
1217,607,0.19336128624768303,0.0002772595381468119,0.984403109792181,0.19034545123577118
1218,755,0.03089886150316687,0.00016496897696263052,0.9906608825238342,0.03061029314994812
1219,691,0.07022822380346258,0.00016855389979370978,0.9904598713251384,0.06955824047327042
1220,469,0.1184144779416258,0.0002832621315000582,0.9840708201555959,0.1165282353758812
1221,753,0.04057298449411058,0.00021025918230459765,0.9881273832641911,0.04009127616882324
1222,650,-0.07444779489046106,0.00020904336323499144,0.9881952259729333,-0.07356895506381989
1223,742,-0.09424409249451042,0.0001854789508900942,0.9895119627224005,-0.0932556539773941
1224,656,-0.06963956112570198,0.0002254405995884352,0.9872810437975861,-0.06875381618738174
1225,652,0.2212862012367924,0.00020311152597097412,0.9885263561603604,0.21874724328517914
1226,325,0.06933303258739985,0.00044790880072567013,0.9750430264435268,0.06760268658399582
1227,775,0.1485140289690706,0.0001972528400215403,0.9888536207541164,0.14685863256454468
1228,749,0.10186612734431837,0.00020563813255900185,0.9883852874513667,0.10068298131227493
1229,666,-0.12722520010445165,0.00019859122488100864,0.9887788398469202,-0.1257975846529007
1230,714,0.014885126469599433,0.00021218417112496497,0.9880199879285829,0.014706802554428577
1231,751,-0.09399575197426838,0.00015670953408449128,0.9911243107052253,-0.09316147118806839
1232,699,0.06203151130262704,0.0002115595691508908,0.9880548319820918,0.06129053607583046
1233,672,-0.007877562692599548,0.00017023648682098808,0.9903655546482922,-0.007801666855812073
1234,704,0.16709072295105382,0.00019178448620412388,0.989159277078274,0.1652793437242508
1235,689,0.20167475019031472,0.0002192732319585111,0.987624689657701,0.19917896389961243
1236,753,-0.0707515126371269,0.00017176272157652095,0.9902800177644854,-0.07006380707025528
1237,676,0.03182506053598278,0.0002357334406413653,0.9867080587584901,0.031402043998241425
1238,599,0.21308179766885027,0.00024338978351896864,0.9862822742854043,0.2101587951183319
1239,654,0.01605360865926182,0.00021075691147285315,0.9880996126619139,0.015862563624978065
1240,673,0.21656618408864312,0.00018028913645991575,0.9898024318211842,0.21435773372650146
1241,711,-0.10528326798138718,0.00017613652786125804,0.990034972316915,-0.10423411428928375
1242,713,-0.048390400834998105,0.00016696406314195406,0.9905490054281544,-0.04793306440114975
1243,750,0.19890734362726412,0.00015699147433210472,0.9911084842030405,0.19713875651359558
1244,743,-0.1653395408982584,0.00018841193381872114,0.9893478817749963,-0.1635783314704895
1245,631,-0.1223516774831691,0.00023758338319452687,0.9866051460906976,-0.12071279436349869
1246,688,0.10746780882838594,0.0002063498906728594,0.9883455549364849,0.10621532797813416
1247,699,-0.012570445220624343,0.0002084072499503091,0.98823072480885,-0.012422500178217888
1248,742,0.029038845405805945,0.00015579689320448331,0.9911755445759036,0.028782593086361885
1249,783,0.17302225266540444,0.00018270829488913697,0.9896670125523268,0.17123441398143768
1250,274,0.01639303165984197,0.0004488739795503009,0.9749905927400498,0.01598305255174637
1251,619,0.13501048075284972,0.000195929786349216,0.9889275561651703,0.13351558148860931
1252,717,-0.15841921537565268,0.00018398489043996142,0.9895955664231267,-0.1567709594964981
1253,657,0.029070225134605325,0.00020688457320144625,0.9883157094235143,0.02873056009411812
1254,314,0.30904016503471005,0.0003765767367394523,0.9789338403124671,0.30252987146377563
1255,663,-0.07450871569347507,0.00023725088026359064,0.9866236417115769,-0.07351206243038177
1256,744,-0.13512484023788124,0.00018343701903847267,0.9896262274087281,-0.13372308015823364
1257,744,-0.06995507179739414,0.0001966475820125925,0.9888874426507205,-0.06917769461870193
1258,717,-0.07042958851087958,0.00018631940173677292,0.989464939507189,-0.0696876049041748
1259,789,-0.04258743704016898,0.0001584959564522044,0.9910240397831259,-0.04220517352223396
1260,727,-0.05757605396031801,0.00018722701660706486,0.9894141634846145,-0.05696656182408333
1261,669,-0.07467358820669365,0.00023352998775237006,0.9868306652948604,-0.07369018346071243
1262,371,0.02375946260456528,0.00036760892207974145,0.9794251889739505,0.023270616307854652
1263,735,-0.1399519112582008,0.0001541498296038017,0.9912680209058753,-0.13872985541820526
1264,665,0.03397456269459169,0.00021990775401108714,0.9875893230351553,0.03355291485786438
1265,757,0.03816973698501385,0.00020976659463709467,0.9881548685353935,0.037717610597610474
1266,642,-0.13617799501152378,0.00021571441789617455,0.9878230957277208,-0.1345197707414627
1267,735,0.0006884105934374997,0.00015372709669337606,0.9912917585269806,0.0006824157317169011
1268,761,-0.07846658398322615,0.00014113296504042426,0.9919994756600992,-0.07783880829811096
1269,675,0.21915446170640213,0.0002183320092760184,0.9876771556479846,0.21645385026931763
1270,466,0.018686100996455155,0.00031628099417877094,0.9822469760777607,0.018354365602135658
1271,717,0.010131634392540492,0.0001702989657555461,0.9903620527649382,0.010033986531198025
1272,720,0.13784618094408263,0.00018617148262986614,0.9894732152554444,0.13639509677886963
1273,712,0.15572693465170293,0.00022001403069302168,0.9875833996946803,0.1537933349609375
1274,731,-0.11296525787658959,0.00019259087435292358,0.9891141917391567,-0.11173553764820099
1275,759,-0.1415785389592839,0.00017584614369944862,0.9900512375269152,-0.14017000794410706
1276,688,0.1353177154628928,0.00021389640918576056,0.9879244815962439,0.1336836814880371
1277,744,-0.0085552616748378,0.0002181599985032267,0.9876867445399088,-0.00844991859048605
1278,737,0.28190171057699576,0.00019078925687799307,0.9892149262361419,0.2788613736629486
1279,349,0.3280326139720899,0.0003307703823962137,0.9814487665171234,0.32194721698760986
1280,691,-0.019939531774331536,0.00024016440383351062,0.9864615992693335,-0.019669583067297935
1281,729,-0.1422630449353279,0.00020430318491117692,0.9884598169274158,-0.14062130451202393
1282,744,0.19541863449949332,0.00020273019198243798,0.9885476507816012,0.1931806355714798
1283,763,-0.12077569991452705,0.00019635804510522068,0.9889036228290469,-0.11943552643060684
1284,449,0.255840095055636,0.0002695057271001075,0.984832675082501,0.2519596815109253
1285,719,0.11744251408629114,0.00017402039310738924,0.990153515048892,0.11628612130880356
1286,749,-0.17452339531955754,0.00015584010811758457,0.991173118455894,-0.17298290133476257
1287,385,0.06475258308474893,0.0004366173853055181,0.9756568560187519,0.06317630410194397
1288,619,0.060178518007917146,0.0002562065102301913,0.9855703324457817,0.05931016057729721
1289,732,0.061788686156741095,0.00023066425479739716,0.9869901686135972,0.06098482757806778
1290,712,0.023870412884227764,0.0002307863775212481,0.9869833703549012,0.023559700697660446
1291,720,0.01146725314643441,0.00019808490765791062,0.9888071284821595,0.011338901706039906
1292,709,-0.03012595213020328,0.00022949131210348584,0.9870554680935337,-0.0297359861433506
1293,729,0.11836290698171438,0.00017819798359597472,0.9899195199129365,0.11716975271701813
1294,695,-0.022102242598323513,0.00022354278246604668,0.9873867647344586,-0.0218234620988369
1295,749,-0.022191050641477427,0.00018995724162393135,0.9892614539355776,-0.02195275016129017
1296,675,-0.09898227720210949,0.00021370090619290922,0.9879353855560411,-0.09778809547424316
1297,716,0.07370394328479037,0.00025127347457749296,0.9858442303554429,0.07266061007976532
1298,745,-0.04638715482023138,0.00018746413377835613,0.9894008989514,-0.045895494520664215
1299,730,-0.02359059133809315,0.00015873973170347068,0.9910103583831805,-0.02337852120399475
1300,741,0.1614286567445206,0.00017658463498606086,0.9900098736616381,0.1598159670829773
1301,697,-0.06316321254594297,0.0001981733894946914,0.9888021847642925,-0.0624559223651886
1302,663,-0.004755052975287624,0.00022985286774029664,0.9870353388274811,-0.004693405237048864
1303,719,0.028190608404483515,0.00017372781458110942,0.9901699070980354,0.027913492172956467
1304,748,0.03421338110225883,0.00014317862734390246,0.9918844525754136,0.03393572196364403
1305,678,0.09514969374687798,0.00025351368514549353,0.9857198278360407,0.0937909409403801
1306,570,0.11509591384807177,0.00026371738440891134,0.9851535968490945,0.11338715255260468
1307,665,-0.06078717274997467,0.00020902483094809013,0.9881962601466948,-0.06006965786218643
1308,681,0.10613610142658679,0.00019137097707830794,0.9891823980588735,0.1049879640340805
1309,703,0.06449084893494293,0.00021745329792589998,0.9877261421395254,0.06369929760694504
1310,675,-0.013805501672128836,0.00019910712889360338,0.9887500172494724,-0.013650190085172653
1311,645,0.06805122205337813,0.00021547314112864055,0.9878365499412293,0.06722348183393478
1312,727,0.13088551746038246,0.00021209369520790023,0.9880250350670078,0.12931816279888153
1313,684,0.0766815137314169,0.00021666527295075426,0.9877700771706793,0.07574370503425598
1314,689,-0.06942151946992936,0.0002436873780959244,0.9862657318774425,-0.06846806406974792
1315,712,-0.12709518291024763,0.000187398720571032,0.9894045581854953,-0.12574855983257294
1316,715,0.012884411435912955,0.00020266038710156875,0.9885515489559745,0.012736904434859753
1317,656,0.17384860555857148,0.0001928504577057442,0.9890996792511361,0.17195360362529755
1318,673,-0.029261858051678757,0.00021697418891566725,0.9877528536054248,-0.028903484344482422
1319,690,-0.0030789014761862547,0.00017298934544044984,0.9902112830965951,-0.0030487629119306803
1320,676,0.0010024163866492772,0.00022968014022944943,0.9870449551648713,0.000989430001936853
1321,631,0.14033390649353789,0.00026422614293160476,0.9851253814825774,0.13824649155139923
1322,634,-0.02163906913832394,0.0002322540888907134,0.9869016739544451,-0.021355632692575455
1323,705,-0.13760154747688177,0.00018123135242625066,0.9897496841985884,-0.13619108498096466
1324,637,0.1874318124705946,0.00025607556286996687,0.9855776010954468,0.18472859263420105
1325,656,0.006482848985597673,0.00024755586501345827,0.9860507445385358,0.0063924179412424564
1326,669,0.03427055872620399,0.00023685818975682421,0.9866454861858067,0.03381289169192314
1327,607,0.0976358355073599,0.0003551270337205512,0.9801098961503548,0.09569384902715683
1328,685,-0.08867305336642439,0.000168110052828971,0.9904847539663029,-0.08782930672168732
1329,671,0.051100599671118574,0.00023480692681857363,0.9867596089739726,0.050424009561538696
1330,249,0.18347289453982468,0.0005967450249519794,0.9670235133411206,0.17742259800434113
1331,694,0.030612479276037226,0.0001798414836261645,0.989827494524329,0.03030107356607914
1332,642,0.08079289176103853,0.00020484977200195965,0.9884292998778864,0.07985806465148926
1333,671,-0.01262021242695043,0.00021834059932292026,0.9876766767931409,-0.012464689090847969
1334,373,0.031437790153633016,0.0003399655972677583,0.9809428815451994,0.030838675796985626
1335,628,-0.09419338776474925,0.00019667584070039997,0.9888858635000661,-0.09314651042222977
1336,664,0.07384970954181738,0.00019666581474935628,0.9888864237692104,0.07302897423505783
1337,697,-0.07882453618541767,0.00021908583783912346,0.9876351350070706,-0.07784987986087799
1338,504,-0.05584405032208278,0.0002477065887993547,0.9860423701100339,-0.055064599961042404
1339,641,-0.10071333369469726,0.0001743666610305557,0.990134115690658,-0.09971971064805984
1340,498,0.09100431717004642,0.0003332304881668706,0.981313369944245,0.08930375427007675
1341,627,-0.09185993860801013,0.00022603564495935434,0.987247900505757,-0.09068853408098221
1342,578,-0.07361194588708012,0.00022562896960934227,0.9872705515794766,-0.07267490774393082
1343,610,0.009543350187786778,0.00022970727696266667,0.9870434443567552,0.009419701062142849
1344,657,0.03301958082586844,0.00022075131005327018,0.9875423093190677,0.03260823339223862
1345,571,-0.02374762562372691,0.00024140784043511943,0.9863924588328787,-0.023424478247761726
1346,594,0.21006499761903677,0.0002136448894080227,0.9879385098736525,0.20753130316734314
1347,655,0.06729469175045272,0.00021827910809965682,0.9876801046507966,0.06646563112735748
1348,633,0.04845067870319125,0.0002569978104988344,0.9855264110892487,0.04774942249059677
1349,591,0.06551342711322224,0.00025817575969456434,0.9854610359198278,0.06456092745065689
1350,581,-0.2154631655240069,0.0002687250580464774,0.9848759453406433,-0.2122044861316681
1351,640,-0.14700486210058444,0.0002042002455145095,0.9884655644505003,-0.1453092396259308
1352,572,-0.05094843070589371,0.00022329821756767354,0.987400390260021,-0.050306499004364014
1353,575,-0.12390472789821418,0.00029359778107795843,0.9834991879630407,-0.12186019867658615
1354,641,-0.001462227542842513,0.00023870141871100458,0.9865429599620951,-0.0014425503322854638
1355,599,0.01372136730383553,0.00027631633456817674,0.984455343755547,0.013508073054254055
1356,541,-0.0565781752336185,0.0002870629775438733,0.9838605301108266,-0.0556650348007679
1357,593,0.08091842589356495,0.00025675978141031185,0.985539622552858,0.07974831759929657
1358,572,-0.01485311265601744,0.000283657308878297,0.9840489519234524,-0.014616189524531364
1359,555,0.25532447596391045,0.0001853556163544842,0.9895188636643195,0.25264838337898254
1360,549,-0.008336484137047184,0.000254239769222695,0.9856795139486472,-0.0082171019166708
1361,579,0.05632962940971726,0.00027846206180909397,0.9843365228993274,0.05544731020927429
1362,570,-0.1137306465881697,0.00023321878409639406,0.9868479840282941,-0.11223486065864563
1363,556,-0.036273894617133005,0.00019070558037142323,0.9892196053698862,-0.035882849246263504
1364,590,-0.08523678974864089,0.00026102973172897095,0.9853026788793179,-0.08398403972387314
1365,558,0.05923631053508049,0.00030631570842953746,0.9827967101984889,0.05821724981069565
1366,540,0.14745241015356172,0.00028209577765291646,0.984135369236571,0.14511312544345856
1367,528,0.09811067853341669,0.00032705194257978107,0.9816534888148407,0.09631069004535675
1368,558,-0.08141107216317167,0.00020068056271844463,0.9886621228051632,-0.08048804104328156
1369,555,-0.050261947796218565,0.0002363292287531186,0.9866749126050242,-0.04959220439195633
1370,527,-0.1489744205982115,0.00024062146249369766,0.9864361837105252,-0.1469537615776062
1371,579,-0.009193362307852207,0.0002918121741762167,0.9835978967910672,-0.009042572230100632
1372,556,-0.09849960170351237,0.00019816808560019604,0.9888024811057305,-0.09739664942026138
1373,492,0.0828953560032859,0.0003653939738222573,0.9795466224727787,0.08119986951351166
1374,549,0.2721632021362257,0.0002405889671884335,0.9864379906264601,0.2684721350669861
1375,546,0.012951652099798015,0.00022107306858769953,0.9875243780034744,0.012790071777999401
1376,475,-0.1423778603931791,0.00032075278149216806,0.9820004901742448,-0.13981512188911438
1377,574,-0.14989803055177997,0.00016893734564105487,0.9904383758561317,-0.14846476912498474
1378,531,-0.1967394189267172,0.00019458622015617845,0.9890026491804913,-0.19457580149173737
1379,500,0.0003270002203062177,0.00030648528164356974,0.9827873505606102,0.00032137168454937637
1380,522,-0.19755669079464058,0.00021628831539554827,0.9877910951987251,-0.19514474272727966
1381,550,-0.0460562708161094,0.0002705699776551454,0.984773692835219,-0.04535500332713127
1382,553,0.06629538911632236,0.00028152549119324404,0.9841669334675269,0.06524573266506195
1383,477,-0.07657217006130726,0.00025517347615726133,0.9856276772007075,-0.07547164708375931
1384,557,0.10967972561302369,0.00029627420854720844,0.9833512714329194,0.10785369575023651
1385,540,-0.02247589327291482,0.0002541486326814173,0.9856845738817541,-0.02215414121747017
1386,488,-0.1448994970548379,0.00020310496131686757,0.9885267227389175,-0.14323702454566956
1387,541,-0.00333178844371752,0.0002231423545516915,0.9874090741042953,-0.0032898380886763334
1388,557,0.12419926500887589,0.0002361504029449088,0.9866848611894494,0.12254553288221359
1389,521,-0.022561390024400718,0.00025278317692117126,0.985760390690418,-0.02224012464284897
1390,504,-0.04899047315675056,0.0003441322836507082,0.9807138183204499,-0.04804563522338867
1391,555,-0.09167842548172753,0.00024371292211901606,0.9862643119861274,-0.09041915833950043
1392,524,-0.111969698949198,0.0002329813234526694,0.9868611993127492,-0.11049855500459671
1393,507,-0.13911039889211485,0.0002732214733031611,0.9846267739783793,-0.13697181642055511
1394,533,-0.07828561273206018,0.0002704363538111653,0.9847810980668251,-0.0770941898226738
1395,534,-0.02474223154798422,0.00023709635973437711,0.9866322372195764,-0.024411482736468315
1396,512,0.17324016438487888,0.0002688480331286014,0.9848691289304268,0.17061889171600342
1397,474,0.001986986104760492,0.0002667496107280627,0.984985455735023,0.0019571525044739246
1398,539,0.03619600276951721,0.00022408951799715351,0.9873563056358604,0.03573835268616676
1399,550,0.006155751254409552,0.0002884740150298421,0.9837824842782195,0.006055920384824276
1400,481,-0.12268121150204149,0.00025697053742351094,0.9855279248242617,-0.12090575695037842
1401,524,0.03484969228712259,0.00026946368878448036,0.984835005049529,0.034321196377277374
1402,553,-0.05390235807099944,0.0002315601494087647,0.986940298635665,-0.05319840833544731
1403,498,0.0620152146432055,0.0003245260292622203,0.981792604133812,0.06088607758283615
1404,497,0.11140036653217596,0.000294569057152936,0.9834455038801251,0.10955619066953659
1405,545,0.15679383392044163,0.00032247954481852566,0.9819053437027693,0.15395669639110565
1406,515,-0.010683878596184903,0.0003327146788540746,0.981341755389802,-0.010484536178410053
1407,502,-0.1852754679771949,0.0002150808849185584,0.9878584239392827,-0.18302592635154724
1408,513,0.06088286776233603,0.000337739577010744,0.9810653006755676,0.05973006784915924
1409,480,-0.09211467998102307,0.00030093054989442544,0.9830940381865686,-0.09055739641189575
1410,529,0.002283472039636457,0.0002479672427022737,0.9860278881431472,0.0022515670862048864
1411,474,-0.05683195687838308,0.00033946250661424454,0.9809705461505599,-0.05575047433376312
1412,513,-0.22113137186067378,0.00021765376488620106,0.9877149660587895,-0.218414768576622
1413,484,0.0057150042839040445,0.00033863597086539665,0.9810160001647503,0.005606510676443577
1414,470,-0.09132600526939681,0.00024619570401297904,0.9861263234579127,-0.09005897492170334
1415,507,-0.044765057949683607,0.00028591177923226126,0.9839242131634319,-0.044045425951480865
1416,500,0.017954292595386504,0.0002706726825230761,0.9847680011622614,0.017680812627077103
1417,497,0.0004172881941500324,0.0002809943791219585,0.9841963312942654,0.00041069352300837636
1418,497,-0.08905448228068336,0.0002400462231958142,0.9864681711267522,-0.08784941583871841
1419,499,0.043996360775396856,0.00040192207170873783,0.9775478253027089,0.04300854727625847
1420,508,0.02416518294457786,0.00031276474154638147,0.9824408796180977,0.0237408634275198
1421,443,-0.024746052357399705,0.00030370656419780013,0.9829407450740628,-0.024323903024196625
1422,488,0.23439863566729072,0.00027916942030064293,0.9842973588099306,0.2307179570198059
1423,476,-0.08979842990456822,0.00030857473578119144,0.9826720372232155,-0.08824240416288376
1424,505,-0.1335719771019303,0.0002835160670268929,0.9840567678199557,-0.13144241273403168
1425,491,-0.1653246984109586,0.00022219818967382038,0.9874616811301008,-0.16325180232524872
1426,482,0.10949228199187248,0.0002928851556384928,0.9835385797125893,0.10768987983465195
1427,488,0.01176398673827653,0.0003544284774146445,0.9801482444842993,0.01153045054525137
1428,485,-0.10316446987892856,0.0002844547393639348,0.9840048268634343,-0.10151433944702148
1429,108,0.012562903610092623,0.0006400714994792066,0.9647137504619433,0.012119606137275696
1430,487,-0.09396051843048243,0.0003202263465595033,0.9820295009593264,-0.09227199852466583
1431,493,-0.022079149273396083,0.0003097702116830614,0.9826060731582524,-0.021695105358958244
1432,489,-0.10320385531779447,0.0003472946938218094,0.9805400364904064,-0.10119551420211792
1433,484,-0.13424046635858652,0.00025170004892368584,0.9858205395711817,-0.13233700394630432
1434,471,0.014686865619365956,0.00029720875266325543,0.9832996330170544,0.014441589824855328
1435,489,0.007222901646939158,0.0003312004669710382,0.9814250933043966,0.007088737096637487
1436,487,-0.135375279175917,0.0002158045756815385,0.9878180683916373,-0.13372614979743958
1437,475,0.23908022576845006,0.0003728895349359678,0.9791358032705955,0.23409201204776764
1438,475,-0.07401667418742651,0.0002848541693004168,0.9839827262739794,-0.07283113151788712
1439,487,-0.16642062969551683,0.0002505261876345204,0.985885735393712,-0.164071723818779
1440,479,-0.09086121021456908,0.00025607017144899585,0.9855779003657116,-0.08955080062150955
1441,455,0.2042243688909726,0.00033762845861965487,0.9810714123895722,0.20035868883132935
1442,490,0.17425635838501002,0.00024323970829783834,0.9862906167363918,0.17186741530895233
1443,501,-0.10914883565551745,0.00018720171228050044,0.9894155790508451,-0.10799355804920197
1444,443,-0.09797444340245247,0.0004189887655652661,0.9766167386132317,-0.09568347781896591
1445,480,-0.11250398274666319,0.0002873762761566005,0.9838432001954942,-0.1106862798333168
1446,481,-0.07745077476784464,0.00026149873901059353,0.9852766601557736,-0.07631044089794159
1447,453,-0.07202122395007027,0.0003629951953932692,0.9796781683431929,-0.0705576241016388
1448,464,0.1691338667517592,0.00038363935952960326,0.97854722443536,0.16550546884536743
1449,472,0.13466190317126733,0.0003367777959715372,0.9811182029083698,0.13211923837661743
1450,462,0.10657924090741903,0.00037137609200215956,0.9792187247865995,0.10436438769102097
1451,466,-0.15274655169011953,0.0002552269911528368,0.9856247063658701,-0.15055076777935028
1452,467,0.20996208442873632,0.00031576941413445604,0.9822751823705543,0.20624054968357086
1453,479,-0.10501753505210476,0.00023032895736841186,0.9870088342427229,-0.10365323722362518
1454,447,-0.09506898773188226,0.0002751839260017732,0.9845180630837527,-0.09359713643789291
1455,467,0.16892733329576012,0.0003596937103091824,0.9798592752529053,0.16552501916885376
1456,460,0.02539356209580665,0.00034444506966824597,0.9806966272527979,0.02490338124334812
1457,453,0.14399399571367447,0.00035428464626254924,0.9801561406914512,0.14113660156726837
1458,466,0.1728477331993566,0.0002613157134776791,0.9852868135462433,0.17030459642410278
1459,445,0.017375574057942697,0.0003587801651966041,0.979909400690043,0.017026487737894058
1460,470,0.15367001630762156,0.00034128744714369334,0.9808702013745927,0.15073034167289734
1461,463,0.05729333472037869,0.0002889586790796126,0.9837556799030346,0.05636264383792877
1462,430,0.13440298856301017,0.0003302234603982697,0.9814788724800881,0.1319136917591095
1463,474,-0.06432105703200783,0.00030905804453972523,0.9826453681073981,-0.06320478767156601
1464,446,0.09149512045310952,0.00028765706815848344,0.9838276688816237,0.09001543372869492
1465,443,0.037325904038198646,0.0003026932433265108,0.9829966956970138,0.03669124096632004
1466,455,-0.04490069166071468,0.0002852816238146748,0.983959076175088,-0.04418044164776802
1467,452,0.01784121562042727,0.0003009667993443701,0.9830920361629171,0.017539557069540024
1468,448,0.17365086899579701,0.00029464299245063027,0.9834414175903381,0.17077545821666718
1469,426,0.1674236471944012,0.00033286627353532755,0.9813334128291827,0.164298415184021
1470,460,-0.03815543249492412,0.00038059352344739196,0.9787139194548438,-0.03734325245022774
1471,445,-0.025196014076806186,0.00037798684255627006,0.9788566251351819,-0.024663284420967102
1472,433,-0.002168051255372187,0.00047256999175217647,0.973705064381364,-0.002111042384058237
1473,449,0.057392641744329564,0.00036046795975598855,0.9798167968642196,0.05623427405953407
1474,443,-0.14712372655784775,0.0002849770004070836,0.9839759301881242,-0.1447662115097046
1475,442,0.15322468684231905,0.0003658816364429169,0.9795198840135027,0.15008662641048431
1476,433,0.03277835801811609,0.0003035479849798527,0.9829495006225728,0.03221946954727173
1477,443,-0.03608837191217303,0.00037106661750531714,0.9792356826193658,-0.03533902019262314
1478,435,-0.040344850984455526,0.00026780879967248716,0.9849267357784298,-0.03973672166466713
1479,419,0.031120377074847074,0.0003990532935921058,0.9777045080339721,0.03042653203010559
1480,440,0.03159711835059253,0.0003680313160304451,0.9794020348420251,0.030946282669901848
1481,422,0.04551799803248373,0.0003237666538994084,0.9818344346343226,0.044691137969493866
1482,420,0.0775997460198899,0.00035801730308644583,0.9799512622095146,0.07604397088289261
1483,414,-0.03003637855062666,0.0004140413292063908,0.9768864672241853,-0.029342131689190865
1484,411,0.20559069446068248,0.00032098845486361495,0.9819875032375726,0.20188748836517334
1485,387,-0.026805210685314135,0.0004121171216370518,0.9769914130818873,-0.026188461109995842
1486,385,0.05218542451401809,0.00037162374112880103,0.9792051551335402,0.0511002354323864
1487,393,-0.07997129654687173,0.00022803986010232083,0.9871362845670054,-0.07894256711006165
1488,388,-0.012367805422850183,0.00044102341574812464,0.9754172412598627,-0.012063770554959774
1489,382,-0.007545406647338605,0.0004823615899239254,0.9731748513085987,-0.007342999801039696
1490,367,0.18464760537886082,0.00040610596524166294,0.9773194055257378,0.18045969307422638
1491,381,-0.1522472543725035,0.00028250638792319153,0.9841126440214786,-0.1498284488916397
1492,371,0.3023761919827635,0.0002300587254548328,0.9870238782618984,0.2984525263309479
1493,365,-0.18395571398408445,0.0003062396422559566,0.9828009087487463,-0.18079183995723724
1494,374,0.1494145103964337,0.00043595082339655856,0.9756931161503726,0.1457827091217041
1495,369,0.2737050269753104,0.0002751996446333665,0.9845171924404352,0.269467294216156
1496,342,0.02661389788906825,0.00035552757439308297,0.9800879092012509,0.02608395926654339
1497,358,0.04496786265774479,0.0004783605089159707,0.9733914392566302,0.04377133399248123
1498,381,-0.004319794520031749,0.000254080664939296,0.9856883475087302,-0.004257970955222845
1499,346,-0.10627997897005495,0.000505542797345941,0.9719218923732988,-0.10329584032297134
1500,354,0.1324783547670912,0.0002645752693879647,0.9851060201259428,0.13050521910190582
1501,348,-0.11787956215484047,0.0002758500573545474,0.9844811679134635,-0.11605020612478256
1502,357,-0.10312442068553188,0.00027414403991550806,0.984575665021831,-0.10153379291296005
1503,342,0.007790279754421167,0.0003334863904191562,0.9812992880249656,0.007644596043974161
1504,333,-0.07649811830472301,0.00042212903636910205,0.9764456118777429,-0.07469625025987625
1505,338,0.06449235580068015,0.00036051204015432036,0.9798143785499335,0.0631905347108841
1506,322,0.016921768774804863,0.0004963055148860207,0.9724207864696189,0.01645508036017418
1507,349,-0.016504553656352627,0.00027311701267659336,0.9846325612918085,-0.01625092141330242
1508,312,0.16740459455654788,0.0004150170522286505,0.9768332601195404,0.16352637112140656
1509,331,-0.07199960161461931,0.0006531522762352413,0.9640185725797817,-0.06940895318984985
1510,316,0.04533340272646916,0.00040789050065803207,0.9772220112400355,0.04430079832673073
1511,308,-0.06255518125866044,0.00042710751966778117,0.9761744359807936,-0.061064768582582474
1512,309,-0.2531511294610292,0.00023577974947224222,0.9867054823271351,-0.24978560209274292
1513,310,-0.02015506285092523,0.00046202458886008554,0.9742767423866955,-0.0196366086602211
1514,323,-0.13398247104910874,0.0004406237354887625,0.9754389723629572,-0.13069172203540802
1515,296,-0.1965329066875416,0.0004309296355194225,0.9759663491177639,-0.1918095052242279
1516,315,-0.11214595845057851,0.0005004981953901735,0.9721942815665078,-0.10902766138315201
1517,293,0.038910111018262625,0.00035207873063261954,0.9802772595121392,0.038142696022987366
1518,294,-0.057178358777052386,0.0005493989814207872,0.9695602423090677,-0.05543786287307739
1519,292,0.01579482034359076,0.00040121958793841185,0.9775861878916572,0.015440798364579678
1520,297,-0.22947201810099863,0.00026160090855799724,0.9852709923637729,-0.226092129945755
1521,302,-0.14665700551985905,0.00040415240406252906,0.977426046962913,-0.1433463841676712
1522,280,-0.018192924718771663,0.0005521977532018693,0.9694099183219185,-0.01763640157878399
1523,290,-0.05988627622738994,0.00037020098483443964,0.9792831185778464,-0.058645620942115784
1524,277,0.05641144858370619,0.0005044246814288847,0.9719822531851846,0.05483092740178108
1525,281,0.027491074685153164,0.0005115250896028305,0.9715990692586185,0.026710303500294685
1526,265,-0.1686892885644481,0.0004822620919501508,0.9731802361998504,-0.16416507959365845
1527,279,-0.03422336762363765,0.00033404249407234147,0.9812686878637068,-0.03358231857419014
1528,281,-0.08205891590154468,0.0003871239415374415,0.9783565869963275,-0.08028288185596466
1529,266,0.07076122045965123,0.0004542776824351206,0.9746971386810153,0.06897076219320297
1530,272,0.0316258607815732,0.0004334834592185887,0.975827361122712,0.030861379578709602
1531,248,-0.018628907149597522,0.0006676201603896673,0.9632508428407298,-0.01794430986046791
1532,270,0.025904173541952062,0.0006220843944759006,0.9656713140244245,0.02501491643488407
1533,270,-0.169918713097771,0.0004622296854528084,0.9742656174717419,-0.16554595530033112
1534,268,-0.04000321383685319,0.00039781481277689155,0.9777721650926646,-0.039114028215408325
1535,268,0.08615679706710933,0.0005149714296279243,0.9714131913603563,0.08369384706020355
1536,264,-0.14811365170912308,0.0006675333167954938,0.9632554474968599,-0.14267128705978394
1537,270,-0.18052410466803445,0.00043727830292207483,0.9756209055904268,-0.17612309753894806
1538,253,-0.016391927516271946,0.0005860254643769887,0.9675966879358564,-0.015860775485634804
1539,256,-0.0025226388911505637,0.0003565438459479135,0.9800321272557566,-0.0024722672533243895
1540,253,0.22065297937528652,0.0003903118914438479,0.9781822430070267,0.21583881974220276
1541,250,-0.15083025427162647,0.0005779291049378833,0.9680300506429586,-0.1460082232952118
1542,251,0.22839374906027252,0.0005794569720106299,0.9679482408886736,0.22107332944869995
1543,245,0.14688457591383128,0.0005648891150655186,0.9687288409395293,0.14229132235050201
1544,245,0.10346160369583082,0.0006274019522881409,0.9653880300525303,0.09988059103488922
1545,249,-0.06632975216610844,0.0005897056921124614,0.9673998296875845,-0.06416738778352737
1546,248,0.11528921118869837,0.0005406697570899482,0.9700293946529696,0.11183392256498337
1547,235,0.09241131210422263,0.0004290272317359823,0.9760699103029492,0.09019990265369415
1548,246,-0.061490815394080994,0.0005068939659248647,0.9718489603572483,-0.05975978448987007
1549,245,0.0314439218985487,0.0005263239825011803,0.9708013955979908,0.030525803565979004
1550,208,-0.12069574030241571,0.0005336617110943671,0.970406370929086,-0.11712391674518585
1551,244,-0.2353450960067452,0.0003005606794238697,0.9831144662572306,-0.23137116432189941
1552,245,-0.0314321748114058,0.000881141147543399,0.9520610179012646,-0.029925348237156868
1553,246,-0.10083693642986984,0.0003809885145193092,0.9786922988540611,-0.09868833422660828
1554,243,-0.1290578944963085,0.0004015033982123704,0.9775706886702006,-0.12616321444511414
1555,244,0.2671382983528139,0.00044566641897835825,0.9751648664515037,0.260503888130188
1556,244,0.03430383261598525,0.0005692474265896921,0.9684951744128713,0.033223096281290054
1557,243,-0.07974127916151603,0.0006187790910871971,0.9658474823206011,-0.07701791077852249
1558,231,-0.06370429049580645,0.0007482973108129077,0.9589920794639895,-0.06109191104769707
1559,228,0.021623394610319417,0.0005684474893230122,0.9685380538052175,0.020943081006407738
1560,229,0.11607790337346786,0.000461790459167523,0.9742894424348955,0.11309347301721573
1561,226,-0.017679836973960025,0.0008305867041431462,0.9546868296696914,-0.016878707334399223
1562,226,-0.2353584814520009,0.0003539497827177059,0.9801745249063872,-0.23069238662719727
1563,218,-0.12345850843628613,0.0005945389752867875,0.9671414152518737,-0.11940183490514755
1564,215,0.014819814914534258,0.0005064209260188426,0.971874492383397,0.014403000473976135
1565,197,0.0906650672482355,0.0009056595322838275,0.9507927207129316,0.0862036868929863
1566,204,-0.030040853602044722,0.0007609568664805925,0.9583272261279197,-0.028788967058062553
1567,202,0.2912363390078639,0.0009588041132355775,0.9480552025871252,0.27610811591148376
1568,199,-0.11789907799593767,0.0006792476140606436,0.9626347245786867,-0.11349374800920486
1569,199,0.06638045743781718,0.0007293406379529561,0.9599893709300336,0.06372453272342682
1570,194,0.23519440604008965,0.0007540893435761078,0.9586877795959193,0.22547800838947296
1571,194,0.12142733675091691,0.0004541782240951376,0.9747025382803738,0.11835553497076035
1572,188,-0.10369842507420703,0.0009620975225561422,0.9478860751678609,-0.09829429537057877
1573,190,-0.023349697836429664,0.0008218816455654138,0.9551404352647724,-0.022302240133285522
1574,182,-0.08600782066235667,0.0006884727299497805,0.9621464624004757,-0.08275212347507477
1575,183,0.2376750261405778,0.0007048168236202549,0.9612826256717922,0.22847287356853485
1576,178,0.25600869785811164,0.0005738876271891165,0.968246518549967,0.2478795349597931
1577,179,-0.009336189569790937,0.0004561707440081391,0.9745943756573427,-0.00909899827092886
1578,173,0.29809373205882966,0.0004992194800993389,0.972263351554269,0.2898256182670593
1579,166,0.1234152200687901,0.00048055648555914274,0.97327255392925,0.12011664360761642
1580,164,0.0885346874412967,0.00064555677652321,0.964422113383832,0.0853848084807396
1581,161,0.31187667669901936,0.0009456294055860529,0.9487323712847043,0.2958875000476837
1582,140,0.3451010089999597,0.0005527451157999944,0.9693805245439139,0.3345341980457306
1583,131,0.4157204203137005,0.0007199979817797824,0.9604816420999828,0.39929184317588806
1584,121,-0.06979353073214696,0.0007958023280848122,0.9565019672946241,-0.06675764918327332
1585,121,-0.07885206253691153,0.0007604288371621315,0.9583549386971811,-0.07556826621294022
1586,121,0.2030333534252545,0.001649110571754908,0.9138775588853858,0.1855476200580597
1587,319,-0.010278274810239438,0.00022258983226605981,0.9874398588882545,-0.010149178095161915
1588,747,0.15795518193079763,0.00016491592488970837,0.990663857833918,0.15648049116134644
1589,764,0.03500746715940652,0.00020602500185627079,0.9883636908276388,0.03460010886192322
1590,704,-0.008157172205921432,0.00019423334602719717,0.9890223734956372,-0.00806762557476759
1591,745,0.02291148853482016,0.000184664997663437,0.9895575076565771,0.02267223596572876
1592,718,0.03105763410033871,0.00017763693080811746,0.9899509391639054,0.030745534226298332
1593,739,0.009738121287587208,0.00017367580625200953,0.9901728209814283,0.009642423130571842
1594,752,0.09218597625372336,0.00017272276949298888,0.9902262200420952,0.09128496795892715
1595,659,0.24558787934103352,0.00017776600586801494,0.9899437107160803,0.24311818182468414
1596,755,0.13953431671028896,0.00015896794728953478,0.9909975505807725,0.13827817142009735
1597,674,0.13354979808516912,0.00025123287820712334,0.9858464850272791,0.131659597158432
1598,721,0.016560129951722805,0.00017880902364704148,0.989885303617711,0.016392629593610764
1599,749,-0.026809884041289145,0.00020396015311106058,0.9884789700407268,-0.02650100737810135
1600,719,0.03833588600542101,0.00021980622980386663,0.9875949815623821,0.03786033019423485
1601,752,0.26549683619003267,0.00018060882847103777,0.9897845340271427,0.2627846598625183
1602,741,0.047347905157025846,0.00020907496660017995,0.9881934623871061,0.04678888991475105
1603,737,-0.007430880904207802,0.00015451026147255905,0.9912477825582823,-0.007365844212472439
1604,748,0.07485042602809913,0.00018929663316392378,0.9892983993946601,0.07404940575361252
1605,712,0.07145692424827747,0.0002148698040105501,0.9878701951758144,0.07059016823768616
1606,723,0.1307653530718524,0.00022995279719943942,0.9870297754947426,0.12906929850578308
1607,717,0.06966543574317396,0.00016072469043684046,0.9908989705909556,0.06903140991926193
1608,746,0.1371890600688316,0.0001372386235167193,0.9922185196539227,0.13612152636051178
1609,695,0.07739239945779923,0.00019257769839309887,0.9891149283769457,0.07654997706413269
1610,560,0.003954163664353213,0.0002741405835611006,0.9845758564893412,0.003893173998221755
1611,767,0.07196792046207998,0.00014479619154991676,0.9917935193868644,0.07137731462717056
1612,621,-0.01206916132296965,0.00022671052078335915,0.9872103134493299,-0.011914800852537155
1613,739,-0.03239303965912943,0.00014602527022278196,0.9917244364954925,-0.032124970108270645
1614,702,0.02716513546422506,0.00014177182981556276,0.991963550836614,0.02694682404398918
1615,231,0.008971153020665243,0.0007786343505798011,0.9574003826009889,0.008588985539972782
1616,473,-0.12923478617886155,0.0003692916522202331,0.9793329542071738,-0.1265638917684555
1617,682,0.03603014712224652,0.00020583549694019954,0.98837426964786,0.03561127185821533
1618,719,0.022782521124188278,0.00021674092639094655,0.9877658590684495,0.022503796964883804
1619,685,0.06283900353676863,0.00022296812796528405,0.9874187812481943,0.06204841285943985
1620,757,0.20725131061179083,0.0001951580576150415,0.9889706873224794,0.2049654722213745
1621,720,0.029586721330674158,0.00019091805511176594,0.9892077240123872,0.029267413541674614
1622,707,0.09929104823529551,0.00020184205141941157,0.988597250276591,0.09815885871648788
1623,708,0.17049224851232042,0.00020380718876510643,0.9884875110142851,0.1685294657945633
1624,752,0.14192203099423267,0.00020583811695448425,0.9883741233880519,0.14027206599712372
1625,385,0.1145012909163231,0.00036562492661729027,0.9795339591880011,0.11215790361166
1626,766,-0.12436583352228991,0.00011418167075997122,0.9935173823711774,-0.1235596165060997
1627,676,0.11962223224088374,0.00024022168023920634,0.9864584142412608,0.11800235509872437
1628,753,0.025383954986454956,0.0001896945144664778,0.989276146991604,0.025111740455031395
1629,768,0.029406600220681867,0.00018515394285675078,0.9895301481165217,0.029098717495799065
1630,674,0.06506653521928484,0.0002027869811663758,0.9885444794767348,0.06432116776704788
1631,553,0.21007745379369847,0.0002202127754172077,0.98757232283019,0.20746667683124542
1632,745,0.12216815307186354,0.00018443894971365831,0.9895701569638542,0.12089395523071289
1633,663,0.1993310578633802,0.0002170976001227408,0.9877459729992087,0.19688844680786133
1634,703,0.10591175062992579,0.00015917892426726727,0.9909857105295139,0.10495702922344208
1635,746,-0.01744529843110661,0.00019027088321410743,0.9892439140537077,-0.017257655039429665
1636,683,-0.012579474925427625,0.00021297119289075383,0.9879760866216467,-0.012428220361471176
1637,721,-0.00784637810256792,0.00017025145249964277,0.9903647158343423,-0.007770775817334652
1638,547,0.11195519008934225,0.00027957588050919914,0.9842748558685539,0.11019467562437057
1639,700,0.26177449679168474,0.00020238348892021054,0.9885670123236086,0.25878164172172546
1640,688,0.13765168875499173,0.0001717050119897296,0.9902832517938365,0.13631416857242584
1641,740,0.041983073111623526,0.00018959060618424557,0.9892819581984528,0.04153309762477875
1642,745,0.08117549133130768,0.00019612402678480508,0.9889167008515354,0.08027579635381699
1643,659,0.08406779775184003,0.0002044635360958431,0.9884508640050266,0.08309688419103622
1644,694,0.013918479045675879,0.00023299424605923016,0.9868604801279556,0.013735597021877766
1645,731,0.010274573875191111,0.00022657420703642902,0.9872179051819793,0.010143243707716465
1646,728,0.09121105278545356,0.0002285887371572637,0.9871057216780417,0.09003495424985886
1647,688,0.022679872026052435,0.0003150889570019286,0.9823127023200174,0.02227872610092163
1648,721,0.10668103275084338,0.00027967105194462715,0.9842695870211705,0.10500289499759674
1649,675,0.01369365910689036,0.00020492596122152223,0.9884250462311428,0.013535155914723873
1650,424,0.0031377377322400514,0.0003695764207245395,0.9793173470317176,0.003072841092944145
1651,677,0.15715626413429065,0.00022561636514733166,0.9872712536415804,0.15515586733818054
1652,785,0.009795716767952701,0.00014853982005927916,0.9915831310383443,0.009713267907500267
1653,689,0.009810805466723546,0.00018249562253307188,0.9896789160063216,0.009709547273814678
1654,724,0.146966308620321,0.00017456806619272616,0.9901228324918491,0.14551469683647156
1655,715,-0.018647127211667024,0.00022934394435942344,0.9870636728879832,-0.01840590126812458
1656,725,0.06286718346949281,0.00015503160840420842,0.9912185102482142,0.062315117567777634
1657,434,0.016968637234896146,0.0004696029616407946,0.9738658425431077,0.01652517542243004
1658,767,0.15045597242140435,0.00016051555006162027,0.9909107055160846,0.14908842742443085
1659,705,0.2317270695542296,0.00020476801927901358,0.9884338641759336,0.22904688119888306
1660,725,-0.05466518677257258,0.00018114409176871865,0.9897545690337253,-0.05410511791706085
1661,735,0.2079638128263914,0.00015630185962218452,0.9911471960961379,0.2061227560043335
1662,705,0.1317057304465747,0.00022003593037894036,0.9875821791225352,0.13007023930549622
1663,781,0.2505363338393196,0.0001716644380691417,0.9902855255578189,0.24810250103473663
1664,674,0.07439258833794415,0.0001737215356362563,0.9901702588891064,0.07366132736206055
1665,750,0.09149533178688338,0.00020607681851540606,0.9883607982818329,0.09043040126562119
1666,666,0.04792662690234211,0.00015993024452914126,0.9909435486511866,0.047492582350969315
1667,671,0.15283700779785475,0.00021993058526543008,0.987588050527138,0.15094000101089478
1668,749,-0.011269070745230677,0.00020840627561350634,0.9882307791844895,-0.011136442422866821
1669,694,0.12819608765109428,0.00021079109422042188,0.9880977055063016,0.1266702562570572
1670,744,0.03285035383023863,0.00017435556435962498,0.9901347373601738,0.032526277005672455
1671,702,0.25929318341370833,0.00018005653481473785,0.9898154543123499,0.2566524147987366
1672,699,0.06779786287866885,0.00017678237605275884,0.9899987985118501,0.06711979955434799
1673,683,0.19198279360808312,0.00023020343331518102,0.9870158222066012,0.18949005007743835
1674,615,0.1291862207517876,0.00021655184193635426,0.9877764016513675,0.12760710716247559
1675,562,0.03686587547459159,0.00029017411420276837,0.9836884666125566,0.036264535039663315
1676,427,0.10979554501407948,0.00034152150785774865,0.9808573329775446,0.10769376903772354
1677,702,0.14743870476319154,0.0002286039781612948,0.9871048730466636,0.14553746581077576
1678,705,-0.003914977898094671,0.00022185384896391026,0.9874808685179794,-0.003865965874865651
1679,705,0.10471012485312654,0.00023763653668471292,0.9866021894688587,0.10330723971128464
1680,693,0.042503324653120095,0.00019171599835729963,0.989163106438248,0.042042721062898636
1681,709,-0.024669511679806896,0.00021622616331716768,0.9877945606989854,-0.02436840906739235
1682,703,0.13811674521266248,0.00020189646842501418,0.9885942111370289,0.13654141128063202
1683,740,0.10824816580232535,0.00020430108103161335,0.9884599343948566,0.106998972594738
1684,656,0.21296317073148846,0.00019167166925621216,0.989165585026432,0.2106558382511139
1685,725,0.1396752853897111,0.00019351138039227575,0.9890627310668917,0.13814762234687805
1686,687,0.1264608291247548,0.00023267972660520305,0.986877984449155,0.124801404774189
1687,703,0.2399750522074222,0.00016191030383534434,0.9908324507441936,0.2377750724554062
1688,772,0.15714636824812758,0.00018144011089425165,0.9897379981346128,0.15553373098373413
1689,733,0.058070282852035755,0.0001709116890572006,0.9903277115336655,0.05750861018896103
1690,275,0.2575099993564866,0.0006134871469638796,0.9661296698154114,0.2487880438566208
1691,743,-0.01682509983056833,0.0002203015789455555,0.9875673735230263,-0.016615919768810272
1692,724,0.07985088842385835,0.00020991123982419378,0.9881467975044507,0.0789043977856636
1693,787,-0.023905493443585658,0.0001890320571673174,0.989313196954063,-0.023650020360946655
1694,666,0.026443976209731074,0.0002028761057155815,0.9885395024940197,0.026140915229916573
1695,643,0.11870291745826068,0.00026180972543894253,0.9852594085802026,0.11695316433906555
1696,682,0.04531203359611267,0.00022297965348111223,0.9874181390909319,0.0447419248521328
1697,674,-0.06861101430550616,0.00019131375376124375,0.9891855977328988,-0.06786902993917465
1698,711,0.011613496365719874,0.00021611055248193115,0.9878010070385175,0.011471823789179325
1699,701,0.18214556843722599,0.00017077707507250376,0.9903352560237912,0.18038517236709595
1700,761,-0.05640226009983506,0.00018758385257083336,0.9893942019169667,-0.055804070085287094
1701,739,0.08436503385714128,0.00017496626326536183,0.9901005252964227,0.08352986723184586
1702,669,0.22195474141359509,0.0002179470161801782,0.9876986176849586,0.21922439336776733
1703,756,0.06823793435888119,0.00022209809217547637,0.9874672586961586,0.06738272309303284
1704,696,0.19235915091589906,0.00019622495101854616,0.988911060697707,0.19022609293460846
1705,771,-0.04869278069542076,0.0002050578253935621,0.9884176843364054,-0.04812880605459213
1706,690,-0.009990322583125552,0.00023547814471669426,0.9867222626068417,-0.00985767412930727
1707,744,-0.10313048408121392,0.00016010674372300224,0.9909336445571022,-0.10219546407461166
1708,751,0.14875956397062134,0.00021472655558762063,0.9878781837940832,0.14695632457733154
1709,644,0.09634286595178733,0.0002450281764419827,0.986191207719412,0.09501248598098755
1710,763,0.025386819066687306,0.0001824755508782825,0.9896800394488259,0.02512482739984989
1711,722,-0.07049225009152268,0.00019574822949741278,0.9889377028600063,-0.06971244513988495
1712,717,-0.03441994371362851,0.0001980851186190703,0.9888071166951341,-0.03403468430042267
1713,741,0.19846660662040255,0.00017483337236238767,0.9901079697982735,0.19650337100028992
1714,713,0.19255294499665415,0.0001721221030425483,0.9902598786014454,0.1906774491071701
1715,742,-0.005724249135281118,0.0002322103049647126,0.9869041108790182,-0.005649284925311804
1716,723,0.07686100396511877,0.0002255014844301115,0.987277652484945,0.07588315010070801
1717,667,0.18674693983802196,0.000195926753286591,0.9889277256726831,0.18467922508716583
1718,720,-0.10435295812009523,0.00022552645515673997,0.987276261611152,-0.10302519798278809
1719,720,-0.01648034739256319,0.00017444274011460347,0.9901298535282171,-0.016317684203386307
1720,650,0.2345471188913171,0.00021140689059178004,0.9880633496838972,0.23174741864204407
1721,718,-0.04451347483986143,0.00020441499824061513,0.9884535740124839,-0.043999504297971725
1722,736,0.14113454184110236,0.00018737463839524823,0.9894059053563226,0.13963934779167175
1723,731,0.2010433666800466,0.00015735029666777146,0.9910883427140563,0.19925174117088318
1724,779,-0.17099875514903637,0.00014057341069752678,0.9920309428147503,-0.1696360558271408
1725,758,0.14957142560705936,0.00022067776287291942,0.9875464081291412,0.1477087289094925
1726,666,0.19652527295243186,0.00018875250954571024,0.9893288323474514,0.19442811608314514
1727,737,0.16985563183294325,0.0002648060865027162,0.9850932202177779,0.16732363402843475
1728,640,0.19328871982870624,0.00021344081294327158,0.9879498923379739,0.19095957279205322
1729,639,-0.09055296982112392,0.00026690724861208934,0.9849767160673004,-0.08919256925582886
1730,752,-0.03252082287353721,0.00019514535531675085,0.9889713972728666,-0.03216216340661049
1731,691,-0.020518567272921548,0.00014224681354114806,0.9919368431047103,-0.020353123545646667
1732,701,-0.0013022446545231528,0.00020681442494868834,0.9883196249351464,-0.0012870338978245854
1733,756,0.002177087391761166,0.0001599916222019562,0.9909401044756311,0.0021573631092906
1734,671,0.1534033562913787,0.00021260438355457186,0.9879965473355741,0.15156199038028717
1735,569,-0.005830655892515434,0.0002801097957942882,0.984245298168592,-0.005738795734941959
1736,673,-0.19814467498476315,0.00017363829809825023,0.9901749224705904,-0.19619788229465485
1737,743,-0.04280575575660488,0.00024470217431354506,0.9862093265101728,-0.042215436697006226
1738,674,0.1806790925163737,0.00022335329602155674,0.9873973216229837,0.17840205132961273
1739,726,0.195853770740674,0.000227877069787216,0.9871453495151895,0.1933361440896988
1740,722,-0.228840616727738,0.00013717804259754328,0.9922219278969154,-0.22706067562103271
1741,764,0.04094380710800593,0.00018161538995884328,0.989728186423061,0.040523238480091095
1742,393,0.1746186317198225,0.00040823605689297614,0.9772031541195196,0.17063787579536438
1743,715,0.1513160740728718,0.000208036758237942,0.9882514015852534,0.1495383232831955
1744,712,-0.011134817343456357,0.00018659037327679154,0.9894497796053809,-0.011017343029379845
1745,695,0.16798086330523251,0.00023899928225239932,0.9865263938497603,0.16571755707263947
1746,748,0.13987746573411886,0.00019951279983221277,0.9887273543489156,0.13830067217350006
1747,719,0.10312651086246312,0.00021176893912999505,0.9880431517919961,0.10189343988895416
1748,690,0.17263968672765337,0.00023994938127441378,0.9864735564337395,0.17030449211597443
1749,620,-0.016796424780641833,0.0002449336933933957,0.9861964589006228,-0.01656457409262657
1750,649,0.11757801398950612,0.00023171074547376005,0.9869319161997319,0.11604149639606476
1751,743,0.005582310347711294,0.0001892540662536238,0.9893007801037423,0.005522584076970816
1752,716,0.06731992101104274,0.0001679030715651471,0.9904963580340332,0.06668013334274292
1753,716,0.011616320999640993,0.00022984829039382734,0.987035593661759,0.011465722694993019
1754,706,0.06891962221266949,0.00027376910442698354,0.9845964353064818,0.0678580179810524
1755,686,-0.0816457052430024,0.0002482098482611052,0.9860144093269775,-0.08050384372472763
1756,743,0.08728379523193572,0.0001638706362734412,0.9907224842170165,0.08647401630878448
1757,759,0.04187445893726644,0.00019428392116531363,0.9890195464904126,0.04141465947031975
1758,747,0.06837748578678532,0.00018935722863631986,0.9892950103925192,0.06764550507068634
1759,678,0.057942578912462635,0.0002591117727749045,0.9854090941810485,0.057097144424915314
1760,724,-0.024374394659570402,0.00019073075718568653,0.9892181974947778,-0.024111595004796982
1761,751,0.05902981662629209,0.0001699083177016912,0.9903839486140681,0.05846218392252922
1762,694,0.07629256636730962,0.00023541630126794132,0.9867257034399726,0.0752798393368721
1763,739,0.11329033404603822,0.00015109690357380964,0.991439476684767,0.11232051253318787
1764,529,0.20893108290452897,0.0002991537502043965,0.9831921791890861,0.2054194062948227
1765,708,0.06396950653485828,0.00017896534406343394,0.9898765505526101,0.06332191079854965
1766,716,-0.01865956718466302,0.00017144310307747675,0.9902979293626266,-0.018478531390428543
1767,682,0.04861169879644279,0.0001970964815480405,0.9888623578644034,0.048070278018713
1768,756,0.13332752468527626,0.0002038600209051024,0.9884845610427727,0.13179220259189606
1769,725,0.14406218659196948,0.0001615516303351911,0.9908525734833145,0.14274439215660095
1770,637,0.12986530418386405,0.0002099241356720405,0.988146077937743,0.12832589447498322
1771,747,0.10610239017739832,0.00012946374752065065,0.9926561205142354,0.1053231880068779
1772,50,0.20623656023293735,0.002568838973812636,0.8719943613378585,0.17983712255954742
1773,691,0.1302797351593176,0.0001975307020485735,0.9888380945625856,0.12882556021213531
1774,722,0.11215745140682297,0.00019967913041915906,0.9887180625526147,0.11089209467172623
1775,670,0.17307243825270058,0.0002323616664210939,0.9868956864582694,0.1708044409751892
1776,682,-0.049672032658644345,0.0001700332679720587,0.9903769450378777,-0.049194034188985825
1777,708,0.24116560623265465,0.0001636536323530804,0.9907346560363256,0.23893111944198608
1778,647,0.07338618061906864,0.00022231588596877195,0.9874551230162318,0.07246556133031845
1779,760,-0.044048294944590644,0.00018736276530378505,0.989406569545269,-0.04358167201280594
1780,707,-0.029064853719133973,0.0001756039506350592,0.9900648038306938,-0.02877608872950077
1781,727,-0.016675654414431428,0.00016215663488186393,0.9908186312521363,-0.016522549092769623
1782,733,-0.1633745398560455,0.00017291986086255803,0.9902151764552712,-0.16177594661712646
1783,634,0.07486439691944641,0.00022269539740303926,0.9874339769863268,0.07392364740371704
1784,675,0.12875672409517896,0.00022619908764566325,0.9872387973396523,0.12711364030838013
1785,739,-0.013907695404620632,0.00020548407092894346,0.9883938880633416,-0.013746281154453754
1786,750,-0.0285651553918918,0.0001624445198369338,0.9908024810202805,-0.028302427381277084
1787,636,0.13558699268519692,0.00024667275148067914,0.9860998144444075,0.13370230793952942
1788,592,0.07402174235353046,0.0002668146253904726,0.9849818512111967,0.07291007041931152
1789,744,0.009799509654722868,0.0001721227644193578,0.9902598415397009,0.009704060852527618
1790,725,-0.04249092919816231,0.0002100160990872608,0.9881409465636066,-0.04198702797293663
1791,744,0.08996188361948777,0.00021644477280888315,0.9877823714918103,0.08886276185512543
1792,772,-0.04036631597292856,0.00019137833662153094,0.9891819865473684,-0.03992963209748268
1793,733,0.12645428139325054,0.00023000763697734715,0.9870267224484128,0.1248137578368187
1794,708,0.2214504080971882,0.0002344076380061997,0.9867818266275693,0.21852323412895203
1795,643,0.14013416990768135,0.00025629123542678,0.985565629561429,0.1381114274263382
1796,760,-0.16621689696085493,0.00016839744427550582,0.9904686422833766,-0.1646326184272766
1797,752,-0.05268413677038823,0.00020199896719584409,0.9885884867259811,-0.05208292976021767
1798,684,0.14936256592505073,0.000185616757186804,0.9895042521553455,0.14779488742351532
1799,710,0.07997065153707501,0.0001934073731397546,0.9890685452993953,0.07909645885229111
1800,737,-0.1856355265723074,0.00012154779292319025,0.993102058578155,-0.1843550205230713
1801,703,0.08086315587369637,0.0001893468184939831,0.9892955926124966,0.07999756187200546
1802,381,0.19936217718422805,0.0004368305387959745,0.975645261304994,0.19450676441192627
1803,763,0.048661913971757204,0.0001984945764722884,0.9887842396006087,0.048116132616996765
1804,759,-0.12678728246023296,0.0001887548300390613,0.9893287025577762,-0.1254342943429947
1805,681,0.010649566835396966,0.0002377769234730052,0.9865943806473944,0.010506803169846535
1806,714,0.1413797989486996,0.0002471639764372749,0.9860725190924804,0.13941073417663574
1807,739,0.19489542361574452,0.00020937125598626533,0.9881769286387612,0.19259116053581238
1808,655,0.2817841464369238,0.00020129077308556222,0.9886280397165128,0.2785797119140625
1809,654,0.2690578851541248,0.0002271247390184745,0.9871872450757635,0.2656105160713196
1810,795,0.1547487823667485,0.00018393722620368703,0.9895982338212035,0.1531391143798828
1811,669,0.11647950237413648,0.00021692911623313708,0.9877553665889397,0.11505325138568878
1812,696,0.039123102589028666,0.00021863284320589512,0.9876603858433383,0.0386403389275074
1813,739,0.08478964115738748,0.00016900324592281015,0.9904346816671151,0.08397860080003738
1814,714,0.20135443966055722,0.00019573641645205363,0.9889383630646473,0.19912712275981903
1815,742,0.17138460542469452,0.00014622865184049823,0.9917130059419207,0.16996434330940247
1816,699,-0.06003734749476712,0.0001777260592704774,0.9899459477899226,-0.05943372845649719
1817,762,0.043319326646997544,0.00015807953350845257,0.9910474115644142,0.042931508272886276
1818,725,-0.023142588606168486,0.0001571654173199421,0.9910987202973143,-0.022936590015888214
1819,693,0.0002514285829676178,0.00021108682360594368,0.9880812062050135,0.00024843186838552356
1820,747,0.10864075859902624,0.00020226550751219042,0.9885736011375,0.10739938914775848
1821,706,0.0951450432917214,0.00022064667138086381,0.9875481408790953,0.09396030753850937
1822,721,0.1755082096940684,0.00021935972861396284,0.9876198684081198,0.17333538830280304
1823,748,0.05541646269145098,0.00019884792976479482,0.9887644980125703,0.054793830960989
1824,697,0.171663900436446,0.00017947262081810677,0.9898481469704645,0.16992118954658508
1825,708,-0.022223864526798327,0.00021615736904179026,0.987798396585856,-0.02195269800722599
1826,701,0.0008791950484804182,0.0001966459060744367,0.9888875363055757,0.0008694250136613846
1827,739,0.07028718892252073,0.00017980809448349532,0.9898293639304346,0.0695723220705986
1828,693,0.060615899695774265,0.00023666639987122092,0.9866561553698227,0.059807050973176956
1829,683,-0.03978805976891195,0.00021161488569014546,0.9880517459937534,-0.039312660694122314
1830,766,0.08616940261839887,0.00017652971465646227,0.9900129497023478,0.08530882745981216
1831,752,0.016235808071561476,0.0001724294446659618,0.9902426563178118,0.01607738994061947
1832,725,0.02831636874197886,0.00020498794401199177,0.9884215857568303,0.027988510206341743
1833,694,0.1343227971683361,0.000190486543488719,0.9892318539740587,0.13287639617919922
1834,729,0.16154525201609268,0.00018971818866389445,0.9892748229906394,0.15981264412403107
1835,734,0.004766457959024961,0.00017851272569170484,0.9899018950633824,0.004718325566500425
1836,726,0.060341208266253395,0.00023177020818521992,0.9869286064421745,0.05955246463418007
1837,729,0.0763236480421388,0.00019451782425754835,0.989006472188353,0.07548458129167557
1838,754,0.13219934306601533,0.00018570143626740423,0.9894995142331268,0.1308111846446991
1839,709,0.09496017690480008,0.00021919168170754586,0.9876292352420386,0.09378544986248016
1840,740,-0.0790677964158759,0.00018804027788056428,0.9893686704495664,-0.078227199614048
1841,768,0.025913794182997663,0.00016808999675446172,0.9904858783655858,0.02566724643111229
1842,658,0.17841521940140287,0.00019378095243481556,0.9890476617193218,0.17646116018295288
1843,694,-0.10195833239006549,0.0002002689967100578,0.9886851120090383,-0.10080468654632568
1844,779,-0.15757869138347705,0.00016506759350868143,0.9906553518768976,-0.15610617399215698
1845,764,-0.05323621620550869,0.000151653958368704,0.991408187433709,-0.05277882143855095
1846,696,0.017353404607709455,0.00022971001505135786,0.9870432919169014,0.017128560692071915
1847,729,-0.012405596852343432,0.0002458779306995092,0.9861439825692996,-0.012233704328536987
1848,752,0.027773854071943167,0.00017600204736849362,0.9900425048701671,0.027497295290231705
1849,665,0.06961143554601454,0.00021879702286967627,0.9876512339879272,0.06875181943178177
1850,769,0.1010222849573865,0.00022698941538835886,0.9871947813131196,0.09972867369651794
1851,735,0.05165809684870194,0.00023233219837426206,0.9868973265688002,0.05098123848438263
1852,607,0.07067659308388216,0.00022331287605203677,0.9873995735764098,0.06978603452444077
1853,706,-0.052133781160030084,0.00020017799751306415,0.9886901951754087,-0.05154415965080261
1854,693,0.02353220884093523,0.0002490853043168581,0.9859657733107671,0.023201951757073402
1855,593,0.06438570018405405,0.00030537564110733626,0.982848600693857,0.06328139454126358
1856,688,0.0030070798807279313,0.00021875521827196702,0.9876535642825718,0.0029699532315135
1857,692,0.025317519833199208,0.00019413655245063455,0.9890277840241292,0.025039730593562126
1858,740,0.0380578679567505,0.0002283260678490682,0.987120347545929,0.03756769746541977
1859,696,0.04743153819461064,0.00015476379685348246,0.9912335469726908,0.047015730291604996
1860,743,0.17879035196005094,0.00019151652885252967,0.9891742595426691,0.17685481905937195
1861,764,0.06406312722119098,0.00021106455908151517,0.9880824483657265,0.06329964846372604
1862,724,0.20876546027601917,0.0001620417282858772,0.9908250776136343,0.2068500518798828
1863,702,-0.009728662132357176,0.0002537976330660145,0.9857040619902689,-0.00958958175033331
1864,453,0.19651342468299218,0.00029379021403904033,0.9834885513999703,0.19326870143413544
1865,702,0.07546151979385936,0.00021753618915211874,0.9877215209032725,0.07453496754169464
1866,617,0.002132572834432801,0.00029660711114258976,0.9833328762137503,0.0020970290061086416
1867,782,-0.056499164351416976,0.0001497300987358948,0.9915162572132008,-0.05601983889937401
1868,661,-0.0405592722409657,0.00021153947635838994,0.9880559529196664,-0.04007482901215553
1869,761,-0.04580721651594327,0.00023898287524296995,0.9865273063348778,-0.04519006982445717
1870,711,-0.012922575350185404,0.00017539860696346387,0.9900763063283903,-0.01279433537274599
1871,721,-0.04322755446298443,0.00018220270651750782,0.9896953112354884,-0.04278210923075676
1872,715,-0.025414728876073045,0.00020938545344970324,0.9881761363958291,-0.025114228948950768
1873,738,0.19291242651146367,0.00016129834691180672,0.9908667839919176,0.1911505162715912
1874,735,0.1697245031379822,0.0001662597185747304,0.990588499595278,0.1681271344423294
1875,726,0.02328114662917213,0.00020215775516434177,0.9885796187739384,0.02301526628434658
1876,653,0.08000801025018392,0.00024290960090499815,0.986308967395864,0.07891261577606201
1877,725,-0.09980341800071042,0.0001936268666741829,0.9890562752116729,-0.09871120005846024
1878,678,0.17197075719151173,0.00020254934103725898,0.9885577502608011,0.1700030267238617
1879,686,0.1551365394704587,0.00022130743535637718,0.9875113173627852,0.15319909155368805
1880,715,0.06007457280700857,0.00024127226877629015,0.9863999967309067,0.05925755947828293
1881,744,0.02375555824067804,0.0001780183253873416,0.989929580649967,0.023516329005360603
1882,717,0.15704671278429663,0.00017765344008885994,0.9899500146070274,0.1554683893918991
1883,724,0.2233684646436502,0.00017409145549371767,0.9901495337787145,0.2211681753396988
1884,662,-0.06439977394715177,0.00020829150808031305,0.9882371841553275,-0.06364224851131439
1885,654,0.12158066167180008,0.00023661776897105583,0.9866588607213297,0.11995863914489746
1886,660,0.13509942271154035,0.00022494660349225965,0.9873085604603001,0.1333848237991333
1887,725,0.04898870831162765,0.00021086704294384818,0.988093468130909,0.048405423760414124
1888,763,0.1303559648493112,0.00019846215822321141,0.9887860508237726,0.1288941651582718
1889,714,0.048482188366677,0.00017048873618470068,0.9903514164692866,0.04801440238952637
1890,757,0.18962503756707733,0.00018466893541943942,0.9895572873084699,0.1876448392868042
1891,766,-0.14019213238482997,0.000168814843807343,0.9904452430461074,-0.13885262608528137
1892,720,-0.07238328637839812,0.0001892441198845352,0.9893013363922152,-0.07160887867212296
1893,730,0.008698035151480812,0.0001931034890319862,0.9890855334761607,0.008603100664913654
1894,709,-0.016319989176842742,0.0002524063818960074,0.9857813142537568,-0.016087939962744713
1895,699,0.16472994518241124,0.00023267114247663018,0.9868784622004665,0.16256843507289886
1896,663,0.21055349542830998,0.0002042548542464365,0.988462515415686,0.20812423527240753
1897,726,0.29386097436883685,0.00017152693158563375,0.9902932315038024,0.29100853204727173
1898,550,0.23921520418826153,0.0002501308876016726,0.9859076921525051,0.23584410548210144
1899,464,0.048609114747799546,0.00041554840428318664,0.9768042874240223,0.04748159274458885
1900,753,0.10916124389273119,0.00018230581163076955,0.9896895401269896,0.10803574323654175
1901,718,0.15781234592863444,0.00015087973824083332,0.9914516751951191,0.15646331012248993
1902,699,0.13839583403067143,0.00019500667176568527,0.9889791485695931,0.1368705928325653
1903,675,0.23104694034352347,0.0002506301404086308,0.9858799615470172,0.22778454422950745
1904,771,0.06236075417920174,0.00025191184853621726,0.9858087772171528,0.06147577986121178
1905,700,0.1463246650993824,0.0002469157721319374,0.986086310596754,0.14428874850273132
1906,704,0.05621189309617462,0.00021240458417832043,0.9880076925498742,0.05553778260946274
1907,762,-0.19155927799431866,0.0001402502608226906,0.9920491164131942,-0.19003620743751526
1908,642,0.18139881374621966,0.0002370067869455974,0.9866372199504948,0.17897482216358185
1909,624,0.16635456457972908,0.00023759651651908116,0.9866044155580145,0.16412614285945892
1910,702,0.13488353962978172,0.00020843769919674907,0.9882290255049682,0.13329583406448364
1911,474,0.09140630594340747,0.00037117139264191025,0.9792299413398272,0.08950778841972351
1912,713,0.04227237076319618,0.00019112511300578883,0.9891961458336569,0.04181566461920738
1913,755,0.19842555195043812,0.00017408389958819393,0.9901499570967985,0.19647105038166046
1914,737,0.041892019579417024,0.00021635806386391987,0.9877872061648916,0.04138040170073509
1915,788,0.0019502015729720803,0.00019606888263256814,0.9889197826113165,0.0019285929156467319
1916,698,-0.14994496894589382,0.00017981933879182853,0.9898287343783316,-0.1484198421239853
1917,705,0.11590502800829444,0.0002135194903557713,0.9879455040358646,0.11450785398483276
1918,737,0.06251707926058947,0.00022544467854301503,0.9872808165972816,0.061721913516521454
1919,688,0.19121364704576907,0.00017409836382487601,0.9901491467411704,0.18933002650737762
1920,717,0.06062288628306598,0.00022246292082596427,0.9874469302610382,0.05986188352108002
1921,742,0.029543367988929516,0.0001865710467550885,0.989450860840711,0.029231710359454155
1922,702,0.06534879879271936,0.0002116216525095294,0.9880513684890725,0.06456796824932098
1923,710,0.12515346267273728,0.00021912070211874742,0.98763319165518,0.12360571324825287
1924,755,0.00676202881797556,0.0002529308714539594,0.9857521894021773,0.006665684748440981
1925,695,0.19044846940397037,0.00021545390569399923,0.987837622574343,0.1881321668624878
1926,661,0.1532238432714848,0.00024757172654229093,0.9860498632426755,0.15108634531497955
1927,799,-0.015381287973378791,0.00018455968283726592,0.989563400877477,-0.015220759436488152
1928,701,0.11919485637320261,0.00019717372443763638,0.9888580416118374,0.11786679178476334
1929,663,0.2746758304668385,0.0002449882708495355,0.9861934255865942,0.2708835005760193
1930,717,0.08309468288608467,0.0002226694210031538,0.9874354243386891,0.0820506364107132
1931,711,0.08996119399970258,0.00020266807636673803,0.9885511195561785,0.08893124014139175
1932,746,0.14254477853891775,0.00023965985461537584,0.986489657145887,0.1406189501285553
1933,722,-0.01314873406224964,0.00024489756543023735,0.9861984668362321,-0.012967261485755444
1934,722,0.14971310474556404,0.00020335750421996936,0.9885126206209407,0.1479932963848114
1935,674,-0.03741511353222482,0.00019022120628525184,0.9892466921114944,-0.03701277822256088
1936,724,0.14266867748878442,0.00022715661707443268,0.9871854697884028,0.14084044098854065
1937,708,0.028279620566073867,0.00018728554907887653,0.9894108890960424,0.02798016369342804
1938,739,0.2322983057194053,0.00017856746998593762,0.9898988295700903,0.22995181381702423
1939,648,0.23668244846860798,0.00022850576560366653,0.9871103416265569,0.2336316853761673
1940,747,-0.0820579081649083,0.00024248654399022397,0.9863324861146643,-0.08093637973070145
1941,755,0.1828488931022831,0.00017613983043477242,0.9900347873338261,0.18102677166461945
1942,543,0.1403805790812079,0.00028402384795656445,0.9840286693395723,0.1381385177373886
1943,755,0.02344151989908408,0.00017836415310102096,0.9899102147161385,0.023205000907182693
1944,732,0.04702027846392386,0.00024367900412420703,0.9862661973543332,0.04637451097369194
1945,736,0.15482682748647084,0.00015349034638661814,0.9913050532075945,0.1534806191921234
1946,696,-0.1099586974476175,0.0001910034088049555,0.9892029512066052,-0.10877146571874619
1947,317,0.005936028356502297,0.0005621221989531483,0.9688772449101272,0.005751282908022404
1948,727,0.019339597785263802,0.00021734523620321524,0.9877321667111908,0.019102342426776886
1949,683,0.2014184802399722,0.00021590634048826261,0.987812393891757,0.19896367192268372
1950,698,0.03362606535598977,0.00024565873071959377,0.9861561641900718,0.03316055238246918
1951,675,0.1393024832210331,0.00023830503653429725,0.9865650061938943,0.13743095099925995
1952,454,0.10560845070834464,0.00029741779067163213,0.9832880833236822,0.10384353250265121
1953,668,0.255062500926705,0.00015709240068164716,0.9911028189017272,0.25279316306114197
1954,774,0.07064381937883814,0.00022175780463492756,0.9874862204427939,0.069759801030159
1955,571,0.036843812298649456,0.00026050138940051314,0.9853319909294854,0.036303386092185974
1956,745,-0.14522146825872412,0.00016371703650409824,0.9907310996462865,-0.14387542009353638
1957,151,0.020657333588560686,0.0008729422024858454,0.9524858916059813,0.01967581920325756
1958,719,0.14601449139405856,0.00019509926886478502,0.988973973121928,0.14440453052520752
1959,674,-0.006956526253770384,0.0002522629804414748,0.985789277621484,-0.006857668980956078
1960,758,-0.033186630876661134,0.00015469615348133909,0.9912373449943745,-0.032895829528570175
1961,669,0.24194736172575976,0.000202224589781481,0.9885758862579873,0.23918332159519196
1962,776,0.2620109625991203,0.00016988905415596376,0.9903850283621227,0.2594917416572571
1963,770,0.04246136310764335,0.00019947605843945399,0.9887294068725112,0.041982799768447876
1964,689,0.15329216664767836,0.00022743559214343076,0.9871699339530383,0.15132541954517365
1965,777,0.044819707065302895,0.0001860486394243036,0.9894800881674691,0.044348206371068954
1966,721,-0.02102707187295084,0.00019909782645212982,0.988750536944696,-0.020790528506040573
1967,730,-0.0034246964456692134,0.00021893022658282262,0.9876438089473701,-0.0033823803532868624
1968,668,0.15424226024634244,0.0001902366881103923,0.9892458263275377,0.152583509683609
1969,738,0.08166882358390465,0.0002048174515259884,0.9884311043422289,0.08072400838136673
1970,747,-0.009572009630800491,0.0002137408671030648,0.9879331567615982,-0.009456505998969078
1971,722,0.2667626578391754,0.0001629997433460046,0.99077133468836,0.26430079340934753
1972,745,-0.18072515926605104,0.00014094216242479745,0.9920102054310004,-0.17928120493888855
1973,743,-0.047764037867373765,0.0001818601557940731,0.9897144853303181,-0.047272760421037674
1974,737,-0.016578686208776332,0.00020527480102557066,0.9884055709604554,-0.01638646610081196
1975,743,0.09633827280543975,0.0002715501645753328,0.9847193757611888,0.09486616402864456
1976,716,-0.08704500735929892,0.0002209866834858774,0.9875291921040583,-0.08595948666334152
1977,671,0.02516663242992008,0.0002775504868600562,0.9843869983718047,0.02477370575070381
1978,717,0.11762199045069298,0.0002535775186649361,0.985716283517425,0.11594191193580627
1979,723,-0.01149321373495406,0.0002115143970956823,0.9880573520462246,-0.011355954222381115
1980,779,-0.05835343920296974,0.00019156872630769113,0.9891713409586231,-0.05772155150771141
1981,698,-0.10607262002971334,0.00016927540683344015,0.9904194253649724,-0.10505638271570206
1982,734,0.17126233849359793,0.00017590608686211568,0.990047879902883,0.16955791413784027
1983,729,0.06688990829888072,0.00020635759974724582,0.9883451246098608,0.06611031293869019
1984,755,-0.001105457524590145,0.00021155274328367283,0.9880552127835811,-0.0010922530200332403
1985,751,0.08790709137589175,0.00023092319627933942,0.9869757541169187,0.08676216751337051
1986,740,0.07626810786691872,0.00019292842609381386,0.9890953203671886,0.07543642818927765
1987,726,0.12913649089822993,0.00024147157359743346,0.9863889152553672,0.12737880647182465
1988,757,-0.010409557832653488,0.0001516953293008037,0.9914058637456153,-0.010320096276700497
1989,663,-0.02590758857200678,0.000217778003688304,0.9877080398429516,-0.02558913268148899
1990,717,0.001140149389465068,0.0002545186173688566,0.9856640325232721,0.0011238042498007417
1991,774,-0.06812598780326988,0.0002048148578184324,0.988431249150184,-0.06733785569667816
1992,681,-0.05327855942773574,0.000198191728527531,0.9888011601194573,-0.052681900560855865
1993,696,-0.07291832628349464,0.0001848033732127435,0.989549764526085,-0.07215631008148193
1994,727,0.15906438238898285,0.00021975325642124838,0.9875979340990201,0.1570916622877121
1995,664,0.13593508831382425,0.00025134352294608515,0.9858403399805657,0.13401030004024506
1996,575,0.08679698515035536,0.0002750801208346366,0.9845238128134465,0.08545369654893875
1997,687,-0.010763914302653013,0.00021813629633338395,0.9876880658528235,-0.010631389915943146
1998,672,0.05998453062299328,0.00027332329095409037,0.984621133156198,0.059062037616968155
1999,600,0.051171778025260815,0.00029063434821831866,0.9836630181716888,0.05033578723669052
2000,720,-0.036776189966541195,0.00019376055753586512,0.9890488017985738,-0.03637344762682915
2001,721,-0.02120563376245403,0.00018682545596782353,0.989436627934395,-0.02098163031041622
2002,722,0.006366579953666229,0.00021340214520343872,0.9879520490795727,0.006289875600486994
2003,661,0.2457519391264186,0.0001531421112319284,0.9913246089524058,0.24361994862556458
2004,698,0.12289259566746673,0.00020287501067121436,0.9885395636442844,0.1214841902256012
2005,670,0.07147794844193467,0.00019046184126799828,0.9892332353482317,0.07070836424827576
2006,679,-0.031102756879104517,0.0002235159520439249,0.9873882595283298,-0.030710497871041298
2007,724,0.02165352552743289,0.00014894951949424536,0.9915601117398154,0.021470772102475166
2008,615,-0.0107533755326053,0.00024057620429478337,0.9864387003146615,-0.01060754619538784
2009,658,0.09353685685317385,0.00022930172889934212,0.987066023286157,0.0923270508646965
2010,677,-0.04835891307220193,0.0002060574236414558,0.988361880954076,-0.047796107828617096
2011,680,-0.051653439316022044,0.00022261261049547938,0.987438589719841,-0.051004599779844284
2012,625,0.09566306506693363,0.00024258690607646365,0.9863269066511609,0.09435505419969559
2013,655,0.14786351362655636,0.00020598986907871663,0.9883656520437634,0.14614321291446686
2014,655,0.12622294903853695,0.00020104760205604875,0.988641621668476,0.12478926032781601
2015,657,-0.07262191678364754,0.0002168792444880565,0.9877581471544146,-0.07173289358615875
2016,376,0.18895977721400956,0.00047540659931827523,0.973551403218521,0.18396206200122833
2017,661,0.14295742253148744,0.00024521844961881083,0.9861806328817886,0.14098183810710907
2018,673,0.1518822140205668,0.00021906642000165695,0.987636217370084,0.15000437200069427
2019,676,-0.11364402238158344,0.0002082349562955347,0.9882403402398633,-0.112307608127594
2020,679,0.06126654479533999,0.00024407476512163588,0.9862441990024423,0.060423772782087326
2021,681,-0.006289150296107328,0.0001972217988211312,0.9888553552841665,-0.006219060160219669
2022,639,0.04361977936544766,0.0003170927321805469,0.9822022237083299,0.042843446135520935
2023,684,0.21002730206390352,0.00024262272526347946,0.9863249153582317,0.20715516805648804
2024,698,-0.06675372856074042,0.00021170065444971103,0.9880469611809842,-0.06595581769943237
2025,634,-0.014050955892972389,0.0002635660825887153,0.9851619882464988,-0.013842467218637466
2026,605,0.0866666412535162,0.0002037703231638365,0.9884895694776482,0.08566907048225403
2027,696,-0.18860904967155437,0.000190236342136086,0.9892458456753047,-0.18658071756362915
2028,676,0.06914106437649864,0.00029554832098586573,0.9833913842330589,0.06799272447824478
2029,639,0.1839428609135052,0.00025891076591465624,0.9854202480996349,0.18126101791858673
2030,727,-0.18825086759482773,0.00019643803448428425,0.9888991527331438,-0.1861611306667328
2031,410,-0.10329494914267122,0.0003383114401992229,0.9810338483623934,-0.10133583843708038
2032,628,-0.023045996263338503,0.0002520833932138769,0.985799250638552,-0.022718725726008415
2033,740,0.07791452900305189,0.00018431764863228263,0.9895769449253978,0.0771024227142334
2034,634,0.05042383680413903,0.00023068125588361627,0.9869892222011373,0.049767784774303436
2035,631,0.18141215342125028,0.00024231016965992327,0.9863422915055786,0.1789344847202301
2036,651,0.012345273117785173,0.00024983100374208444,0.9859243497161755,0.012171505019068718
2037,685,-0.049604635432797625,0.00019404551115325747,0.9890328730680533,-0.04906061664223671
2038,693,0.05420706772163489,0.0002204072106912809,0.9875614863896099,0.053532812744379044
2039,389,-0.10842246673330856,0.0004328278938058142,0.9758630355026897,-0.10580547899007797
2040,661,-0.030132782379230102,0.00020043563228505943,0.9886758039706202,-0.02979155257344246
2041,625,0.17639429017603397,0.0002331505853471704,0.9868517794246743,0.17407502233982086
2042,639,0.14042959387336912,0.00021223070122861737,0.988017392297999,0.13874688744544983
2043,683,0.2443850925192237,0.00019544414951895404,0.9889546974894907,0.24168577790260315
2044,643,0.27347786102333854,0.00022919665571910372,0.987071873414575,0.2699423134326935
2045,659,0.08771801224382586,0.0002762210133225716,0.9844606228887679,0.08635492622852325
2046,591,0.08519154301231535,0.00028513470114306135,0.983967204948529,0.08382568508386612
2047,603,0.09091087985184557,0.0002771234713613007,0.9844106447347369,0.08949363976716995
2048,666,-0.04581783123471,0.0002193582002704366,0.9876199535962721,-0.045250605791807175
2049,617,0.02896462678547037,0.0002741478475378203,0.9845754540956413,0.028517860919237137
2050,635,0.23659187827669964,0.00020532500328321915,0.9884027682971435,0.23384806513786316
2051,574,0.15638889430110256,0.0002510527062727417,0.9858564916765152,0.1541770100593567
2052,606,0.11326255812847574,0.00022201881568831321,0.9874716761324271,0.11184357106685638
2053,660,0.19013309658956573,0.0002156963456140356,0.9878241034719863,0.18781805038452148
2054,645,0.14822220582832663,0.0001890118579284273,0.9893143267022388,0.14663834869861603
2055,658,-0.14338268921498243,0.00018995271098920952,0.9892617073083115,-0.1418430060148239
2056,703,0.22361439065994484,0.00022467423404751676,0.9873237326899286,0.22077979147434235
2057,583,0.002668870589815681,0.00026271009399320063,0.985209465189049,0.002629396505653858
2058,662,0.018491021854088296,0.0002359380758255612,0.9866966738068892,0.01824503019452095
2059,603,0.22144765812119047,0.00022930270018415254,0.9870659692085431,0.21858344972133636
2060,643,-0.03635743110329145,0.0002346195126311096,0.9867700371493167,-0.03587642312049866
2061,691,0.04199452184992485,0.00022187135551771155,0.987479892998026,0.041468746960163116
2062,640,0.2160588534155977,0.00020328580220148603,0.9885166244554655,0.2135777622461319
2063,643,-0.009414023700898765,0.00023403045520916285,0.9868028151536653,-0.009289785288274288
2064,644,0.1498477770936074,0.00025523863101209286,0.985624060192361,0.14769357442855835
2065,640,0.0650939912564354,0.00025948268034839005,0.9853885130942135,0.0641428679227829
2066,676,0.12396816437176743,0.00020434250682628487,0.9884576214434122,0.1225372776389122
2067,638,-0.0018109298985579919,0.00027356658104525655,0.984607654849811,-0.0017830554861575365
2068,664,-0.05233433859630387,0.00023892336708826686,0.9865306159287538,-0.05162942782044411
2069,620,0.10087204776148521,0.00025101136615498896,0.9858587877123631,0.09944559633731842
2070,642,-0.010732452675259187,0.00019597480856766767,0.9889250400339556,-0.01061359141021967
2071,631,-0.02710881272534561,0.00021907394017306578,0.9876357981905092,-0.026773633435368538
2072,662,0.16523485910006747,0.00023130049004694075,0.9869547520566571,0.16307933628559113
2073,629,-0.03620350953857437,0.0002565629593536114,0.9855505471467326,-0.035680387169122696
2074,647,0.043928542282357465,0.0002625939321117725,0.9852159083973453,0.043279100209474564
2075,577,0.18529372494441798,0.00032778424971955446,0.9816131641840846,0.18188676238059998
2076,600,0.21806692527219032,0.0002611775961665481,0.9852944757796234,0.21486014127731323
2077,561,-0.01814605673831521,0.00033870505498559314,0.981012200832509,-0.017801502719521523
2078,610,0.11643041684673947,0.00023370340800868135,0.9868210145820446,0.11489598453044891
2079,626,0.17590119218778835,0.00022801945832157688,0.987137420627217,0.17363864183425903
2080,439,0.17701950145287096,0.00033670154487904397,0.9811223973015287,0.17367780208587646
2081,583,0.16303180475394988,0.00030217343096166705,0.9830253996655831,0.16026440262794495
2082,641,0.08774309179072912,0.00024422434373355,0.9862358849395857,0.08653538674116135
2083,646,0.09924168177179693,0.00017479275317464814,0.9901102452932858,0.09826020896434784
2084,587,-0.021201495496870306,0.00034863922057296715,0.9804661702602977,-0.020787348970770836
2085,602,0.1277216070523467,0.00031329004349855266,0.98241190700945,0.1254752278327942
2086,617,-0.13966031737528994,0.0002169407247931618,0.9877547193637595,-0.137950137257576
2087,594,0.16830056438830865,0.00031112050282246733,0.9825315773354344,0.16536061465740204
2088,591,0.10646619041672516,0.00027522975177687886,0.9845155248324398,0.10481761395931244
2089,433,0.16458766482443513,0.0002714567348664611,0.9847245529116652,0.1620735079050064
2090,599,0.17096729088148635,0.0002666812538234628,0.9849892455869101,0.16840094327926636
2091,596,0.24627837723889856,0.00024021210556444863,0.986458946668628,0.24294351041316986
2092,584,0.13562610358827468,0.0003187705400483463,0.9821097364940221,0.13319972157478333
2093,583,-0.00674100819612513,0.00028205724100575225,0.9841375021002137,-0.006634078919887543
2094,596,-0.14414053139176794,0.0002430594735637859,0.9863006358948933,-0.1421658992767334
2095,479,0.15615780371589302,0.0002796962580043561,0.9842681915816456,0.15370115637779236
2096,600,0.03703382980078459,0.0001968389711712802,0.9888767475494065,0.03662189468741417
2097,584,-0.08679297514425667,0.0002140453975921833,0.987916172096857,-0.08574418723583221
2098,530,0.09195312618998425,0.00026810647553919835,0.9849102343041767,0.09056557714939117
2099,519,0.1633934734626054,0.00030401446178245154,0.9829237457368312,0.160603329539299
2100,564,-0.05647699731395494,0.0002401363873943633,0.986463157215806,-0.05571247637271881
2101,563,0.09356589688626689,0.0002621060606894741,0.9852429703221363,0.0921851396560669
2102,580,-0.0732404755123345,0.0002808217752378249,0.9842058855487893,-0.07208370417356491
2103,521,0.037186997343791425,0.0002730575122822947,0.9846358577549745,0.03661565110087395
2104,558,-0.04863846475278498,0.0002602144442068524,0.9853479111720637,-0.047925811260938644
2105,571,0.2048004249505529,0.00022545435860235,0.9872802774123809,0.2021954208612442
2106,558,-0.15072210331023486,0.0003011514931159142,0.9830818358230522,-0.14817215502262115
2107,596,0.005902153724216975,0.0002884992193631362,0.9837810903150059,0.005806427448987961
2108,527,-0.0823095608679348,0.00021453796682808325,0.9878887011303417,-0.08131268620491028
2109,541,-0.08531737893599459,0.00025661636330562824,0.9855475829403361,-0.08408433943986893
2110,522,0.2608708863519489,0.00033111495338258216,0.9814298001513011,0.2560264766216278
2111,571,0.21654891895518463,0.00020129013195328363,0.9886280755255007,0.21408633887767792
2112,553,-0.17198879915250845,0.00022678375362066597,0.9872062349351499,-0.1697884202003479
2113,564,-0.07090827149623041,0.0002888290624546648,0.9837628482153963,-0.06975692510604858
2114,421,-0.1390118392542748,0.0003416454135097172,0.9808505209196536,-0.1363498419523239
2115,539,0.18774129036668832,0.00021251128794908395,0.9880017403659141,0.1854887157678604
2116,543,0.028700940890673335,0.0002753568973984552,0.984508482411453,0.02825631946325302
2117,593,-0.1191045688135427,0.00022982462332755345,0.9870369112787225,-0.11756060272455215
2118,521,0.031978459818728426,0.0003072042563653535,0.9827476685431196,0.03142675757408142
2119,516,-0.2045664726287242,0.00022256607761856766,0.9874411824646779,-0.20199735462665558
2120,555,-0.07273732376796706,0.00027476299721939626,0.9845413785888211,-0.0716129019856453
2121,557,0.17445758747896664,0.00034275780980442595,0.9807893680766023,0.17110614478588104
2122,539,0.10671827566839326,0.0002887542599737128,0.9837669851361899,0.10498591512441635
2123,551,-0.12523281202396333,0.0002261191848251236,0.9872432476166022,-0.12363524734973907
2124,595,0.10224015159148941,0.0003254992591827068,0.9817389985791318,0.10037314146757126
2125,533,0.15230038005327473,0.0002677631468766605,0.9849292665613267,0.15000510215759277
2126,528,0.1696988045269708,0.00031747219634703706,0.9821813046616126,0.16667498648166656
2127,549,0.1774949961679501,0.00025287176643201345,0.9857554714119667,0.17496666312217712
2128,545,0.08091679631194117,0.00025170191612087676,0.9858204358746079,0.07976943254470825
2129,529,0.08362309287332124,0.0003171952359513349,0.9821965728071584,0.08213431388139725
2130,552,0.027753415229001446,0.0002606121372211034,0.9853258465760462,0.027346156537532806
2131,559,0.044904086232345305,0.00026141101128935077,0.9852815268484981,0.04424316808581352
2132,532,0.0936862856930444,0.00035170106854812014,0.98029799856757,0.0918404757976532
2133,547,-0.19589416912911797,0.0002705963676057659,0.9847722303571846,-0.19291113317012787
2134,543,-0.05948922985523226,0.000284042162402814,0.9840276559244268,-0.058539047837257385
2135,550,0.13719057112762875,0.0003408846214406908,0.9808923490731691,0.1345691829919815
2136,537,-0.165549566570385,0.00024233784617558397,0.98634075283876,-0.16328828036785126
2137,474,0.054773519143760836,0.00030291610919584125,0.9829843895872251,0.05384151265025139
2138,553,0.0006353635084941633,0.00027611472841019175,0.9844665092845246,0.0006254941108636558
2139,555,0.21165351626937287,0.0002742489461413614,0.9845698536931795,0.20838767290115356
2140,525,-0.27475052026410896,0.00016583493581687713,0.990612319632135,-0.2721712589263916
2141,535,-0.05743304177700916,0.00034826729410890073,0.9804866022142408,-0.05631232634186745
2142,561,-0.05270726099500761,0.0002529784497562391,0.9857495474690506,-0.05195615813136101
2143,523,0.11388873652578198,0.00032806257227064787,0.9815978391691402,0.11179293692111969
2144,516,0.16166066272588547,0.0002615282242597822,0.9852750244732476,0.1592802107334137
2145,562,0.07378784510111469,0.0002881636576402247,0.9837996493799758,0.07259245961904526
2146,506,0.08048904745857022,0.0002830895948447337,0.9840803682529746,0.07920768857002258
2147,297,-0.01918636076779478,0.00041202532034280567,0.9769964204678304,-0.018745005130767822
2148,543,0.10091685225868094,0.00023659977159905948,0.9866598619242726,0.0995706096291542
2149,550,0.010495049973780458,0.0003028555565900315,0.9829877331239595,0.01031650509685278
2150,516,0.04277592585530392,0.00027662140351138284,0.9844384486414808,0.04211026430130005
2151,524,0.1253478381754333,0.00035830881373132836,0.9799352653465507,0.1228327676653862
2152,566,0.12274407548829913,0.0002992939214368472,0.9831844361608184,0.1206800639629364
2153,527,0.08097443220504265,0.00023070576354179508,0.9869878579177932,0.07992078363895416
2154,513,0.121673208851999,0.0002794048121483591,0.984284326636531,0.11976103484630585
2155,546,-0.10549841976755268,0.0002702571342715857,0.9847910303178729,-0.10389389842748642
2156,518,-0.04513592435528873,0.0003539856023467783,0.9801725583537418,-0.04424099624156952
2157,522,-0.10609359918626105,0.0002673659722834258,0.9849512846590733,-0.104497030377388
2158,533,0.17160687672488015,0.00037918479415192756,0.9787910367586637,0.1679672747850418
2159,538,-0.1754970569648264,0.00024998378055792023,0.9859158633953953,-0.17302533984184265
2160,480,0.1762317836973428,0.0002996000219195382,0.9831675276609624,0.17326536774635315
2161,535,0.2227223667794856,0.0002351030544333679,0.986743132171791,0.21976976096630096
2162,479,-0.05339719785186841,0.0002611371125425569,0.9852967216827033,-0.05261208489537239
2163,519,0.2108793118295685,0.00031574947781334574,0.9822762816051589,0.20714174211025238
2164,514,0.14452169271700577,0.000348948281712651,0.980449192490098,0.14169616997241974
2165,535,-0.23110924890943776,0.0001687739965200307,0.9904475328785683,-0.22890157997608185
2166,526,-0.17301296039055963,0.0002500208892801584,0.985913802132697,-0.17057587206363678
2167,516,0.011390807390458477,0.00027181627043453027,0.9847046305348559,0.011216580867767334
2168,506,0.19898900129784472,0.00026752582817536006,0.984942422637866,0.19599270820617676
2169,518,-0.029547545008907907,0.00032730869047802795,0.9816393505662497,-0.029005032032728195
2170,517,0.14029570591385607,0.00034139332686173283,0.9808643801839422,0.13761106133460999
2171,534,0.3067496621524322,0.00023206656906867484,0.9869121110122513,0.30273497104644775
2172,488,0.2763638902039527,0.00024707729629415746,0.9860773354419868,0.2725161612033844
2173,525,0.08356416161393836,0.00031448858846437914,0.9823458086183147,0.082088902592659
2174,503,-0.14813688186702742,0.00030289564609056307,0.9829855194971473,-0.14561641216278076
2175,517,0.039367461440151616,0.0003421623752221618,0.980822100532354,0.038612477481365204
2176,323,-0.17073415183453552,0.0004084320773874636,0.9771924575383953,-0.16684012115001678
2177,532,-0.024830010222425137,0.00031614256879034354,0.9822546080901863,-0.024389391764998436
2178,501,-0.14941738683827027,0.00022313880144611594,0.987409272065902,-0.14753611385822296
2179,526,0.035967754543592495,0.00030399186781783304,0.9829249931524917,0.03535360470414162
2180,530,0.18590372547436998,0.0003855129242461487,0.9784447146503562,0.18189652264118195
2181,503,-0.10405059271745724,0.00017914898776600252,0.9898662677347337,-0.10299617052078247
2182,516,0.11532222331219981,0.00027024709386503173,0.9847915867577616,0.11356835812330246
2183,518,0.11297547027583749,0.0003104571860382673,0.982568171238878,0.11100610345602036
2184,514,0.049337957953084766,0.00031502258595893077,0.9823163621281931,0.048465482890605927
2185,467,0.19272656845251931,0.0003086157049357101,0.9826697764773727,0.18938657641410828
2186,493,0.1873981951495999,0.00035137335707523064,0.9803159953303974,0.18370944261550903
2187,534,-0.0006996143804618929,0.000259611111802932,0.9853813868320795,-0.0006893869722262025
2188,498,-0.06805829995173407,0.00028711975682298087,0.9838573893554874,-0.06695966422557831
2189,514,0.010046208567250563,0.00022908567354658617,0.9870780526115156,0.009916392154991627
2190,518,-0.013425912363967106,0.0003580682500038641,0.9799484664219518,-0.013156701810657978
2191,520,-0.0651433347330357,0.00032015076864853724,0.9820336660488174,-0.06397294998168945
2192,500,-0.004405371979344637,0.00034853071815750563,0.9804721308031716,-0.004319344647228718
2193,520,-0.07760496083647013,0.0002667701121947747,0.9849843190958766,-0.07643967121839523
2194,469,0.16669861998593707,0.0002821887529644223,0.9841302234283726,0.16405315697193146
2195,500,0.18169069616496564,0.00029951053053904093,0.9831724709611688,0.17863328754901886
2196,85,0.3091559664072359,0.0018903796692645437,0.902506042706586,0.27901512384414673
2197,531,0.06954568003088572,0.00034147467089750685,0.9808599079943662,0.06821457296609879
2198,502,-0.06047443442224744,0.00028902776082831487,0.983751859451592,-0.0594918355345726
2199,517,-0.022291049923265003,0.00025551676236778117,0.9856086202994062,-0.021970251575112343
2200,506,0.25139269680005644,0.0003163731122959947,0.9822418972585822,0.24692843854427338
2201,501,0.1577034063298932,0.00039842589593153696,0.9777387810162622,0.1541927307844162
2202,520,0.038619647218057745,0.0002938218525862266,0.983486802629059,0.03798191249370575
2203,502,-0.014128151511127849,0.00023366641437590354,0.9868230732353237,-0.013941985554993153
2204,497,-0.13682408660830148,0.0003049248835226189,0.9828734838708187,-0.13448075950145721
2205,514,0.27019203519484875,0.00026274354899437753,0.9852076095396505,0.26619523763656616
2206,440,0.15192217427432875,0.0003422171320099459,0.9808190903302226,0.14900816977024078
2207,497,-0.13811020528376702,0.00019911997311463956,0.9887492996881754,-0.13655637204647064
2208,513,-0.044140010509371295,0.000281866395563155,0.984148064839498,-0.043440304696559906
2209,512,0.03420081139483955,0.0002560823628143178,0.9855772236402714,0.03370754048228264
2210,497,-0.05195834319776212,0.00035912211602112106,0.9798906375409272,-0.0509134940803051
2211,489,0.1280054137680169,0.00030747042391537173,0.9827329789014393,0.1257951408624649
2212,508,-0.11218032198334772,0.00030705647715449625,0.9827558245866361,-0.11024586111307144
2213,508,0.10794422488776952,0.0003820789641871771,0.9786326159394246,0.10563773661851883
2214,483,0.06475684130236538,0.00028589956795639393,0.9839248887222694,0.0637158676981926
2215,522,-0.10190634415181661,0.00027820112289293373,0.9843509710070245,-0.10031160712242126
2216,429,0.17700721375049377,0.0003399218874634126,0.980945285055065,0.1736343950033188
2217,480,-0.09960210681698906,0.00035536650272864254,0.9800967508176769,-0.09761970490217209
2218,494,-0.061987516820913385,0.0003290740677145029,0.981542148168608,-0.06084335967898369
2219,513,-0.05874493233786921,0.00027094882503429075,0.984752698291155,-0.057849232107400894
2220,484,0.06394046182698024,0.0004090888663829793,0.9771566191316163,0.06247984617948532
2221,509,0.01783417752616415,0.0002954667013438016,0.9833958947676568,0.017538057640194893
2222,504,-0.23341282227608776,0.00028036479097483024,0.9842311821902373,-0.22973217070102692
2223,500,0.040180626370944085,0.0003584279785124638,0.9799287262411388,0.03937415033578873
2224,477,-0.03697449997832815,0.00026717187873900807,0.9849620449466898,-0.036418478935956955
2225,506,0.06835548217286883,0.00031898635949425224,0.9820978409615013,0.06713177263736725
2226,436,0.14505522330547896,0.00022448679095200304,0.9873341744025468,0.14321798086166382
2227,487,0.19049038241585828,0.00021912170607693465,0.9876331356941761,0.18813461065292358
2228,492,0.2037187801935233,0.0002513505604349892,0.985839949131333,0.20083411037921906
2229,493,0.11814652429610249,0.00037947770079664996,0.9787750013283506,0.115638867020607
2230,478,-0.002670282113198269,0.0003102803472826118,0.9825779275510638,-0.002623760374262929
2231,508,-0.058261131856766506,0.0002722192868900502,0.9846822997784986,-0.05736870691180229
2232,488,-0.003049499248383475,0.000260165421613527,0.9853506310863855,-0.003004825906828046
2233,490,-0.12819275356525062,0.0002480498917409573,0.9860232962399569,-0.12640103697776794
2234,482,-0.016306489651937702,0.00037912263549887495,0.9787944397560439,-0.015960700809955597
2235,478,-0.15585339180618588,0.0002896436011761243,0.9837178027347195,-0.15331575274467468
2236,481,0.2421055349914392,0.00034364322957919406,0.9807406984844387,0.237442746758461
2237,463,0.11984566710466925,0.0003449186048548162,0.9806706023787609,0.11752912402153015
2238,479,0.06182024574649981,0.00030057303252981255,0.9831137839773252,0.06077633425593376
2239,487,0.06762042882741338,0.0002836681261561253,0.984048353333161,0.06654176861047745
2240,450,-0.02607020323889123,0.0004082403320469877,0.9772029208274781,-0.0254758782684803
2241,480,-0.05955294972421446,0.00027489386530416156,0.984534129606534,-0.058631911873817444
2242,500,0.0727725540921092,0.0003868088503391392,0.978373822215549,0.07119876146316528
2243,452,-0.09444854978834634,0.0003073268351152496,0.982740903434325,-0.09281845390796661
2244,476,0.281192388430046,0.00033868802884435406,0.9810131371949956,0.2758534252643585
2245,443,0.028071684632492388,0.0002475954804362701,0.9860485434353656,0.027680043131113052
2246,476,-0.09040096401972618,0.00022306758253174409,0.9874132400510607,-0.08926311135292053
2247,476,0.21276990370237964,0.0002679661268401887,0.98491801437705,0.20956091582775116
2248,499,0.09470391401718697,0.00027301316868982037,0.9846383145096745,0.09324910491704941
2249,479,-0.09953926240593693,0.0002959580295786108,0.9833687431908735,-0.09788379818201065
2250,462,-0.023611502105055693,0.00023631087699016475,0.9866759335561551,-0.02329690009355545
2251,460,0.17207947736504772,0.0004073499843173509,0.9772515088589573,0.168164923787117
2252,468,0.2248526726049395,0.00032759322647811447,0.981623682595516,0.22072070837020874
2253,477,0.2686986506836532,0.00028792398317189496,0.9838129055935944,0.26434919238090515
2254,483,-0.10205401207164208,0.0002745934965007484,0.9845507676501326,-0.10047735273838043
2255,380,0.13342790354386364,0.0003954206385056987,0.9779029831641974,0.13047954440116882
2256,484,0.20531541089073194,0.0002567249110478715,0.9855415580121237,0.20234687626361847
2257,464,0.11904964268464467,0.0003455152578679077,0.9806378130766814,0.11674457788467407
2258,479,0.20134162109555181,0.00031782071201343114,0.9821620925244254,0.19775010645389557
2259,476,0.17489467024854033,0.00024143231081483194,0.9863910982715005,0.17251454293727875
2260,477,0.10474931846609031,0.00026215683395262954,0.9852401538914541,0.10320323705673218
2261,436,-0.01698144542378023,0.00041418322014390445,0.9768787294162167,-0.016588812693953514
2262,490,-0.01622422791789381,0.0003477923834929618,0.9805126928885772,-0.01590806059539318
2263,465,0.09722538890056713,0.00032533743348802757,0.9817479115410691,0.09545082598924637
2264,428,-0.059191088002854,0.000268359856167463,0.9848961887442084,-0.05829707533121109
2265,450,0.20089052743795846,0.00034415414072128613,0.9807126170119379,0.1970158815383911
2266,490,-0.09833892097278517,0.0003202051759014606,0.9820306676681567,-0.09657183289527893
2267,446,-0.01577219490229148,0.0003802164228379239,0.9787345616778929,-0.015436791814863682
2268,483,0.08564257336390932,0.0002557858983974074,0.9855936802240802,0.08440878242254257
2269,485,0.15514161448695304,0.0003353685877520527,0.9811957259298801,0.15222428739070892
2270,467,0.05093447313438582,0.00031350905862461163,0.9823998279102536,0.050038017332553864
2271,459,0.1353662696612232,0.000295279196318233,0.9834062569877638,0.13312003016471863
2272,485,0.028995644514324126,0.00031102517232649415,0.9825368363667094,0.028489287942647934
2273,481,0.16406577700466352,0.0002599177728678841,0.9853643715798344,0.16166457533836365
2274,442,0.17236075166410586,0.00039665062026327734,0.9778357723889388,0.16854050755500793
2275,392,0.06006266480330758,0.00039277932733959787,0.978047345453184,0.05874412879347801
2276,461,-0.19734852355369517,0.00023111664932609977,0.9869649854400371,-0.19477608799934387
2277,474,0.02198571839098689,0.00035108433366927324,0.9803318680288866,0.021553300321102142
2278,463,0.22884074760451067,0.00030190886626790006,0.9830400095359622,0.2249596118927002
2279,448,0.1715776670919565,0.0004040940077377363,0.9774292350728636,0.16770502924919128
2280,490,0.019909401424229145,0.0003181026050245587,0.982146553551272,0.019553950056433678
2281,456,0.017703157729109784,0.000290220052873858,0.9836859263944473,0.01741434633731842
2282,461,0.08563693260487144,0.00029731882960517815,0.9832935510513584,0.0842062458395958
2283,460,0.10042595295437975,0.00035436367343200293,0.9801518021517359,0.09843268245458603
2284,476,-0.02175342713427894,0.0002733755509481606,0.9846182379138168,-0.021418821066617966
2285,451,0.07116778546576688,0.00039148263975258556,0.9781182322135588,0.06961050629615784
2286,446,0.27351407047711945,0.00030546414141369876,0.9828437153582323,0.2688215970993042
2287,490,0.09565784378091291,0.0002855569813388126,0.9839438418633362,0.09412194788455963
2288,427,0.3297553461838941,0.00027107804166169185,0.9847455377120783,0.32472509145736694
2289,450,0.03760887339711189,0.0004174671547460753,0.9766996792449376,0.03673257306218147
2290,468,-0.03824543748369329,0.0003512711664150968,0.9803216074176063,-0.03749283030629158
2291,450,0.19356995788299375,0.00035322936681220685,0.9802140785213872,0.18974000215530396
2292,443,0.08969750223075866,0.0003709982827466012,0.9792394271408739,0.08783533424139023
2293,452,0.19009944542921026,0.0003292611659769422,0.9815318475894074,0.18658865988254547
2294,468,0.05634496364201236,0.00026756669678403765,0.9849401570073618,0.05549641698598862
2295,441,0.048280913450347594,0.00032919788024158474,0.9815353317222569,0.04738942161202431
2296,449,-0.016809071909910055,0.00023888886112982867,0.9865325350155508,-0.01658269576728344
2297,456,0.022665280146164854,0.0002932686968673718,0.9835173783371814,0.022291697561740875
2298,451,0.21183174032048877,0.0002868232563141624,0.983873790551874,0.2084157019853592
2299,432,0.11228291586869293,0.0003465538432086911,0.9805807424388463,0.11010246723890305
2300,458,0.0511732592133553,0.00035674475809770135,0.9800211001768458,0.05015087500214577
2301,439,0.25701812782923106,0.0003156195695725954,0.9822834444530064,0.2524646520614624
2302,449,0.036793002232345016,0.00031100615926749075,0.9825378852536669,0.03615051880478859
2303,402,0.0773259768382975,0.0004352002575761588,0.9757339492156294,0.07544957846403122
2304,443,-0.008062723481661848,0.0003951246195168,0.977919160121516,-0.007884691469371319
2305,458,0.10182085784566976,0.00038632020608459747,0.9784005518397086,0.09962158650159836
2306,440,0.1920423765381036,0.00040171457910893004,0.9775591561455664,0.1877327859401703
2307,459,0.020351628669434123,0.00036463263564713794,0.9795883694351993,0.019936218857765198
2308,439,0.14940673379537253,0.00027389084695164835,0.9845896910451595,0.14710432291030884
2309,445,0.13383952323765902,0.000431851701764177,0.9759161624893543,0.13061615824699402
2310,433,-0.07051877511394217,0.00027494898514872747,0.984531076466445,-0.06942792236804962
2311,434,0.04580104808550551,0.00029445505484812956,0.9834518046781013,0.04504312202334404
2312,442,0.15430804613421406,0.00026743575062235757,0.9849474162983446,0.1519853174686432
2313,429,-0.05227326445437811,0.0003911639840947154,0.978135653917147,-0.05113034322857857
2314,446,0.046630874259455855,0.0003138400529161813,0.9823815735115493,0.0458093099296093
2315,433,0.16710467481078026,0.00028268204561995326,0.9841029225711886,0.16444820165634155
2316,419,0.1742023000485866,0.00035341321622588644,0.980203984175289,0.17075379192829132
2317,413,0.0669711342996965,0.0003836526478811803,0.9785464973039443,0.06553436815738678
2318,414,0.045384723537911974,0.00029816352715286194,0.9832468823684011,0.044624388217926025
2319,428,0.2547083447184675,0.00026728836924412927,0.984955586840015,0.25087639689445496
2320,413,-0.1547340031794428,0.0003745641198045102,0.9790440691551858,-0.15149140357971191
2321,406,0.1616844298396021,0.0004921352992918148,0.972646182452113,0.15726174414157867
2322,401,0.07362765256905385,0.00040899556735257496,0.9771617099346239,0.07194612175226212
2323,399,-0.059939083897679074,0.0003381066116954215,0.9810451136402025,-0.05880294367671013
2324,386,0.3576787544023535,0.00029038351744766356,0.9836768875874247,0.3518403172492981
2325,380,-0.04962495885985462,0.00040222913748535295,0.9775310574080646,-0.04850993677973747
2326,407,0.2174416282454492,0.00028965729173726685,0.9837170456569053,0.21390104293823242
2327,386,0.07277005752596831,0.00041031848452972885,0.9770895307454959,0.07110286504030228
2328,374,0.23863820360916205,0.00047552742260106374,0.9735448592073978,0.2323250025510788
2329,364,-0.11472854802159818,0.0003475571773010623,0.9805256151777911,-0.11249428242444992
2330,362,0.048430417453386505,0.0005302081199996631,0.9705922540341463,0.047006189823150635
2331,355,-0.007846003478314255,0.0004855448857780678,0.9730026008349738,-0.007634181994944811
2332,380,0.02088167479163722,0.0003651928529688929,0.9795576503204344,0.020454803481698036
2333,351,0.10373113304111269,0.00040767484314555306,0.9772337801121996,0.10136956721544266
2334,365,-0.041172201125180885,0.00047841602724117894,0.9733884332592156,-0.040076542645692825
2335,368,0.027566442691275606,0.0005234139584194149,0.9709581450483891,0.026765862479805946
2336,361,0.044217372091275506,0.00046816448206842297,0.9739438103425634,0.043065235018730164
2337,353,0.004290367985835494,0.0003670034295676001,0.9794583818264085,0.004202236887067556
2338,336,0.20443979784890653,0.000540022822475606,0.9700641822391728,0.1983197182416916
2339,347,0.011929945458298393,0.00027677252251535336,0.9844300796896602,0.011744197458028793
2340,355,0.16497678878441663,0.0003254095294229587,0.9817439406539986,0.16196496784687042
2341,348,0.03063726376999041,0.0004878507331147094,0.9728778678205995,0.029806315898895264
2342,354,-0.07843163346419227,0.0003516695911172146,0.9802997271688078,-0.07688651233911514
2343,339,0.22698316897834298,0.0004965334094944216,0.972408472004275,0.2207203507423401
2344,347,0.039890575391758415,0.0003895230785260113,0.9782253761650163,0.03902197256684303
2345,332,-0.15088301254660788,0.000291252586143629,0.9836288350452773,-0.14841288328170776
2346,354,0.1280480177631065,0.0004894223952661106,0.9727928683073114,0.12456420063972473
2347,345,0.13387747134851372,0.0003702364308502562,0.9792811760750891,0.13110369443893433
2348,41,0.4864108513631835,0.002709856748961028,0.8659096684013898,0.4211878478527069
2349,333,0.07904398375590732,0.0004794135313406317,0.9733344273231657,0.07693623006343842
2350,339,0.01006142709371263,0.0004147707445004609,0.9768466909673892,0.009828471578657627
2351,334,0.0028584299631372184,0.0005427210640710004,0.9699191063104508,0.0027724457904696465
2352,345,-0.021921399942990662,0.0002548983497755115,0.9856429508667245,-0.021606672555208206
2353,327,0.03564432587770785,0.0003163396638207358,0.9822437413930838,0.0350114144384861
2354,345,0.004362379439661036,0.00041817519014866473,0.9766610835874107,0.004260566085577011
2355,341,0.2552927237746915,0.0003815931320875174,0.978659205791421,0.24984458088874817
2356,322,0.12908125222192046,0.0005481595285082435,0.9696268290865119,0.12516064941883087
2357,330,0.1432398146018386,0.00032076924194623675,0.9819995830989017,0.14066143333911896
2358,326,0.00010698281251396869,0.0005236026902714798,0.9709479774071264,0.00010387474321760237
2359,329,0.08413048655057954,0.0005159721007429337,0.9713592336172752,0.08172092586755753
2360,312,0.11135262737158112,0.00038980241321851254,0.9782101014017713,0.10892626643180847
2361,341,-0.1978655593180237,0.00039511697494931344,0.9779195778918117,-0.19349659979343414
2362,323,-0.11529996024658068,0.00047633310591101965,0.973501224167288,-0.11224465072154999
2363,305,0.020205192683173008,0.0004790166227082025,0.9733559156620586,0.019666843116283417
2364,314,-0.07294022980009675,0.0005240823501783469,0.9709221374180328,-0.07081928104162216
2365,314,0.10122306570173449,0.0004690615260205229,0.9738951877192056,0.09858065843582153
2366,307,0.21717281515197373,0.00035926483889823395,0.9798828064209072,0.2128039002418518
2367,138,0.07931584158939296,0.001350364796518183,0.9283614559207296,0.07363376766443253
2368,312,-0.20764389770248762,0.0003669242925576383,0.9794627202512454,-0.20337945222854614
2369,302,0.0945065025893959,0.0003200706234498044,0.9820380828795807,0.09280898422002792
2370,297,0.1587314523116808,0.00036392113176498885,0.9796273870174669,0.1554976850748062
2371,310,0.054115211326749096,0.0005097544864283809,0.9716945941731506,0.05258345976471901
2372,313,0.0812023795260408,0.00035579544817160167,0.9800732053096015,0.0795842781662941
2373,297,0.023162333301020792,0.0004100358451778665,0.977104950829684,0.02263203077018261
2374,301,0.1200367594988664,0.0004933628057997392,0.9725798261020915,0.11674533039331436
2375,315,0.2791454591921398,0.00033179704204614553,0.9813922578196141,0.2739512026309967
2376,0,0.0,0.0,0.0,0.0
2377,299,0.06323522883763281,0.0003991627974540465,0.9776985263900475,0.0618249885737896
2378,293,-0.10498815718974677,0.0004953590721884895,0.9724719315865843,-0.10209803283214569
2379,301,0.18002005437918106,0.0003577499205951801,0.9799659354813752,0.17641352117061615
2380,307,-0.0927505761457771,0.0003849945303880756,0.9784730757823701,-0.0907539427280426
2381,284,0.10105750138845138,0.0006681568711482813,0.9632223861228264,0.09734084457159042
2382,301,-0.01124899373993129,0.0005203689044750412,0.9711222221345095,-0.010924147441983223
2383,310,0.012112439423799515,0.0005894136533218831,0.9674154481439461,0.011717760935425758
2384,290,0.08252147317318054,0.0005677529323063104,0.9685752875329412,0.07992825657129288
2385,284,0.03512543249173536,0.0006172905115085756,0.965926842636233,0.03392859920859337
2386,35,0.12423681600817613,0.0021012587049958112,0.8927961511994387,0.11091814935207367
2387,296,0.12384467044643857,0.0003511109487145568,0.9803304063521139,0.12140869349241257
2388,294,0.02496543490220191,0.0006505796700875117,0.9641552145769724,0.024070553481578827
2389,276,0.027754131677574005,0.0005629196609946728,0.9688344682473335,0.02688916027545929
2390,284,-0.028767229362823804,0.0004669076857058645,0.9740119408526774,-0.028019625693559647
2391,290,0.2512376107998064,0.0004344079740834822,0.9757770555573843,0.24515189230442047
2392,292,0.21522554038539018,0.0005162578467934409,0.9713438268459604,0.2090580016374588
2393,278,0.3108158473933799,0.0004317342820050946,0.9759225531770189,0.30333220958709717
2394,279,-0.10632272503976327,0.00040384439089025267,0.977442862979234,-0.10392438620328903
2395,283,-0.13447725296336432,0.0003873325910132148,0.9783451743825301,-0.1315651684999466
2396,260,-0.08546982976393058,0.000596408500061398,0.9670414969926675,-0.08265287429094315
2397,275,0.09306985313919458,0.0007435590616992411,0.9592411596941132,0.08927643299102783
2398,280,-0.0565110365527549,0.0003528675253856531,0.9802339462172767,-0.05539403483271599
2399,262,0.21155939206751134,0.000686772983440651,0.9622363884808722,0.2035701423883438
2400,267,0.1676532720330726,0.0005500909115882139,0.9695230739184793,0.16254371404647827
2401,275,0.10343744725666262,0.0006566242824505776,0.9638342210357354,0.0996965542435646
2402,272,0.19566982429344482,0.0006889524828929336,0.9621210838326899,0.1882580667734146
2403,273,0.27592977400759966,0.0005856989537169063,0.9676141571148379,0.26699355244636536
2404,268,-0.08861525551374279,0.0006059234839294238,0.966533280772045,-0.08564959466457367
2405,267,-0.02838897839021147,0.0003766918956082038,0.9789275339370859,-0.027790753170847893
2406,0,0.0,0.0,0.0,0.0
2407,264,0.2557644681920382,0.0004972136055855314,0.9723717189253355,0.2486981302499771
2408,266,-0.0919891557152054,0.0003764499818951335,0.978940781805173,-0.09005193412303925
2409,264,-0.1705962288348625,0.00042017306306036946,0.9765521941524516,-0.16659611463546753
2410,269,-0.10894342578365901,0.00038242441522071585,0.978613710097577,-0.10661353170871735
2411,260,0.09127527713202513,0.0005992378166619228,0.9668903211445526,0.08825318515300751
2412,256,0.13788863504305482,0.00046212423954728826,0.9742713370705283,0.13434094190597534
2413,262,-0.02370393728368155,0.0005814795068789128,0.9678399653765339,-0.02294161729514599
2414,252,0.22375980210638355,0.0006011352611601577,0.9667889634973714,0.21632850170135498
2415,261,0.09700720874999447,0.0004684841410239985,0.9739264832579567,0.09447789192199707
2416,35,0.22744725974542754,0.003431251706049065,0.8360651646448087,0.19016073644161224
2417,258,-0.05292846329596847,0.00048773776309594296,0.9728839781006896,-0.05149325355887413
2418,260,0.2559587359553776,0.00036919408247003735,0.9793383017816811,0.2506701946258545
2419,261,0.2662711766462816,0.000383503280258359,0.9785546706817227,0.26056089997291565
2420,253,0.27920875359665265,0.0003155670100136729,0.9822863424984065,0.274262934923172
2421,258,0.034843352861529175,0.00041447444862254955,0.9768628480949855,0.03403717651963234
2422,263,0.1324910758481053,0.0006714469068976013,0.9630479832425528,0.12759526073932648
2423,260,-0.22014708102752384,0.00030840104502799704,0.9826816218823623,-0.2163344919681549
2424,255,0.1308591748021689,0.00047313210935983653,0.9736746101946528,0.1274142563343048
2425,256,0.039811752911191434,0.0005397966661912962,0.9700763439195712,0.03862043842673302
2426,11,0.0727866691621867,0.0008355139538387263,0.9544302700814657,0.06946980208158493
2427,256,0.1305213345476659,0.0006483613145136496,0.964273071933293,0.12585820257663727
2428,257,-0.02590396016082411,0.0004784997188581988,0.9733839018754723,-0.02521449699997902
2429,255,0.07854050492557386,0.00039890259144964894,0.9777127402519432,0.07679004967212677
2430,256,0.0012183759899926372,0.0006502456661284808,0.9641729577814814,0.0011747251264750957
2431,88,0.4411098339452027,0.002074576770905566,0.8940131553753609,0.3943580090999603
2432,250,0.10220549754798412,0.0005598045634297402,0.9690015866459155,0.0990372896194458
2433,249,0.009744647037552064,0.0006695171936396101,0.9631502685604754,0.00938555970788002
2434,254,0.10380506153240449,0.00035447353664524425,0.9801457707972748,0.10174409300088882
2435,251,0.30709047329081485,0.0004018469555719143,0.9775519272458588,0.30019688606262207
2436,248,0.2166761689868215,0.0004681350824584386,0.9739454039767074,0.2110307663679123
2437,248,0.05909695869852458,0.00031732379051971083,0.9821894858508995,0.05804441124200821
2438,254,-0.10670854925639986,0.0006398238775337365,0.964726919999951,-0.10294461250305176
2439,249,0.18924941719476,0.0003285718880000008,0.9815697964313329,0.18576151132583618
2440,250,-0.09165312497317792,0.00038472652029290647,0.9784877391581194,-0.0896814614534378
2441,249,0.26814030011345347,0.0003441042660928815,0.9807153582260225,0.26296931505203247
2442,254,-0.012610925698843528,0.0005114639611363003,0.9716023668565192,-0.012252804823219776
2443,248,-0.05721406154935398,0.0005871581445021897,0.9675360914596307,-0.055356670171022415
2444,249,0.2154415098194736,0.0004072739568981356,0.9772556580490684,0.21054142713546753
2445,254,0.031199252012911745,0.0004958990717127491,0.9724427497220153,0.03033948689699173
2446,251,0.10943308526434865,0.00039360852753369207,0.978002020478696,0.10702577978372574
2447,247,0.07838509705385216,0.0004416679214206389,0.9753822007400168,0.07645542919635773
2448,249,0.010895229401029497,0.00040408511190185415,0.9774297207371513,0.010649320669472218
2449,252,-0.036025655381972825,0.0005132074482108279,0.9715083225812313,-0.03499922528862953
2450,248,0.07678091064876606,0.000472003947718874,0.9737357332175538,0.07476431876420975
2451,249,0.24218605472201324,0.00042736094951313484,0.9761606357921905,0.23641249537467957
2452,250,0.2992493564700708,0.00044144152268947253,0.9753945093118269,0.29188618063926697
2453,248,0.2547351882056964,0.0004992409540020882,0.9722621915573442,0.24766939878463745
2454,245,0.16472674855316172,0.00045407559951568007,0.9747081098377796,0.1605605036020279
2455,215,0.10901367412230303,0.0005660323223809295,0.9686675381110538,0.10559801012277603
2456,248,0.19432907625131549,0.0005078275943564645,0.9717985722967211,0.18884871900081635
2457,245,0.11280901241211258,0.0006128717509583587,0.9661624958792826,0.108991838991642
2458,247,0.14730576570579398,0.00058190358901499,0.9678172653984257,0.142565056681633
2459,246,0.07865731012288148,0.0005229993402694184,0.9709804827179264,0.07637470960617065
2460,244,0.00726407134264219,0.0004410076501396863,0.9754180984368755,0.007085506804287434
2461,247,0.196133470336194,0.0005613172596793974,0.9689204264900225,0.19003772735595703
2462,247,0.3677048836288001,0.00040927819897171406,0.9771462884808416,0.35930144786834717
2463,244,0.19601845863412637,0.0005221478946333895,0.9710263578138704,0.1903390884399414
2464,244,0.3319434662288452,0.0004066361857057044,0.9772904657466195,0.3244051933288574
2465,185,0.05561733618378639,0.0007986610794376527,0.9563525300661224,0.053189780563116074
2466,244,0.34763340286759764,0.00040396871142364373,0.9774360756150671,0.33978942036628723
2467,244,0.22563913382101256,0.0006446251699039353,0.9644716319118288,0.2176225483417511
2468,243,-0.09133893593287272,0.0003130445154512753,0.9824254486996442,-0.08973369747400284
2469,233,0.244058352375459,0.0003680654017006385,0.9794001664347247,0.23903079330921173
2470,233,0.14733150904266715,0.00047351761227188343,0.9736537256706689,0.14344987273216248
2471,223,0.29892148453775674,0.0005412561672534059,0.969997863801122,0.28995320200920105
2472,223,0.15770155474994615,0.00042202039365952945,0.9764515312803561,0.15398792922496796
2473,223,0.26421328047666315,0.0004693313089717556,0.9738805655783574,0.25731217861175537
2474,218,0.28730695656235883,0.000485468638490151,0.973006725918879,0.27955159544944763
2475,0,0.0,0.0,0.0,0.0
2476,218,0.23001289944412237,0.00044357103050800847,0.9752787470914032,0.22432668507099152
2477,218,0.22747225010844477,0.00040774158694109814,0.9772301377362831,0.2222927361726761
2478,214,0.12166946449275694,0.00044028886492446625,0.9754571804294102,0.1186833530664444
2479,211,0.13894733066242454,0.0004841886240115505,0.9730759816981026,0.13520631194114685
2480,205,0.1454141348645818,0.00040697437766516173,0.9772720079038644,0.14210917055606842
2481,208,-0.07102842227770732,0.000866866630963369,0.9528009756603042,-0.06767594814300537
2482,205,0.08472405623008565,0.0008726515655331555,0.952500959527422,0.08069974184036255
2483,203,0.0028403159964994844,0.0009680560481318872,0.947580238545451,0.002691427245736122
2484,203,0.29630351247348513,0.0004850432069330974,0.9730297429975366,0.2883121371269226
2485,206,0.13516601648868867,0.0007025204068706457,0.9614039048437265,0.12994913756847382
2486,206,0.10922296313587034,0.0004007101919122566,0.9776140078559276,0.10677789896726608
2487,193,0.12510829604197043,0.0008066607981336495,0.9559346040064625,0.11959534883499146
2488,192,0.1445031588858304,0.0004795259317665469,0.9733283422198816,0.14064902067184448
2489,191,0.08866782708785921,0.0008502903597037954,0.9536616957110897,0.0845591127872467
2490,189,-0.03652223986056116,0.0005857462495877258,0.9676116266223014,-0.035339344292879105
2491,192,0.18608463417816287,0.0005101561213408083,0.971672924124441,0.18081340193748474
2492,189,0.30673994648235814,0.0006109701034038354,0.9662639464564919,0.2963917553424835
2493,190,-0.005925228485935612,0.00047961921878962295,0.9733232919305118,-0.005767162889242172
2494,186,0.3494591768768426,0.0005805636409822885,0.9678889928522179,0.3382377028465271
2495,181,0.27982454268694007,0.0004959201560506397,0.972441610348588,0.27211302518844604
2496,181,0.26171747208424995,0.0006060103125098388,0.9665286455260651,0.25295743346214294
2497,182,0.2834632229520479,0.0005783980168822044,0.9680049412477957,0.27439379692077637
2498,172,0.22255816071315906,0.0005030820590540785,0.972054743749813,0.21633870899677277
2499,171,0.09903186335288293,0.0006959231761275726,0.9617524904240117,0.0952441394329071
2500,171,0.27004723907693434,0.0004140596514874812,0.9768854680393673,0.26380521059036255
2501,170,0.15305336407550119,0.0006483139793256529,0.9642755870831113,0.14758561551570892
2502,170,0.3128176400109249,0.0006522495143567986,0.9640665176716402,0.30157700181007385
2503,172,0.03838498641325291,0.00062872617419849,0.965317510198345,0.03705370053648949
2504,168,0.17665847382020383,0.000765878772852523,0.9580689867307691,0.16925100982189178
2505,167,0.3618458031514983,0.0005900997540744394,0.9673787557538447,0.3500419557094574
2506,167,0.08054908842383744,0.0005477533261068449,0.9696486533728713,0.07810431718826294
2507,166,0.24560157532792493,0.0005986273736783527,0.9669229342926806,0.23747779428958893
2508,164,0.2951754781122251,0.0005688530536982401,0.9685163136834987,0.28588226437568665
2509,162,0.37430377759292355,0.0005432186036013017,0.9698923599195721,0.36303436756134033
2510,162,0.2396945411046208,0.0007626829551936135,0.9582366469743646,0.22968409955501556
2511,161,0.3049268633046228,0.0007783047489681061,0.9574176474543565,0.2919423580169678
2512,161,0.3532359530941022,0.0006384244915244734,0.9648013517740821,0.34080252051353455
2513,162,0.2611084526626071,0.0007172228024313693,0.9606279655362673,0.2508280873298645
2514,161,-0.041367897335786996,0.00044626119755737117,0.9751325461384066,-0.04033918306231499
2515,150,0.3410568980251749,0.0005546144032328329,0.9692801558574569,0.3305796980857849
2516,149,0.0006234569087524542,0.0009138154346655582,0.9503715774581902,0.0005925157456658781
2517,143,0.3796323048589113,0.0006563643062737904,0.9638480224311209,0.36590784788131714
2518,149,0.052432099794781445,0.0005371902671292651,0.9702165264952599,0.050870489329099655
2519,137,0.12146995922237852,0.0006171179385026944,0.9659360438265423,0.11733221262693405
2520,133,0.05099442197864217,0.001153328821424317,0.9381681323892406,0.04784134030342102
2521,129,-0.013970126159662423,0.0012511184326463934,0.9332752846214463,-0.013037973083555698
2522,128,0.061657185360672884,0.000734787849647676,0.9597025862908704,0.05917255952954292
2523,128,-0.04687885768362321,0.001536922146670586,0.9192634129584745,-0.04309402033686638
2524,126,0.32740199137183407,0.0006431826391854664,0.9645483180837742,0.31579503417015076
2525,131,0.12392561382237281,0.0004645204101037757,0.9741413805162137,0.12072107195854187
2526,126,0.33465335176636773,0.0007720441218933531,0.9577457034793101,0.3205128014087677
2527,125,0.2908276228159666,0.000830580419177965,0.9546871570129718,0.2776494026184082
2528,118,0.3042449739966857,0.0006160966388616633,0.9659905007308539,0.29389774799346924
2529,118,0.2237890461712318,0.0007143080026878278,0.9607816985753194,0.21501241624355316
2530,40,0.12215022230520844,0.002613474940250055,0.8700591609355933,0.10627792030572891
2531,123,0.006189006888042621,0.0006956293179321299,0.9617680232330499,0.005952388979494572
2532,118,0.3471936888014108,0.0007970576004930995,0.9564363439345329,0.33206865191459656
2533,116,0.4479616051509671,0.001020721510997217,0.9448856052239661,0.4232724606990814
2534,114,0.13504015321010038,0.0007466468838416049,0.9590788244092561,0.1295141577720642
2535,117,0.3050104130465442,0.0016555020941615662,0.9135726192012852,0.27864915132522583
2536,117,0.3989522147796348,0.0009424996457668301,0.9488933804836822,0.3785631060600281
2537,114,0.21485457428845398,0.0010420408285514492,0.9437991529403289,0.20277956128120422
2538,112,0.1821697075751477,0.0014610037451493053,0.9229442027818057,0.1681324690580368
2539,114,-0.1528390639445238,0.0010890175105261139,0.9414139732391199,-0.1438848376274109
2540,110,0.18654195009307428,0.001022771847783998,0.944781009450853,0.17624129354953766
2541,112,0.17554873021851694,0.0006033855648519625,0.9666687843678985,0.16969747841358185
2542,111,-0.2261149876558029,0.0010583741259980585,0.9429684817014106,-0.2132192999124527
2543,107,0.2851226698829157,0.001079448759767337,0.9418988358383718,0.26855671405792236
2544,107,-0.2466809904185411,0.0014250452076176908,0.924697905127161,-0.22810539603233337
2545,110,-0.0003321109170263464,0.0006279160459581047,0.9653606513854156,-0.00032060680678114295
2546,106,0.11085703631616989,0.0009715360095197277,0.9474017118657186,0.10502614825963974
2547,106,0.05831641999055755,0.0017551517956579232,0.9088445131510836,0.053000558167696
2548,111,-0.23160408692316967,0.000517924477113241,0.9712539757011487,-0.22494639456272125
2549,68,0.08814213874147218,0.0015627942371106674,0.9180157417107934,0.08091586828231812
2550,104,0.48719147524948664,0.0015036878905111948,0.9208711067240027,0.4486405551433563
2551,103,0.0812369880167026,0.0013125675760101965,0.9302267371761673,0.07556881755590439
2552,95,0.44222267754866107,0.0013719653631189981,0.9272988297726279,0.41007256507873535
2553,94,0.05667495822652857,0.001315574272414487,0.930078083261826,0.05271213501691818
2554,98,-0.19234483537017083,0.0006488348101143284,0.9642479135205648,-0.18546810746192932
2555,94,0.1644596133301867,0.001967285926576801,0.8989405356362119,0.14783941209316254
2556,88,0.08022228821011429,0.0010933417913863634,0.941195019333466,0.07550481706857681
2557,85,0.1741430704427116,0.000968968764985465,0.9475334084396447,0.1650063842535019
2558,86,0.03682304936092953,0.002239863039502778,0.8865271306292943,0.03264463320374489
2559,35,-0.29596327798707145,0.00556701757312271,0.7586519841566698,-0.22453312575817108
2560,84,0.30020023432249826,0.0009260465147329739,0.9497407046006339,0.2851123809814453
2561,78,0.27669081655450356,0.001304884293122028,0.9306068219009843,0.2574903666973114
2562,79,0.4259324085285675,0.0010189526408199636,0.9449758608847194,0.4024958312511444
2563,79,0.3499472184619524,0.0014639285550888644,0.9228018519215063,0.3229319453239441
2564,233,0.05897248414836728,0.00038337125328614084,0.9785618952949343,0.05770822614431381
2565,83,-0.15359174882073,0.0015651616294219306,0.9179017442707477,-0.14098213613033295
2566,83,0.16549424557800752,0.0012094813489669802,0.9353523197336108,0.15479542315006256
2567,76,-0.08923912224800963,0.0024066538850587107,0.879098982405282,-0.0784500241279602
2568,80,-0.05787308868020773,0.0007481061299477829,0.9590021269533667,-0.05550041422247887
2569,65,-0.009765552786680369,0.0017988985889197263,0.9067842706877766,-0.008855249732732773
2570,80,0.08852231268538162,0.0009355760810531549,0.9492497546455657,0.08402978628873825
2571,76,-0.12879101559519768,0.0012891522280014855,0.9313860421596767,-0.11995415389537811
2572,69,0.4009854741178561,0.0019928635969929717,0.8977609453093653,0.35998910665512085
2573,73,-0.051836894697522465,0.0010015381695396511,0.9458653463691834,-0.04903072118759155
2574,68,0.1744442147695843,0.0009430911483464896,0.9488629466901323,0.16552364826202393
2575,68,0.262168544865049,0.0008224731430425637,0.955109599701908,0.25039970874786377
2576,68,0.285085574751172,0.001568526120533379,0.9177397820657167,0.26163437962532043
2577,67,0.41757248678077846,0.0030061558706256626,0.8533974920269544,0.35635530948638916
2578,62,0.3677938413851324,0.002862470187561044,0.8594196016447224,0.3160892426967621
2579,61,0.39609493226667897,0.0011735453065130218,0.9371524098366242,0.3712013065814972
2580,61,-0.009949795535353363,0.0014344721686753749,0.9242375068199655,-0.009195974096655846
2581,61,0.4175427067475241,0.0023450835687230005,0.8818265207249988,0.36820024251937866
2582,61,0.30651190556341507,0.0030216450856198323,0.852753348352952,0.26137906312942505
2583,63,0.02552485123040184,0.0010588067456118603,0.9429464996116262,0.024068569764494896
2584,61,0.3436518327989539,0.0018113720610045303,0.906198546388707,0.3114168047904968
2585,61,0.08076609060412547,0.0024009367424277137,0.8793515385124041,0.07102178782224655
2586,61,0.24446901480035596,0.002039763637671256,0.8956060335986163,0.21894793212413788
2587,61,0.28534194875936036,0.0019161541878165297,0.9013079444896848,0.25718095898628235
2588,46,-0.07410239752220071,0.0012457034304988962,0.9335448860224881,-0.06917791068553925
2589,53,0.4929970739198462,0.0023497200492197715,0.8816205375090287,0.43463635444641113
2590,55,0.08746002086184242,0.0013329606871553671,0.9292194133152117,0.08126954734325409
2591,55,0.1698447982018644,0.001341105143258604,0.9288177248151338,0.15775485336780548
2592,52,0.32760583158009327,0.0022430832892943162,0.8863825262917236,0.29038408398628235
2593,50,-0.13538503050804138,0.0019489039619944475,0.899790190770718,-0.12181812524795532
2594,50,0.31714498993009327,0.003469063177658396,0.8345575216051234,0.26467573642730713
2595,55,0.0032530718229033732,0.003569306779085732,0.8305867357102595,0.0027019584085792303
2596,50,0.37805078864097597,0.001472919658645541,0.922364528645591,0.3487006425857544
2597,48,-0.07952953067918618,0.0018697283409413,0.90346829636207,-0.07185240834951401
2598,46,0.30511665992114856,0.0021737901081212347,0.8895045659108259,0.27140265703201294
2599,45,-0.06593302322758568,0.002957071662254324,0.8554451804725459,-0.05640208721160889
2600,45,0.15162320964866213,0.001611912640050688,0.9156563208976554,0.13883474469184875
2601,41,0.29614141438065505,0.001749048223472902,0.9091327035432482,0.2692318558692932
2602,60,0.3121657426158587,0.0009445380503529399,0.9487885093980953,0.29617926478385925
2603,42,0.1174809444429619,0.002092673353038853,0.8931873806450731,0.10493249446153641
2604,36,0.27901612620593774,0.003199216406236757,0.8454376400641936,0.235890731215477
2605,40,0.18809025697410106,0.0017925457853296088,0.9070828742034174,0.17061345279216766
2606,36,0.0770715419203043,0.0021081921918938585,0.8924804463442382,0.06878484785556793
2607,35,-0.11919728794268199,0.0023883782755886283,0.879906821512825,-0.10488250851631165
2608,32,0.06975879846140742,0.001449800971198059,0.9234898496766247,0.06442154198884964
2609,33,0.28814364405292453,0.003222200256639056,0.8444998999152196,0.24333727359771729
2610,31,0.3607689602480781,0.0028659783946090515,0.859271554699969,0.3099985122680664
2611,27,0.20873346910984428,0.004045753839910506,0.812219177476581,0.16953732073307037
2612,27,-0.5456859447337963,0.002157299412802116,0.8902508051250901,-0.48579734563827515
2613,25,0.1216674029827118,0.002984938699239572,0.8542814229995269,0.10393819957971573
2614,23,0.32184631644707656,0.004215080024776508,0.8058855969113752,0.2593713104724884
2615,22,-0.04847325926477259,0.0026932308221786524,0.8666226314489803,-0.04200802370905876
2616,19,0.060215336907851066,0.0006009360108647536,0.9667996060465397,0.058216165751218796
2617,18,0.2693197772734695,0.0033656541744304675,0.8386936740538502,0.2258767932653427
2618,16,-0.13326117489486933,0.0017689317373723896,0.9081945415222379,-0.12102707475423813
2619,16,0.8101704614236951,0.003510387926187904,0.8329160013605429,0.6748039126396179
2620,14,0.010964749114853995,0.0013675615166561187,0.9275152767348002,0.01016997266560793
2621,14,0.2904397715215704,0.007424599809229944,0.7021096019118245,0.20392055809497833
2622,14,0.20456943554537638,0.002560381691277642,0.8723619988322366,0.17845860123634338
2623,13,0.15409329590889123,0.0037918542036818256,0.8219049768917689,0.12665005028247833
2624,5,-0.09114469289779663,0.0047188236456675225,0.7876140650677852,-0.07178684324026108
2625,13,0.1596957350579592,0.003987592423302994,0.8144177154433553,0.13005903363227844
2626,7,0.46183231685842785,0.007216775512257661,0.7080132595771897,0.32698339223861694
2627,7,-0.12983950972557068,0.0024339408349971607,0.8778955708648833,-0.11398553103208542
2628,3,0.6982042789459229,0.0010260553694365626,0.944613552278208,0.6595332026481628
2629,4,-0.07984203472733498,0.004406548662326089,0.7988417430984289,-0.06378114968538284
2630,6,0.1786207060019175,0.008012438205126532,0.685931697067644,0.12252160161733627
2631,5,0.02066920921206474,0.0011181181529514494,0.9399424638771235,0.019427867606282234
2632,2,-0.017539283260703087,0.0009472006771136555,0.9486515584711727,-0.01663866825401783
2633,1,0.2796098589897156,0.14914974428669367,0.10500707181332238,0.02936101332306862
2634,2,0.12902051210403442,1.8334228024663446e-05,0.9989533863503361,0.12888547778129578
2635,0,0.0,0.0,0.0,0.0
2636,1,0.022526681423187256,0.14914974428669367,0.10500707181332238,0.00236546085216105
2637,0,0.0,0.0,0.0,0.0
2638,0,0.0,0.0,0.0,0.0
2639,0,0.0,0.0,0.0,0.0
2640,0,0.0,0.0,0.0,0.0
2641,0,0.0,0.0,0.0,0.0
2642,0,0.0,0.0,0.0,0.0
2643,0,0.0,0.0,0.0,0.0
2644,0,0.0,0.0,0.0,0.0
2645,0,0.0,0.0,0.0,0.0
2646,0,0.0,0.0,0.0,0.0
2647,0,0.0,0.0,0.0,0.0
2648,0,0.0,0.0,0.0,0.0
2649,0,0.0,0.0,0.0,0.0
2650,0,0.0,0.0,0.0,0.0
2651,0,0.0,0.0,0.0,0.0
2652,0,0.0,0.0,0.0,0.0
2653,0,0.0,0.0,0.0,0.0
2654,0,0.0,0.0,0.0,0.0
2655,0,0.0,0.0,0.0,0.0
2656,0,0.0,0.0,0.0,0.0
2657,0,0.0,0.0,0.0,0.0
2658,0,0.0,0.0,0.0,0.0
2659,0,0.0,0.0,0.0,0.0
2660,0,0.0,0.0,0.0,0.0
2661,0,0.0,0.0,0.0,0.0
2662,0,0.0,0.0,0.0,0.0
2663,0,0.0,0.0,0.0,0.0
2664,0,0.0,0.0,0.0,0.0
2665,0,0.0,0.0,0.0,0.0
2666,0,0.0,0.0,0.0,0.0
2667,0,0.0,0.0,0.0,0.0
2668,0,0.0,0.0,0.0,0.0
2669,0,0.0,0.0,0.0,0.0
2670,0,0.0,0.0,0.0,0.0
2671,0,0.0,0.0,0.0,0.0
2672,0,0.0,0.0,0.0,0.0
2673,0,0.0,0.0,0.0,0.0
2674,0,0.0,0.0,0.0,0.0
2675,0,0.0,0.0,0.0,0.0
2676,0,0.0,0.0,0.0,0.0
2677,0,0.0,0.0,0.0,0.0
2678,0,0.0,0.0,0.0,0.0
2679,0,0.0,0.0,0.0,0.0
2680,0,0.0,0.0,0.0,0.0
2681,0,0.0,0.0,0.0,0.0
2682,0,0.0,0.0,0.0,0.0
2683,0,0.0,0.0,0.0,0.0
2684,0,0.0,0.0,0.0,0.0
2685,0,0.0,0.0,0.0,0.0
2686,0,0.0,0.0,0.0,0.0
2687,0,0.0,0.0,0.0,0.0
2688,0,0.0,0.0,0.0,0.0
2689,0,0.0,0.0,0.0,0.0
2690,0,0.0,0.0,0.0,0.0
2691,0,0.0,0.0,0.0,0.0
2692,0,0.0,0.0,0.0,0.0
2693,0,0.0,0.0,0.0,0.0
2694,0,0.0,0.0,0.0,0.0
2695,0,0.0,0.0,0.0,0.0
2696,0,0.0,0.0,0.0,0.0
2697,0,0.0,0.0,0.0,0.0
2698,0,0.0,0.0,0.0,0.0
2699,0,0.0,0.0,0.0,0.0
2700,0,0.0,0.0,0.0,0.0
2701,0,0.0,0.0,0.0,0.0
2702,0,0.0,0.0,0.0,0.0
2703,0,0.0,0.0,0.0,0.0
2704,0,0.0,0.0,0.0,0.0
2705,0,0.0,0.0,0.0,0.0
2706,0,0.0,0.0,0.0,0.0
2707,0,0.0,0.0,0.0,0.0
2708,0,0.0,0.0,0.0,0.0
2709,0,0.0,0.0,0.0,0.0
2710,0,0.0,0.0,0.0,0.0
2711,0,0.0,0.0,0.0,0.0
2712,0,0.0,0.0,0.0,0.0
2713,0,0.0,0.0,0.0,0.0
2714,0,0.0,0.0,0.0,0.0
2715,0,0.0,0.0,0.0,0.0
2716,0,0.0,0.0,0.0,0.0
2717,0,0.0,0.0,0.0,0.0
2718,0,0.0,0.0,0.0,0.0
2719,0,0.0,0.0,0.0,0.0
2720,0,0.0,0.0,0.0,0.0
2721,0,0.0,0.0,0.0,0.0
2722,0,0.0,0.0,0.0,0.0
2723,0,0.0,0.0,0.0,0.0
2724,0,0.0,0.0,0.0,0.0
2725,0,0.0,0.0,0.0,0.0
2726,0,0.0,0.0,0.0,0.0
2727,0,0.0,0.0,0.0,0.0
2728,0,0.0,0.0,0.0,0.0
2729,0,0.0,0.0,0.0,0.0
2730,0,0.0,0.0,0.0,0.0
2731,0,0.0,0.0,0.0,0.0
2732,0,0.0,0.0,0.0,0.0
2733,0,0.0,0.0,0.0,0.0
2734,0,0.0,0.0,0.0,0.0
2735,0,0.0,0.0,0.0,0.0
2736,0,0.0,0.0,0.0,0.0
2737,0,0.0,0.0,0.0,0.0
2738,0,0.0,0.0,0.0,0.0
2739,0,0.0,0.0,0.0,0.0
2740,0,0.0,0.0,0.0,0.0
2741,0,0.0,0.0,0.0,0.0
2742,0,0.0,0.0,0.0,0.0
2743,0,0.0,0.0,0.0,0.0
2744,0,0.0,0.0,0.0,0.0
2745,0,0.0,0.0,0.0,0.0
2746,0,0.0,0.0,0.0,0.0
2747,0,0.0,0.0,0.0,0.0
2748,0,0.0,0.0,0.0,0.0
2749,0,0.0,0.0,0.0,0.0
2750,0,0.0,0.0,0.0,0.0
2751,0,0.0,0.0,0.0,0.0
2752,0,0.0,0.0,0.0,0.0
2753,0,0.0,0.0,0.0,0.0
2754,0,0.0,0.0,0.0,0.0
2755,0,0.0,0.0,0.0,0.0
2756,0,0.0,0.0,0.0,0.0
2757,0,0.0,0.0,0.0,0.0
2758,0,0.0,0.0,0.0,0.0
2759,0,0.0,0.0,0.0,0.0
2760,0,0.0,0.0,0.0,0.0
2761,0,0.0,0.0,0.0,0.0
2762,0,0.0,0.0,0.0,0.0
2763,0,0.0,0.0,0.0,0.0
2764,0,0.0,0.0,0.0,0.0
2765,0,0.0,0.0,0.0,0.0
2766,0,0.0,0.0,0.0,0.0
2767,0,0.0,0.0,0.0,0.0
2768,0,0.0,0.0,0.0,0.0
2769,0,0.0,0.0,0.0,0.0
2770,0,0.0,0.0,0.0,0.0
2771,0,0.0,0.0,0.0,0.0
2772,0,0.0,0.0,0.0,0.0
2773,0,0.0,0.0,0.0,0.0
2774,0,0.0,0.0,0.0,0.0
2775,0,0.0,0.0,0.0,0.0
2776,0,0.0,0.0,0.0,0.0
2777,0,0.0,0.0,0.0,0.0
2778,0,0.0,0.0,0.0,0.0
2779,0,0.0,0.0,0.0,0.0
2780,0,0.0,0.0,0.0,0.0
2781,0,0.0,0.0,0.0,0.0
2782,0,0.0,0.0,0.0,0.0
2783,0,0.0,0.0,0.0,0.0
2784,0,0.0,0.0,0.0,0.0
2785,0,0.0,0.0,0.0,0.0
2786,0,0.0,0.0,0.0,0.0
2787,0,0.0,0.0,0.0,0.0
2788,0,0.0,0.0,0.0,0.0
2789,0,0.0,0.0,0.0,0.0
2790,0,0.0,0.0,0.0,0.0
2791,0,0.0,0.0,0.0,0.0
2792,0,0.0,0.0,0.0,0.0
2793,0,0.0,0.0,0.0,0.0
2794,0,0.0,0.0,0.0,0.0
2795,0,0.0,0.0,0.0,0.0
2796,0,0.0,0.0,0.0,0.0
2797,0,0.0,0.0,0.0,0.0
2798,0,0.0,0.0,0.0,0.0
2799,0,0.0,0.0,0.0,0.0
2800,0,0.0,0.0,0.0,0.0
2801,0,0.0,0.0,0.0,0.0
2802,0,0.0,0.0,0.0,0.0
2803,0,0.0,0.0,0.0,0.0
2804,0,0.0,0.0,0.0,0.0
2805,0,0.0,0.0,0.0,0.0
2806,0,0.0,0.0,0.0,0.0
2807,0,0.0,0.0,0.0,0.0
2808,0,0.0,0.0,0.0,0.0
2809,0,0.0,0.0,0.0,0.0
2810,0,0.0,0.0,0.0,0.0
2811,0,0.0,0.0,0.0,0.0
2812,0,0.0,0.0,0.0,0.0
2813,0,0.0,0.0,0.0,0.0
2814,0,0.0,0.0,0.0,0.0
2815,0,0.0,0.0,0.0,0.0
2816,0,0.0,0.0,0.0,0.0
2817,0,0.0,0.0,0.0,0.0
2818,0,0.0,0.0,0.0,0.0
2819,0,0.0,0.0,0.0,0.0
2820,0,0.0,0.0,0.0,0.0
2821,0,0.0,0.0,0.0,0.0
2822,0,0.0,0.0,0.0,0.0
2823,0,0.0,0.0,0.0,0.0
2824,0,0.0,0.0,0.0,0.0
2825,0,0.0,0.0,0.0,0.0
2826,0,0.0,0.0,0.0,0.0
2827,0,0.0,0.0,0.0,0.0
2828,0,0.0,0.0,0.0,0.0
2829,0,0.0,0.0,0.0,0.0
2830,0,0.0,0.0,0.0,0.0
2831,0,0.0,0.0,0.0,0.0
2832,0,0.0,0.0,0.0,0.0
2833,0,0.0,0.0,0.0,0.0
2834,0,0.0,0.0,0.0,0.0
2835,0,0.0,0.0,0.0,0.0
2836,0,0.0,0.0,0.0,0.0
2837,0,0.0,0.0,0.0,0.0
2838,0,0.0,0.0,0.0,0.0
2839,0,0.0,0.0,0.0,0.0
2840,0,0.0,0.0,0.0,0.0
2841,0,0.0,0.0,0.0,0.0
2842,0,0.0,0.0,0.0,0.0
2843,0,0.0,0.0,0.0,0.0
2844,0,0.0,0.0,0.0,0.0
2845,0,0.0,0.0,0.0,0.0
2846,0,0.0,0.0,0.0,0.0
2847,0,0.0,0.0,0.0,0.0
2848,0,0.0,0.0,0.0,0.0
2849,0,0.0,0.0,0.0,0.0
2850,0,0.0,0.0,0.0,0.0
2851,0,0.0,0.0,0.0,0.0
2852,0,0.0,0.0,0.0,0.0
2853,0,0.0,0.0,0.0,0.0
2854,0,0.0,0.0,0.0,0.0
2855,0,0.0,0.0,0.0,0.0
2856,0,0.0,0.0,0.0,0.0
2857,0,0.0,0.0,0.0,0.0
2858,0,0.0,0.0,0.0,0.0
2859,0,0.0,0.0,0.0,0.0
2860,0,0.0,0.0,0.0,0.0
2861,0,0.0,0.0,0.0,0.0
2862,0,0.0,0.0,0.0,0.0
2863,0,0.0,0.0,0.0,0.0
2864,0,0.0,0.0,0.0,0.0
2865,0,0.0,0.0,0.0,0.0
2866,0,0.0,0.0,0.0,0.0
2867,0,0.0,0.0,0.0,0.0
2868,0,0.0,0.0,0.0,0.0
2869,0,0.0,0.0,0.0,0.0
2870,0,0.0,0.0,0.0,0.0
2871,0,0.0,0.0,0.0,0.0
2872,0,0.0,0.0,0.0,0.0
2873,0,0.0,0.0,0.0,0.0
2874,0,0.0,0.0,0.0,0.0
2875,0,0.0,0.0,0.0,0.0
2876,0,0.0,0.0,0.0,0.0
2877,0,0.0,0.0,0.0,0.0
2878,0,0.0,0.0,0.0,0.0
2879,0,0.0,0.0,0.0,0.0
2880,0,0.0,0.0,0.0,0.0
2881,0,0.0,0.0,0.0,0.0
2882,0,0.0,0.0,0.0,0.0
2883,0,0.0,0.0,0.0,0.0
2884,0,0.0,0.0,0.0,0.0
2885,0,0.0,0.0,0.0,0.0
2886,0,0.0,0.0,0.0,0.0
2887,0,0.0,0.0,0.0,0.0
2888,0,0.0,0.0,0.0,0.0
2889,0,0.0,0.0,0.0,0.0
2890,0,0.0,0.0,0.0,0.0
2891,0,0.0,0.0,0.0,0.0
2892,0,0.0,0.0,0.0,0.0
2893,0,0.0,0.0,0.0,0.0
2894,0,0.0,0.0,0.0,0.0
2895,0,0.0,0.0,0.0,0.0
2896,0,0.0,0.0,0.0,0.0
2897,0,0.0,0.0,0.0,0.0
2898,0,0.0,0.0,0.0,0.0
2899,0,0.0,0.0,0.0,0.0
2900,0,0.0,0.0,0.0,0.0
2901,0,0.0,0.0,0.0,0.0
2902,0,0.0,0.0,0.0,0.0
2903,0,0.0,0.0,0.0,0.0
2904,0,0.0,0.0,0.0,0.0
2905,0,0.0,0.0,0.0,0.0
2906,0,0.0,0.0,0.0,0.0
2907,0,0.0,0.0,0.0,0.0
2908,0,0.0,0.0,0.0,0.0
2909,0,0.0,0.0,0.0,0.0
2910,0,0.0,0.0,0.0,0.0
2911,0,0.0,0.0,0.0,0.0
2912,0,0.0,0.0,0.0,0.0
2913,0,0.0,0.0,0.0,0.0
2914,0,0.0,0.0,0.0,0.0
2915,0,0.0,0.0,0.0,0.0
2916,0,0.0,0.0,0.0,0.0
2917,0,0.0,0.0,0.0,0.0
2918,0,0.0,0.0,0.0,0.0
2919,0,0.0,0.0,0.0,0.0
2920,0,0.0,0.0,0.0,0.0
2921,0,0.0,0.0,0.0,0.0
2922,0,0.0,0.0,0.0,0.0
2923,0,0.0,0.0,0.0,0.0
2924,0,0.0,0.0,0.0,0.0
2925,0,0.0,0.0,0.0,0.0
2926,0,0.0,0.0,0.0,0.0
2927,0,0.0,0.0,0.0,0.0
2928,0,0.0,0.0,0.0,0.0
2929,0,0.0,0.0,0.0,0.0
2930,0,0.0,0.0,0.0,0.0
2931,0,0.0,0.0,0.0,0.0
2932,0,0.0,0.0,0.0,0.0
2933,0,0.0,0.0,0.0,0.0
2934,0,0.0,0.0,0.0,0.0
2935,0,0.0,0.0,0.0,0.0
2936,0,0.0,0.0,0.0,0.0
2937,0,0.0,0.0,0.0,0.0
2938,0,0.0,0.0,0.0,0.0
2939,761,-0.19181515171673547,0.00015733301902138785,0.9910893125276887,-0.19010594487190247
2940,0,0.0,0.0,0.0,0.0
2941,0,0.0,0.0,0.0,0.0
2942,0,0.0,0.0,0.0,0.0
2943,744,-0.09011885209349535,0.00015961230647264867,0.9909613899598191,-0.08930430561304092
2944,191,-0.3741689823684892,0.0006591938959682352,0.9636978288235976,-0.3605858385562897
2945,728,0.11623129991182525,0.00016339435393404784,0.9907491994379459,0.11515606939792633
2946,740,-0.16483754421351476,0.00012908514506513127,0.9926774396181017,-0.16363051533699036
2947,772,-0.0797593088222214,0.0001384570347276848,0.9921499776046695,-0.07913319766521454
2948,734,0.031291686292808776,0.00023298313108473752,0.9868610987121232,0.030880548059940338
2949,742,0.07453917705697431,0.00026095462929656113,0.9853068454016055,0.07344396412372589
2950,794,-0.107344697588487,0.00021797449831806057,0.9876970856196632,-0.10602404177188873
2951,740,-0.1529162771798469,0.0001641902310593965,0.9907045585878169,-0.1514948457479477
2952,753,-0.2578024739080454,0.00012787568872704355,0.9927455502388339,-0.2559322714805603
2953,732,-0.2382688609771227,0.00014501116937817792,0.9917814354219756,-0.23631063103675842
2954,777,-0.14589453059005308,0.00010147358314033777,0.9942347192152706,-0.14505340158939362
2955,749,-0.08161940252052767,0.00019828549062155416,0.9887959214442403,-0.0807049348950386
2956,711,-0.10889186755702969,0.00023816349609077537,0.9865728787175424,-0.10742976516485214
2957,779,-0.15334354414196927,0.00014636690667335512,0.9917052358263383,-0.15207159519195557
2958,715,0.047416871532120486,0.00023396583317394231,0.9868064111688453,0.04679127410054207
2959,699,-0.027150296820634082,0.000238521014556878,0.9865529936709899,-0.02678520604968071
2960,802,-0.07374476224295516,0.00013971376137656845,0.9920792900305668,-0.07316064834594727
2961,447,-0.02659857361442024,0.0003035085157721839,0.9829516798388108,-0.02614511176943779
2962,694,0.019316024305325762,0.00014496628115623995,0.9917839585773784,0.019157322123646736
2963,740,-0.15803919456446092,0.0002260567023103993,0.9872467276780922,-0.15602368116378784
2964,784,-0.17127956302684486,0.00017681533947266602,0.9899969523093681,-0.16956624388694763
2965,751,-0.061864301621834546,0.0001928436111386402,0.98910006201568,-0.061189983040094376
2966,726,-0.019053638407308865,0.0002117452625343334,0.9880444726319743,-0.018825842067599297
2967,786,-0.014374408833019,0.0002191181025782316,0.987633336554568,-0.014196645468473434
2968,85,0.4537008447517805,0.0014704363202628632,0.9224852756817553,0.4185323417186737
2969,751,-0.2709105746366689,9.59646541821057e-05,0.9945460051634489,-0.26943302154541016
2970,681,-0.24002811013995815,0.00012755573642554043,0.992763569939078,-0.2382911592721939
2971,771,-0.15018722625393735,0.0002467368927468959,0.9860962502920873,-0.14809906482696533
2972,729,-0.058972994639795016,0.0001373892672738601,0.9922100446359206,-0.05851359665393829
2973,773,-0.012488560218551952,0.00017733808012323406,0.9899676757734468,-0.012363270856440067
2974,729,-0.03381988264630524,0.0001965497244818299,0.9888929111595958,-0.03344424068927765
2975,755,-0.1156213272042227,0.00025208495386213703,0.9857991639702068,-0.11397940665483475
2976,728,-0.13694021944980045,0.00019133628186366794,0.9891843380588842,-0.13545912504196167
2977,729,-0.20382867016112854,0.00011987005667748777,0.9931966237783599,-0.20244194567203522
2978,711,-0.110831987076084,0.00019628036587060105,0.9889079638643989,-0.10960263758897781
2979,666,0.03878605935733777,0.00021866970481481204,0.9876583310545086,0.03830737620592117
2980,750,-0.15984459048633773,0.00011438315624907601,0.9935060174013215,-0.15880656242370605
2981,755,0.05671952146148642,0.0001723899607455628,0.9902448688165989,0.05616621673107147
2982,718,-0.12502134647376026,0.00015692028138366442,0.99111248051756,-0.12391021847724915
2983,794,-0.07731896933984546,0.00011497656640190841,0.9934725470795484,-0.07681427150964737
2984,684,-0.0034241107325151303,0.00016361216109241625,0.9907369822066422,-0.003392393235117197
2985,754,-0.06734914144634489,0.00016501849517515932,0.9906581054187477,-0.06671997159719467
2986,809,-0.11137971976870954,0.00013766777570230505,0.9921943765023313,-0.11051033437252045
2987,673,0.022783217143494343,0.00018736445433559218,0.9894064750596073,0.022541861981153488
2988,760,-0.14589978915786272,0.0001283883469963927,0.9927166787102917,-0.1448371559381485
2989,766,-0.05708516889322286,0.0001693677617519965,0.9904142484074504,-0.05653796344995499
2990,733,-0.11902903657442145,0.00011960909475994292,0.9932113344526232,-0.1182209849357605
2991,0,0.0,0.0,0.0,0.0
2992,773,-0.09219896218909329,0.0001826927758703517,0.9896678811554206,-0.0912463515996933
2993,762,-0.1758266940732484,0.00010749221598877306,0.9938948547486006,-0.17475324869155884
2994,649,-0.046243256442995026,0.00020672356737444164,0.9883246964388515,-0.045703351497650146
2995,322,0.1362057747059033,0.00048454885265301293,0.9730564903629328,0.132535919547081
2996,709,-0.016839743501208565,0.00020795170574693258,0.988256148402856,-0.016641980037093163
2997,629,-0.043018669192049955,0.0002620302001620615,0.9852471783920335,-0.04238402098417282
2998,657,0.22906877762458006,0.00015594454382856346,0.9911672554000416,0.227045476436615
2999,725,-0.10178243251196269,0.0001211733012376109,0.9931231651507987,-0.10108248889446259
3000,217,0.14248775790363963,0.0007348561214841896,0.9596989930044811,0.1367453634738922
3001,709,0.05348367688386624,0.0001906989446613508,0.989219976436207,0.05290712043642998
3002,696,0.025049483711328143,0.00017711649288390974,0.9899800857443197,0.02479849010705948
3003,741,-0.20044413464855246,0.0001515169006468907,0.9914158856556154,-0.19872349500656128
3004,564,-0.16027723032162122,0.00021185768383828794,0.9880382010458576,-0.15836001932621002
3005,772,-0.11549654151337134,0.00017267346894581114,0.990228982529694,-0.1143680214881897
3006,585,-0.04960271274973439,0.00022376143150292717,0.9873745833862936,-0.048976458609104156
3007,760,0.034321297768895566,0.00018502752608024175,0.98953722178041,0.033962201327085495
3008,772,-0.23836007051005806,0.00014310798073555628,0.9918884244338781,-0.23642659187316895
3009,414,0.012599110396371948,0.0003615432270773434,0.9797578095525264,0.012344077229499817
3010,295,0.037655947325845894,0.0006471199196495863,0.9643390376482239,0.03631310164928436
3011,747,-0.0024801400182157796,0.00016051493383367727,0.9909107400932181,-0.00245759729295969
3012,408,0.18120244275961145,0.0002900002148589675,0.9836980826443407,0.17824849486351013
3013,0,0.0,0.0,0.0,0.0
3014,753,-0.06289946020223389,0.00017382310703034293,0.9901645681691408,-0.062280815094709396
3015,734,0.03976100883814595,0.0002494227444845216,0.9859470280821203,0.0392022468149662
3016,433,-0.033846248367125936,0.00027951240482152514,0.9842783700185059,-0.03331413120031357
3017,0,0.0,0.0,0.0,0.0
3018,0,0.0,0.0,0.0,0.0
3019,595,0.0841935942935593,0.00021630137061298994,0.9877903672638184,0.08316562324762344
3020,738,-0.006542576478193527,0.00016243956516970754,0.9908027589706951,-0.006482402794063091
3021,733,0.1416612341518782,0.00019696370263010845,0.9888697775006955,0.14008451998233795
3022,773,0.05908759272046493,0.0002146855639349025,0.9878804698232414,0.05837148055434227
3023,684,-0.11456794458800894,0.00018415063333270505,0.9895862911892722,-0.11337486654520035
3024,759,-0.04952448371513127,0.0001675651496451619,0.9905153036608937,-0.04905476048588753
3025,655,-0.20034081959769925,0.00016659172679742138,0.9905698827631092,-0.19845157861709595
3026,726,-0.10871682425360542,0.00014986372473816856,0.9915087502219633,-0.10779368132352829
3027,745,-0.07203081612969005,0.0001610695384431144,0.9908796216795488,-0.07137386500835419
3028,0,0.0,0.0,0.0,0.0
3029,758,-0.03909869938056749,0.0001677648400914219,0.9905041079080887,-0.038727421313524246
3030,742,-0.043376988312104,0.00019883088612037311,0.9887654502103289,-0.04288966581225395
3031,748,0.09484981902113016,0.00018694205707442765,0.989430104830159,0.09384726732969284
3032,705,-0.0965476096891765,0.0001650048986766604,0.9906588679428056,-0.09564574807882309
3033,741,-0.006344234658211631,0.00019206250745042397,0.9891437323848806,-0.006275360006839037
3034,771,-0.041672896096137405,0.00015893780636621436,0.9909992421158105,-0.04129780828952789
3035,724,0.025734142463355845,0.00019226503505695582,0.9891324089911647,0.025454474613070488
3036,702,0.1525815262026724,0.00022558766512031605,0.9872728522221687,0.1506395936012268
3037,749,0.16676623308571062,0.0002413769850954644,0.9863941744055367,0.1644972413778305
3038,292,-0.0058851893034393655,0.0005017821710644725,0.9721249373118438,-0.005721139255911112
3039,703,-0.11818799167701903,0.00014215156188741426,0.9919421988689939,-0.11723565310239792
3040,773,-0.0400021205744182,0.00013969271185701384,0.992080473927828,-0.03968532383441925
3041,727,-0.08253712345176009,0.000189981286146668,0.9892601092638056,-0.08165068179368973
3042,761,0.0713058456878879,0.0001557612624182716,0.9911775449258576,0.07067675143480301
3043,727,0.021149943714661643,0.00020603669984771598,0.9883630378126946,0.020903822034597397
3044,773,0.08612224050492703,0.00014035184777656,0.9920434032013389,0.08543699979782104
3045,543,0.056775532336991355,0.0002731592903929443,0.9846302190193207,0.05590290576219559
3046,679,0.02942666021039893,0.00017761558306004466,0.9899521346884038,0.029130985960364342
3047,649,0.008282605484730704,0.0002772200718904388,0.9844052952951129,0.008153440430760384
3048,367,0.0881683147824509,0.0003748775543698912,0.9790269010526996,0.08631914854049683
3049,753,-0.07003034748987927,0.0001683099808027072,0.9904735455879528,-0.06936320662498474
3050,776,-0.00499975805041217,0.00016751273176234132,0.9905182425397644,-0.004952351562678814
3051,716,-0.0550199517493745,0.00016186397596543712,0.9908350498410117,-0.05451569706201553
3052,738,0.04670331295741202,0.00021194475348908294,0.9880333437933324,0.046144429594278336
3053,759,-0.05845623861075586,0.0001356666976140405,0.9923069627588084,-0.05800653249025345
3054,701,0.003306850179838556,0.00017675104375907677,0.9900005533652282,0.0032737834844738245
3055,738,0.037050733519440424,0.00015944819391476773,0.9909705994981681,0.03671618923544884
3056,791,0.0251592720791641,0.00018034061539881453,0.9897995497553476,0.02490263618528843
3057,749,-0.025027697520437483,0.00019723144552594,0.9888548162418812,-0.02474875934422016
3058,703,0.013673043197781313,0.0001421442320862101,0.9919426110079356,0.013562873937189579
3059,777,-0.08009511505540082,0.00014203691912877147,0.9919486450237148,-0.07945024222135544
3060,639,0.0022808019398290412,0.00023084358372756964,0.9869801858643834,0.0022511063143610954
3061,705,-0.02279066515174952,0.00019020970051655467,0.9892473355450079,-0.022545604035258293
3062,769,-0.041665264094061905,0.0001281706108804242,0.9927289408148684,-0.04136231169104576
3063,523,0.07886752296581039,0.00028131872186841207,0.9841783782420551,0.07761970907449722
3064,715,0.08113175115541561,0.00019665897590348224,0.9888868059372423,0.08023011684417725
3065,738,0.009494098804406518,0.00021314419626132034,0.9879664367456896,0.009379850700497627
3066,0,0.0,0.0,0.0,0.0
3067,318,0.2014223173840569,0.0005422449667259907,0.9699447014081481,0.19536851346492767
3068,708,0.03467908317070602,0.00019155918466840213,0.9891718744713962,0.03430357202887535
3069,392,0.06436185810444116,0.00041252878255274266,0.9769689592901442,0.0628795400261879
3070,615,0.153914861223562,0.00022235257318900132,0.9874530787983411,0.15198370814323425
3071,734,0.026814377393411113,0.00017125486015870912,0.9903084789034986,0.02655450440943241
3072,692,0.0013012942774598137,0.00020247346026277773,0.9885619878245989,0.001286410028114915
3073,636,-0.1380491248454969,0.0001823109597260579,0.989689251974117,-0.136625736951828
3074,675,0.12718810603712444,0.00019121152228378558,0.9891913141151042,0.12581336498260498
3075,764,-0.18883876614662679,0.00016780965255465164,0.9905015955078866,-0.18704509735107422
3076,535,0.0213589895168476,0.0003331240483287458,0.9813192272888025,0.020959986373782158
3077,727,0.17530561724429158,0.00015074058252011245,0.9914594919435181,0.17380841076374054
3078,772,-0.2698011017863523,0.00010555231374553031,0.994004373157384,-0.26818346977233887
3079,739,0.12897005346408352,0.00017614052972047723,0.9900347481655835,0.1276848316192627
3080,684,0.015796277402459008,0.00018918630191384306,0.9893045700942374,0.015627330169081688
3081,735,-0.107999871853663,0.00012262522340989585,0.9930413389626641,-0.10724833607673645
3082,650,-0.05890376621857286,0.00026835564201608663,0.9848964223425154,-0.05801410973072052
3083,629,0.154502729133115,0.00024177563189322796,0.9863720098992965,0.15239717066287994
3084,752,0.013208333781841112,0.00020578005866825588,0.9883773644468657,0.013054817914962769
3085,750,0.01543747225155433,0.00015171821371576065,0.9914045783975148,0.015304780565202236
3086,638,-0.13749396802162675,0.00012006071640786192,0.9931858763814834,-0.13655707240104675
3087,758,-0.11758899983721428,0.00014887301578969802,0.9915644100820016,-0.11659706383943558
3088,780,-0.12571935824458846,0.00014013230287686265,0.9920557504060111,-0.12472061067819595
3089,736,0.19120167778126654,0.00016198854094046834,0.9908280614990758,0.18944798409938812
3090,703,0.12304434731501986,0.00022525310346659314,0.9872914875609454,0.12148063629865646
3091,667,-0.13261634923204935,0.0001830502517053391,0.9896478735366597,-0.1312434822320938
3092,437,-0.04192362823555549,0.00031480348344995764,0.9823284439935305,-0.04118277132511139
3093,725,0.020469556399460496,0.0002036715153928335,0.9884950866461831,0.020234055817127228
3094,739,-0.17042743371287927,0.000127484632975069,0.9927675745712776,-0.16919483244419098
3095,740,0.0027623258442995516,0.0001878873466314084,0.9893772249537118,0.0027329823933541775
3096,447,0.07630207552939186,0.00035382497199336376,0.9801813772684816,0.0747898742556572
3097,761,-0.17831990650748533,0.00014826235293708198,0.991598721363044,-0.17682179808616638
3098,0,0.0,0.0,0.0,0.0
3099,0,0.0,0.0,0.0,0.0
3100,739,0.005476607793642155,0.0001904007801942226,0.9892366499642773,0.005417661275714636
3101,780,-0.024003523423408085,0.00012936648173382623,0.9926615974631795,-0.02382737584412098
3102,724,0.0346768984843807,0.00022101256599169828,0.9875277497093724,0.03424439951777458
3103,664,-0.09743484351166849,0.00017140292688284315,0.9903001809047229,-0.09648974239826202
3104,695,-0.031019584381644674,0.00014620997904115753,0.991714055388775,-0.030762556940317154
3105,747,0.046717022776284534,0.00023670068861034397,0.9866542478859376,0.04609354957938194
3106,656,-0.045546992526463485,0.00025928763230313306,0.9853993359010007,-0.04488197714090347
3107,766,-0.18998557569911367,0.00010647680380478235,0.9939521774758339,-0.18883657455444336
3108,484,0.03734049490606797,0.00033208174791732906,0.9813765883864404,0.03664508834481239
3109,761,-0.15825286951147352,0.00012440167762015652,0.9929412414150401,-0.15713579952716827
3110,424,0.02079625362706072,0.0003161346640447829,0.9822550439178371,0.020427225157618523
3111,723,-0.09457456674375268,0.00015180508021702473,0.9913996994002421,-0.09376119822263718
3112,734,0.07618394755943594,0.00023563104144202368,0.9867137558731677,0.07517174631357193
3113,747,0.0794196799360066,0.0001885462277228317,0.9893403702243244,0.07857309281826019
3114,533,0.16998011897375725,0.000264767805118396,0.9850953430798258,0.16744662821292877
3115,758,0.12249496671933888,0.00020307266980115987,0.9885285259418018,0.12108977138996124
3116,693,0.09972777999910656,0.00017801132917416834,0.9899299724372651,0.09872351586818695
3117,747,-0.0893514713888347,0.00016856007023046183,0.9904595254111973,-0.08849901705980301
3118,669,-0.09524489272530615,0.0002204819111880096,0.9875573231779543,-0.0940597876906395
3119,732,-0.07044750998875564,0.00016844126291070704,0.9904661857776935,-0.06977587938308716
3120,0,0.0,0.0,0.0,0.0
3121,758,0.1162351057127531,0.00015806950097701166,0.9910479746548903,0.11519456654787064
3122,733,0.05772729954424366,0.00018068777298308928,0.9897801144585877,0.05713733285665512
3123,729,-0.09054950209250176,0.00017459672453979305,0.9901212270036142,-0.08965498208999634
3124,166,0.28347996367612877,0.00108239419972388,0.9417495328879276,0.26696711778640747
3125,772,-0.05045482821260709,0.00017524928037421748,0.990084671150167,-0.049954552203416824
3126,714,0.09001714050122837,0.00020085737061170607,0.9886522470197292,0.08899565041065216
3127,502,0.053347133933956105,0.0003327118112177417,0.9813419132029718,0.052351780235767365
3128,738,0.007721582278710232,0.00017361806577426776,0.990176056041407,0.00764572573825717
3129,585,-0.07815375614147156,0.00023339926768649135,0.9868379398974878,-0.07712509483098984
3130,768,0.03391382131182278,0.00015317539302465373,0.9913227399226741,0.03361954167485237
3131,581,-0.03849154926047832,0.00021515819415423605,0.9878541127465145,-0.03802403435111046
3132,784,0.05217633983928102,0.0001743785546738967,0.9901334493731718,0.05166153982281685
3133,699,0.006681055462091777,0.00018432605571618658,0.9895764744652344,0.006611415185034275
3134,748,-0.15244669569930172,0.00013770160319603113,0.9921924734924024,-0.15125645697116852
3135,525,-0.1231748909928969,0.0003010564666960329,0.9830870839529057,-0.12109164148569107
3136,736,-0.0789607075212584,0.0001613655077481036,0.9908630158823138,-0.07823924720287323
3137,750,-0.03961224255462487,0.0002521457520214162,0.9857957876441775,-0.039049580693244934
3138,323,-0.10161184424667075,0.00036242720579740946,0.9797093213229842,-0.09955006837844849
3139,320,0.11376924540963955,0.00043319441187657004,0.975843090100712,0.11102093011140823
3140,670,-0.03359476907435916,0.00018229410211113232,0.9896901955412253,-0.0332484133541584
3141,356,-0.08905094552241015,0.0003829904230123647,0.9785827352058154,-0.08714371919631958
3142,733,-0.15638052407489508,0.00014779571600801838,0.9916249418678009,-0.15507082641124725
3143,676,0.11521421532754886,0.00022912758508342963,0.9870757190777295,0.11372515559196472
3144,733,-0.06552151446376825,0.00021043038910012747,0.9881178306725609,-0.06474297493696213
3145,698,-0.16571849871181316,0.00013983235559788404,0.992072619937127,-0.16440477967262268
3146,718,0.06062251173769199,0.00020880176544292302,0.9882087082401841,0.0599076934158802
3147,275,-0.27049314177510414,0.0005145407530998508,0.9714364159539091,-0.26276689767837524
3148,746,-0.05769903481570909,0.00019496332120804411,0.9889815715425402,-0.057063281536102295
3149,766,-0.10128798427828649,0.00017585100995585538,0.9900509649502001,-0.1002802699804306
3150,701,0.04908604400442347,0.00018852523666601663,0.9893415443236103,0.04856286197900772
3151,435,0.11684300492801329,0.0004395984561045809,0.9754947224814583,0.11397973448038101
3152,519,-0.1409736855569258,0.00028198106688590534,0.9841417180886508,-0.13873808085918427
3153,393,-0.09458535071225416,0.00032148304393663456,0.9819602496971298,-0.09287905693054199
3154,424,-0.2012509435727173,0.00028689203904579456,0.983869985723554,-0.19800476729869843
3155,301,0.1332605886010088,0.0004803253804212187,0.9732850640839068,0.12970054149627686
3156,608,-0.08235309700562778,0.00021313327974992893,0.9879670456472185,-0.08136214315891266
3157,692,-0.07846092031138137,0.00020460756492426957,0.9884428225505425,-0.0775541365146637
3158,0,0.0,0.0,0.0,0.0
3159,705,-0.06242449124548452,0.00021004346102519944,0.9881394198326311,-0.061684101819992065
3160,745,-0.0729874468677296,0.00016417798785956037,0.9907052452800013,-0.07230904698371887
3161,725,-0.13535148328298638,0.00017370899363557696,0.9901709615817804,-0.1340211033821106
3162,745,0.03310291692614555,0.0001667515932285728,0.9905609187572545,0.03279045596718788
3163,767,-0.2012059616785244,0.000153499237695169,0.9913045539109522,-0.1994563788175583
3164,0,0.0,0.0,0.0,0.0
3165,548,-0.034193624693893546,0.00021191973987781253,0.9880347391934482,-0.03378449007868767
3166,754,0.010400826002740417,0.00022241101740490607,0.9874498222945864,0.010270293802022934
3167,694,0.023837378261321002,0.0002568536489226124,0.9855344125287425,0.02349255606532097
3168,665,-0.07824721777517545,0.00022199207652053433,0.987473166098499,-0.07726702839136124
3169,713,0.25768723529678617,0.00016692188739040389,0.9905513702277482,0.2552524507045746
3170,623,0.07446880171218974,0.0002088372275237275,0.9882067292700447,0.07359056919813156
3171,765,-0.2387021860558223,0.00010489100629946568,0.994041713204322,-0.23727993667125702
3172,771,-0.10250812654906519,0.00018723104978145828,0.9894139378624867,-0.10142296552658081
3173,0,0.0,0.0,0.0,0.0
3174,0,0.0,0.0,0.0,0.0
3175,740,-0.11863187092381555,0.00013300512064990964,0.9924567501304696,-0.11773700267076492
3176,735,-0.07719087711959874,0.000162167394456229,0.9908180276348084,-0.07648210972547531
3177,757,0.07768044351812949,0.00021055171471175108,0.9881110613450083,0.07675690203905106
3178,752,-0.2600853537863239,8.259467989767146e-05,0.9953022962776344,-0.25886353850364685
3179,350,0.013425499626568386,0.00024055642965872213,0.9864397998969369,0.013243447057902813
3180,692,-0.03422043762153628,0.00017621700106478796,0.990030464887571,-0.03387927636504173
3181,747,-0.1591615364369419,0.00013683553929781853,0.9922411973495282,-0.15792663395404816
3182,758,0.02714017824586825,0.0001532605372049121,0.9913179584513723,0.026904545724391937
3183,182,0.11606135864097339,0.0008755627320968069,0.9523500531376783,0.1105310395359993
3184,745,-0.04123475946636008,0.00023206531455233277,0.9869121808373974,-0.04069508612155914
3185,641,-0.001218236401653885,0.0002466936982090362,0.9860986504899584,-0.0012013012310490012
3186,788,-0.06575248722781234,0.00017750096184111468,0.9899585537977567,-0.06509223580360413
3187,732,-0.11897685729689855,0.00013996198467590922,0.9920653293129633,-0.11803281307220459
3188,574,-0.05257533256691403,0.00019970135362399566,0.9887168211014997,-0.05198211595416069
3189,756,-0.08757070810090573,0.00019163778951908632,0.9891674793641314,-0.08662209659814835
3190,743,-0.11409108871205498,0.00019671787018606365,0.9888835148196664,-0.11282279342412949
3191,749,0.03913503049690033,0.00014968470595766193,0.9915188073654101,0.03880311921238899
3192,761,-0.07716125476635434,0.00012315227317896308,0.9930116392780937,-0.07662202417850494
3193,746,-0.08911229528227058,0.00012082605748059785,0.9931427368157285,-0.0885012298822403
3194,0,0.0,0.0,0.0,0.0
3195,747,-0.14604502589687446,0.0001486884363732756,0.9915747807854107,-0.14481456577777863
3196,731,0.008658506771200496,0.00013208083410449345,0.9925087774102749,0.008593644015491009
3197,239,-0.005002105616375991,0.00038712219032675734,0.9783566827843769,-0.004893843550235033
3198,429,0.00990846990835625,0.00029102513754406006,0.9836414106785838,0.00974638108164072
3199,534,0.16444020038679913,0.00026233008905217467,0.985230543423401,0.1620115041732788
3200,755,-0.00127271930594614,0.00017996927589635872,0.9898203396993458,-0.0012597634922713041
3201,688,-0.00763060832342003,0.000199344123594434,0.9887367773596649,-0.007544663269072771
3202,776,0.08166031675538067,0.00021279158438299468,0.987986105121977,0.0806792601943016
3203,0,0.0,0.0,0.0,0.0
3204,699,0.01127911282061081,0.0002059668910489108,0.9883669347499316,0.011147902347147465
3205,746,0.005039325368468308,0.0001891108302616905,0.989308791181043,0.004985448904335499
3206,735,-0.0636372419796428,0.00015862316433625938,0.9910169004471272,-0.06306558102369308
3207,594,-0.06899020278368534,0.00018959095023621988,0.9892819389567826,-0.06825076043605804
3208,0,0.0,0.0,0.0,0.0
3209,740,-0.22139070764989466,0.0001212641727523313,0.9931180434961068,-0.21986711025238037
3210,742,0.03363547764839027,0.00017436137144899108,0.9901344120291319,0.0333036445081234
3211,755,-0.015321010173551294,0.00017783539230179114,0.989939824987995,-0.015166877768933773
3212,303,-0.20332678472592491,0.0004211030228514998,0.9765015171292403,-0.19854891300201416
3213,745,-0.054914890573478786,0.0001864191824009081,0.9894593570769732,-0.054336052387952805
3214,803,-0.18913113558722908,0.00011168336755359748,0.993658323008929,-0.18793173134326935
3215,659,-0.034441167468908886,0.0002672269128835056,0.9849589939031307,-0.03392313793301582
3216,760,0.004329591219950663,0.0001959313942709323,0.9889274663039399,0.004281651694327593
3217,419,-0.026319472079203068,0.0003122811006373999,0.9824675559562611,-0.02585802786052227
3218,720,-0.02003701814553804,0.0001841594317511867,0.9895857988207483,-0.019828349351882935
3219,755,0.11778475815023215,0.00018025557076205398,0.9898043110171917,0.11658386141061783
3220,718,-0.11838224895485264,0.00017539651345408377,0.9900764235994474,-0.11720747500658035
3221,771,0.1451564352746797,0.00019062658643676344,0.9892240226979908,0.1435922384262085
3222,523,-0.2233175225342209,0.00021356270488709201,0.9879430937238332,-0.22062499821186066
3223,567,0.1693479254403656,0.00023103794525782602,0.98696936651963,0.16714121401309967
3224,284,-0.04514821073447,0.0004259299913205852,0.9762385618554966,-0.04407542571425438
3225,743,-0.11207674480573566,0.00014785566266234097,0.9916215733650942,-0.11113771796226501
3226,573,-0.06319367694123981,0.00021002630366021593,0.9881403771721857,-0.06244422495365143
3227,736,-0.2009662566883692,0.0001391704517576824,0.9921098485339768,-0.19938060641288757
3228,746,-0.13263786861787852,0.00014131877649920373,0.9919890267896123,-0.1315753161907196
3229,789,-0.08255045121613565,0.0001444848271387716,0.9918110217911078,-0.08187444508075714
3230,726,0.08694772144712856,0.0001505632958107189,0.9914694507899138,0.08620601147413254
3231,744,-0.10892308389978303,0.00015039186342353386,0.9914790809677703,-0.10799495875835419
3232,708,0.12311084567711263,0.00020728795118348818,0.988293194408812,0.12166961282491684
3233,750,-0.038913004850347835,0.00015643407921443932,0.991139773643806,-0.03856822848320007
3234,697,0.09142623899753073,0.0001829046557096143,0.9896560223231922,0.09048052877187729
3235,736,-0.00706970362673177,0.00022055181018173752,0.9875534275956829,-0.006981709972023964
3236,739,-0.021278046873046515,0.00016597237514407977,0.9906046124852916,-0.02107813209295273
3237,733,0.027188032742914977,0.00019932487495657672,0.9887378526862771,0.026881836354732513
3238,707,0.04925751574390174,0.00017763299918774851,0.9899511593437493,0.04876253381371498
3239,751,-0.05438090776020137,0.00018194947963923313,0.989709485403915,-0.053821299225091934
3240,738,0.0025042314763839653,0.00017337078531817822,0.9901899108092449,0.00247966474853456
3241,706,0.27018616742536256,0.00021423299146094933,0.9879057096618573,0.26691845059394836
3242,673,-0.07922563863777034,0.00018485304589830752,0.9895469850032705,-0.0783974900841713
3243,740,0.08249011830728803,0.00021343783466973415,0.9879500584545744,0.08149611949920654
3244,710,0.12110137586599924,0.00015509001093438025,0.9912152312017141,0.12003752589225769
3245,787,-0.033162705685465275,0.00016735155645935355,0.9905272791584471,-0.03284856304526329
3246,619,0.07443554584021185,0.00022229139885991038,0.9874564874466387,0.07350186258554459
3247,761,-0.04070267325166843,0.00022817458977362765,0.9871287822964242,-0.040178779512643814
3248,730,-0.20986361803665554,0.0001381924105804472,0.992164863301982,-0.20821930468082428
3249,785,-0.12021840627951796,0.00014964156205736167,0.9915212311885132,-0.11919910460710526
3250,720,0.01032194337134974,0.0001953699127439052,0.9889588465737755,0.010207977145910263
3251,685,-0.07276095421237015,0.00019202538145610538,0.9891458081411332,-0.07197119295597076
3252,665,0.166754693164021,0.0002289596284936609,0.9870850705640485,0.16460107266902924
3253,727,-0.007657731737188247,0.00018444229581553835,0.9895699697186084,-0.007577861193567514
3254,676,-0.22723318611894397,0.00013017101807794701,0.9926162965629791,-0.22555536031723022
3255,0,0.0,0.0,0.0,0.0
3256,548,-0.027793655688636495,0.00026478245319501307,0.9850945307819465,-0.02737937867641449
3257,761,0.10518972603445102,0.00015254408150272165,0.9913581941420296,0.10428069531917572
3258,731,0.18326500409299307,0.00016811703677526373,0.990484362427461,0.18152111768722534
3259,737,-0.19025602076566567,0.0001577737244132411,0.9910645758339243,-0.1885560005903244
3260,788,0.0608649574395099,0.00020413993665056775,0.9884689317694788,0.060163117945194244
3261,694,0.051502019778881705,0.00017160581674326335,0.9902888107174898,0.05100187286734581
3262,405,-0.0015278254624134229,0.0003198429388655119,0.9820506308757782,-0.0015004019951447845
3263,738,0.12362313716669837,0.00015883437236682114,0.991005046966436,0.12251115590333939
3264,757,0.043621674136355856,0.00021374704268804927,0.987932812323156,0.04309528321027756
3265,734,-0.15650030586371141,0.0001429590296394474,0.9918967987925296,-0.15523214638233185
3266,766,-0.07617938696399487,0.0001439696268364384,0.9918399835673436,-0.07555776089429855
3267,767,-0.14211857655951377,0.00013082192879457208,0.9925796488622759,-0.14106400310993195
3268,751,0.0678051942612197,0.00018974006807044567,0.9892735993681332,0.0670778900384903
3269,715,-0.03888680059593041,0.00015312262387859711,0.9913257033210882,-0.03854948654770851
3270,808,-0.15368678221608154,0.00011544270751560435,0.9934462567396901,-0.15267956256866455
3271,591,-0.0120019610685985,0.00024274934138073317,0.9863178764639501,-0.011837748810648918
3272,713,-0.12999190862432938,0.00015956081271535608,0.9909642796272172,-0.1288173347711563
3273,765,-0.30631988539415245,0.00012675760979032318,0.9928085232491557,-0.30411699414253235
3274,723,-0.03667876490727994,0.00018348153838746058,0.9896237358642338,-0.036298178136348724
3275,697,0.04277758435743702,0.00028442218387252663,0.984006628213212,0.042093425989151
3276,704,-0.048165455206551334,0.00018159124401947787,0.9897295380446461,-0.04767077416181564
3277,703,0.12103075137862652,0.00023806196039041373,0.9865785262422826,0.11940634250640869
3278,565,-0.08870012976756665,0.00021028481981680955,0.9881259527911957,-0.08764690160751343
3279,746,-0.09603078422154082,0.00021289188634979853,0.9879805102879715,-0.09487654268741608
3280,332,-0.06566588903766081,0.00043722090780520806,0.9756240274766584,-0.06406521797180176
3281,771,-0.17061341079930387,0.00013756469148632974,0.9922001756848229,-0.16928265988826752
3282,532,-0.08577329577542,0.0002572582542562341,0.9855119559373542,-0.08453060686588287
3283,748,-0.028654323403977534,0.0001239892640527618,0.9929644778099218,-0.02845272608101368
3284,697,0.04535483929944603,0.00022908809441378445,0.9870779178231397,0.04476876184344292
3285,654,-0.15356168389571004,0.00016327419732654354,0.9907559393870208,-0.15214215219020844
3286,731,0.1752898602971932,0.00015013728702935886,0.9914933820877005,0.17379873991012573
3287,723,0.26736263272431093,0.00020599213251426652,0.9883655256918252,0.2642520070075989
3288,540,0.08243490825881492,0.000260232273146558,0.9853469219749891,0.08122698217630386
3289,718,-0.03870322786966821,0.0001819611869399546,0.9897088300883335,-0.038304924964904785
3290,693,-0.1183441194237316,0.00019562152999236598,0.988944783857481,-0.11703579872846603
3291,647,0.01104379359811222,0.00024091965140967677,0.986419603092,0.010893814265727997
3292,759,-0.14893260029327413,0.00017008081759579347,0.9903742798642805,-0.14749900996685028
3293,455,0.01915295861743309,0.0002560006293881647,0.9855817605648863,0.018876805901527405
3294,772,0.00514270688788338,0.00015437164298646368,0.9912555659262319,0.005097736604511738
3295,93,-0.11999285020815428,0.0014966643556594968,0.9212115874428358,-0.11053880304098129
3296,489,-0.1285873055381887,0.00031707392624565,0.9822032604624151,-0.12629887461662292
3297,744,0.1905437755168125,0.0001693403930617933,0.9904157825544964,0.1887175589799881
3298,707,-0.05723955876377044,0.00022453671226878202,0.9873313934620888,-0.05651441216468811
3299,204,-0.19582446754051774,0.0009748469151918483,0.9472319204066874,-0.1854911893606186
3300,737,-0.02151648408077465,0.00019181602127029852,0.9891575138685509,-0.021283192560076714
3301,713,0.08397966080709644,0.00015767930416296283,0.9910698755172351,0.08322971314191818
3302,779,-0.0798254438959282,0.0001574460574175852,0.9910829675903844,-0.07911363989114761
3303,593,-0.0646483467524309,0.00025003889962603286,0.9859128017226422,-0.06373763084411621
3304,751,0.14778301978952557,0.00020026064362221966,0.9886855786058693,0.14611093699932098
3305,782,-0.08524642959046547,0.00014837707503006372,0.9915922752977967,-0.08452969789505005
3306,698,-0.10930002596560215,0.00016385745724469192,0.9907232234244245,-0.10828607529401779
3307,410,-0.055739697477802996,0.0004127255529033476,0.9769582269368218,-0.05445535480976105
3308,728,-0.10420006703697964,0.0001286024701079615,0.9927046203723757,-0.10343988984823227
3309,358,0.021120611403928288,0.00039775244611488074,0.9777755723732274,0.02065121755003929
3310,692,0.011459704970327243,0.0001816441962175967,0.9897265739347697,0.011341974139213562
3311,765,-0.025169521609162974,0.00016542208294576503,0.9906354717887278,-0.024933820590376854
3312,686,0.06915264559940927,0.00020294861835868852,0.9885354532070462,0.0683598443865776
3313,724,-0.18059072308036503,0.00013911061725616406,0.9921132140465294,-0.17916643619537354
3314,106,-0.01637802023510888,0.0012958541859540594,0.9310539299790331,-0.015248820185661316
3315,741,-0.04190762563484159,0.0001934679487209007,0.9890651589838371,-0.041449371725320816
3316,778,0.17989228616389602,0.0001450087761266681,0.9917815699457031,0.17841385304927826
3317,709,0.14522782184856148,0.00018993465314583413,0.989262717182483,0.14366847276687622
3318,732,0.0795368842622825,0.00022526109747469887,0.9872910422804051,0.07852604985237122
3319,748,-0.10625665619680509,0.00016798603423461204,0.9904917068343272,-0.10524633526802063
3320,609,-0.12040413471553567,0.00021694039788711181,0.9877547375901108,-0.11892975121736526
3321,741,0.11065075273264838,0.00020808641750063146,0.9882486301006542,0.10935045778751373
3322,734,-0.12323650644523693,0.00015407904728334567,0.9912719954495287,-0.1221608966588974
3323,760,-0.06287576615026122,0.00015191786676201088,0.9913933646335243,-0.06233461573719978
3324,721,-0.06557936301576323,0.0001675589187781927,0.9905156530018899,-0.0649573877453804
3325,700,-0.20506081450730562,0.00016107951683288184,0.9908790618181111,-0.20319046080112457
3326,752,0.06363679264533392,0.00017564216139051602,0.9900626634527276,0.06300441175699234
3327,761,0.009608560889156513,0.00014828260095285997,0.9915975836508024,0.009527825750410557
3328,737,0.13298677633108327,0.00016781661800734573,0.9905012049925656,0.1317235678434372
3329,747,0.18612408958540025,0.00024995776369330253,0.9859173085484497,0.1835029572248459
3330,675,-0.18440905152647583,0.0001344980238113072,0.9923727274387025,-0.1830025166273117
3331,248,-0.013239837521987577,0.0005729453021868031,0.9682970048785343,-0.01282009482383728
3332,717,-0.09000937456610604,0.0001641585798706457,0.9907063338302463,-0.0891728550195694
3333,741,0.008371213911111905,0.00015774427785054533,0.9910662286243179,0.008296427316963673
3334,773,-0.1083139032426677,0.00011251099487125059,0.9936116283615968,-0.10762195289134979
3335,642,-0.10966959361834132,0.00019095304846291117,0.9892057672494412,-0.10848579555749893
3336,694,-0.17392775425231163,0.0001812092271957064,0.9897509227602551,-0.17214515805244446
3337,671,0.016501351841204923,0.0001955569201700502,0.9889483948181932,0.01631898619234562
3338,0,0.0,0.0,0.0,0.0
3339,682,-0.1250098783064011,0.00015241045209126675,0.9913656990450951,-0.12393050640821457
3340,730,0.07549824459631353,0.00018621379069177802,0.9894708481984245,0.07470331341028214
3341,784,0.02630622071042961,0.00017613945188845137,0.9900348085368835,0.026044074445962906
3342,740,0.03843077984638512,0.00017925037135395116,0.9898605910240823,0.038041114807128906
3343,723,-0.1192232686021516,0.00015464492475261002,0.9912402213904866,-0.11817889660596848
3344,720,0.011778000824981266,0.0001625754587783829,0.9907951355717619,0.011669585481286049
3345,728,-0.009737276957001906,0.0002464834435253842,0.9861103339128315,-0.00960202980786562
3346,691,0.027678604662288976,0.00015129809839637946,0.9914281755303871,0.027441348880529404
3347,734,-0.0699572197062646,0.0002050268290715971,0.9884194148319292,-0.06914707273244858
3348,160,-0.010615224135108292,0.0007199210816356076,0.9604856961179271,-0.010195771232247353
3349,768,-0.07890002563362941,0.00015560957960057976,0.9911860606497259,-0.07820460200309753
3350,726,0.1485214255565454,0.00018719948397094246,0.9894157037063922,0.1469494253396988
3351,709,-0.24563328335416335,0.00010459757652985752,0.9940582823139906,-0.2441737949848175
3352,782,0.0044259257171579336,0.0001692766378611817,0.9904193563593223,0.004383522551506758
3353,610,0.11891462117067125,0.00023412511810518542,0.9867975475053729,0.11734465509653091
3354,737,-0.003957339374189299,0.00019008565142302858,0.989254272756926,-0.003914814908057451
3355,741,-0.09777559321901576,0.00016035834369868798,0.9909195265922016,-0.0968877449631691
3356,781,0.020041763087288594,0.0001513495887635181,0.9914252833473265,0.019869910553097725
3357,722,-0.055079383028727905,0.00017448255591311106,0.9901276229507822,-0.05453561991453171
3358,744,-0.002678749847516257,0.00017450089453262146,0.9901265955802959,-0.0026523014530539513
3359,750,0.06261775017529726,0.0001578050815887263,0.9910628158098265,0.06205812469124794
3360,720,0.06722841072413656,0.00023990362301468853,0.986476101036874,0.06631921976804733
3361,730,0.003609692116510378,0.00015366868642772784,0.991295038514204,0.0035782698541879654
3362,780,0.009005348325874178,0.00014649248515601006,0.9916981782449464,0.008930587209761143
3363,690,-0.10118554529828439,0.00015420332446924252,0.9912650171023863,-0.10030169039964676
3364,721,0.04012472471596877,0.00011961417496714667,0.9932110480722984,0.0398523211479187
3365,746,-0.030930331327962433,0.00020328903173478453,0.9885164441179073,-0.030575141310691833
3366,562,-0.06304790837246116,0.00024746478816736945,0.9860558049669428,-0.062168754637241364
3367,770,0.027777372076865526,0.00020802624460779744,0.9882519883531891,0.02745104394853115
3368,754,-0.0825476901660073,0.00013470714207763785,0.9923609591042364,-0.08191710710525513
3369,742,-0.0020266132674938084,0.00022557956716820542,0.9872733032759575,-0.00200082128867507
3370,757,-0.15178674122975597,0.00014800650515074535,0.9916130973747813,-0.15051372349262238
3371,695,0.07139362370287128,0.00015821152428373059,0.9910400034490118,0.07075393944978714
3372,755,-0.1090315927634176,0.00015609695315976075,0.9911586992135294,-0.10806760936975479
3373,750,-0.1456117721957465,0.00014297282378145895,0.9918960232495462,-0.14443174004554749
3374,417,0.019566687292975487,0.00030305010113295603,0.9829769910275422,0.01923360303044319
3375,746,0.2724879163132616,0.00018213909374817713,0.9896988718702971,0.2696809768676758
3376,762,0.0692153813041199,0.00018542234026863608,0.9895151302466854,0.068489670753479
3377,381,0.08808942925517406,0.00045616372456986525,0.974594756660762,0.08585149794816971
3378,749,-0.0023935146192126024,0.0002649791518610581,0.9850836231377205,-0.0023578121326863766
3379,646,-0.07086080138141941,0.000229384861392816,0.9870613947920106,-0.06994396448135376
3380,740,0.014469067374798092,0.0001920288114382325,0.9891456163665951,0.014312014915049076
3381,716,0.11887842533828992,0.00021271805867988602,0.987990206418834,0.11745072156190872
3382,763,-0.025290981520987743,0.00014658834006758907,0.9916927912125765,-0.025080883875489235
3383,681,-0.03238153370663458,0.00021273113364357073,0.9879894770889777,-0.03199261426925659
3384,676,0.07583739213402983,0.00020098421555155265,0.988645162087626,0.07497627288103104
3385,744,-0.09080825555038148,0.000133307772257313,0.9924397153220861,-0.09012171626091003
3386,708,0.022284151549519456,0.00019610247683754428,0.9889179051793195,0.022037196904420853
3387,781,-0.03492016794109924,0.0001668821043691528,0.9905536008770074,-0.03459029644727707
3388,552,-0.060815339343642576,0.00024110985120468647,0.9864090274359069,-0.059988800436258316
3389,706,0.08251884248814738,0.00016792507042442958,0.9904951246908735,0.08173450827598572
3390,732,0.058354634423918327,0.00017951275664753548,0.9898458997434462,0.05776209384202957
3391,727,-0.17771673432591037,0.00014622744373447627,0.9917130738397107,-0.17624400556087494
3392,744,-0.13477660553599957,0.00015235722417266263,0.9913686884663151,-0.13361330330371857
3393,762,0.21203858524150265,0.00016956357899287504,0.9904032720456027,0.21000370383262634
3394,752,-0.06156026565549063,0.0001634239862583644,0.9907475372849667,-0.06099068000912666
3395,689,0.02911486668195927,0.00020123825011340556,0.9886309732764963,0.028783859685063362
3396,231,-0.12445587196157544,0.0005640556638137252,0.9687735384405777,-0.12056955695152283
3397,664,0.11828309451285975,0.00020781081751093767,0.988264011538716,0.1168949231505394
3398,741,-0.026587636714019435,0.00017667171814669079,0.9900049962474421,-0.02632189355790615
3399,716,0.021086995112683686,0.00018290763236433776,0.9896558557230088,0.02086886763572693
3400,653,0.08128943776634806,0.00025721604057616325,0.9855142988526311,0.08011190593242645
3401,759,0.14932400342052476,0.00019073244086646737,0.9892181033443169,0.14771400392055511
3402,727,-0.19828806551073408,0.0001398685063321412,0.9920705867296287,-0.19671575725078583
3403,754,0.1511517078566318,0.0002033644022300571,0.988512235438363,0.14941531419754028
3404,742,0.01925253341190336,0.0001886039744370445,0.9893371402738413,0.019047247245907784
3405,684,-0.22831710299466088,0.00011993471423954089,0.9931929790367641,-0.22676295042037964
3406,691,0.04947559389942117,0.00019183595622403394,0.9891563992553201,0.04893910139799118
3407,0,0.0,0.0,0.0,0.0
3408,424,-0.007039736613701537,0.00037966112166508995,0.9787649600600923,-0.006890247575938702
3409,445,0.14720409866840986,0.0003616266819292178,0.9797532316602209,0.14422369003295898
3410,729,-0.15083082747455323,0.00012105156020489447,0.9931300267405591,-0.14979462325572968
3411,690,-0.14593280231499153,0.00013288308892125895,0.9924636188770164,-0.14483299851417542
3412,702,0.19335013470530213,0.00018480686716600895,0.9895495690152512,0.19132953882217407
3413,758,-0.11268748045532834,0.00017264480349635702,0.9902305887653757,-0.11158659309148788
3414,718,-0.2670143711948793,0.00011334314529443851,0.9935646829455645,-0.2652960419654846
3415,730,-0.029006927385160777,0.0001640495876365167,0.9907124470028246,-0.028737524524331093
3416,786,-0.029759637376355154,0.00015481111867442573,0.9912308899772463,-0.029498672112822533
3417,705,-0.10582633188641663,0.00013858082881841566,0.9921430140648638,-0.10499485582113266
3418,731,-0.04457431748794792,0.00017472868875991702,0.9901138342158556,-0.04413364827632904
3419,787,-0.12732844029137866,0.00013369161607910106,0.9924181114342291,-0.12636305391788483
3420,347,0.0708995684766632,0.00036519138286866565,0.979557730929804,0.06945022195577621
3421,743,-0.061329497700346534,0.0002417174021144026,0.986375247375525,-0.06049389764666557
3422,763,0.05914298546540784,0.00025560838406926353,0.985603534214094,0.05829153582453728
3423,692,0.12817029388099263,0.00021401274800515624,0.9879179930435201,0.12662173807621002
3424,731,-0.06090767703257328,0.00014184037065906178,0.9919596967832025,-0.060417961329221725
3425,756,-0.09000879663372875,0.00019762400297155096,0.9888328812643399,-0.08900365978479385
3426,673,-0.09693114555137783,0.0001657655719491787,0.9906162093759465,-0.09602156281471252
3427,652,0.010008179434770476,0.000282179545062621,0.984130733046169,0.009849357418715954
3428,674,-0.010404934979510944,0.0002120414342113618,0.9880279504351858,-0.010280366986989975
3429,728,-0.19036349383931847,0.00017212189296963087,0.9902598903733567,-0.18850933015346527
3430,686,-0.057178414334426296,0.0002175883207587284,0.9877186145566619,-0.056476183235645294
3431,740,-0.06618685101133746,0.00015466386092952616,0.9912391581580653,-0.0656069964170456
3432,615,0.17492096696836434,0.0002458435918482754,0.9861458908655776,0.17249758541584015
3433,763,-0.11309873109846956,0.0001794897481588662,0.9898471880000496,-0.11195046454668045
3434,756,-0.134480508729303,0.00015123840403297157,0.991431528548122,-0.13332821428775787
3435,699,0.1384522856448981,0.00020253625205695182,0.9885584812126492,0.1368681788444519
3436,752,-0.07725924528897443,0.00023642571676869373,0.9866695447877181,-0.07622934132814407
3437,746,-0.03263729456912017,0.00022148632245434338,0.9875013486900134,-0.03222937136888504
3438,750,0.03756536668290694,0.00017824303973094536,0.9899169968322112,0.03718659654259682
3439,748,0.04330710954416324,0.00020188602061690879,0.9885947946360238,0.04281318187713623
3440,503,-0.09352129537086364,0.0002685228879395899,0.984887151672662,-0.09210792183876038
3441,710,0.013094558960325282,0.00017542947812150612,0.9900745770375543,0.012964589521288872
3442,0,0.0,0.0,0.0,0.0
3443,724,-0.02442523095118736,0.00018183202583322097,0.9897160599229485,-0.024174043908715248
3444,595,-0.036501876859604813,0.00028144803429018094,0.9841712207105449,-0.035924095660448074
3445,777,-0.08913470694898332,0.00014466611051748186,0.9918008314217029,-0.08840387314558029
3446,342,-0.05713615985314923,0.00039250066805830166,0.9780625782123744,-0.05588274076581001
3447,749,0.054592188835661304,0.00019523522523405605,0.9889663743311217,0.05398983880877495
3448,740,-0.08246534050920525,0.00015560632775667534,0.9911862432152149,-0.08173850923776627
3449,701,0.08713527638119739,0.00015439616019074376,0.991254189286934,0.0863732099533081
3450,460,0.13702346093385764,0.0003506625827205487,0.9803550308318714,0.13433164358139038
3451,750,-0.09281086730957032,0.00021223268313549153,0.9880172817398096,-0.09169874340295792
3452,598,-0.13013153673962605,0.00016494531955650463,0.9906622092957771,-0.128916397690773
3453,659,-0.13354479454808243,0.0001781743222092824,0.9899208449227447,-0.1321987807750702
3454,595,-0.20785930817868528,0.00016831115582945842,0.9904734797142571,-0.20587913691997528
3455,779,0.13827835604075023,0.0001517224930557838,0.9914043380403496,0.13708975911140442
3456,719,-0.19999569243076615,0.00010966261722020106,0.9937723519749286,-0.19875018298625946
3457,733,-0.08723138023096697,0.00017097097833076804,0.9903243886810545,-0.08638736605644226
3458,0,0.0,0.0,0.0,0.0
3459,60,0.06572173348007103,0.0032182427340473607,0.8446612183881486,0.055512599647045135
3460,713,-0.060160023273918437,0.00023059035471861906,0.9869942824868537,-0.05937759950757027
3461,380,0.17057936849121594,0.0003859039528196825,0.9784233227126985,0.16689883172512054
3462,742,-0.1608682535187093,0.00011234786700479263,0.9936208316716257,-0.15984204411506653
3463,739,-0.10194074580287095,0.00017937835883802172,0.9898534247903532,-0.10090639442205429
3464,790,-0.13680558926337458,0.00012790449874996987,0.9927439276916507,-0.1358129233121872
3465,269,0.11793979907886136,0.0005187228163942667,0.9712109416316237,0.11454442143440247
3466,527,-0.1360781199936764,0.0002419863706826079,0.9863602933602451,-0.13422206044197083
3467,779,-0.037734333176491004,0.00018545362169260338,0.9895133799600883,-0.037338629364967346
3468,739,-0.13446020789908217,0.00016076125306804958,0.9908969190800034,-0.13323619961738586
3469,777,0.005969171482408024,0.0001790431699277012,0.9898721927991596,0.005908716935664415
3470,728,-0.05422656847020754,0.00017680522780816883,0.9899975186388329,-0.05368416756391525
3471,722,-0.03728929011104758,0.00019303211744944854,0.989089523480066,-0.036882445216178894
3472,733,0.1854889417933694,0.00017877466668191118,0.9898872274354891,0.1836131364107132
3473,751,-0.12313044958124147,0.00015951058273529627,0.9909670983916566,-0.1220182254910469
3474,725,0.01149073571223637,0.00018640321978296076,0.9894602501335509,0.01136962603777647
3475,757,0.006535231095186313,0.00014502728636926865,0.9917805294931865,0.006481514777988195
3476,745,-0.060177004117293646,0.00017397588249025596,0.9901560087725142,-0.05958462134003639
3477,0,0.0,0.0,0.0,0.0
3478,710,-0.13184933110966648,0.00014372943984769764,0.9918534861596798,-0.13077521324157715
3479,751,-0.16692528112998578,0.00013179343888039316,0.9925249557473952,-0.1656775027513504
3480,741,0.05950712170401606,0.0001741381763270952,0.9901469162614795,0.05892079323530197
3481,0,0.0,0.0,0.0,0.0
3482,702,-0.04871777631342411,0.00016400516465072675,0.9907149386274751,-0.048265427350997925
3483,210,0.193857933900186,0.0005387161878920471,0.9701344514519595,0.18806825578212738
3484,754,-0.06820914585795501,0.00013939525242339192,0.9920972043699178,-0.06767009943723679
3485,586,-0.08776674040119599,0.00016527479389216504,0.9906437317951478,-0.08694557100534439
3486,751,-0.14978503174434965,0.0001206171189571094,0.9931545135684277,-0.14875967800617218
3487,732,-0.08054829697770988,0.0001597498395049512,0.9909536721220389,-0.07981962710618973
3488,785,-0.030967317227345362,0.000144134929073372,0.9918306909847919,-0.030714334920048714
3489,700,0.11071009623751576,0.0001806335825094419,0.9897831482119387,0.10957898944616318
3490,674,0.0795288888477784,0.00021120160059373306,0.9880748027283864,0.07858049124479294
3491,772,-0.17301789900152872,0.00015293796333963974,0.9913360735876082,-0.17151889204978943
3492,677,-0.0849908414617335,0.00015415352409568222,0.9912678134549581,-0.08424868434667587
3493,623,-0.10413158757060491,0.00019789834144080684,0.9888175525997995,-0.10296714305877686
3494,648,0.06790801370660142,0.00023221528341781935,0.9869038337878031,0.06701868027448654
3495,752,-0.10231556931134075,0.00014762942790293672,0.9916342859941656,-0.10145962983369827
3496,750,0.04210305501520634,0.00014916950112649755,0.991547752332505,0.041747190058231354
3497,624,-0.1518428414904823,0.00014379416463497803,0.9918498474900217,-0.15060530602931976
3498,767,-0.01661828507558774,0.00014967296433471042,0.991519467008283,-0.016477353870868683
3499,600,-0.034802912420903644,0.00022252330993952722,0.9874435654301237,-0.03436591103672981
3500,336,0.12190452908509455,0.00040551910402632875,0.9773514387924708,0.11914356797933578
3501,705,-0.12077738502135514,0.0001453723081590612,0.9917611363711616,-0.11978231370449066
3502,105,0.03589349665812084,0.0013574173653253345,0.9280142416101043,0.03330967575311661
3503,628,0.004024956690497507,0.0001892827518367266,0.9892991757570482,0.0039818864315748215
3504,11,-0.3070292418653315,0.01351573459536229,0.5642203511990671,-0.17323215305805206
3505,711,-0.2535245181984791,0.00013738446472577425,0.992210314818673,-0.251549631357193
3506,766,-0.1743503059965726,0.00016684969715129972,0.9905554179695667,-0.17270363867282867
3507,0,0.0,0.0,0.0,0.0
3508,773,-0.10416221376725342,0.00022589984455607042,0.9872554642244293,-0.10283471643924713
3509,704,-0.09742461924493413,0.00020120983833632358,0.9886325601637189,-0.09631714969873428
3510,775,-0.025587983157846234,0.00014756337958527293,0.9916379974559781,-0.025374015793204308
3511,731,-0.01913840693157936,0.00014888845943371572,0.9915635423815854,-0.01897694729268551
3512,672,-0.10958218457138476,0.00016511057682373103,0.990652941291214,-0.10855791717767715
3513,738,-0.2217206683534836,0.0001175527791699661,0.9933272661873648,-0.22024118900299072
3514,290,0.19576465452154135,0.0005206636751810974,0.9711063365373793,0.1901082992553711
3515,721,0.034107046695258186,0.0001878141554247208,0.9893813190972508,0.033744875341653824
3516,726,-0.0882350374436514,0.00014057539035524969,0.9920308314829994,-0.08753187954425812
3517,367,-0.03402398661164724,0.00034704365870304307,0.9805538292064516,-0.03336235135793686
3518,0,0.0,0.0,0.0,0.0
3519,677,0.05615657182655227,0.00021366948714028912,0.9879371379408542,0.05547916144132614
3520,730,-0.19924370918984283,0.00016642385508352036,0.9905792958145719,-0.19736669957637787
3521,662,-0.17760637371021454,0.00014933292706600167,0.9915385706392399,-0.17610357701778412
3522,750,-0.18399596065655352,0.00011522021738501809,0.9934588050004336,-0.18279241025447845
3523,404,0.18125683401185688,0.00024890445490963154,0.9859758200177443,0.17871485650539398
3524,691,0.10032232092793185,0.00018632074034091918,0.989464864615867,0.09926541149616241
3525,751,0.056295175452564114,0.00015839954889653184,0.9910294505692123,0.05579017847776413
3526,231,0.232797181967533,0.0005889643860926885,0.9674394762813363,0.22521717846393585
3527,682,-0.05654066975318616,0.00015869650196208596,0.9910127845386708,-0.05603252723813057
3528,584,0.1299303973122334,0.0001935332335582777,0.9890615094358889,0.12850914895534515
3529,773,-0.12046164052770564,0.0001571107567630622,0.9911017885263093,-0.11938975006341934
3530,767,-0.0728735763264208,0.00016708376168077073,0.9905422939778089,-0.07218436151742935
3531,687,0.19162964995061163,0.0001532783321414176,0.9913169591407699,0.18996572494506836
3532,740,-0.013874747800464566,0.0001567580389053117,0.99112158788786,-0.013751561753451824
3533,319,0.2038460244661121,0.000425136312469459,0.9762817887958898,0.1990111619234085
3534,773,-0.1618616646312341,0.000197897881168789,0.9888175783171048,-0.16005165874958038
3535,677,-0.014429567832956462,0.00023788701273466084,0.9865882571705339,-0.014236042276024818
3536,710,-0.12058877789638411,0.000274760043842017,0.9845415421821184,-0.11872465908527374
3537,651,-0.046560120708759756,0.00025110106092708043,0.9858538060659077,-0.045901473611593246
3538,759,-0.13187712403100196,0.0001627627845877693,0.9907846271066792,-0.13066183030605316
3539,727,-0.14426517730996402,0.00015652434678267214,0.9911347063291372,-0.1429862231016159
3540,779,-0.14792996266108385,0.0001431917933457466,0.9918837123665251,-0.14672932028770447
3541,559,-0.016256258479771014,0.00029433320930174047,0.9834585390537727,-0.01598735712468624
3542,289,0.1614188838405309,0.0005231886332082716,0.9709702843800614,0.1567329466342926
3543,731,-0.22786922491679196,0.0001200972737035138,0.9931838156909661,-0.22631601989269257
3544,569,0.12172460892550346,0.00028139066885184816,0.9841743959141752,0.11979824304580688
3545,687,0.13209116520574302,0.00019372169447440273,0.9890509742593712,0.13064490258693695
3546,0,0.0,0.0,0.0,0.0
3547,168,0.08566657178813503,0.0008929652785449857,0.9514489521895116,0.0815073698759079
3548,619,0.23217018901465253,0.00021545690924528284,0.9878374550859771,0.2293464094400406
3549,770,0.11857175310807569,0.00021929028877071046,0.9876237389218544,0.11710427701473236
3550,715,0.03256604620027584,0.00017256940638293365,0.9902348135812886,0.032248031347990036
3551,769,-0.16010985796682548,0.0001101352346132838,0.9937456802927979,-0.1591084748506546
3552,732,-0.14777564521258077,0.00013647479084012573,0.9922614940956144,-0.14663207530975342
3553,723,0.07992174144690009,0.00022855372628700988,0.9871076711170174,0.07889136672019958
3554,730,-0.15133447003461523,0.00014021951279901275,0.9920508456833871,-0.150131493806839
3555,491,-0.006542247130161876,0.00029218523641668374,0.983577272173096,-0.006434805691242218
3556,741,0.18853561368528327,0.0001825897999068345,0.9896736447826925,0.18658873438835144
3557,760,-0.06157475364713096,0.0001706379682487389,0.9903430524375003,-0.06098012998700142
3558,726,-0.22437165913585133,0.00011611372458184764,0.9934084138475299,-0.22289268672466278
3559,712,-0.006565787961570483,0.0002509575968539821,0.9858617740827665,-0.00647295918315649
3560,576,0.0947830356550791,0.00032737365481405476,0.9816357732619638,0.09304241836071014
3561,745,-0.17324297045351275,0.00011020619412129573,0.9937416758887113,-0.17215876281261444
3562,772,-0.1463384925619424,0.00012979208006523137,0.9926376328503926,-0.14526109397411346
3563,746,-0.010297246966461074,0.0001627636366767556,0.9907845793073291,-0.010202353820204735
3564,687,-0.16893666888298425,0.00015608869558718757,0.991159162785895,-0.16744312644004822
3565,742,0.01719670291899671,0.00018981943201234892,0.9892691609045278,0.01701216772198677
3566,266,-0.07564733103197768,0.0005045802318613382,0.9719738554401632,-0.07352722436189651
3567,656,0.1371135172892359,0.00025392018516487696,0.9856972575972464,0.1351524144411087
3568,654,-0.2154414199793922,0.00016276330863344585,0.9907845977094643,-0.21345603466033936
3569,725,-0.1886604705838294,0.0001334917666108665,0.9924293594476203,-0.18723219633102417
3570,254,-0.005792129638157491,0.0005710337118471949,0.9683994370752427,-0.005609095096588135
3571,693,-0.02018185252993009,0.00022539739545668794,0.9872834503009872,-0.019925208762288094
3572,759,-0.01063771156179418,0.00016974784862566685,0.9903929431968826,-0.010535514913499355
3573,719,0.03562904620524988,0.0001713871893093643,0.9903010628678262,0.03528348356485367
3574,716,-0.058838969882182235,0.00015813152875224757,0.9910444932656871,-0.05831203609704971
3575,743,-0.06465733160100587,0.00016335290672377,0.9907515243275005,-0.06405934691429138
3576,747,-0.12162243300572616,0.00016155158923104616,0.9908525757894362,-0.12050990015268326
3577,333,0.1098563577588256,0.0006571174419355908,0.9638080416880822,0.10588043928146362
3578,589,0.20309858641338951,0.0002573926842192199,0.9855044949701934,0.20015457272529602
3579,280,0.16613427067308553,0.0006199726197561316,0.9657838614080887,0.1604498028755188
3580,675,0.13087313447147608,0.00020519391057768595,0.9884100869001732,0.12935632467269897
3581,673,-0.15213799368960984,0.00014385976964600392,0.991846159363576,-0.15089748799800873
3582,792,0.13465596363889148,0.00012923907478706693,0.9926687717251543,0.13366876542568207
3583,734,-0.032558229688443345,0.00018487872641136113,0.9895455480109485,-0.032217852771282196
3584,673,-0.036830810475734686,0.00018479328413107814,0.989550329080369,-0.036445941776037216
3585,741,0.16453625416061396,0.0002097109079898001,0.9881579758198235,0.16258780658245087
3586,715,-0.13811907671860882,0.00022308405075038726,0.9874123225160264,-0.13638047873973846
3587,771,-0.04647484181108178,0.00013998172000859006,0.9920642193638903,-0.04610602930188179
3588,728,-0.18950095818285922,0.00011229224132461508,0.9936239699872927,-0.1882926970720291
3589,761,0.07658521802061814,0.00022980956449190348,0.9870377496513545,0.07559250295162201
3590,609,0.1924799686704559,0.00023134601218947543,0.9869522181266955,0.1899685263633728
3591,716,0.046492720357085154,0.0002684531106241356,0.9848910195032954,0.04579026252031326
3592,146,-0.19369233675199013,0.0007318777385816217,0.9598557764103673,-0.1859167069196701
3593,732,-0.1754653605790249,0.00014587982815635547,0.9917326108635391,-0.17401471734046936
3594,591,0.05297692535151988,0.00024436178876106825,0.9862282454241587,0.052247341722249985
3595,755,-0.044600481891523526,0.00013298154953168484,0.992458076860285,-0.04426410794258118
3596,633,0.05930875310980337,0.0001963580295863793,0.9889036236962999,0.05865064263343811
3597,0,0.0,0.0,0.0,0.0
3598,663,0.03734018267897909,0.0003311160939489901,0.9814297373718415,0.0366467647254467
3599,757,-0.015799708647193336,0.0002094458708053718,0.9881727650174464,-0.015612841583788395
3600,727,-0.020041507567590336,0.00014803505843184704,0.9916114929536641,-0.01987338997423649
3601,696,0.12768336051095533,0.00013488988854133124,0.9923506750972284,0.12670667469501495
3602,758,-0.2650738941962612,8.489724256831768e-05,0.99517196665377,-0.26379409432411194
3603,775,0.08054768606059012,0.0001855747322816782,0.989506603528989,0.0797024667263031
3604,603,0.13850031607161906,0.0002454095347104787,0.986170013148503,0.13658486306667328
3605,651,0.22170984024287826,0.00021829839653538048,0.9876790294051592,0.2189781665802002
3606,779,-0.1302544204888815,0.00012501394437738314,0.9929067468054605,-0.12933048605918884
3607,0,0.0,0.0,0.0,0.0
3608,674,0.060030855716535,0.0002128810634037163,0.9879811139878072,0.059309352189302444
3609,647,0.05555637938818294,0.0002167292636161234,0.9877665093309976,0.05487672984600067
3610,751,0.08548420929559537,0.00016114989322651809,0.9908751132000931,0.08470417559146881
3611,539,0.10039220042768623,0.00031148139901776453,0.9825116685356099,0.09863650798797607
3612,276,0.15626192666536223,0.0005137106702935994,0.9714811819995437,0.15180552005767822
3613,631,-0.18903426639588103,0.00014236165984593088,0.9919303856586931,-0.18750883638858795
3614,757,-0.10076152164839046,0.00019246828959786303,0.9891210452149252,-0.09966534376144409
3615,703,0.00881238870990395,0.0001416249085356418,0.991971812324905,0.008741641417145729
3616,730,0.12429391584065679,0.00020861134284834548,0.9882193349554524,0.12282965332269669
3617,0,0.0,0.0,0.0,0.0
3618,698,0.2063973295851944,0.0002218651766489479,0.9874802373037063,0.20381328463554382
3619,756,-0.05084852741848894,0.0001638871891228562,0.9907215557746745,-0.050376731902360916
3620,757,-0.03290338321162026,0.0001664254073447305,0.9905792087739866,-0.03259340673685074
3621,734,0.07699763822960554,0.00019919248431946677,0.988745248762618,0.07613104581832886
3622,654,0.17182290019176968,0.00017033752853957322,0.9903598913708588,0.1701665073633194
3623,632,-0.2064415722366281,0.00016649158396050354,0.990575498039451,-0.20449596643447876
3624,640,0.23699054581666132,0.00024403960642827198,0.9862461532566387,0.23373101651668549
3625,741,-0.17725866339068894,0.00014346307994534074,0.9918684605446647,-0.17581728100776672
3626,399,-0.02360005513123029,0.0002561919397768214,0.9855711412198315,-0.023259533569216728
3627,765,-0.03511280765623049,0.0002160894959682174,0.9878021811368071,-0.03468450903892517
3628,753,-0.007442599220589733,0.0001680199227847128,0.990489806927143,-0.007371818646788597
3629,708,-0.07017515099339061,0.0001766641191868552,0.9900054218533532,-0.06947378069162369
3630,681,-0.08327201112185806,0.00017742471324212966,0.9899628239790058,-0.08243619650602341
3631,0,0.0,0.0,0.0,0.0
3632,759,-0.031055796400635296,0.00015837664161861566,0.991030736227969,-0.030777249485254288
3633,777,0.1721224605370711,0.00013766224397680071,0.9921946876974833,0.17077898979187012
3634,715,-0.2123270487087173,7.991028571494241e-05,0.9954542814276232,-0.2113618701696396
3635,757,-0.1509375745440431,0.00017448191063048891,0.9901276591009969,-0.1494474709033966
3636,758,-0.02455692338243638,0.00020683790536753962,0.9883183143095521,-0.024270057678222656
3637,554,0.10569232563838692,0.0003134279378543412,0.9824043018398089,0.10383259505033493
3638,693,-0.15314261986595856,0.00015361023225138527,0.9912983209889313,-0.15181002020835876
3639,731,-0.08113110578897959,0.0002069236541279276,0.9883135280309319,-0.08018296957015991
3640,691,-0.1668146815792524,0.00017279096516636993,0.9902223988177832,-0.1651836335659027
3641,685,0.046594007378512055,0.00017847439165235332,0.9899040416498144,0.04612359777092934
3642,708,0.029501973000212997,0.00019266730900918984,0.9891099184739242,0.02918069437146187
3643,0,0.0,0.0,0.0,0.0
3644,729,-0.02527654502510166,0.00021164768598790326,0.9880499161462225,-0.024974487721920013
3645,741,0.07159007806456603,0.00024899308976450944,0.9859708960699402,0.07058573514223099
3646,754,0.03277431798244108,0.0001609733185415945,0.9908850203598537,0.03247557953000069
3647,728,-0.022724182485694903,0.00018532228082863988,0.9895207289047775,-0.022486049681901932
3648,749,0.046989063760924724,0.0001818768641075729,0.9897135500741078,0.04650571197271347
3649,756,-0.19774897642699735,0.00012061460077893628,0.9931546555064341,-0.19639532268047333
3650,56,0.10277021258869874,0.002182127032429806,0.8891277781723024,0.09137585014104843
3651,490,0.014106217891510044,0.00026699290351733297,0.984971967302979,0.01389422919601202
3652,765,-0.07659341143626792,0.00019434330133182403,0.989016227329971,-0.0757521241903305
3653,747,0.10745762282835353,0.00023820937918595244,0.9865703266717041,0.10601450502872467
3654,738,0.002278086984262557,0.00021668060031198772,0.9877692225816932,0.002250224119052291
3655,695,-0.1570177401141297,0.0001262595195733236,0.9928365795119622,-0.15589295327663422
3656,769,-0.031103236419094245,0.0001964256076794671,0.9888998471853057,-0.03075798600912094
3657,756,-0.12040331449036895,0.0001652072682003035,0.9906475186986377,-0.11927724629640579
3658,492,-0.05671289351927798,0.0002841082072372958,0.9840240014039933,-0.05580684915184975
3659,402,0.19422681120905413,0.00028722228478426736,0.9838517180549227,0.19109037518501282
3660,174,-0.344330205828294,0.0004529459663771229,0.9747694425898771,-0.33564257621765137
3661,759,0.017620496486211796,0.00018061534305184734,0.989784169318391,0.017440488561987877
3662,785,-0.17545272694414207,0.00014082203612060816,0.9920169608438536,-0.17405207455158234
3663,722,-0.1873225695002112,0.000129834363150171,0.9926352520354549,-0.18594299256801605
3664,596,-0.0036394771535399576,0.00029676595906936754,0.9833240989866429,-0.0035787855740636587
3665,720,0.05613675706295503,0.00016771972791693887,0.9905066371244052,0.05560383200645447
3666,729,-0.2097152650959289,0.00012771928012423792,0.9927543590830756,-0.2081957459449768
3667,767,-0.23385136626719108,0.00010825610306715498,0.9938517356424837,-0.23241358995437622
3668,734,-0.15476005339147447,0.0001491585444303996,0.9915483679141998,-0.1534520834684372
3669,762,-0.09436495013515467,0.00012136307247022814,0.9931124694198904,-0.09371501207351685
3670,722,-0.04835227903344996,0.00021363593254921723,0.9879390094413162,-0.047769103199243546
3671,661,-0.16491825072272326,0.00015806864320888888,0.9910480227984082,-0.16344191133975983
3672,741,-0.10740133275387258,0.00015805994580677112,0.9910485109533668,-0.10643993318080902
3673,710,-0.08012681958646002,0.00016461853118996064,0.990680536843423,-0.0793800801038742
3674,767,-0.0516418906382857,0.00015686334339410466,0.9911156766735086,-0.05118308588862419
3675,26,-0.15192872629715845,0.004447573203341588,0.7973484976339889,-0.12114014476537704
3676,769,-0.12046138168117625,0.00014166255338368724,0.9919696955151549,-0.11949404329061508
3677,713,-0.010846223470560298,0.00017778560693190127,0.9899426130286102,-0.01073713880032301
3678,761,-0.06974582975233432,0.00011874033319172541,0.9932603105180161,-0.06927576661109924
3679,607,0.0005867102089809036,0.00027344941231994266,0.9846141459681479,0.0005776831530965865
3680,786,-0.08683488622743817,0.0001701072850352395,0.9903727963609472,-0.08599890768527985
3681,727,-0.05933941282239708,0.00019079466938173064,0.989214623574112,-0.058699414134025574
3682,755,-0.10606677661224312,0.0001552828118760008,0.9912044064265633,-0.10513385385274887
3683,0,0.0,0.0,0.0,0.0
3684,775,-0.02743315795736928,0.000174205165612725,0.9901431632359265,-0.02716275304555893
3685,0,0.0,0.0,0.0,0.0
3686,702,-0.11857940027877646,0.00017529279478310555,0.990082233590614,-0.11740335822105408
3687,620,-0.0019914556474935623,0.0002633819894559524,0.9851721984858951,-0.0019619266968220472
3688,782,-0.03293613688615353,0.00017892384389770011,0.989878874313648,-0.032602787017822266
3689,753,0.02100347541025277,0.0001614545149752442,0.9908580221085588,0.02081146277487278
3690,564,-0.09152677951320545,0.00023252716565137668,0.9868864753270573,-0.09032654017210007
3691,711,0.16404460468912385,0.000199923029215409,0.9887044378462542,0.16219162940979004
3692,0,0.0,0.0,0.0,0.0
3693,712,-0.026882663803447164,0.0001674775380978454,0.9905202157295292,-0.02662782184779644
3694,753,-0.09096899748363026,0.00017502083112688722,0.9900974684563499,-0.09006817638874054
3695,0,0.0,0.0,0.0,0.0
3696,727,-0.14737988230317545,0.0001450646638804893,0.9917784285265341,-0.14616818726062775
3697,781,-0.2360576379986983,0.0001506036235361069,0.9914671854157047,-0.2340434044599533
3698,688,0.12222891781332924,0.00017165573973645126,0.9902860130140576,0.12104158848524094
3699,326,0.10083118991846321,0.00042168547575296663,0.976469779748275,0.09845861047506332
3700,762,-0.09058606655402916,0.00015732052281151992,0.99109001395512,-0.08977894484996796
3701,712,-0.23816774477606661,0.00014380165701794993,0.9918494262882512,-0.23622654378414154
3702,681,-0.006952136093080481,0.0001792189216743552,0.9898623519602309,-0.006881657987833023
3703,471,0.03324673617567132,0.0004175234285568744,0.9766966115964422,0.032471973448991776
3704,728,-0.13413242479929557,0.0001698682418372891,0.9903861949236626,-0.13284289836883545
3705,781,0.032390424910164826,0.0001901574449468233,0.9892502578274653,0.032042235136032104
3706,740,-0.14179544776577402,0.00021503586114251228,0.9878609347326756,-0.14007417857646942
3707,720,0.04032494160217336,0.00017412620737718455,0.9901475868161081,0.0399276427924633
3708,746,-0.08300842348755844,0.00015240163779488237,0.9913661940781349,-0.08229174464941025
3709,581,-0.18778277716876718,0.0001949961254660656,0.9889797380280152,-0.18571336567401886
3710,726,-0.08702904926536005,0.00017599656269329377,0.9900428120815278,-0.08616248518228531
3711,748,0.09040593474924086,0.0001374573178124357,0.9922062162503369,0.0897013321518898
3712,731,0.08715263921538147,0.00018813622025504013,0.9893633038034662,0.08622562140226364
3713,121,-0.09262176215156051,0.0011764477437950097,0.9370067652526531,-0.08678721636533737
3714,640,0.05995697569742333,0.0002118105854721232,0.9880408284870946,0.059239938855171204
3715,708,-0.027386775803304998,0.00020026787700956535,0.98868517455459,-0.027076900005340576
3716,720,-0.12511919984180067,0.00015657079573357352,0.9911320988629976,-0.12400965392589569
3717,740,0.004367337177029333,0.00017038614458284143,0.9903571665180686,0.004325223620980978
3718,715,0.03156595930092401,0.00020820249232448163,0.9882421520226827,0.031194811686873436
3719,694,0.28151779598623555,0.00018477049584358747,0.9895516042459066,0.2785763740539551
3720,348,0.08987566120066177,0.0003239751446353606,0.9818229494824179,0.08824198693037033
3721,750,0.09740060742944479,0.0001279948762052448,0.9927388377722729,0.09669336676597595
3722,658,-0.14425666447400504,0.00018714165344072586,0.9894189388587238,-0.14273028075695038
3723,757,-0.14120068401713393,0.00010907165835199098,0.9938057041523104,-0.14032603800296783
3724,705,-0.0740246997763079,0.00021459786507471175,0.9878853606630768,-0.07312791794538498
3725,720,-0.21418745399763187,0.00015088538801787875,0.9914513578346604,-0.21235644817352295
3726,764,0.18426115871577753,0.00018149226788016724,0.989735078488356,0.18236973881721497
3727,755,-0.11257855432317747,0.00017402225004687502,0.9901534110134506,-0.11147003620862961
3728,727,-0.1868396973521788,0.00018372646283656136,0.9896100287865714,-0.18489843606948853
3729,761,-0.11708599702992357,0.0002442636944335438,0.9862336977237435,-0.1154741570353508
3730,704,0.00844053872755136,0.00017642854473628355,0.9900186161931261,0.008356290869414806
3731,770,-0.017521573072480787,0.00017622022734578688,0.9900302841794079,-0.017346888780593872
3732,391,-0.058216401106675565,0.0004495541632128692,0.9749536448934776,-0.05675829201936722
3733,380,0.010768121922094571,0.00036819532773632883,0.9793930445995399,0.010546223260462284
3734,624,0.012784668338449242,0.0002577913638231856,0.9854823686074067,0.012599064968526363
3735,734,0.10971192427091199,0.00019857542797673097,0.9887797224170896,0.10848092287778854
3736,766,-0.21955583907916715,9.683102837267205e-05,0.994497037157469,-0.21834763884544373
3737,755,0.09457922109112835,0.00015955183970221102,0.9909647831661643,0.09372467547655106
3738,458,-0.15390979689108736,0.0004120902060822297,0.9769928812102371,-0.15036877989768982
3739,779,-0.15699631760951338,0.000113251139760866,0.9935698731809119,-0.15598681569099426
3740,399,0.01952584406692432,0.00033242715288419147,0.9813575789126553,0.019161835312843323
3741,0,0.0,0.0,0.0,0.0
3742,679,-0.2321514961075186,0.00020363545677919617,0.9884971000805736,-0.22948108613491058
3743,441,-0.053113136144857555,0.00015784343194481532,0.9910606632790783,-0.05263834074139595
3744,446,0.2267870567342258,0.0002833168548959762,0.9840677918272988,0.2231738418340683
3745,73,0.4790648169917603,0.0015467715471064241,0.9187880299651952,0.44015902280807495
3746,98,0.37006647295641654,0.0006183699956085808,0.9658692910383849,0.35743585228919983
3747,543,-0.026104028298970634,0.00023231218449820822,0.9868984404892672,-0.025762025266885757
3748,529,0.037086384226559244,0.0002505421081985981,0.9858848511137784,0.036562904715538025
3749,164,0.12901763479429773,0.00039935866524378746,0.977687827302684,0.12613897025585175
3750,776,0.05076797690438155,0.0001987786375095856,0.988768369257666,0.050197768956422806
3751,267,0.21674152909453664,0.000314246033534072,0.9823591845288618,0.21291802823543549
3752,554,-0.095122294439951,0.00018428487048667374,0.989578779193716,-0.0941310003399849
3753,0,0.0,0.0,0.0,0.0
3754,523,-0.06562920803663608,0.0003252121482443799,0.9817548120558294,-0.06443179398775101
3755,0,0.0,0.0,0.0,0.0
3756,359,-0.12038716732999076,0.00030678731392718675,0.9827706802512921,-0.11831297725439072
3757,430,0.06314356393332399,0.00026397435111505683,0.9851393454660777,0.06220521032810211
3758,443,-0.15763556369439474,0.000272730459070965,0.9846539776737911,-0.15521648526191711
3759,0,0.0,0.0,0.0,0.0
3760,556,-0.23398027228687307,0.00017441888969184396,0.9901311896914603,-0.23167116940021515
3761,0,0.0,0.0,0.0,0.0
3762,521,-0.21002365441746196,0.0002100408822962529,0.9881395637193638,-0.20753268897533417
3763,0,0.0,0.0,0.0,0.0
3764,12,0.14537243048350015,0.002498893438291358,0.8750442376578809,0.12720730900764465
3765,260,0.41053203768634167,0.00047915413039146984,0.9733484709906903,0.39959073066711426
3766,690,0.15099049060052072,0.00021673177410201188,0.9877663693578078,0.14914332330226898
3767,663,-0.06822201983264309,0.0001401513269732159,0.9920546804787119,-0.06767997145652771
3768,700,-0.042987276370237984,0.00019049831582981875,0.9892311956537155,-0.04252435639500618
3769,734,-0.03522269896990353,0.00020991767545602082,0.9881464384068442,-0.034805186092853546
3770,651,-0.015165001182557983,0.00020263860557139226,0.9885527653271078,-0.014991403557360172
3771,713,0.10942510680555462,0.00019839557664820212,0.9887897707891928,0.10819842666387558
3772,771,-0.07674890699592236,0.000148602029194566,0.9915796356982716,-0.07610265165567398
3773,752,-0.10242390133901202,0.0002014918771897787,0.9886168076312879,-0.10125798732042313
3774,669,-0.011683069143071214,0.00014055083408713007,0.9920322124771959,-0.01158998068422079
3775,329,0.05855757619698722,0.00028017729404984204,0.9842415615726284,0.05763480067253113
3776,769,-0.18723495950818217,0.00012016886531263065,0.993179780183365,-0.18595798313617706
3777,724,0.03272964652030837,0.0001800982930418236,0.9898131164010553,0.032396234571933746
3778,749,-0.006638227750575829,0.00018346186988614635,0.9896248366188137,-0.006569355260580778
3779,754,-0.11387060477030253,0.0001459585111675841,0.9917281885781437,-0.11292868852615356
3780,710,0.06088351006029357,0.00019446487022443956,0.9890094320891274,0.060214366763830185
3781,772,-0.11848160587830248,0.00014613748398253736,0.9917181297700675,-0.11750035732984543
3782,544,0.028539139380240264,0.00019831942837874233,0.9887940252877339,0.028219331055879593
3783,408,-0.07633018989444655,0.0003508151987995063,0.9803466489432735,-0.07483004778623581
3784,710,-0.1599944272695083,0.00013917871392623812,0.9921093838133903,-0.15873196721076965
3785,714,0.07104059218374245,0.00019999110751837387,0.9887006349142501,0.07023787498474121
3786,754,-0.24411242377551504,0.00013608761979666894,0.9922832783762262,-0.2422286719083786
3787,742,-0.10173377444505732,0.0001932885904345214,0.9890751855955812,-0.10062234848737717
3788,702,-0.08434189017729414,0.00022245595244807704,0.9874473185347032,-0.08328317105770111
3789,596,0.02318453957207951,0.0002302458275121866,0.9870134620971341,0.022883452475070953
3790,734,-0.09113926186203469,0.00014852757780417738,0.9915838188959261,-0.09037221968173981
3791,698,-0.006266300774641058,0.0002047411375058174,0.9884353650088522,-0.00619383342564106
3792,718,-0.17116857017584997,0.00011649467858691745,0.9933869307271336,-0.17003661394119263
3793,718,0.24327159538595292,0.00015296650713968383,0.9913344705952553,0.24116352200508118
3794,345,0.09705494540757027,0.00031597277722237335,0.9822639696227082,0.09533357620239258
3795,699,0.005470855643863501,0.00021462816811925497,0.9878836707002051,0.0054045687429606915
3796,0,0.0,0.0,0.0,0.0
3797,750,-0.07290295505399505,0.00019172294549181526,0.9891627180018665,-0.07211288809776306
3798,767,0.010004613393094424,0.00014875660840637107,0.9915709504742467,0.009920284152030945
3799,704,0.005062787454913963,0.00015534277167128125,0.9912010400425397,0.0050182403065264225
3800,536,-0.11163459874258669,0.0002544985737366882,0.9856651453134285,-0.11003433167934418
3801,744,-0.0639314552048041,0.0002014439999202875,0.9886194816538704,-0.06320387870073318
3802,743,-0.062413224591942526,0.0001592982411540504,0.9909790145779144,-0.06185019761323929
3803,753,0.031919604429547214,0.0001724053775267446,0.9902440049293311,0.03160819783806801
3804,722,-0.03351016838227365,0.00016199547298289226,0.990827672600655,-0.033202800899744034
3805,719,0.00038971992077432854,0.00021789576359275452,0.9877014749102512,0.00038492694147862494
3806,748,0.03408698455983385,0.0001782613500888661,0.989915971481378,0.033743251115083694
3807,700,-0.022520872705749102,0.00022114192052441071,0.987520541031149,-0.022239824756979942
3808,578,-0.02937213025639111,0.0002841690935543148,0.9840206323486654,-0.028902782127261162
3809,746,-0.23820328874258828,0.00019393353675628956,0.9890391323062173,-0.23559238016605377
3810,776,-0.1487678027502981,0.00012095300216625428,0.993135581755731,-0.14774659276008606
3811,740,-0.03876895146897516,0.00018116817646249576,0.9897532207722964,-0.03837169334292412
3812,793,-0.17572609672480244,0.00016031938515598222,0.9909217126365929,-0.17413079738616943
3813,718,-0.12811006114670287,0.00015205717446140223,0.9913855403919511,-0.12700645625591278
3814,743,0.1885828434453317,0.00016831730805188995,0.990473134811931,0.1867862343788147
3815,761,0.20048260542658328,0.00018614564468229998,0.9894746608459081,0.19837245345115662
3816,730,0.18618059454052008,0.00023875586015254706,0.9865399320809093,0.18367458879947662
3817,763,0.06048384414763626,0.00020686659912638684,0.9883167126914478,0.059777192771434784
3818,700,0.010345121747148888,0.00018883862720021953,0.9893240156435112,0.010234677232801914
3819,444,-0.31522566289850723,0.00014061751022392488,0.9920284627568539,-0.31271281838417053
3820,424,0.16550800406356464,0.0003589285488225342,0.979901258658857,0.16218149662017822
3821,717,-0.06601518814450694,0.00020465130864980588,0.9884403802655441,-0.06525208055973053
3822,0,0.0,0.0,0.0,0.0
3823,734,-0.048870998911803194,0.00018603405267878095,0.9894809042825916,-0.04835692048072815
3824,746,0.11826808744512159,0.00019657203728146126,0.9888916642625735,0.11695432662963867
3825,763,0.020341712278393275,0.00017788328739225476,0.9899371428201231,0.020137015730142593
3826,0,0.0,0.0,0.0,0.0
3827,0,0.0,0.0,0.0,0.0
3828,0,0.0,0.0,0.0,0.0
3829,394,0.18341623642836427,0.00030146300111747685,0.9830646322168519,0.18031001091003418
3830,397,0.1280065548673075,0.000355875575246812,0.9800688071304455,0.12545523047447205
3831,673,0.23542862149013585,0.0002067659255033673,0.98832233207905,0.2326793670654297
3832,300,-0.18640676766633987,0.00019259691157443536,0.9891138542122716,-0.184377521276474
3833,452,-0.11778036956634141,0.00026983619673069496,0.984814359239209,-0.11599180102348328
3834,767,-0.12326721055858138,0.00022858977142275653,0.9871056640892599,-0.12167776376008987
3835,0,0.0,0.0,0.0,0.0
3836,722,-0.12718646688557067,0.00014440526609570646,0.9918154941724756,-0.12614551186561584
3837,746,-0.008853991268746975,0.00016323464572937918,0.9907581579762992,-0.008772163651883602
3838,758,0.0014519886713288232,0.00018885286464785918,0.9893232193238546,0.001436486141756177
3839,717,0.02460937032857949,0.0002288210069737292,0.9870927888659414,0.024291731417179108
3840,652,-0.0636753863055099,0.0001771607832276914,0.9899776052432272,-0.06303720921278
3841,761,-0.19193955296932005,0.00012560992093163276,0.9928731722744201,-0.1905716359615326
3842,460,0.18058299812204812,0.00021155560537592107,0.9880550531131392,0.17842593789100647
3843,738,-0.04018498381074811,0.0002160675366926982,0.9878034055755145,-0.03969486430287361
3844,376,-0.10908284914392502,0.0003868628567811109,0.9783708680662144,-0.10672347992658615
3845,776,-0.011353265918964116,0.00019806166570651514,0.9888084270806057,-0.01122620515525341
3846,754,-0.04605388496594815,0.00021040845946662906,0.9881190542400424,-0.04550671949982643
3847,709,0.07986102225876325,0.0001609402822588699,0.9908868739642686,0.07913324236869812
3848,0,0.0,0.0,0.0,0.0
3849,733,-0.0006412440583130185,0.00022657830809434735,0.9872176767797219,-0.0006330474861897528
3850,588,0.21126771057309696,0.0002948738944204151,0.9834286562134797,0.20776672661304474
3851,545,-0.029680305116152,0.00023651324018921475,0.9866646757389121,-0.029284508898854256
3852,0,0.0,0.0,0.0,0.0
3853,0,0.0,0.0,0.0,0.0
3854,721,-0.10354980953223746,0.000202691634417931,0.988549803981244,-0.10236414521932602
3855,410,-0.04766135602826026,0.0003458109634906557,0.9806215632699697,-0.046737752854824066
3856,771,-0.061129514599066764,0.00016433489457087625,0.9906964448249452,-0.060560792684555054
3857,612,0.04026834765948307,0.0002743348759545538,0.9845650936227485,0.03964680805802345
3858,74,0.08637582863102088,0.0005987646323402607,0.9669156010048355,0.0835181325674057
3859,744,-0.20140645731370696,0.00013986484644905553,0.9920707925702064,-0.1998094618320465
3860,383,0.11674120097224146,0.00027837606690185704,0.9843412843640902,0.11491318047046661
3861,550,-0.03940419000319459,0.00017135142729926464,0.9903030670437162,-0.039022091776132584
3862,764,-0.21131165673302887,0.00019786124778164757,0.9888196251805678,-0.20894911885261536
3863,647,-0.019519348140846264,0.0002579816533933598,0.9854718080560956,-0.019235767424106598
3864,796,-0.10684728275179564,0.00012929685430245288,0.9926655181583125,-0.106063611805439
3865,727,-0.1452405677334581,0.00014552989513032596,0.9917522789122953,-0.14404267072677612
3866,759,-0.06566698942701571,0.000201014728363549,0.9886434578077418,-0.06492123752832413
3867,764,-0.08334879347498661,0.00018687402050722777,0.9894339110410431,-0.08246812224388123
3868,225,0.13542443676127328,0.0004961847046723927,0.9724273146715244,0.13169042766094208
3869,746,-0.1307657014368846,0.0001540053634022459,0.9912761329544413,-0.12962491810321808
3870,685,0.08516704328358174,0.00015629394958020343,0.9911476401481465,0.08441311120986938
3871,762,-0.04326162246860114,0.00017342029596404781,0.9901871367680156,-0.042837101966142654
3872,517,0.01565597422521857,0.0001621267277084637,0.9908203090628973,0.015512256883084774
3873,748,-0.1218742123471304,0.00014489932804059372,0.9917877220186331,-0.1208733469247818
3874,664,0.0071057485786816445,0.00017469611557437622,0.9901156589930028,0.007035512942820787
3875,514,0.11151654654135384,0.0002258960910385316,0.9872556732869471,0.11009534448385239
3876,710,0.20524910877681743,0.00017454318100040142,0.9901242266059075,0.2032221108675003
3877,753,-0.09670680154307905,0.00019398815850136934,0.9890360790044904,-0.09564651548862457
3878,769,0.10892153606157852,0.0001906699784053392,0.9892215962212126,0.10774753242731094
3879,772,-0.041507444788407476,0.00016373523940922276,0.9907300786353538,-0.0411226749420166
3880,706,-0.14244627591919037,0.00018984565197823508,0.9892676945500739,-0.14091749489307404
3881,515,-0.09100941273844937,0.00021853033642714684,0.9876660999574781,-0.08988691121339798
3882,542,-0.08568274173060797,0.0002445361406588268,0.986218554709032,-0.08450190722942352
3883,738,0.0018441192338843817,0.00020123961101374343,0.9886308972660547,0.0018231532303616405
3884,767,0.06258527650540352,0.00017591790699174296,0.9900472178191957,0.06196237727999687
3885,319,0.18238445081774343,0.00027721587736579274,0.9844055275737549,0.1795402616262436
3886,774,0.1262822371512863,0.00017671530940552397,0.9900025547759645,0.12501974403858185
3887,567,0.10666892557968329,0.00015055830604040262,0.9914697310865558,0.10575900971889496
3888,0,0.0,0.0,0.0,0.0
3889,114,0.2694939815096165,0.00077966033353078,0.957346644600522,0.25799915194511414
3890,753,-0.12681454733251576,0.00013700046618383348,0.9922319183650153,-0.12582944333553314
3891,362,-0.14230125375832972,0.00029922302206602885,0.9831883526113353,-0.13990893959999084
3892,30,0.39967416003346445,0.0044503717521355264,0.7972468370942396,0.31863895058631897
3893,729,0.036506776962383296,0.00014702038886845793,0.9916685108579274,0.03620262071490288
3894,269,-0.10737970785746787,0.0005043055020740542,0.9719886874527748,-0.10437186062335968
3895,762,-0.13728441955311482,0.0002734285239446599,0.9846153031879497,-0.13517233729362488
3896,360,-0.0419338709829996,0.00032607376413885085,0.9817073575637904,-0.04116678982973099
3897,481,-0.19245593322599752,0.00017822362078111895,0.9899180842647437,-0.19051560759544373
3898,769,-0.2318033335442196,0.0001281308441566128,0.9927311803645502,-0.23011839389801025
3899,387,0.203254515572285,0.00021067184221996982,0.9881043589566697,0.2008366733789444
3900,766,-0.2289183394394951,0.00012448774249562401,0.9929363924453997,-0.22730134427547455
3901,746,0.03577656392757119,0.0002541158784856174,0.9856863924190165,0.03526447340846062
3902,753,-0.13306404295492458,0.0001502691707184828,0.9914859733192152,-0.1319311261177063
3903,717,0.022331858788989745,0.00016290394475448745,0.9907767085550407,0.022125884890556335
3904,499,-0.11488418231059411,0.0001789128199885661,0.9898794915884512,-0.11372149735689163
3905,667,-0.2555721559445897,0.0001276424088059141,0.9927586884896374,-0.2537214756011963
3906,719,-0.11187749378051562,0.00017085247626931092,0.9903310301219109,-0.1107957512140274
3907,553,0.1560091420967691,0.00016567475269136398,0.9906213023279559,0.15454597771167755
3908,748,0.10826015668637294,0.00014212061921727156,0.9919439387110498,0.10738800466060638
3909,681,0.1291223633405308,0.0002132023670843254,0.987963192104281,0.12756814062595367
3910,755,-0.08209152628747833,0.00017479238294346148,0.990110266033759,-0.08127966523170471
3911,730,-0.25595836725137006,0.0001609181361044565,0.9908881165477095,-0.25362610816955566
3912,161,0.17196095835486924,0.0005294860908955811,0.9706311249059288,0.16691066324710846
3913,251,0.26979529407929137,0.0003633009676262882,0.9796613982292524,0.26430803537368774
3914,532,-0.10120324934902776,0.0002204190611042014,0.9875608259394878,-0.09994436800479889
3915,289,-0.3518136632483723,0.00021877819408471977,0.9876522835509479,-0.3474695682525635
3916,790,-0.07554914768950283,0.0001737623943967056,0.9901679696957294,-0.074806347489357
3917,742,-0.2411587598113559,0.0001191780867725653,0.9932356317416217,-0.23952747881412506
3918,648,0.05706732919048748,0.00015370246828356535,0.9912931415152965,0.05657045170664787
3919,65,0.4236653996201662,0.0008267816159923186,0.9548850532388278,0.40455174446105957
3920,758,0.13117718013951993,0.0001366797263406682,0.992249963732895,0.13016055524349213
3921,177,-0.04709754684298052,0.0006058426680042064,0.9665375950791468,-0.04552154988050461
3922,774,-0.09145536746839374,0.00015938514702763907,0.990974137558884,-0.09062990546226501
3923,749,-0.05279925916697059,0.00020653856365440736,0.988335023169204,-0.0521833561360836
3924,230,-0.03495986317486867,0.0004656107251400878,0.9740822586452149,-0.03405378386378288
3925,370,-0.1362828632665647,0.00027833269571057764,0.9843436858074823,-0.13414917886257172
3926,740,-0.06597831571676038,0.00019204653898681636,0.9891446251986395,-0.0652620941400528
3927,755,-0.15290993937593422,0.0001431041685683033,0.9918886387605532,-0.15166963636875153
3928,560,-0.10835034251878305,0.00022188777235907645,0.9874789782020101,-0.10699368268251419
3929,354,-0.053595735928264714,0.00025130727971867594,0.9858423528678848,-0.05283694714307785
3930,726,-0.07908774379989743,0.0002022130210575207,0.9885765323350317,-0.07818428426980972
3931,745,-0.08079231965961872,0.00025216196540566675,0.9857948872643892,-0.07964465767145157
3932,714,-0.14962870417376692,0.00024491343241974945,0.9861975849727987,-0.14756347239017487
3933,411,0.24557071296529903,0.0002821032586403791,0.9841349551921211,0.24167472124099731
3934,766,-0.1178890905846348,0.0001889005570333154,0.9893205518337258,-0.11663009971380234
3935,685,0.03911694526046949,0.00016389372007648745,0.9907211894567188,0.03875398635864258
3936,278,0.11441121431965408,0.000370534448459077,0.9792648445012615,0.11203888058662415
3937,558,0.1842285130176306,0.00020759974733490372,0.9882757918442008,0.1820685863494873
3938,366,0.1986508385731223,0.0003621489508351119,0.979724583718593,0.19462311267852783
3939,769,-0.20035419683850167,0.0001250116656051747,0.9929068751851841,-0.19893306493759155
3940,718,0.02610682052090598,0.00020395949566645523,0.9884790067497301,0.025806043297052383
3941,421,0.20096734255655158,0.0003573700807555164,0.97998678088235,0.19694533944129944
3942,770,-0.0479765821006391,0.00019898870510058142,0.9887566332178958,-0.047437164932489395
3943,749,0.2045787319028688,0.00019302698528068856,0.9890898103934453,0.20234674215316772
3944,745,0.027414844417632027,0.00017078315305419818,0.990334915378601,0.027149878442287445
3945,296,-0.096319575775163,0.00042167698289279824,0.9764702425024399,-0.09405320137739182
3946,68,0.15924539975821972,0.0006906267305787463,0.9620325278843611,0.15319925546646118
3947,758,-0.05613651667969759,0.000202048298013252,0.9885857316933913,-0.05549575760960579
3948,775,-0.1350920850519211,0.0001805600241969351,0.9897872662676505,-0.13371242582798004
3949,736,0.08844066050495832,0.0001850151368118417,0.9895379150286542,0.08751538395881653
3950,735,-0.026218227550488752,0.00017414097288187563,0.9901467595859819,-0.025959892198443413
3951,794,0.0146507904313561,0.00017715106228638757,0.989978149667955,0.014503962360322475
3952,204,-0.11759790674071102,0.0007243847834187625,0.9602504355565799,-0.11292344331741333
3953,730,-0.03243699161055153,0.00022487092114887328,0.9873127762678084,-0.03202545642852783
3954,714,0.10291568963352789,0.00022586562779931037,0.9872573700243987,0.10160427540540695
3955,286,0.23524083482212277,0.00030674552266257043,0.9827729868362621,0.2311883419752121
3956,331,0.1654985765406012,0.0002817375779239616,0.9841551946487362,0.16287627816200256
3957,741,0.016159335165140037,0.0002574057322075493,0.9855037708027405,0.015925085172057152
3958,675,0.07645569669427695,0.00020273875322685399,0.9885471726907367,0.07558006048202515
3959,247,0.30666442969550006,0.000532958831096656,0.9704441963642678,0.29760071635246277
3960,695,-0.01932447571977437,0.00019255598946974316,0.9891161420756099,-0.01911415159702301
3961,734,-0.003024883844892238,0.00016956129289529296,0.9904034001893726,-0.002995855174958706
3962,667,-0.005173715314586302,0.000209248769589937,0.9881837636435624,-0.005112581420689821
3963,30,0.22113358775774639,0.0009716404643521997,0.9473963542328083,0.20950116217136383
3964,749,-0.030107467155530553,0.0002226180864646395,0.9874382846076272,-0.029729265719652176
3965,631,0.03668929099233706,0.0001673325313802643,0.9905283458487871,0.03634178265929222
3966,267,0.22862588261578526,0.0004842630374163727,0.9730719552562842,0.22246943414211273
3967,760,0.057720102108769905,0.00016294391346409953,0.9907744664845428,0.057187601923942566
3968,707,-0.0958851837636073,0.00014869705529675488,0.9915742965212816,-0.095077283680439
3969,595,-0.1288593494089735,0.00019224250120060787,0.9891336688546261,-0.12745912373065948
3970,732,-0.08576504432703139,0.00021616950973721966,0.9877977196329719,-0.08471851795911789
3971,748,0.12948491659642938,0.00016907100920405058,0.9904308830721952,0.12824586033821106
3972,775,-0.18151537702208564,0.00015944958949185012,0.9909705211815588,-0.1798763871192932
3973,728,-0.06074462533201817,0.00020740901339484587,0.9882864373797736,-0.06003309041261673
3974,563,-0.18218208526196636,0.00022550163577602741,0.9872776440549395,-0.179864302277565
3975,289,-0.13695613232966525,0.00032319690449396723,0.9818658218524421,-0.1344725489616394
3976,754,-0.16336123052421236,0.00013569593036222267,0.9923053178586383,-0.16210421919822693
3977,30,-0.17979976733525593,0.0011174095043336052,0.9399782429068135,-0.16900786757469177
3978,268,-0.023846646847286775,0.0004672220341444543,0.9739948992351637,-0.023226512596011162
3979,439,-0.05293352326594616,0.0002402172613271087,0.986458659967524,-0.05221673101186752
3980,417,0.0888746978103114,0.0002678584867527905,0.9849239813679718,0.0875348225235939
3981,790,-0.14020786318880848,0.00017496128502121164,0.9901008041738985,-0.13881991803646088
3982,520,-0.07479308185418351,0.00023758177686200558,0.9866052354419793,-0.07379124313592911
3983,375,-0.03586534692843755,0.00031088563590492193,0.9825445341770972,-0.03523930162191391
3984,352,0.22523238389773972,0.00044625542163189097,0.9751328599923337,0.21963149309158325
3985,688,0.006222201952559137,0.00023086242669600747,0.9869791369397861,0.00614118343219161
3986,3,0.7370137174924215,0.0018691071641036006,0.90349727203688,0.6658898591995239
3987,403,0.0064592994703326564,0.000338260725651345,0.9810366375666503,0.006336809601634741
3988,713,-0.056590497394472486,0.00019201081319309785,0.9891466226715434,-0.055976297706365585
3989,703,0.001988844847992847,0.00022531902397428957,0.9872878156828375,0.0019635623320937157
3990,465,0.23288575830438765,0.00017452928146613746,0.9901250052849867,0.2305860072374344
3991,746,0.0773379458588905,0.00011126409354293964,0.9936819800799759,0.0768493264913559
3992,530,0.10460584427247632,0.00023253847410846667,0.9868858459425991,0.10323403030633926
3993,527,0.04565517892230451,0.0003546088021104892,0.9801383449925667,0.04474839195609093
3994,786,0.08356009071109859,0.00013497676989633912,0.9923457859476146,0.08292050659656525
3995,697,0.10233557291884761,0.00021869658595167376,0.9876568326158172,0.10107243061065674
3996,774,0.11668355826009305,0.00014292475979245392,0.9918987255388082,0.11573827266693115
3997,729,-0.11338738876871447,0.000209605298549229,0.9881638688224591,-0.11204531788825989
3998,754,-0.011322048139469377,0.00023724472710048232,0.9866239839904997,-0.011170604266226292
3999,568,-0.30768161678266986,0.00014071206102163003,0.9920231454750478,-0.30522727966308594
4000,740,0.1834891104378511,0.00012247491704476873,0.9930498091745621,0.18221382796764374
4001,755,0.09413254015419065,0.0002001264331864866,0.9886930755542543,0.0930681899189949
4002,304,-0.09770395494017162,0.00022016810472349886,0.9875748124908361,-0.09648996591567993
4003,685,-0.04726935778166691,0.00026448053006158955,0.9851112739690245,-0.04656557738780975
4004,673,0.07602689705407151,0.0003276893563176168,0.9816183893203242,0.07462940365076065
4005,50,0.004994812458753586,0.001178826943879831,0.9368874105214985,0.004679576959460974
4006,776,-0.09816518627568004,0.00014051405195315714,0.9920342810362265,-0.09738323092460632
4007,737,-0.0835245919579405,0.00011858865907313302,0.9932688615774528,-0.08296237885951996
4008,763,-0.019972542391145213,0.0001655466266325844,0.9906284874555606,-0.01978536881506443
4009,741,-0.25144000517332604,0.0001749020301649662,0.9901041235982365,-0.24895179271697998
4010,490,-0.02779541358693826,0.0002578031799690494,0.9854817128369997,-0.027391871437430382
4011,489,0.1283682323173298,0.00022040223951804355,0.9875617634445202,0.12677155435085297
4012,189,-0.13142001621237903,0.0006811632918941157,0.9625332918053626,-0.12649613618850708
4013,739,-0.10155315282067766,0.0001536425715847723,0.9912965049817918,-0.10066928714513779
4014,164,-0.030434660431815357,0.0005612374151950849,0.9689247100179836,-0.02948889508843422
4015,794,-0.11953025744284881,0.00016387133931670186,0.9907224447835811,-0.11842130869626999
4016,548,-0.050468080938814115,0.0002676472278374359,0.9849356926428939,-0.049707815051078796
4017,635,-0.13396900943297102,0.0002096575752981197,0.9881609517731393,-0.13238294422626495
4018,748,0.06442449075533425,0.0002182556294144431,0.9876814134876117,0.06363087147474289
4019,357,0.04335412929872839,0.00016999935594331635,0.9903788458281092,0.0429370142519474
4020,691,0.02027095831639515,0.0001713720927485524,0.990301908908855,0.02007436938583851
4021,739,-0.17187905370059936,0.00015026460510615225,0.9914862297976392,-0.1704157143831253
4022,709,-0.07773629768274735,0.00017063844060263847,0.990343025963635,-0.07698559761047363
4023,417,0.24691569596323534,0.0002635071883915783,0.9851652546345734,0.24325276911258698
4024,756,-0.0972477770090182,0.00019245148684258863,0.9891219846317665,-0.09618991613388062
4025,743,-0.03773105265083817,0.00014742291042458002,0.9916458909503992,-0.037415843456983566
4026,221,0.16541308476442126,0.0005794864766737712,0.9679466611954173,0.16011103987693787
4027,695,-0.06786127274038552,0.0001900959389218695,0.9892536974442293,-0.06713201850652695
4028,587,-0.11867520343226712,0.00018458559252260262,0.9895619510133856,-0.1174364686012268
4029,751,-0.2339713293786214,0.00014675152538890367,0.9916836203554029,-0.23202553391456604
4030,684,-0.11857060075050617,0.00016704892222589002,0.990544247403061,-0.11744942516088486
4031,783,0.10403826381264214,0.00014664612880606155,0.991689543521988,0.10317365825176239
4032,754,-0.10233481573336202,0.0001540274118221429,0.9912748948856654,-0.10144193470478058
4033,741,-0.044546088035370496,0.00015400579198606636,0.9912761088884584,-0.044157471507787704
4034,714,-0.07287810937989325,0.00018491124751854917,0.9895437282487253,-0.07211607694625854
4035,783,0.16495878292820956,0.00017229220384572952,0.9902503467098736,0.16335049271583557
4036,727,-0.0967546893627046,0.00020866962845789754,0.9882160822469165,-0.09561453759670258
4037,350,-0.12874164793108192,0.00045409184476584056,0.9747072278679844,-0.12548542022705078
4038,754,-0.026719444893320295,0.0001905373991062277,0.9892290100865669,-0.026431649923324585
4039,734,0.025585463587752967,0.00021064326532427633,0.988105953366353,0.02528114803135395
4040,608,-0.00349431616211261,0.000274309487612697,0.9845665000017365,-0.003440386615693569
4041,696,-0.08918353340096087,0.00020236764867049997,0.9885678969363357,-0.08816397935152054
4042,739,-0.08001437578199076,0.00017997042458951069,0.9898202753868605,-0.07919985055923462
4043,410,-0.012296332318971797,0.00037983681216565356,0.9787553421794897,-0.012035100720822811
4044,687,-0.14326790893745908,0.00017145365213973193,0.990297338176981,-0.14187783002853394
4045,513,0.022108576541900866,0.00036983675626520103,0.9793030793776297,0.021650997921824455
4046,706,-0.08236871734815557,0.000190648709286549,0.9892227855878165,-0.08148100972175598
4047,723,-0.10244740963105839,0.00018040414548552307,0.9897959930250544,-0.10140203684568405
4048,704,0.13479488039394544,0.00022854130796289538,0.9871083625831143,0.1330571472644806
4049,772,-0.09587728541942767,0.0001792419318406813,0.9898610635702209,-0.09490519016981125
4050,639,-0.16701359732341786,0.00022681793474550827,0.9872043313170094,-0.1648765504360199
4051,640,-0.11141975404898403,0.00020276843785789006,0.9885455149971158,-0.1101434975862503
4052,724,-0.1443722391429033,0.0001549347931082049,0.9912239460512132,-0.14310522377490997
4053,659,0.057786868219701956,0.00026963370217167695,0.984825582152165,0.05690998584032059
4054,675,0.2877502316167509,0.00019906562882800188,0.9887523357187871,0.2845137119293213
4055,624,0.09807822462290716,0.00027765791077263857,0.9843810498559663,0.09654634445905685
4056,591,-0.038290423470314486,0.00025982447126897103,0.9853695484064645,-0.03773021697998047
4057,583,-0.1611502181233816,0.00024089164311950442,0.986421160452711,-0.15896198153495789
4058,658,-0.14361245494822783,0.00017199277147068458,0.9902671260417015,-0.14221468567848206
4059,587,0.02692958131413494,0.00022916406884623475,0.987073687758358,0.026581481099128723
4060,305,0.2072425120952921,0.0004904251906079426,0.9727386423288518,0.2015928030014038
4061,493,-0.10180354473874366,0.0003275626382460731,0.9816253669120777,-0.09993293881416321
4062,536,0.021993325980651235,0.00027193575851050436,0.984698009709215,0.021656785160303116
4063,529,-0.10163301383875775,0.0002818740784621025,0.9841476396090425,-0.10002189129590988
4064,518,-0.20449370428071173,0.00019293293984131463,0.9890950680237673,-0.2022637128829956
4065,495,-0.12987062853732795,0.000301333119375529,0.9830718051033627,-0.12767215073108673
4066,533,-0.14442801423804175,0.0002333608485073198,0.9868400779543014,-0.14252735674381256
4067,497,-0.21244025165196395,0.00024529376406339203,0.9861764471835467,-0.20950357615947723
4068,493,-0.26702072218052936,0.000159043174212741,0.9909933288050905,-0.2646157443523407
4069,525,-0.026332290821841783,0.0002819863702495113,0.9841414245636478,-0.025914698839187622
4070,465,-0.13847662643078834,0.00031546810445214687,0.9822917960305613,-0.13602446019649506
4071,385,-0.09074847719982847,0.00031943474242485044,0.9820731279200405,-0.08912163972854614
4072,0,0.0,0.0,0.0,0.0
4073,506,0.03755333487371446,0.0002892381709898681,0.9837402232496989,0.036942727863788605
4074,0,0.0,0.0,0.0,0.0
4075,0,0.0,0.0,0.0,0.0
4076,305,-0.022618496640905983,0.0003461706668413248,0.9806017973446718,-0.0221797376871109
4077,474,-0.05136819252987954,0.0003568934635826745,0.9800129386245822,-0.050341494381427765
4078,410,-0.07698758906889253,0.0002805261729384068,0.9842222486450971,-0.07577289640903473
4079,0,0.0,0.0,0.0,0.0
4080,522,-0.011325544797212343,0.0002691665151465205,0.9848514761660841,-0.01115397922694683
4081,462,-0.09214445665172297,0.0002325323441135031,0.9868861871140252,-0.0909360945224762
4082,521,-0.0500233951033649,0.00022650515469203083,0.9872217509643955,-0.049384184181690216
4083,0,0.0,0.0,0.0,0.0
4084,448,0.0665322794479185,0.0004486239020239352,0.9750041777546475,0.06486924737691879
4085,0,0.0,0.0,0.0,0.0
4086,688,-0.07251380881846904,0.0001724356811132644,0.9902423068566576,-0.07180624455213547
4087,533,-0.017367634102772034,0.00027756038376647427,0.9843864503352815,-0.017096463590860367
4088,343,0.02632548705112656,0.00046942673013455156,0.973875393890087,0.02563774399459362
4089,576,0.07433951167533653,0.0002745146610008469,0.9845551346032048,0.07319134473800659
4090,0,0.0,0.0,0.0,0.0
4091,0,0.0,0.0,0.0,0.0
4092,0,0.0,0.0,0.0,0.0
4093,0,0.0,0.0,0.0,0.0
4094,455,-0.05990671782375692,0.0003328072756599274,0.9813366595842277,-0.05878865718841553
4095,758,0.1688783638496296,0.00015906634915853666,0.9909920282218257,0.16735711693763733
4096,457,0.15311385015396634,0.0003509481127977362,0.9803393492372832,0.15010353922843933
4097,447,-0.08239234672021746,0.00033712942778362756,0.981098860933881,-0.08083503693342209
4098,494,0.15224976646021077,0.0003116227869579068,0.9825038691050453,0.14958597719669342
4099,473,-0.10244897200113623,0.000363994543272777,0.979623361119741,-0.1003614068031311
4100,440,0.1397223257205703,0.0003572094904450105,0.9799955942567781,0.1369272619485855
4101,672,0.0707626939500707,0.00023078105230830428,0.9869836667938897,0.06984162330627441
4102,476,-0.1970670470388747,0.0002613074386712725,0.9852872725982897,-0.19416765868663788
4103,254,0.09490774815359454,0.0006363913700880166,0.9649095116929363,0.09157738834619522
4104,762,-0.057064204256929055,0.00019768467543827264,0.9888294911487631,-0.0564267672598362
4105,519,-0.10418954550832338,0.00028804584452864234,0.9838061654894533,-0.10250231623649597
4106,553,-0.13541998629496985,0.0002547898971736886,0.9856489717528224,-0.13347657024860382
4107,311,0.05765465181021445,0.00035577115323587045,0.9800745388676351,0.05650585517287254
4108,270,-0.28080236518548596,0.0002527690828409577,0.9857611733237734,-0.2768040597438812
4109,479,-0.14215317950243742,0.00029616540203389086,0.9833572839103463,-0.13978736102581024
4110,0,0.0,0.0,0.0,0.0
4111,544,0.08725352677249569,0.00036039437595988583,0.9798208338040945,0.0854928269982338
4112,762,-0.13364930762579358,0.0001513388331514154,0.9914258874822175,-0.13250339031219482
4113,729,-0.12485915590818608,0.00017815001672309014,0.9899222060050602,-0.12360084801912308
4114,577,-0.05277332222247351,0.0002332288755197304,0.9868474224229431,-0.0520792156457901
4115,0,0.0,0.0,0.0,0.0
4116,485,-0.0382562595467592,0.0003009481829837283,0.9830930643263085,-0.037609461694955826
4117,384,0.24422048313135747,0.00043430857537896887,0.9757824638835801,0.23830606043338776
4118,449,0.016411651185151595,0.0003972381337598114,0.9778036717279435,0.016047373414039612
4119,629,-0.08796302161648846,0.00023243271934200353,0.9868917318703091,-0.08680997788906097
4120,284,0.051876180513407776,0.0005588381416842333,0.9690534448477798,0.050270792096853256
4121,486,0.006655381739507487,0.0003126668931351439,0.9824462765576926,0.006538555026054382
4122,672,-0.10735079472041911,0.00022304604575076274,0.9874144399861527,-0.10599972307682037
4123,243,0.044799692280122955,0.0004947562714092145,0.9725045093336069,0.043567903339862823
4124,495,0.10242624726861414,0.0003108577724658325,0.9825460713348116,0.1006385087966919
4125,337,-0.04822628669860809,0.00042860156145583595,0.9760930855318808,-0.04707334563136101
4126,683,-0.1466507984224385,0.00016582087320739922,0.9906131082239301,-0.14527420699596405
4127,633,-0.193487803270749,0.00014143157810830948,0.991982683642314,-0.19193655252456665
4128,714,-0.05874100848197603,0.00017077165738963877,0.99033555966222,-0.05817331001162529
4129,0,0.0,0.0,0.0,0.0
4130,371,0.05464259692219229,0.0003175849436752842,0.9821750893146125,0.05366859585046768
4131,0,0.0,0.0,0.0,0.0
4132,746,-0.19189231995063716,0.00015686538867049296,0.9911155618636484,-0.190187469124794
4133,0,0.0,0.0,0.0,0.0
4134,725,0.17346044306402447,0.00023351078384450716,0.9868317339901608,0.1711762696504593
4135,463,0.06779682316835446,0.00033688055192829665,0.981112550601729,0.06651631742715836
4136,728,0.09124181490867389,0.0002320846819636547,0.9869111028674266,0.09004756063222885
4137,466,-0.030890384952781538,0.00037876989550306644,0.9788137516471453,-0.030235933139920235
4138,0,0.0,0.0,0.0,0.0
4139,524,-0.0413749317659904,0.0002534271834753667,0.985724630831061,-0.040784288197755814
4140,0,0.0,0.0,0.0,0.0
4141,535,0.07935807400896588,0.0002662915037034943,0.9850108547180568,0.07816856354475021
4142,0,0.0,0.0,0.0,0.0
4143,453,-0.12304841820767384,0.00030805090720347796,0.9827009438690582,-0.12091979384422302
4144,0,0.0,0.0,0.0,0.0
4145,493,0.1502010139445897,0.0003537927957642224,0.980183143824303,0.14722450077533722
4146,497,-0.19989787555586405,0.00017461013312441184,0.9901204758342056,-0.1979229748249054
4147,0,0.0,0.0,0.0,0.0
4148,0,0.0,0.0,0.0,0.0
4149,0,0.0,0.0,0.0,0.0
4150,252,0.11259424564842549,0.0005940031161472828,0.9671700584831272,0.10889778286218643
4151,445,0.026624154006497244,0.0002448068011307878,0.9862035114099172,0.026256835088133812
4152,158,-0.01497209884367789,0.0012445636196621289,0.9336016546168965,-0.013977976515889168
4153,702,-0.06692601196292756,0.00019288208741201517,0.9890979109629434,-0.06619638204574585
4154,563,-0.08157970761709894,0.0002513845031764582,0.985838064018046,-0.08042438328266144
4155,534,0.11584583993422126,0.0002817459240869352,0.984154732701495,0.11401022970676422
4156,438,-0.18577923470487198,0.0002816165994826447,0.9841618906674766,-0.1828368455171585
4157,0,0.0,0.0,0.0,0.0
4158,0,0.0,0.0,0.0,0.0
4159,551,0.024638107550176647,0.0002628696857510811,0.9852006131718304,0.024273479357361794
4160,733,0.0015548328280774177,0.0002015668201049414,0.9886126219778623,0.001537127303890884
4161,745,-0.0020222953589470595,0.0001527365227267007,0.9913473864460468,-0.0020047971047461033
4162,726,-0.04453259494063283,0.0002018837530107466,0.9885949212795125,-0.04402469843626022
4163,724,0.1595710843508209,0.00021506919609257287,0.9878590757764762,0.1576337367296219
4164,0,0.0,0.0,0.0,0.0
4165,61,0.24065463018954777,0.001252726180149126,0.9331952682820877,0.22457775473594666
4166,0,0.0,0.0,0.0,0.0
4167,0,0.0,0.0,0.0,0.0
4168,0,0.0,0.0,0.0,0.0
4169,510,0.044006842270712644,0.0002647948495191356,0.9850938433543255,0.04335086792707443
4170,509,-0.02818711623293302,0.00029224854279526636,0.9835737723875161,-0.02772410772740841
4171,516,-0.059176807602246605,0.00029447145704088407,0.9834508981396768,-0.05819748342037201
4172,487,-0.003243273552468915,0.0003510340071528224,0.9803346319324022,-0.003179493360221386
4173,455,0.019233846087213402,0.00033095584295988155,0.981438558042167,0.01887683756649494
4174,0,0.0,0.0,0.0,0.0
4175,472,-0.021503613296880435,0.00030181667003913523,0.9830451009256252,-0.021139021962881088
4176,371,0.18623249371839823,0.0004135514825664735,0.9769131812129357,0.1819329708814621
4177,503,0.032068376297919934,0.00026709579409202203,0.9849662630423367,0.03158626705408096
4178,396,-0.025021855832275116,0.00034963550816832876,0.9804114429315641,-0.024531714618206024
4179,552,-0.18202987593679648,0.00021013165974205963,0.9881344985863859,-0.17986999452114105
4180,501,0.006133001652767439,0.0003141446306078484,0.9823647765927228,0.006024844944477081
4181,0,0.0,0.0,0.0,0.0
4182,0,0.0,0.0,0.0,0.0
4183,388,-0.10371710628885583,0.000431565895129037,0.975931717947008,-0.10122081637382507
4184,0,0.0,0.0,0.0,0.0
4185,295,-0.08195028012081729,0.0004656883782286734,0.9740780482131319,-0.07982596755027771
4186,515,-0.022476653147543085,0.00030102241390654767,0.9830889646378486,-0.022096550092101097
4187,462,0.0183328553163386,0.0003497312561083736,0.9804061836987672,0.01797364465892315
4188,714,0.1901198570846113,0.00016429198438345458,0.9906988515208448,0.18835152685642242
4189,678,-0.1997821306353737,0.00013761563698865275,0.9921973096481974,-0.1982232928276062
4190,499,-0.01060372739582358,0.00026860956690567074,0.9848823470079089,-0.010443423874676228
4191,0,0.0,0.0,0.0,0.0
4192,535,-0.16075423996303684,0.00020504022353767318,0.9884186670307332,-0.15889249742031097
4193,0,0.0,0.0,0.0,0.0
4194,509,-0.09990942967810425,0.00030213099288764055,0.9830277431643142,-0.09821373969316483
4195,0,0.0,0.0,0.0,0.0
4196,0,0.0,0.0,0.0,0.0
4197,266,0.04999224419348446,0.0005476876528874569,0.9696521819305973,0.04847509041428566
4198,0,0.0,0.0,0.0,0.0
4199,452,0.12453115102474421,0.0003456218825439816,0.9806319537064085,0.1221192255616188
4200,0,0.0,0.0,0.0,0.0
4201,0,0.0,0.0,0.0,0.0
4202,313,-0.1055538163017541,0.00037877736776269905,0.9788133425462413,-0.10331748425960541
4203,507,0.03534197189553073,0.0003117126118211198,0.9824989141301843,0.03472344949841499
4204,0,0.0,0.0,0.0,0.0
4205,373,0.11582949344598097,0.0003304970224122039,0.981463813707247,0.11368245631456375
4206,282,-0.2266171101665666,0.0002568874711996823,0.9855325352699589,-0.2233385294675827
4207,761,0.18824356453892202,0.0001804442984644581,0.9897937450747303,0.18632230162620544
4208,625,-0.014959094429016113,0.0002140023732828224,0.987918571668355,-0.01477836724370718
4209,465,-0.01514732938620352,0.0003272897477885621,0.9816403936629288,-0.014869230799376965
4210,528,-0.13222751954648024,0.00021244606288574046,0.9880053787627943,-0.13064150512218475
4211,655,-0.020963108897891665,0.00019162303261852586,0.9891683044776737,-0.02073604241013527
4212,483,-0.026707350424882294,0.0002677962372350427,0.9849274321814001,-0.026304801926016808
4213,530,-0.06526750377467218,0.00028696976426329234,0.9838656862625449,-0.06421446055173874
4214,0,0.0,0.0,0.0,0.0
4215,521,-0.07505462118451289,0.0003083787639112399,0.9826828514196623,-0.07375489175319672
4216,431,-0.11837836391273066,0.00040510686131215004,0.9773739419284246,-0.11569992452859879
4217,0,0.0,0.0,0.0,0.0
4218,336,0.0225414637742298,0.00047161730617995896,0.9737566829563338,0.021949900314211845
4219,0,0.0,0.0,0.0,0.0
4220,495,-0.1772520558946211,0.00020732605516063057,0.9882910676437098,-0.17517662048339844
4221,544,-0.031059447737575015,0.00023933268150173163,0.9865078520274202,-0.030640389770269394
4222,0,0.0,0.0,0.0,0.0
4223,321,-0.09698637407795291,0.0004926629745125218,0.9726176563600937,-0.09433066099882126
4224,544,0.05801828835769009,0.0002707685648939141,0.9847626876361406,0.057134244590997696
4225,381,0.025267177777183965,0.000410640839099909,0.9770719444940846,0.02468785084784031
4226,489,0.16474592400779509,0.00029501204752406843,0.9834210209938391,0.16201460361480713
4227,0,0.0,0.0,0.0,0.0
4228,534,-0.06168809723918246,0.0002539486026876594,0.98569567980012,-0.06080568954348564
4229,338,-0.007786871931521145,0.0004804339369375826,0.973279187675977,-0.007578800432384014
4230,601,-0.18613483248504745,0.00022451854519081257,0.9873324054841042,-0.18377694487571716
4231,504,-0.2363037539882556,0.00023017068923686973,0.9870176450961045,-0.23323597013950348
4232,0,0.0,0.0,0.0,0.0
4233,0,0.0,0.0,0.0,0.0
4234,0,0.0,0.0,0.0,0.0
4235,0,0.0,0.0,0.0,0.0
4236,0,0.0,0.0,0.0,0.0
4237,504,-0.11645566078183787,0.0002570566038879924,0.9855231479009476,-0.11476974934339523
4238,402,-0.15551853312216513,0.0003327596890132129,0.9813392783752893,-0.1526164412498474
4239,327,0.001044890376246486,0.0004148946627681596,0.9768399338153421,0.0010206906590610743
4240,0,0.0,0.0,0.0,0.0
4241,0,0.0,0.0,0.0,0.0
4242,0,0.0,0.0,0.0,0.0
4243,447,0.07760760750386123,0.0003631085532106077,0.9796719511534504,0.07602999359369278
4244,503,-0.12341033759532463,0.0002106526012985406,0.9881054324775866,-0.1219424232840538
4245,744,-0.011421788589007432,0.00022807669597348201,0.9871342333915225,-0.01127483882009983
4246,444,-0.2327614139077497,0.0002244649606685794,0.9873353904955522,-0.2298135757446289
4247,292,0.24912207451814863,0.0005891427244808606,0.9674299380751258,0.24100814759731293
4248,0,0.0,0.0,0.0,0.0
4249,0,0.0,0.0,0.0,0.0
4250,397,0.010908769720447454,0.0004453070207732253,0.975184397215692,0.010638061910867691
4251,548,-0.12925942438607016,0.00024339406133238282,0.986282036490397,-0.1274862438440323
4252,533,0.05802815054905012,0.0002673957186855995,0.9849496355789286,0.05715480446815491
4253,672,0.0448641115910418,0.00021374090214178876,0.9879331548073399,0.04432274401187897
4254,461,0.09685956956838902,0.00030191858470925766,0.9830394728536136,0.0952167809009552
4255,454,-0.07820886170434138,0.0002810231302884945,0.9841947398303567,-0.07697275280952454
4256,474,0.12292654270832801,0.00031724477546002323,0.9821938417810063,0.12073769420385361
4257,811,-0.12736711200009732,0.00015382899797555382,0.9912860363843977,-0.12625724077224731
4258,0,0.0,0.0,0.0,0.0
4259,714,-0.11595157808845952,0.00018908050107662716,0.9893104874853508,-0.11471211165189743
4260,651,-0.014192496620965535,0.00024550821633007665,0.9861645289144473,-0.013996136374771595
4261,683,-0.11526579291615663,0.00018105027700248056,0.9897598208204164,-0.11408545076847076
4262,586,-0.03596462910429101,0.0003001997057437431,0.9831344037737565,-0.035358063876628876
4263,627,-0.0017817902499052327,0.00019584836717336266,0.9889321064250356,-0.0017620695289224386
4264,484,-0.13203913952447166,0.000268558802323993,0.9848851609120693,-0.1300433874130249
4265,350,-0.02770953028063689,0.0005618771631583042,0.9688903896343092,-0.02684749849140644
4266,666,0.057477961571232694,0.00022813742624810113,0.9871308516942565,0.056738268584012985
4267,501,-0.03132478254447559,0.0002794896507873082,0.9842796297366597,-0.03083234466612339
4268,474,-0.12316901355054434,0.00031098061366653375,0.9825392945226696,-0.12101839482784271
4269,500,-0.16585507452301682,0.00018997418997077694,0.9892605061117019,-0.1640738695859909
4270,541,0.033223548168987864,0.0002860271224289522,0.9839178321302079,0.03268923982977867
4271,505,-0.09119599243939513,0.00021025236805202006,0.9881277634735531,-0.09011328965425491
4272,120,0.16044188529873887,0.0016694970581372407,0.9129056292556351,0.14646829664707184
4273,504,-0.12584124834624133,0.00024661543649379163,0.9861029993011102,-0.12409242987632751
4274,328,-0.10418081657802004,0.00033497009351344967,0.9812176500205118,-0.10222405940294266
4275,805,-0.12036587529300903,0.0001306117155581528,0.9925914840326026,-0.1194741427898407
4276,412,-0.06265048356726766,0.0003361119852112763,0.981154828802108,-0.061469823122024536
4277,483,0.0035727186683819903,0.00029978578326710076,0.9831572667855342,0.003512544324621558
4278,545,-0.24438750701486517,0.00017881851645669506,0.9898847720692867,-0.24191546440124512
4279,355,-0.03965265504150114,0.00040752223886941205,0.9772421082113789,-0.038750242441892624
4280,711,-0.015049682670756232,0.00022515032290164325,0.9872972126579089,-0.014858509413897991
4281,474,-0.12028349749645698,0.0002734727949875298,0.9846128505673243,-0.1184326782822609
4282,564,0.16837640768016113,0.00022478338953420412,0.9873176521717507,0.16624100506305695
4283,517,-0.13651972240993548,0.00030546912528181986,0.9828434402434713,-0.13417752087116241
4284,617,-0.03727241159330697,0.000290077584656112,0.9836938043391482,-0.03666463866829872
4285,621,-0.1407532691190712,0.0002012666750928834,0.9886293856569761,-0.13915282487869263
4286,528,-0.058901610438514385,0.0003015438888145944,0.983060165142473,-0.057903826236724854
4287,368,0.11898287663074292,0.00045643455858972734,0.9745800564571986,0.11595834046602249
4288,397,-0.05250838839493561,0.0003449311779654438,0.980669911395882,-0.05149339511990547
4289,271,0.012952595684553644,0.00047798654046838496,0.9734116879770076,0.012608207762241364
4290,711,-0.032268700576302205,0.00019856047446618829,0.9887805578684559,-0.03190666437149048
4291,460,-0.17503624200496984,0.00028223279575492223,0.9841277858564798,-0.17225803434848785
4292,445,-0.24192222353656975,0.0002894356155102978,0.9837293043301512,-0.2379859834909439
4293,527,0.008172445069906607,0.00027050527327555663,0.9847772786402981,0.008048037998378277
4294,472,-0.13018982449420174,0.0002879678908847586,0.9838104770644676,-0.12808211147785187
4295,501,-0.13763837391387918,0.00023246543082773143,0.9868899112598548,-0.13583391904830933
4296,487,0.1940417537901711,0.0003081491153984639,0.9826955242766867,0.19068396091461182
4297,444,-0.1847387447802199,0.00022700210160340878,0.9871940748068787,-0.18237298727035522
4298,726,-0.03801388590732595,0.00017343208188373937,0.9901864764148093,-0.03764083608984947
4299,456,-0.16472671922345303,0.00028371090116102726,0.9840459863212475,-0.16209866106510162
4300,735,-0.10344668836364536,0.00018511425541963588,0.9895323688203055,-0.10236384719610214
4301,771,0.0588149067338184,0.00019977627600679314,0.9887126357481343,0.058151040226221085
4302,578,-0.02533282083378634,0.0002622950530672436,0.9852324868559147,-0.024958718568086624
4303,481,-0.03463426730334139,0.0003853455242316375,0.9784538728621333,-0.03388803452253342
4304,358,-0.003398312032014631,0.00041784059815052623,0.9766793221231744,-0.003319061128422618
4305,467,-0.09941019027691327,0.00026224354995213337,0.9852353437276806,-0.09794243425130844
4306,501,0.0810149741208482,0.00027466855920468705,0.9845466097204214,0.0797630175948143
4307,488,-0.15771610526459628,0.0002640692395094262,0.9851340830564596,-0.1553715169429779
4308,408,0.09316293864200513,0.00033221959676895584,0.9813690017421124,0.09142722189426422
4309,525,0.06599848915068876,0.0002301417191221909,0.9870192578915932,0.06514178216457367
4310,488,-0.15271973728248087,0.00019518618922422293,0.9889691150085339,-0.1510351002216339
4311,373,-0.08425007337309799,0.00037582446960592996,0.9789750382609855,-0.08247871696949005
4312,316,-0.03538428513403935,0.0003056174634204183,0.9828352518927467,-0.034776922315359116
4313,266,0.053174446371937155,0.000731078981769582,0.9598978320372672,0.05104203522205353
4314,560,0.16061091681144068,0.00020197529610570491,0.9885898087169218,0.15877830982208252
4315,466,0.09984690595474174,0.0004727170854501254,0.9736970950128065,0.09722064435482025
4316,569,0.06886127184559256,0.00026052904063380775,0.9853304568158168,0.06785111129283905
4317,648,0.12349357440159368,0.0002503728723228933,0.9858942511061926,0.12175160646438599
4318,257,-0.2220638332026014,0.0002698709902988972,0.9848124308912339,-0.21869122982025146
4319,536,-0.11772240892942272,0.0002445544253864912,0.9862175384300839,-0.11609990149736404
4320,554,-0.11768125544641746,0.00027264820736520575,0.9846585348177187,-0.11587585508823395
4321,472,-0.08316504510940384,0.0003423338505796189,0.9808126738999565,-0.08156932890415192
4322,273,0.24562405765520565,0.00038033372983258115,0.9787281402819247,0.24039918184280396
4323,556,0.14954583854883535,0.0002340349269519864,0.9868025663160611,0.14757221937179565
4324,768,-0.10052369222345685,0.00020484358525016776,0.9884296452860585,-0.09936060011386871
4325,454,-0.11088704126620345,0.0002167652072102705,0.9877645052846674,-0.10953028500080109
4326,459,0.09109883914926863,0.00038533758218232034,0.9784543073643817,0.0891360491514206
4327,457,0.14556147514371695,0.0003943491676407113,0.9779615398455618,0.14235351979732513
4328,401,0.09815863303914481,0.0003908958683461354,0.9781503129579838,0.09601389616727829
4329,455,-0.11213400753644796,0.00034954287203982186,0.9804165312928075,-0.10993803292512894
4330,306,-0.009695999421714957,0.0005519530489910909,0.9694230596963619,-0.009399525821208954
4331,529,-0.06447853354318156,0.0002566169433337239,0.9855475507457568,-0.06354665756225586
4332,451,0.002933902277749552,0.0003000173162781439,0.9831444779265089,0.002884449902921915
4333,457,-0.06403440588787687,0.00026269200416035904,0.9852104685811778,-0.06308736652135849
4334,458,0.11654459205191729,0.0003623420057833608,0.9797139945272096,0.11418037116527557
4335,484,0.06077572059517434,0.0004174509408602143,0.9767005631144159,0.059359680861234665
4336,445,-0.14252402661891467,0.00030944459807134535,0.9826240390145943,-0.14004753530025482
4337,423,0.015150657566550494,0.00037494761405509154,0.9790230636774306,0.014832843095064163
4338,642,-0.04255702615805504,0.0002051152198949068,0.9884144800713345,-0.04206398129463196
4339,81,0.13773618196999585,0.0006019591350579759,0.9667449604365225,0.13315576314926147
4340,548,-0.07242281347458815,0.00019935843827226037,0.9887359776706202,-0.07160703837871552
4341,406,-0.1237546608145601,0.00035405668026062675,0.9801686560904799,-0.12130043655633926
4342,529,-0.09536072787862193,0.0003026919904908005,0.9829967648764172,-0.09373928606510162
4343,665,-0.1275025090496791,0.0002599585799223581,0.9853621074230192,-0.12563614547252655
4344,658,-0.11860772324471217,0.000230884748357036,0.9869778943709717,-0.11706320196390152
4345,535,-0.09402333755289839,0.0002700441761515121,0.9848028326034859,-0.0925944522023201
4346,507,-0.02987333860512845,0.0002696763710630851,0.9848232172809123,-0.029419956728816032
4347,592,-0.0924954913191598,0.0002605936680301661,0.9853268712521672,-0.09113829582929611
4348,70,0.37382101847657134,0.0010391891564047078,0.9439443320412675,0.3528662323951721
4349,331,0.16018975228408852,0.00046113890411766625,0.9743247868993327,0.1560768485069275
4350,429,0.22430506862248434,0.0002689373491780911,0.9848641782725559,0.22091002762317657
4351,495,-0.059108512058402556,0.00023084976538698612,0.9869798417519754,-0.05833891034126282
4352,500,0.004661756873130798,0.00029133419519035864,0.9836243229593837,0.004585417453199625
4353,437,0.00785824084266577,0.0003436360046120696,0.9807410956055631,0.007706899661570787
4354,295,-0.28894813727840024,0.00030499953280052757,0.9828693629186833,-0.2839982807636261
4355,416,0.050963653108248345,0.0003603096294700433,0.9798254831907143,0.049935486167669296
4356,564,-0.16518883219530398,0.00021301377731586027,0.9879737113069671,-0.1632022261619568
4357,288,0.1406214382328067,0.0004593114534222348,0.9744239330607367,0.1370248943567276
4358,665,-0.12473890858709363,0.0002519155943560962,0.9858085691944656,-0.12296868860721588
4359,530,0.16560707620503204,0.0002491042158850524,0.9859647227303502,0.16328273713588715
4360,244,0.07579723858564603,0.0007038229500640393,0.9613351107169618,0.0728665441274643
4361,675,-0.1272761290823972,0.00024416468937920856,0.9862392007046656,-0.12552471458911896
4362,646,-0.14010440287160061,0.00014828214738826824,0.9915976091360359,-0.13892719149589539
4363,720,-0.015752094275214606,0.00017513317838703123,0.9900911749283647,-0.01559600979089737
4364,566,-0.10558882002083604,0.00019162872600532758,0.9891679861389453,-0.10444507747888565
4365,497,-0.06618852781270532,0.00024678317520714115,0.9860936785201007,-0.06526809185743332
4366,512,-0.10845647456335428,0.00026138687155929295,0.9852828660077393,-0.10686030238866806
4367,548,-0.18419179351606074,0.00020590938964159652,0.9883701446746175,-0.1820496767759323
4368,471,-0.2031704295909076,0.00018716800944840216,0.9894174644497723,-0.20102037489414215
4369,366,-0.1422691559164576,0.0004794922042431374,0.9733301681432597,-0.13847486674785614
4370,565,-0.22436017793627966,0.00013862412050940154,0.9921405788875798,-0.22259683907032013
4371,490,-0.18425444124209486,0.0002150132006827573,0.9878621984194434,-0.1820179969072342
4372,379,-0.1539527045115632,0.0003185210839175598,0.9821234863718034,-0.1512005627155304
4373,737,-0.05345210596777529,0.00015495970194041682,0.9912225475112935,-0.052982933819293976
4374,665,0.052303089935304525,0.000190867339171467,0.9892105599669422,0.05173876881599426
4375,370,-0.1812004780245794,0.0002678371223584637,0.9849251657043625,-0.17846891283988953
4376,485,0.04469270312957005,0.00040308712784914403,0.9774842083064637,0.043686412274837494
4377,455,-0.043542406100083836,0.00038848992335705466,0.9782818759802727,-0.04259674623608589
4378,577,0.06913931586132409,0.0002577221605312162,0.985486209257186,0.06813584268093109
4379,656,-0.1273498420330991,0.00017172266683199345,0.9902822624190952,-0.12611228227615356
4380,777,-0.17766277427321236,0.00015188360095584396,0.9913952891975127,-0.17613403499126434
4381,706,-0.016000829141048806,0.0002040177523773579,0.9884757539451324,-0.015816431492567062
4382,420,0.0044282780893679175,0.0004391655615614978,0.9755182632687128,0.0043198661878705025
4383,497,0.16847957231542865,0.0003720929849370644,0.9791794444825874,0.1649717390537262
4384,458,0.056499477280669855,0.00030143447677887485,0.983066207501226,0.0555427260696888
4385,726,-0.056788460220679765,0.00021435025841804326,0.9878991695930972,-0.056101273745298386
4386,442,-0.012003438701069328,0.00020585883886141006,0.9883729666088114,-0.011863874271512032
4387,615,-0.02551553861003339,0.0002737871531366583,0.9845954354428345,-0.02512248232960701
4388,757,-0.019386169479734202,0.0001891863513378433,0.9893045673299928,-0.019178826361894608
4389,307,-0.047505037731670016,0.0003815678469659089,0.9786605896992769,-0.04649131000041962
4390,616,-0.06985426403116435,0.00025869510084728774,0.9854322156864274,-0.06883664429187775
4391,518,0.11320364054357165,0.00030207213720372697,0.9830309932883731,0.11128268390893936
4392,298,-0.10612891574433986,0.0004521055205742548,0.9748150790972744,-0.10345606505870819
4393,571,-0.08064689907618845,0.0002352482321366187,0.9867350545570929,-0.07957712560892105
4394,633,0.10393405675087683,0.00025843939983155665,0.9854464053063072,0.10242144018411636
4395,492,-0.05997939762939525,0.00027424854230883493,0.9845698760635366,-0.05905390903353691
4396,730,0.1001953717435978,0.0001878630977529067,0.9893785813750502,0.09913115203380585
4397,429,0.22510776555248144,0.000264589509508651,0.9851052304338116,0.22175483405590057
4398,507,0.040152933206078566,0.00028222261950231283,0.9841283490655727,0.03951564058661461
4399,532,-0.021661102981831794,0.0002588494777634517,0.985423649043986,-0.021345363929867744
4400,408,0.03104424113909915,0.00036647928722578456,0.9794871169124945,0.030407434329390526
4401,468,0.01508011969212347,0.00034545277714536016,0.9806412466266917,0.014788187108933926
4402,493,-0.024463070609416004,0.0004009530359652258,0.9776007450640488,-0.023915115743875504
4403,777,-0.04427551794221848,0.00015813062026332248,0.9910445442556279,-0.043879009783267975
4404,491,-0.14184505658465116,0.0002490022848192292,0.985970385258251,-0.1398550271987915
4405,502,-0.06847717897944242,0.00028554290792762757,0.9839446204713812,-0.06737775355577469
4406,538,-0.025469335308471577,0.00020855833021896867,0.988222293416678,-0.025169365108013153
4407,479,-0.0999488328624369,0.00030498298312779773,0.9828702765268056,-0.09823673963546753
4408,350,0.11292647387832404,0.0004704624400315277,0.9738192634531327,0.10996997356414795
4409,437,0.14923178615875424,0.0004088455679447663,0.9771698946693154,0.14582480490207672
4410,575,-0.22450341167657273,0.00017788749097020102,0.9899369074166952,-0.22224421799182892
4411,355,-0.07388716468089064,0.0003744674230653413,0.9790493657555102,-0.07233918458223343
4412,564,-0.11572536096927967,0.0002907416338192052,0.9836570860500282,-0.11383406817913055
4413,465,0.06269758068105226,0.0003276878946269656,0.9816184698061526,0.061545103788375854
4414,514,-0.1640751710893579,0.000255069925441782,0.9856334257725081,-0.1617179661989212
4415,405,-0.11515321386633096,0.00031820224981430825,0.9821410608838581,-0.1130966991186142
4416,331,-0.18361925983131833,0.00036659407901229707,0.979480823531514,-0.17985154688358307
4417,596,-0.03375256142966549,0.00025339611646606094,0.9857263558345083,-0.03327079117298126
4418,524,-0.018996308733645172,0.0003165415081640146,0.9822326130951207,-0.018658794462680817
4419,389,-0.05920917785949143,0.0003924319757389435,0.9780663333138319,-0.0579105019569397
4420,468,-0.0017374990205479483,0.000279915768254095,0.9842560393823029,-0.0017101438716053963
4421,585,-0.019549999569152664,0.0002108236629910794,0.9880958884060376,-0.019317274913191795
4422,656,-0.11459569242873752,0.00018454162002586058,0.9895644116457062,-0.11339981853961945
4423,444,-0.08940820595006214,0.00034826911491240436,0.980486502185476,-0.08766353875398636
4424,539,-0.17979522310681156,0.00017791838970054064,0.9899351770687164,-0.17798560857772827
4425,736,-0.022775561771477045,0.00022286498345056054,0.9874245280996817,-0.022489149123430252
4426,457,-0.17706581317621978,0.00025830451596466455,0.9854538905831709,-0.17449019849300385
4427,423,-0.13099271673753188,0.00028204042506473,0.9841384328044526,-0.1289149671792984
4428,357,-0.02734022930327083,0.0002954510379518739,0.9833967603761753,-0.026886293664574623
4429,269,-0.23788798353929058,0.0002530639140567133,0.9857448018336749,-0.2344968467950821
4430,489,-0.030064565234328097,0.00036563584709907806,0.9795333604193287,-0.02944924496114254
4431,420,-0.1606114266883759,0.00022023233517230097,0.9875712326976682,-0.15861523151397705
4432,644,0.0025238765473043698,0.00020745476604123523,0.9882838837419022,0.0024943065363913774
4433,331,0.03904700823116969,0.0005219825777127816,0.9710352654377497,0.037916023284196854
4434,833,-0.05380557804387443,0.00019174660187626778,0.9891613953004769,-0.053222399204969406
4435,475,-0.022187094892326155,0.0002934163918187027,0.9835092143058303,-0.021821212023496628
4436,469,0.24449387567042352,0.00030169490817037677,0.9830518251114139,0.2403501570224762
4437,449,0.20297634621505484,0.0003202622614946757,0.9820275217039962,0.19932836294174194
4438,590,-0.043715039206574026,0.0002533562869522018,0.9857285673870406,-0.04309116303920746
4439,319,0.06543050389912061,0.0004174699564872887,0.9766995265134494,0.06390593945980072
4440,733,-0.04591093700452826,0.000173053438482506,0.9902076918635069,-0.04546136409044266
4441,788,-0.1078459915757028,0.00016374517745633185,0.9907295212057285,-0.10684620589017868
4442,345,-0.13636780813120414,0.00035949078674956677,0.97987040905161,-0.13362278044223785
4443,584,-0.05109177212181425,0.0002540904023646422,0.9856878068768017,-0.0503605380654335
4444,689,-0.014854632086878851,0.0002537319743355444,0.985707707562626,-0.014642325229942799
4445,396,-0.08888196044676759,0.00031649349456971737,0.9822352602090375,-0.08730299770832062
4446,488,-0.05173298866930799,0.00031796392695048397,0.9821541979321676,-0.050809770822525024
4447,542,-0.006556450262170876,0.00024860670643379147,0.9859923612517055,-0.0064646098762750626
4448,442,-0.08550844576243496,0.0003225248229512,0.9819028490782077,-0.08396098762750626
4449,421,-0.028348455404654818,0.00035082387726290294,0.9803461723142277,-0.027791298925876617
4450,432,0.02512125562686749,0.0003672447508724085,0.9794451524212976,0.02460489235818386
4451,412,-0.04854971697798125,0.00037999941745067007,0.9787464407954041,-0.04751786217093468
4452,500,-0.14313190842419862,0.0003030090261185992,0.9829792590323609,-0.1406956911087036
4453,559,0.029724210059213618,0.00025219139585431073,0.9857932529040005,0.029301926493644714
4454,595,0.08414314896525706,0.00024132804837143136,0.9863968953246471,0.08299854397773743
4455,283,0.04655638701766203,0.0004373545789995982,0.9756167567451136,0.045421190559864044
4456,470,0.12274875662269745,0.0003282711289971362,0.9815863559183226,0.12048850208520889
4457,452,0.06442088412071488,0.0003492620188509322,0.9804319584529085,0.06316029280424118
4458,478,-0.19183870773591008,0.0002923116669267121,0.9835702827019579,-0.18868684768676758
4459,604,-0.08828678744111136,0.0002180694080081739,0.9876917946616386,-0.08720013499259949
4460,496,-0.032668415396924944,0.00023065727820675955,0.9869905569853256,-0.03224341571331024
4461,520,-0.06946535546046037,0.0002957951644380487,0.983377743210481,-0.0683106854557991
4462,494,-0.17892520987854796,0.00024296807140710924,0.9863057169727472,-0.17647495865821838
4463,461,-0.13008587112460374,0.00030382673555711775,0.9829341102217443,-0.12786583602428436
4464,458,0.07261274983968147,0.0003366304467475172,0.9811263082747406,0.07124228030443192
4465,532,-0.025483598207872837,0.00030628014930222654,0.9827986729164285,-0.025045245885849
4466,538,0.08414326658036186,0.00028936915473605414,0.9837329796638705,0.08277450501918793
4467,345,-0.07212092235576416,0.00030879851426086723,0.9826596888826113,-0.07087032496929169
4468,308,-0.07369240995061088,0.0006118623213157157,0.9662163450663904,-0.07120281457901001
4469,507,-0.1709306385566497,0.00022230601254712683,0.9874556731663405,-0.16878642141819
4470,536,-0.13570945366257942,0.00028550748852068045,0.9839465800468948,-0.133530855178833
4471,128,0.1911301425716374,0.0005352971324589328,0.9703183722601507,0.18545709550380707
4472,756,-0.011430655059123796,0.000140129902629275,0.9920558853976287,-0.01133984886109829
4473,465,-0.18267837645666254,0.00018382385863499438,0.9896045781836034,-0.1807793527841568
4474,552,-0.16588802201389943,0.00018696010556636526,0.9894290951373584,-0.1641344428062439
4475,397,-0.1438509504069159,0.00028696167600755524,0.9838661336720878,-0.1415300816297531
4476,428,0.1082749373092377,0.00034070702418795415,0.9809021138383366,0.10620711743831635
4477,643,0.17635697491304417,0.00020238225329703946,0.9885670813280182,0.17434069514274597
4478,556,-0.006162200773824945,0.0002741890339675268,0.9845731725472147,-0.006067137699574232
4479,304,0.010178065241473777,0.0003464281676374497,0.9805876480033888,0.00998048484325409
4480,321,-0.08567892936438415,0.0004766318311330064,0.9734850464879891,-0.08340715616941452
4481,487,0.03364988407253974,0.0003116737834077464,0.9825010560010919,0.03306104615330696
4482,780,-0.21692494739515658,0.0001476076034124995,0.9916355123775575,-0.21511048078536987
4483,658,0.00628809364070963,0.00016101399032585675,0.9908827383511648,0.006230763625353575
4484,359,-0.17079324234785476,0.0002889111587224566,0.9837583079547342,-0.16801926493644714
4485,561,-0.11630626464737397,0.00022588285670852381,0.9872564104101854,-0.11482410877943039
4486,603,-0.17975651430179232,0.00018185078058187358,0.9897150101132873,-0.17790772020816803
4487,614,0.23510022253004367,0.0002954198598223607,0.9833984833826392,0.23119720816612244
4488,626,0.06948223339316373,0.00021730943624863618,0.9877341626181406,0.06862997263669968
4489,538,-0.08465757937651806,0.00031388356351355216,0.9823791739442034,-0.08316583931446075
4490,450,-0.16774769750941132,0.0003355809558335728,0.9811840424043884,-0.16459135711193085
4491,751,-0.020183226646738904,0.00017485305421635104,0.9901068672206439,-0.019983550533652306
4492,715,-0.06132662077206415,0.0001780241097303396,0.989929256727522,-0.060709014534950256
4493,420,-0.0975297959787505,0.00029476243296336,0.9834348163692909,-0.09591419994831085
4494,329,-0.1969489363053287,0.00032667459854256555,0.9816742686288547,-0.19333970546722412
4495,540,-0.1377240609895024,0.0002443720202233717,0.9862276767403367,-0.13582728803157806
4496,509,-0.18280233770667453,0.00025183975344979866,0.9858127810075569,-0.18020887672901154
4497,313,0.06431242510729943,0.00046002106923738716,0.9743854313033797,0.06266508996486664
4498,515,-0.056406780744640575,0.00029228310162720595,0.9835718618717181,-0.055480122566223145
4499,459,-0.19532977425328948,0.0002473034755335716,0.986064767976522,-0.1926078051328659
4500,727,-0.1474277311436412,0.00016952167618029205,0.990405620850155,-0.1460132598876953
4501,554,-0.08638867983150729,0.0002765046867776688,0.9844449124972051,-0.08504489809274673
4502,451,0.011407377974784824,0.00035949232972915657,0.9798703243920568,0.01117775123566389
4503,599,-0.05844587734892641,0.00018759624889439142,0.989393508475412,-0.0578259713947773
4504,486,0.11316444760249782,0.0003724879929179467,0.9791578023830689,0.11080585420131683
4505,434,-0.006494642591558843,0.0003346579132119443,0.9812348260328626,-0.006372769363224506
4506,661,-0.10331213931622105,0.0001593986986079433,0.9909733770701352,-0.10237958282232285
4507,519,-0.25097461873468063,0.00017242365675311307,0.990242980645427,-0.24852585792541504
4508,462,-0.14616686979800592,0.00029527951401360015,0.9834062394305598,-0.1437414139509201
4509,84,0.14939832057626473,0.00180033953645918,0.9067165685718411,0.1354619264602661
4510,541,-0.15068131647040026,0.00021539571263480092,0.987840867630994,-0.14884915947914124
4511,560,-0.10397908690460358,0.00022642322429999623,0.9872263140121472,-0.10265088826417923
4512,552,-0.028612456890160516,0.0002719213512523129,0.9846988080096282,-0.02817465178668499
4513,388,-0.13950156552006596,0.0002951677352964804,0.9834124168389048,-0.13718757033348083
4514,521,-0.14925041816227724,0.00024422024605378945,0.9862361127000078,-0.14719615876674652
4515,484,-0.04515745388420899,0.00031630794832052567,0.9822454899888465,-0.04435570538043976
4516,481,0.003913186405341987,0.00020370421129494576,0.9884932609853653,0.0038681584410369396
4517,495,0.04775940371733723,0.00030766101891253477,0.9827224603374822,0.04693423956632614
4518,525,-0.24722094078149115,0.0001437069016028192,0.9918547532110964,-0.2452072650194168
4519,633,-0.1431621869034347,0.0001865113491916113,0.989454200676205,-0.1416524201631546
4520,161,-0.044088985227187225,0.0008045107961169534,0.9560468897930812,-0.04215113818645477
4521,518,-0.16937997865285653,0.0002718197813883117,0.9847044359918914,-0.1667892187833786
4522,338,0.07933365213050997,0.00032517946102091625,0.9817566124327968,0.07788633555173874
4523,709,-0.08387667309014686,0.00019740140989815772,0.9888453190036485,-0.08294105529785156
4524,623,-0.12303054453222079,0.00018602225954138823,0.9894815640988684,-0.12173645198345184
4525,370,-0.18691411134157632,0.0003016608992838385,0.9830537032369306,-0.1837466061115265
4526,465,0.11093592875667156,0.00042891248091762255,0.9760761576979156,0.10828191787004471
4527,561,-0.11203478939446111,0.00028793151554299204,0.9838124889784071,-0.11022122204303741
4528,439,-0.10351041058642718,0.0002348739451569049,0.9867558799662277,-0.10213950276374817
4529,468,-0.007941175664130311,0.0003525423106700261,0.980251803530636,-0.007784351706504822
4530,550,-0.09977225030010396,0.00029477780211610344,0.9834339669556069,-0.09811942279338837
4531,460,0.14548877017653505,0.0002554672547970516,0.985611368575478,0.14339537918567657
4532,427,-0.034152596595694924,0.0003778119674628495,0.9788662003586741,-0.03343082219362259
4533,726,-0.07673093680158956,0.00019728751258633144,0.9888516833167292,-0.07587551325559616
4534,731,-0.028626771065344073,0.0001690739187901428,0.9904307199706667,-0.028352834284305573
4535,432,-0.1178211514165418,0.0003111042986068801,0.9825324712581721,-0.1157631054520607
4536,522,-0.15215651224941815,0.00021036714515191695,0.9881213593872095,-0.15034909546375275
4537,669,0.1411576092873821,0.00016311503844737479,0.9907648672331608,0.13985399901866913
4538,584,-0.20479636211968857,0.00017404251204205975,0.9901522758321505,-0.2027795910835266
4539,376,-0.0132493909740662,0.00038627080287277957,0.978403254355899,-0.01296324748545885
4540,286,0.17840376891964277,0.0005795781195756831,0.9679417546251116,0.1726844608783722
4541,548,0.15579318289515853,0.00020450372574145787,0.9884486201132651,0.15399356186389923
4542,478,-0.024111857805323152,0.0003050156838575791,0.982868471317378,-0.02369878441095352
4543,333,0.022737679706589953,0.0005960768453136095,0.9670592210416796,0.021988682448863983
4544,785,-0.24796066441733366,0.00013301251854180244,0.9924563337316203,-0.2460901290178299
4545,724,-0.09730487165313975,0.00020414895648926862,0.9884684281492804,-0.09618279337882996
4546,419,-0.12296535700186198,0.00026443846718328054,0.9851136066166436,-0.12113484740257263
4547,667,-0.11649990163330196,0.0001987536464088616,0.9887697654770736,-0.11519157886505127
4548,659,-0.0744140066491929,0.0002060812902992744,0.9883605486555783,-0.07354786992073059
4549,450,0.06643008624100023,0.00040744748887280266,0.9772461876074815,0.06491854786872864
4550,416,-0.1702138914798315,0.0002825219106841364,0.9841117849352521,-0.16750949621200562
4551,743,-0.04646893529018355,0.00017169883915334368,0.9902835977191382,-0.046017423272132874
4552,427,0.07175049774645363,0.0003966047432971656,0.9778382791110276,0.0701603814959526
4553,302,-0.13383769509166676,0.0004373860236252567,0.9756150464040928,-0.1305740624666214
4554,405,-0.016112922063028372,0.0004676440997269213,0.9739720189388676,-0.015693536028265953
4555,501,-0.12674961331488188,0.00032170020097070656,0.9819482840837244,-0.1244615688920021
4556,569,-0.08869942982954436,0.00017333671798150396,0.9901918195834443,-0.08782944828271866
4557,523,0.17954060847356373,0.0002664151447538492,0.9850039995163384,0.17684821784496307
4558,447,0.1478967572035272,0.00035507276558267484,0.9801128751766103,0.14495551586151123
4559,610,-0.061137298545342125,0.0002550177351673179,0.9856363231177405,-0.0602591410279274
4560,388,-0.18032258209417162,0.00028032452651084825,0.9842334111164328,-0.17747950553894043
4561,331,-0.02482882798213253,0.000347697537199835,0.9805179037275508,-0.02434511110186577
4562,513,-0.2331272919478937,0.00016843212730061207,0.9904666979258688,-0.23090481758117676
4563,638,0.03351668600390043,0.00020008467618574453,0.988695408109021,0.03313779458403587
4564,253,0.13182424404934462,0.0006100361187012813,0.9663137812030916,0.12738358974456787
4565,402,-0.0635668616880899,0.00042902208761603827,0.9760701903632838,-0.06204571947455406
4566,536,0.08714266303829404,0.0002495912841260512,0.9859376657585006,0.08591723442077637
4567,480,-0.11435660640127025,0.00022627682856131567,0.9872344675109209,-0.11289678514003754
4568,566,0.038538774734201704,0.0003110063815726604,0.9825378729898202,0.03786580637097359
4569,704,-0.03611339566255496,0.00021880771050393954,0.9876506382337644,-0.03566741943359375
4570,295,-0.05971532948472995,0.0004211275339468148,0.9765001814981741,-0.058312028646469116
4571,282,0.1684564379248636,0.0004569941670574755,0.9745496836925661,0.16416916251182556
4572,267,-0.26806678391351235,0.0002713080804720967,0.9847327902984884,-0.2639741599559784
4573,383,-0.2322185368790211,0.0002564109477062932,0.9855589847078723,-0.22886507213115692
4574,375,-0.09844091301411391,0.00029413333213016844,0.9834695864193861,-0.0968136414885521
4575,706,-0.1731158309740149,0.0001500479844535769,0.9914983988597148,-0.17164406180381775
4576,518,-0.03747308167222614,0.00033465542802202315,0.9812349627692477,-0.03676989674568176
4577,420,-0.12679505239994754,0.0002874832018208593,0.9838372858094909,-0.1247456967830658
4578,557,-0.08421507575072656,0.00024853562135338414,0.9859963104218193,-0.08303575217723846
4579,521,-0.036037727110731395,0.00022468865938537845,0.9873229291206298,-0.03558087348937988
4580,328,-0.20619573759869103,0.0002697598623992,0.9848185899083173,-0.2030653953552246
4581,505,-0.15056983726375764,0.00020919886593554344,0.9881865484020994,-0.1487910896539688
4582,765,0.016928618268590736,0.00018860285707787924,0.9893372027709594,0.016748111695051193
4583,568,0.10113386934111551,0.00023856446851411647,0.9865505768323886,0.09977367520332336
4584,351,0.2580408941094692,0.00033359673990507907,0.9812932157820492,0.2532137930393219
4585,530,0.09120338536131213,0.00028406085374512124,0.9840266216561934,0.08974655717611313
4586,663,0.048797557425445025,0.00020820534642771216,0.988241992737676,0.04822379723191261
4587,512,-0.027173093298188178,0.00024728420255956234,0.9860658388511608,-0.02679445967078209
4588,432,-0.2507238373143115,0.00019090995655317061,0.9892081768697863,-0.2480180710554123
4589,343,0.2235006485650256,0.0003648969977078312,0.979573873091262,0.21893540024757385
4590,330,0.04239138841177478,0.00042239709632777315,0.9764310069265817,0.04139226675033569
4591,652,-0.04188794872374988,0.00023185576260568536,0.9869238444313806,-0.041340216994285583
4592,414,0.23210790137881818,0.0003349044813288157,0.9812212599219292,0.22774921357631683
4593,431,0.03795747654274832,0.00035677258743492584,0.9800195727810823,0.03719906881451607
4594,753,0.07440237793824073,0.0002471933616161251,0.9860708863267634,0.07336601614952087
4595,842,-0.06870549671228028,0.00014611315822591933,0.9917194969384427,-0.06813658028841019
4596,407,0.050499689293892584,0.00042541362804188263,0.9762666846400594,0.04930116608738899
4597,563,-0.2591069517772956,0.00019897758451677263,0.9887572544948199,-0.2561938762664795
4598,308,-0.031039703177747787,0.0003903110247640338,0.9781822903959448,-0.030362488701939583
4599,664,0.2294794401849609,0.00019284470926752737,0.9891000006236081,0.2269781082868576
4600,287,-0.04632240082121061,0.0003825660301622019,0.9786059600071108,-0.045331377536058426
4601,386,0.1854015656220944,0.0004468801204424387,0.9750989160964391,0.18078486621379852
4602,343,-0.00069651318274156,0.00043782534249880425,0.9755911515300166,-0.0006795121007598937
4603,562,-0.0826792310860366,0.00026451505337917537,0.9851093594450878,-0.08144808560609818
4604,1196,-0.08371620185448972,8.68559311230858e-05,0.9950611278518628,-0.08330273628234863
4605,264,-0.2422020197704886,0.0003044141002727852,0.9829016821682176,-0.23806077241897583
4606,249,-0.1710281487569273,0.0003707233661283907,0.9792544919626817,-0.16748008131980896
4607,173,0.173595695788676,0.0007013970159113207,0.9614632449111359,0.16690587997436523
4608,248,0.31335459742695093,0.0004723761523488864,0.9737155665780766,0.30511826276779175
4609,215,0.12263004426346269,0.0004985512350416336,0.9722994508105143,0.11923312395811081
4610,250,-0.01681412523984909,0.0005690722788459212,0.9685045626104705,-0.016284557059407234
4611,247,0.08482096673023364,0.00038959360020785757,0.9782215198070462,0.08297369629144669
4612,61,0.19712114960077357,0.0016831368944034706,0.9122565009434592,0.1798250526189804
4613,110,0.13671177212487567,0.0009007552337496093,0.9510461418746281,0.1300192028284073
4614,244,0.15795861300630648,0.0003686002435280291,0.9793708499932192,0.15470005571842194
4615,60,0.08856999203562736,0.0015294839246387248,0.9196227461713575,0.08145097643136978
4616,58,0.2066206711119619,0.0017257611764904392,0.9102339214346468,0.18807314336299896
4617,11,0.5657621273897927,0.016492861775976128,0.5148044240919915,0.291256844997406
4618,244,-0.07365021811985242,0.0005462041432758257,0.969731896291149,-0.07142096757888794
4619,165,0.09099569112965555,0.0005648839265462202,0.968729119184013,0.08815017342567444
4620,52,0.22764484885220343,0.0013905621849467152,0.9263859177447565,0.21088698506355286
4621,229,-0.09607866440602786,0.00045672421762113827,0.9745643349691294,-0.09363483637571335
4622,145,-0.11225502753052219,0.000853929764901209,0.9534725870132702,-0.10703209042549133
4623,257,-0.14103454604368035,0.0004441117054341661,0.9752493598238896,-0.13754385709762573
4624,211,-0.18400090346686648,0.0005513994708660486,0.9694527898719245,-0.17838019132614136
4625,33,0.3208550756627863,0.002991541345133443,0.8540061532351778,0.2740122079849243
4626,162,-0.041199898830166566,0.0005701074447600109,0.9684490787121682,-0.039900004863739014
4627,98,0.00824802475316184,0.0014597059578838954,0.923007380315893,0.007612987887114286
4628,162,-0.25559765652373984,0.0004491573544267295,0.9749751993639548,-0.24920137226581573
4629,113,0.04353984399179442,0.0009434290163371785,0.9488455636949152,0.04131258651614189
4630,252,-0.1667906210003864,0.0004455433654658408,0.9751715534561908,-0.162649467587471
4631,106,0.31684325259389745,0.0011522188074382016,0.938223965804322,0.29726994037628174
4632,85,0.25205551037455304,0.0011863785686581482,0.9365087777496632,0.23605220019817352
4633,110,-0.03149970451539213,0.0015002218760689463,0.9210390976497916,-0.029012460261583328
4634,244,0.1554710792347056,0.0006367032797612466,0.9648929168520725,0.15001294016838074
4635,251,-0.2602148403921925,0.00026714999788545114,0.984963258006817,-0.2563020586967468
4636,254,-0.1008494065737161,0.0005012172971415089,0.9721554434944165,-0.09804129600524902
4637,245,0.22321902112084993,0.0005955797930207038,0.9670857853611359,0.21587194502353668
4638,244,-0.018033142232137624,0.0006166783172603009,0.9659594841982778,-0.01741928420960903
4639,111,0.25514732470719126,0.0014292170484956673,0.924494102256718,0.23588219285011292
4640,256,0.008142532318743179,0.0003864316177027061,0.9783944573170353,0.007966608740389347
4641,138,-0.08290798570690812,0.0005767136604352934,0.9680951415848777,-0.08026281744241714
4642,255,0.008559267953330394,0.0006138171931297732,0.9661120656208401,0.008269212208688259
4643,244,0.07236878170448614,0.000578379967214134,0.9680059077511025,0.07005340605974197
4644,151,-0.04393528599218027,0.0008598471068626259,0.9531652735174031,-0.041877590119838715
4645,243,0.22508453286479038,0.0005543722521311318,0.9692931566389738,0.21817289292812347
4646,0,0.0,0.0,0.0,0.0
4647,197,-0.0010041433414869805,0.0005340161318678157,0.9703872989195939,-0.000974407943431288
4648,185,-0.030788350024738828,0.00029744204186917396,0.9832867434227425,-0.03027377650141716
4649,253,-0.18663950829137219,0.00043008235822419876,0.976012469651132,-0.18216249346733093
4650,61,0.29361728221926164,0.0015367559665182737,0.9192714378918821,0.2699139714241028
4651,259,0.009401126430301592,0.00044840233349399146,0.9750162143852763,0.009166250936686993
4652,48,0.2813058221169437,0.002266668678060257,0.8853248678718856,0.24904704093933105
4653,272,-0.11584051884710789,0.0006732151192240944,0.9629542774260855,-0.11154912412166595
4654,213,0.19988600649223817,0.0005561156765585187,0.9691995622043786,0.193729430437088
4655,209,-0.12659771631262376,0.0006748721575313857,0.9628664797894462,-0.12189669907093048
4656,248,-0.1550039804330276,0.0002914959556056697,0.9836153795035663,-0.15246430039405823
4657,188,0.11343711194027453,0.000735140489256064,0.9596840264364886,0.10886378586292267
4658,103,-0.17374355092789362,0.0016991502408026978,0.9114955928894609,-0.15836648643016815
4659,203,0.24736702913794612,0.0006849625712650475,0.9623321878817196,0.23804925382137299
4660,192,0.155067574523855,0.0008304398874159081,0.9546944764642519,0.14804215729236603
4661,257,-0.08328419696840418,0.00039196113901263606,0.9780920726251651,-0.08145961165428162
4662,83,-0.0254736243780837,0.0007074222450873201,0.9611450642795358,-0.024483848363161087
4663,95,0.33087531166200185,0.0008128399622292201,0.9556120383945015,0.31618842482566833
4664,248,0.02879559674916128,0.000503536774396004,0.9720301916507089,0.02799019031226635
4665,259,0.3104009017241313,0.00040359605983591616,0.9774564210644341,0.3034033477306366
4666,140,0.15645082501162375,0.0010640595003764124,0.9426796805413513,0.14748302102088928
4667,243,0.09403393253561401,0.0005405804202662597,0.9700341984095263,0.09121613204479218
4668,252,0.007290923785019133,0.0003821044893374189,0.9786312189741798,0.007135125808417797
4669,172,-0.06350803033037242,0.0004376341695004391,0.9756015494250349,-0.06195853278040886
4670,249,0.07559763776310477,0.0004513848386140241,0.9748542157885451,0.07369667291641235
4671,205,0.017952276311996508,0.000457918437325827,0.9744995230442172,0.017494484782218933
4672,70,-0.011730313247867993,0.0014838416629101515,0.92183384448402,-0.010813400149345398
4673,207,-0.07310271270321188,0.0005543224306736794,0.9692958315322692,-0.07085815817117691
4674,151,-0.07837338607437563,0.0006493468438418687,0.9642207089249998,-0.07556924223899841
4675,182,0.04194754767385158,0.0007321789075071634,0.9598399204156117,0.04026293009519577
4676,121,0.1243960928433567,0.0012751341288969788,0.9320814687100721,0.11594729125499725
4677,61,-0.2736072804107041,0.0007538436305730517,0.9587006848604601,-0.2623074948787689
4678,265,-0.17942048373087396,0.00043187824336176906,0.9759147179479938,-0.17509908974170685
4679,107,0.008753774030499649,0.001523363393196357,0.9199186337926956,0.008052759803831577
4680,83,0.10196256673479655,0.0010939921135601975,0.9411620999907576,0.09596330672502518
4681,145,-0.2197058619867111,0.00041150756426712757,0.9770246629098389,-0.21465805172920227
4682,197,0.28085933614647496,0.0008905438339606992,0.951574232044597,0.26725849509239197
4683,103,0.2233660058706131,0.0015368072532924602,0.9192689612096436,0.20533344149589539
4684,145,-0.0695806310094636,0.0006650114235356606,0.9633891835442047,-0.06703322380781174
4685,98,0.06489364202229345,0.00208484467488737,0.8935444279102762,0.057985350489616394
4686,252,-0.1377479145672941,0.00044929752244495,0.9749675853929043,-0.13429975509643555
4687,76,0.24597188428436456,0.0012499868356213033,0.9333316115512433,0.2295733392238617
4688,252,0.15569251388522043,0.0005176982014373241,0.971266173669066,0.15121887624263763
4689,231,-0.1215040237356574,0.0005870729052909626,0.9675406513495669,-0.11756008118391037
4690,162,0.25172474323829386,0.0008766465820603519,0.9522938817291291,0.23971593379974365
4691,236,0.07935950758282916,0.0005272954347333243,0.9707490792557288,0.07703816890716553
4692,90,0.23772361568278735,0.000711533565309034,0.9609280743050248,0.22843529284000397
4693,246,0.3230844851681675,0.0006146746924557126,0.9660663308210476,0.31212103366851807
4694,52,0.046407587539691195,0.001292227322734481,0.9312336279642941,0.04321630671620369
4695,253,0.12659986153348043,0.0004232341513491526,0.9763854037191576,0.12361025810241699
4696,165,0.14656712713115144,0.0005204877120045751,0.9711158193714766,0.14233365654945374
4697,243,0.15796888783696747,0.0006559965062844651,0.9638675485610219,0.15226107835769653
4698,202,0.06661278964711888,0.0007130476104846808,0.9608481897106502,0.06400477886199951
4699,188,-0.15100012695852746,0.0008362607596012997,0.9543913962879751,-0.144113227725029
4700,117,0.18330401844448513,0.0006342566748481772,0.9650231013325371,0.17689260840415955
4701,254,0.19181497324639418,0.0005021061700204486,0.9721074405168015,0.18646475672721863
4702,131,-0.11482365250246215,0.0008627551986472617,0.9530143161587936,-0.10942858457565308
4703,171,-0.27395793638731303,0.0005902547153268788,0.9673704688741958,-0.2650188207626343
4704,255,0.24010204046088107,0.00039704379600220434,0.9778142897536705,0.23477520048618317
4705,93,-0.21235867157097785,0.0004163583630360813,0.976760126624742,-0.20742347836494446
4706,83,0.14409974827823868,0.001493481698606741,0.9213659563891623,0.13276860117912292
4707,192,-0.101757587864995,0.00029954561913294876,0.9831705327411671,-0.10004506260156631
4708,43,-0.058906733989715576,0.0014164236133478426,0.9251193723182473,-0.054495759308338165
4709,0,0.0,0.0,0.0,0.0
4710,0,0.0,0.0,0.0,0.0
4711,0,0.0,0.0,0.0,0.0
4712,27,0.2542150356910295,0.004189570588928994,0.806833440508236,0.20510919392108917
4713,30,0.11299830799301465,0.0021278587039297984,0.8915861778682759,0.1007477268576622
4714,35,-0.1784148062978472,0.002865106429944007,0.8593083469962867,-0.15331333875656128
4715,37,0.015742773945267137,0.005228952612454196,0.769936322750378,0.012120933271944523
4716,10,0.4393850464373827,0.015063257784720582,0.5374060192462272,0.23612816631793976
4717,16,0.553515899926424,0.0037018204914150087,0.8253953134712126,0.4568694233894348
4718,342,-0.11103988844868645,0.000289617243765913,0.9837192602831157,-0.10923207551240921
4719,308,-0.13368434534565388,0.000621280377091515,0.9657141611716865,-0.12910085916519165
4720,347,-0.05840725750160492,0.00033829140455918374,0.9810349502828228,-0.05729956179857254
4721,265,-0.27100261109617524,0.00039168231522059807,0.978107315771473,-0.2650696337223053
4722,314,0.13141247239201123,0.000617088815941105,0.9659375965909126,0.12693624198436737
4723,316,-0.09363587323246123,0.0005217640235099958,0.9710470418493694,-0.09092483669519424
4724,337,-0.1823277323553753,0.0003967943085318656,0.97782792133051,-0.178285151720047
4725,329,-0.0695221112435259,0.0004963679148909742,0.9724174146050079,-0.06760451197624207
4726,326,-0.023224039266080212,0.00015158071607743697,0.9914123012725002,-0.023024598136544228
4727,311,-0.1500072559982634,0.00039411051964662513,0.9779745830912369,-0.14670328795909882
4728,343,-0.16104641462792982,0.00031190222233072715,0.9824884548816525,-0.15822623670101166
4729,317,0.10720545925752316,0.0006599954436079395,0.9636552914694344,0.10330910980701447
4730,243,-0.26651009181399404,0.0004511984491867524,0.9748643381927204,-0.2598111927509308
4731,321,-0.13235830371717797,0.0003812114830155222,0.9786800946636869,-0.129536435008049
4732,336,-0.1162067148834467,0.0005616893690752013,0.9689004639199224,-0.11259274184703827
4733,252,-0.13078456392718685,0.0007381007232557074,0.9595282539979879,-0.12549148499965668
4734,323,-0.05510641532393616,0.000585826477461079,0.9676073341840887,-0.05332137271761894
4735,330,0.06095072600538984,0.0005936070769625192,0.9671912290210471,0.058951009064912796
4736,313,-0.12860832851344403,0.00036971166181441826,0.9793099351101945,-0.12594741582870483
4737,322,-0.19858793557985968,0.0004603859843883799,0.9743656332187056,-0.19349725544452667
4738,305,0.010119492536196944,0.0005528560854401576,0.9693745656091481,0.009809578768908978
4739,312,-0.1469401844466726,0.00048204715790606034,0.973191868765305,-0.143000990152359
4740,322,-0.1393427958260782,0.0004904953077263524,0.9727348509843643,-0.1355435997247696
4741,283,-0.04294855394417111,0.0006531501335913071,0.9640186863685514,-0.041403207927942276
4742,263,-0.0031451267038008104,0.0003752710185893636,0.9790053502486572,-0.0030790958553552628
4743,314,-0.0957054503285771,0.000468661410963613,0.9739168746227538,-0.0932091549038887
4744,310,-0.1969384759183853,0.0005407219172703059,0.9700265899546072,-0.19103555381298065
4745,334,-0.2289165000983341,0.0003516723470840499,0.9802995758230589,-0.22440674901008606
4746,0,0.0,0.0,0.0,0.0
4747,0,0.0,0.0,0.0,0.0
4748,298,-0.12302781573978046,0.00047794628441278226,0.9734138677127597,-0.11975698173046112
4749,0,0.0,0.0,0.0,0.0
4750,310,-0.05674294331862081,0.0005083154360055706,0.9717722454911861,-0.05514121800661087
4751,314,0.12360316749875712,0.0006557243756600684,0.9638819962102125,0.11913886666297913
4752,57,-0.0979944059723302,0.002161526665953494,0.8900593935653099,-0.08722084015607834
4753,296,-0.08403807155460723,0.0005542918263813283,0.9692974746712958,-0.08145789057016373
4754,0,0.0,0.0,0.0,0.0
4755,0,0.0,0.0,0.0,0.0
4756,0,0.0,0.0,0.0,0.0
4757,0,0.0,0.0,0.0,0.0
4758,0,0.0,0.0,0.0,0.0
4759,0,0.0,0.0,0.0,0.0
4760,259,-0.07128742711194233,0.0006909022734145237,0.9620179551650297,-0.0685797855257988
4761,278,-0.2448533617710467,0.0004486958010293037,0.9750002719309283,-0.23873209953308105
4762,0,0.0,0.0,0.0,0.0
4763,0,0.0,0.0,0.0,0.0
4764,252,-0.030430086459668857,0.0004859313839445349,0.9729816912867315,-0.02960791625082493
4765,247,-0.04404205038600605,0.000857085524532634,0.9533086699317685,-0.04198566824197769
4766,215,-0.2214778318654659,0.00044552458810615117,0.9751725738682222,-0.21597911417484283
4767,297,-0.19242826830407586,0.0003577234540003303,0.9799673879247651,-0.18857342004776
4768,162,-0.15290308762111782,0.001048262103013617,0.9434825817611061,-0.1442614048719406
4769,261,-0.0864302558089353,0.0004622560133498146,0.9742641894039352,-0.08420590311288834
4770,0,0.0,0.0,0.0,0.0
4771,0,0.0,0.0,0.0,0.0
4772,186,0.13413607320117374,0.0009609541484588017,0.9479447843562379,0.12715359032154083
4773,251,-0.05812972386282279,0.0004935681030404402,0.9725687290605111,-0.05653515085577965
4774,345,-0.041087049051471376,0.00034584461193828015,0.9806197142328313,-0.040290769189596176
4775,69,-0.22770849064640378,0.0007891614488975554,0.9568492902827485,-0.21788270771503448
4776,319,0.17393806177340332,0.0005307400884969397,0.9705636171814687,0.16881795227527618
4777,262,-0.25323513986272667,0.0004787135123142238,0.9733723264728809,-0.24649207293987274
4778,161,-0.06288193048249861,0.0007454053917825932,0.9591440864491424,-0.06031282991170883
4779,45,0.23530305905474558,0.0029477794825583116,0.8558339371217073,0.20138034224510193
4780,0,0.0,0.0,0.0,0.0
4781,0,0.0,0.0,0.0,0.0
4782,0,0.0,0.0,0.0,0.0
4783,88,-0.059243611568077045,0.0015883174391031264,0.9167882096388474,-0.05431384593248367
4784,246,0.12358239718629577,0.0005379680286310471,0.9701746911272235,0.11989651620388031
4785,283,-0.132872536166344,0.0007867207166998218,0.9569770058141246,-0.12715595960617065
4786,144,-0.18932082353987628,0.0007319429671444609,0.9598523422010333,-0.18172003328800201
4787,301,-0.14452709079382822,0.0007532891863428719,0.9587298064903532,-0.1385624259710312
4788,296,-0.26136847399175167,0.0003413982361686495,0.9808641102754594,-0.2563669681549072
4789,0,0.0,0.0,0.0,0.0
4790,137,-0.14722353829084522,0.0011115240935025866,0.9402754972761417,-0.13843068480491638
4791,0,0.0,0.0,0.0,0.0
4792,275,-0.1756927433068102,0.0005478568650209935,0.9696430903806288,-0.17035925388336182
4793,286,-0.17815378954360536,0.0005485706920866625,0.9696047392484073,-0.17273876070976257
4794,60,-0.04703397651513418,0.001441202919283426,0.9239090677149874,-0.04345511645078659
4795,321,0.03674787320080576,0.00040198795872176834,0.9775442273720325,0.03592267259955406
4796,284,-0.15071601134685564,0.0004937039240028062,0.9725613875965562,-0.14658057689666748
4797,296,-0.20873940144539685,0.00036385745415199583,0.979630879133791,-0.20448756217956543
4798,16,-0.29713608138263226,0.0032546832881424534,0.843178135563612,-0.2505386471748352
4799,133,-0.0799268793342705,0.0009609586933153755,0.9479445509756654,-0.07576625049114227
4800,244,-0.20694430148015258,0.0005654778453460912,0.9686972701660701,-0.20046637952327728
4801,248,-0.19650234242961293,0.0004992340928871624,0.9722625621870264,-0.19105187058448792
4802,284,-0.2989757000140741,0.0002554279093122694,0.985613552742342,-0.29467451572418213
4803,94,0.04516155605620526,0.001501846482471999,0.9209603485312037,0.04159200191497803
4804,295,-0.33012626431250974,0.00029075786755768443,0.9836561884473468,-0.3247307538986206
4805,316,-0.0021038381500711923,0.0004182518168044527,0.9766569067812255,-0.002054728101938963
4806,301,-0.13513709485926897,0.0004233765735118514,0.9763776449072344,-0.13194483518600464
4807,309,-0.0366518714715362,0.0003740916194218086,0.9790699510858697,-0.03588474541902542
4808,0,0.0,0.0,0.0,0.0
4809,15,-0.332796522974968,0.003999656676236429,0.813960701315621,-0.2708832919597626
4810,0,0.0,0.0,0.0,0.0
4811,261,-0.007923477910944329,0.0005092580446299624,0.9717213808246864,-0.007699412759393454
4812,0,0.0,0.0,0.0,0.0
4813,289,-0.20781967853386096,0.00041087757294914514,0.9770590297368136,-0.2030520886182785
4814,125,-0.3015923085212707,0.0008724586728209618,0.9525109602128246,-0.2872699797153473
4815,0,0.0,0.0,0.0,0.0
4816,310,-0.06265326892175982,0.0006216013198624148,0.9656970572520119,-0.06050407886505127
4817,0,0.0,0.0,0.0,0.0
4818,98,-0.24143765714703774,0.0013930915885867201,0.9262618889790585,-0.2236344963312149
4819,0,0.0,0.0,0.0,0.0
4820,0,0.0,0.0,0.0,0.0
4821,340,-0.08226879584219526,0.0005957752974668038,0.9670753367037569,-0.07956012338399887
4822,78,-0.06902953810416736,0.0012624442520008826,0.9327118993938954,-0.06438466906547546
4823,282,-0.1632796149066788,0.00034310310608802024,0.9807703873191035,-0.16013981401920319
4824,0,0.0,0.0,0.0,0.0
4825,0,0.0,0.0,0.0,0.0
4826,19,0.16210179187749563,0.006555993897411762,0.7274618489413137,0.11792287230491638
4827,316,-0.062142574428757535,0.00044870087661608274,0.9749999962071947,-0.060589008033275604
4828,302,-0.1206636167692625,0.0005005615293410101,0.9721908608292374,-0.11730806529521942
4829,0,0.0,0.0,0.0,0.0
4830,294,0.2131556226732526,0.0004844843709949038,0.9730599792941197,0.2074132114648819
4831,247,-0.11698474569117975,0.0008106747904821223,0.9557250402230011,-0.1118052527308464
4832,273,-0.1272684409941509,0.0005832761500429845,0.9677438031915926,-0.12316324561834335
4833,228,-0.2261787371285129,0.0005066419725530924,0.9718625613712242,-0.21981464326381683
4834,0,0.0,0.0,0.0,0.0
4835,75,-0.3749225359161695,0.0020292415458426647,0.8960885905638636,-0.33596381545066833
4836,0,0.0,0.0,0.0,0.0
4837,223,-0.16052534969130974,0.0007526569370083664,0.958763016914816,-0.15390576422214508
4838,215,0.05194390160356497,0.0008598137338139474,0.95316700617057,0.04951121285557747
4839,198,-0.011369962555666765,0.0005893194982964108,0.9674204837337391,-0.010999534279108047
4840,0,0.0,0.0,0.0,0.0
4841,311,-0.14407036304953014,0.0004573762465849089,0.9745289474034543,-0.1404007375240326
4842,312,-0.018743275211025506,0.0005949550024331832,0.967119178559431,-0.01812698133289814
4843,0,0.0,0.0,0.0,0.0
4844,0,0.0,0.0,0.0,0.0
4845,0,0.0,0.0,0.0,0.0
4846,0,0.0,0.0,0.0,0.0
4847,40,-0.14793602675199508,0.005373932904644085,0.7650561451231017,-0.11317936331033707
4848,0,0.0,0.0,0.0,0.0
4849,0,0.0,0.0,0.0,0.0
4850,0,0.0,0.0,0.0,0.0
4851,0,0.0,0.0,0.0,0.0
4852,255,-0.05536320536744361,0.0007527397335101847,0.958758667697513,-0.05307995155453682
4853,243,-0.10681720976353673,0.00041431376263077085,0.9768716105871295,-0.10434670001268387
4854,265,-0.14333343882605715,0.0004877246707115037,0.9728846862416417,-0.1394469141960144
4855,296,-0.09495242730387159,0.00034767083517698937,0.9805193707420681,-0.09310269355773926
4856,278,-0.16334819363550745,0.0005698078713002838,0.9684651349080765,-0.15819703042507172
4857,215,-0.1329643538524938,0.0005803006349411053,0.9679030728208203,-0.12869660556316376
4858,61,0.0036782428133683128,0.0015717350367500788,0.9175853622764985,0.0033751018345355988
4859,0,0.0,0.0,0.0,0.0
4860,0,0.0,0.0,0.0,0.0
4861,252,-0.20458798211008783,0.0004375745467683042,0.9756047923494173,-0.19959701597690582
4862,305,-0.2636444597214949,0.0004656038729295208,0.9740826301810217,-0.2568114995956421
4863,0,0.0,0.0,0.0,0.0
4864,362,-0.1930860199898646,0.00033474945301576614,0.981229789493896,-0.18946175277233124
4865,279,-0.17853351567594808,0.0006784766270992334,0.9626755534188575,-0.17186984419822693
4866,0,0.0,0.0,0.0,0.0
4867,0,0.0,0.0,0.0,0.0
4868,0,0.0,0.0,0.0,0.0
4869,0,0.0,0.0,0.0,0.0
4870,0,0.0,0.0,0.0,0.0
4871,0,0.0,0.0,0.0,0.0
4872,275,-0.22279862029985947,0.0005152864754958701,0.9713962029505541,-0.21642573177814484
4873,295,-0.29520335212602455,0.00021761676598065443,0.9877170287375454,-0.29157736897468567
4874,226,-0.14042010703907076,0.0006843663334401698,0.9623637424564199,-0.135135218501091
4875,259,-0.003556074696848291,0.000651952910014982,0.9640822711747551,-0.003428348572924733
4876,293,-0.18833559132324143,0.00034517111448824106,0.9806567253444636,-0.18469256162643433
4877,0,0.0,0.0,0.0,0.0
4878,150,-0.1237827867269516,0.0005813641927435363,0.96784613801673,-0.11980269104242325
4879,0,0.0,0.0,0.0,0.0
4880,255,0.2525988088153741,0.0006276318137064009,0.9653757883185814,0.24385277926921844
4881,271,-0.02224898371309372,0.0006137759786717903,0.9661142639065433,-0.021495060995221138
4882,18,-0.27164914707342785,0.005079343320913996,0.7750380228665047,-0.21053841710090637
4883,330,-0.07164078120029334,0.0003736869827589441,0.9790921167653196,-0.07014292478561401
4884,271,-0.23622934738125967,0.0005608373124259724,0.9689461754574442,-0.22889351844787598
4885,0,0.0,0.0,0.0,0.0
4886,119,-0.10305646750606409,0.0018647795466475105,0.9036991914827883,-0.09313204884529114
4887,0,0.0,0.0,0.0,0.0
4888,0,0.0,0.0,0.0,0.0
4889,128,0.04131083708489314,0.0009627552277545813,0.9478523070673457,0.03915657103061676
4890,282,-0.16616544787976759,0.00042861923882932403,0.9760921230815531,-0.16219279170036316
4891,0,0.0,0.0,0.0,0.0
4892,303,-0.14499998309037868,0.000437831598925661,0.975590811246848,-0.14146065711975098
4893,326,-0.10376472085531503,0.00028610679568178473,0.9839134244831734,-0.10209549963474274
4894,263,-0.1091143225988961,0.0006449670843307977,0.964453457234844,-0.10523568838834763
4895,110,-0.006315456127578562,0.0012530119226762122,0.9331810485353228,-0.00589346420019865
4896,330,0.020878039198842915,0.0005349082868405724,0.9703392937989933,0.02025878243148327
4897,0,0.0,0.0,0.0,0.0
4898,0,0.0,0.0,0.0,0.0
4899,0,0.0,0.0,0.0,0.0
4900,0,0.0,0.0,0.0,0.0
4901,292,-0.15612142032956425,0.0004509929304850706,0.9748754997098432,-0.1521989405155182
4902,0,0.0,0.0,0.0,0.0
4903,0,0.0,0.0,0.0,0.0
4904,0,0.0,0.0,0.0,0.0
4905,0,0.0,0.0,0.0,0.0
4906,0,0.0,0.0,0.0,0.0
4907,249,-0.20621433070146414,0.00034972181816072243,0.9804067021028579,-0.20217391848564148
4908,66,-0.09092762975981741,0.0012680401414509994,0.9324337915806523,-0.08478399366140366
4909,91,-0.09005433091750512,0.0011680417414513227,0.9374287036248931,-0.08441951125860214
4910,295,-0.33639544965857165,0.00027659945026122765,0.9844396644216066,-0.3311610221862793
4911,214,-0.07606448046863079,0.0005935131659705327,0.967196249231501,-0.07356928288936615
4912,0,0.0,0.0,0.0,0.0
4913,224,-0.0493596129859465,0.0007958534009442286,0.9564992971226163,-0.04721243679523468
4914,256,-0.19141340581700206,0.0005067354160778284,0.9718575178342933,-0.18602655827999115
4915,0,0.0,0.0,0.0,0.0
4916,0,0.0,0.0,0.0,0.0
4917,61,-0.12316711100398517,0.0019056579719563288,0.9017954646077744,-0.11107154190540314
4918,0,0.0,0.0,0.0,0.0
4919,281,-0.2031072390090104,0.00033372915654031164,0.9812859293409515,-0.19930627942085266
4920,247,-0.1614010659185981,0.0005084795890097594,0.9717633871500471,-0.1568436473608017
4921,0,0.0,0.0,0.0,0.0
4922,0,0.0,0.0,0.0,0.0
4923,0,0.0,0.0,0.0,0.0
4924,307,0.08326177834153951,0.000495752831680377,0.9724506524390493,0.0809679701924324
4925,0,0.0,0.0,0.0,0.0
4926,0,0.0,0.0,0.0,0.0
4927,0,0.0,0.0,0.0,0.0
4928,0,0.0,0.0,0.0,0.0
4929,0,0.0,0.0,0.0,0.0
4930,61,0.07375924655648529,0.0022727391510003947,0.8850530531106499,0.06528084725141525
4931,0,0.0,0.0,0.0,0.0
4932,0,0.0,0.0,0.0,0.0
4933,0,0.0,0.0,0.0,0.0
4934,0,0.0,0.0,0.0,0.0
4935,0,0.0,0.0,0.0,0.0
4936,0,0.0,0.0,0.0,0.0
4937,0,0.0,0.0,0.0,0.0
4938,0,0.0,0.0,0.0,0.0
4939,0,0.0,0.0,0.0,0.0
4940,257,0.07121224388306242,0.0005175175451346827,0.9712759126281768,0.06916673481464386
4941,0,0.0,0.0,0.0,0.0
4942,311,-0.1553890577897765,0.0004957083406768402,0.9724530567296694,-0.15110856294631958
4943,0,0.0,0.0,0.0,0.0
4944,121,-0.17717484464822722,0.0013450727481168839,0.9286221664055531,-0.164528489112854
4945,0,0.0,0.0,0.0,0.0
4946,0,0.0,0.0,0.0,0.0
4947,0,0.0,0.0,0.0,0.0
4948,267,-0.1836600729477093,0.0004518233914941697,0.9748303997651487,-0.1790374219417572
4949,0,0.0,0.0,0.0,0.0
4950,306,-0.007380008490549194,0.0004794930453847233,0.9733301226058843,-0.007183184381574392
4951,74,-0.13484652098771688,0.0017279061535003747,0.910132376383097,-0.12272818386554718
4952,0,0.0,0.0,0.0,0.0
4953,0,0.0,0.0,0.0,0.0
4954,0,0.0,0.0,0.0,0.0
4955,0,0.0,0.0,0.0,0.0
4956,0,0.0,0.0,0.0,0.0
4957,65,-0.2721741829927151,0.002265157156655708,0.8853925745307007,-0.24098099768161774
4958,254,0.01804825729565827,0.0005599593566854908,0.9689932809537427,0.017488639801740646
4959,332,-0.21024659177265972,0.0004775964174212032,0.9734328122945973,-0.20466093719005585
4960,0,0.0,0.0,0.0,0.0
4961,0,0.0,0.0,0.0,0.0
4962,0,0.0,0.0,0.0,0.0
4963,0,0.0,0.0,0.0,0.0
4964,0,0.0,0.0,0.0,0.0
4965,0,0.0,0.0,0.0,0.0
4966,256,-0.022880314718349837,0.0005909237203413409,0.967334694050243,-0.02213292196393013
4967,0,0.0,0.0,0.0,0.0
4968,260,-0.16641243782181006,0.000621181353104821,0.9657194385535799,-0.1607077270746231
4969,252,0.022710046124836757,0.0005300184057292038,0.9706024671146349,0.022042427211999893
4970,0,0.0,0.0,0.0,0.0
4971,0,0.0,0.0,0.0,0.0
4972,0,0.0,0.0,0.0,0.0
4973,0,0.0,0.0,0.0,0.0
4974,0,0.0,0.0,0.0,0.0
4975,47,-0.039629414360573954,0.002424917907073317,0.8782931360786395,-0.03480624407529831
4976,0,0.0,0.0,0.0,0.0
4977,278,0.1919776670695048,0.00047679588038070965,0.9734761625116768,0.18688568472862244
4978,313,-0.17111808356766503,0.00037342411578574527,0.979106516950006,-0.16754283010959625
4979,299,-0.15016289805389169,0.0004771005815609465,0.9734596620551411,-0.1461775302886963
4980,247,-0.07515567354103814,0.0007464352535209181,0.9590899486421974,-0.0720810517668724
4981,0,0.0,0.0,0.0,0.0
4982,50,-0.08052364394068717,0.0017599713078981128,0.9086170808651287,-0.0731651559472084
4983,60,0.01500399981935819,0.0030991349234121292,0.8495453561949734,0.012746578082442284
4984,0,0.0,0.0,0.0,0.0
4985,0,0.0,0.0,0.0,0.0
4986,200,0.011297664754092693,0.0008375803428746506,0.9543227152071061,0.01078161783516407
4987,260,-0.19894193204549643,0.00028685721320687247,0.9838719121676203,-0.19573338329792023
4988,308,-0.16226892081367505,0.00036409493028021823,0.9796178559352671,-0.15896153450012207
4989,261,-0.14126197265825052,0.0005699908978527995,0.968455325196826,-0.13680590689182281
4990,258,-0.21798741785708323,0.0003618514145572853,0.9797409042281527,-0.2135711908340454
4991,254,-0.1838183257670149,0.000499113070210426,0.9722690997418432,-0.1787208765745163
4992,90,-0.19204452716641957,0.001213735816940044,0.9351396647782332,-0.1795884519815445
4993,116,-0.2192635041629446,0.0017147535650601723,0.910755387916245,-0.19969542324543
4994,135,-0.13241177918734373,0.0007013951667848443,0.9614633425922438,-0.12730906903743744
4995,174,0.07017557736989324,0.0006287511059352072,0.9653161825873348,0.06774161756038666
4996,266,-0.0028329878709370034,0.0003847999577617028,0.9784837212015796,-0.002772032516077161
4997,75,-0.10693060874938964,0.001388881887428911,0.9264683291369334,-0.099067822098732
4998,0,0.0,0.0,0.0,0.0
4999,313,-0.17092678134148112,0.00029404308847665305,0.9834745743371266,-0.16810214519500732
5000,0,0.0,0.0,0.0,0.0
5001,105,-0.09837663443315597,0.0011768547134168841,0.9369863470963281,-0.09217756241559982
5002,0,0.0,0.0,0.0,0.0
5003,0,0.0,0.0,0.0,0.0
5004,0,0.0,0.0,0.0,0.0
5005,139,-0.013623492484041256,0.0012587805018843083,0.9328940724897885,-0.01270927581936121
5006,126,-0.19622390817791696,0.0012809804988948143,0.9317913088264316,-0.18283973634243011
5007,233,-0.15378079726460667,0.0007218037639711237,0.9603864548011339,-0.14768899977207184
5008,0,0.0,0.0,0.0,0.0
5009,0,0.0,0.0,0.0,0.0
5010,310,0.01023342270524271,0.0004274593462416302,0.9761552778330299,0.00998940970748663
5011,0,0.0,0.0,0.0,0.0
5012,252,-0.17376037314534187,0.00033839342553430466,0.9810293393575018,-0.17046402394771576
5013,250,-0.22177867126464842,0.0004311162546624378,0.9759561913120842,-0.21644626557826996
5014,0,0.0,0.0,0.0,0.0
5015,254,-0.12548935146430346,0.0004819267638409116,0.9731983848012663,-0.1221260353922844
5016,255,0.14725176825681152,0.0005308894402464001,0.9705555776030881,0.1429160237312317
5017,0,0.0,0.0,0.0,0.0
5018,73,-0.11770243881499931,0.0025006182218933544,0.8749687743704349,-0.10298595577478409
5019,0,0.0,0.0,0.0,0.0
5020,0,0.0,0.0,0.0,0.0
5021,0,0.0,0.0,0.0,0.0
5022,166,-0.16808038339557418,0.0005219105427305528,0.9710391468854356,-0.1632126271724701
5023,0,0.0,0.0,0.0,0.0
5024,0,0.0,0.0,0.0,0.0
5025,0,0.0,0.0,0.0,0.0
5026,94,-0.12408755101422046,0.0014781154907844453,0.9221119946101717,-0.11442261934280396
5027,248,0.010798292384753305,0.0007946204016266077,0.9565637644935403,0.010329254902899265
5028,313,-0.06199930522578974,0.0004457244106183076,0.9751617150871269,-0.06045934930443764
5029,282,-0.2796413921718056,0.0004183611630028632,0.9766509465428106,-0.273112028837204
5030,88,-0.2146474447270686,0.0012258230616354166,0.9345360242616014,-0.20059576630592346
5031,270,-0.2310433774082749,0.00043988251533935707,0.9754792759694373,-0.22537802159786224
5032,0,0.0,0.0,0.0,0.0
5033,0,0.0,0.0,0.0,0.0
5034,303,0.07382237356426594,0.0004501837294466386,0.9749194491011309,0.0719708651304245
5035,277,-0.15572812963640217,0.00042994700820423983,0.9760198376725192,-0.1519937366247177
5036,308,0.04133665817336167,0.0005678973265284773,0.9685675466294045,0.04003734514117241
5037,63,-7.546846828763447e-06,0.0014227371230364602,0.9248106983435674,-6.979404588491889e-06
5038,310,0.08070976491416654,0.0004220563352908509,0.9764495729911137,0.07880901545286179
5039,277,-0.21223471079707576,0.0003802495590406465,0.9787327477904867,-0.2077210545539856
5040,0,0.0,0.0,0.0,0.0
5041,0,0.0,0.0,0.0,0.0
5042,0,0.0,0.0,0.0,0.0
5043,0,0.0,0.0,0.0,0.0
5044,0,0.0,0.0,0.0,0.0
5045,0,0.0,0.0,0.0,0.0
5046,258,-0.24760771207800208,0.00030401499648667244,0.9829237162157815,-0.24337948858737946
5047,247,-0.04833182330556244,0.0006202192428002569,0.9657707162391103,-0.04667745903134346
5048,251,-0.25652095933715663,0.0003099032756981314,0.9825987314890999,-0.25205716490745544
5049,0,0.0,0.0,0.0,0.0
5050,0,0.0,0.0,0.0,0.0
5051,0,0.0,0.0,0.0,0.0
5052,105,-0.09591560262654508,0.0016079113909491978,0.9158480685537076,-0.087844118475914
5053,41,-0.0024551334904461372,0.005658113320762884,0.7556676320256579,-0.0018552648834884167
5054,233,-0.07189248863591656,0.0007597398875696095,0.9583910992571435,-0.06890112161636353
5055,0,0.0,0.0,0.0,0.0
5056,385,0.03987076402484597,0.00045472898297412815,0.9746726382987577,0.03886094316840172
5057,301,-0.14616897424986197,0.0005988197500403067,0.9669126562750986,-0.14133262634277344
5058,247,0.07874157106285153,0.0008369604675525876,0.9543549769698776,0.07514741271734238
5059,0,0.0,0.0,0.0,0.0
5060,0,0.0,0.0,0.0,0.0
5061,249,-0.2380912408651597,0.00042047733303308743,0.9765356127529056,-0.23250457644462585
5062,104,-0.20979713304684713,0.0008708566814493059,0.9525940249222057,-0.19985149800777435
5063,271,0.05427675456413484,0.0006394998909471516,0.9647441514618718,0.052363183349370956
5064,277,-0.21553597989280301,0.00045687127169010723,0.9745563536797094,-0.21005195379257202
5065,367,0.20257402757532914,0.00034203055288936017,0.9808293474150317,0.19869054853916168
5066,0,0.0,0.0,0.0,0.0
5067,0,0.0,0.0,0.0,0.0
5068,0,0.0,0.0,0.0,0.0
5069,249,-0.15029529826229357,0.000787916869046786,0.9569144108151079,-0.14381973445415497
5070,0,0.0,0.0,0.0,0.0
5071,0,0.0,0.0,0.0,0.0
5072,0,0.0,0.0,0.0,0.0
5073,249,-0.3048534009710373,0.0005039565539834739,0.9720075269889857,-0.2963198125362396
5074,0,0.0,0.0,0.0,0.0
5075,0,0.0,0.0,0.0,0.0
5076,67,-0.2637256802018009,0.0009294663209327816,0.9495644625479773,-0.2504245340824127
5077,0,0.0,0.0,0.0,0.0
5078,0,0.0,0.0,0.0,0.0
5079,0,0.0,0.0,0.0,0.0
5080,0,0.0,0.0,0.0,0.0
5081,0,0.0,0.0,0.0,0.0
5082,0,0.0,0.0,0.0,0.0
5083,0,0.0,0.0,0.0,0.0
5084,0,0.0,0.0,0.0,0.0
5085,0,0.0,0.0,0.0,0.0
5086,0,0.0,0.0,0.0,0.0
5087,0,0.0,0.0,0.0,0.0
5088,134,-0.12524506938991262,0.0008368003275874071,0.9543633118997586,-0.11952929943799973
5089,0,0.0,0.0,0.0,0.0
5090,0,0.0,0.0,0.0,0.0
5091,275,-0.22302180431105872,0.0003799422070243623,0.9787495726061338,-0.21828249096870422
5092,118,-0.02628028383320671,0.0007296690960110155,0.9599720734241459,-0.025228338316082954
5093,0,0.0,0.0,0.0,0.0
5094,0,0.0,0.0,0.0,0.0
5095,0,0.0,0.0,0.0,0.0
5096,0,0.0,0.0,0.0,0.0
5097,0,0.0,0.0,0.0,0.0
5098,0,0.0,0.0,0.0,0.0
5099,0,0.0,0.0,0.0,0.0
5100,0,0.0,0.0,0.0,0.0
5101,0,0.0,0.0,0.0,0.0
5102,260,-0.1357020446887383,0.0003560407809561114,0.9800597391054157,-0.1329961121082306
5103,0,0.0,0.0,0.0,0.0
5104,0,0.0,0.0,0.0,0.0
5105,0,0.0,0.0,0.0,0.0
5106,61,0.01844912535343014,0.0030263108896538935,0.8525595039926129,0.01572897657752037
5107,257,-0.2535855552681689,0.00031911620518496454,0.9820906842677832,-0.2490440160036087
5108,55,0.033012563396583906,0.0028181610673208785,0.8612938548974446,0.02843351848423481
5109,0,0.0,0.0,0.0,0.0
5110,0,0.0,0.0,0.0,0.0
5111,257,-0.1325065668107007,0.0004821323018847088,0.9731872606072167,-0.1289537101984024
5112,0,0.0,0.0,0.0,0.0
5113,0,0.0,0.0,0.0,0.0
5114,262,0.07405519115788337,0.0006007819303768737,0.9668078361029888,0.0715971365571022
5115,45,-0.002164903117550744,0.0015632234564027406,0.9179950713406152,-0.001987370429560542
5116,196,0.0069665951388222834,0.0007896822710459959,0.9568220417766076,0.006665791850537062
5117,45,-0.1441453946961297,0.002677193345571778,0.8673114735716588,-0.12501895427703857
5118,0,0.0,0.0,0.0,0.0
5119,248,-0.12756850065723543,0.0003539455225563114,0.9801747587963152,-0.12503942847251892
5120,0,0.0,0.0,0.0,0.0
5121,276,-0.01719532631661581,0.0006515023014626556,0.9641062052662752,-0.01657812111079693
5122,68,0.007085993557291872,0.001520463212024013,0.9200589050599256,0.006519531365483999
5123,256,-0.0418762276385678,0.0008510813415951033,0.9536205887812518,-0.039934031665325165
5124,247,0.03177331544851002,0.00039182142027326035,0.978099710913891,0.031077470630407333
5125,264,-0.12087365524899779,0.000551628338872792,0.9694404981860496,-0.11717981845140457
5126,251,-0.00707538427777618,0.0007034897553619636,0.9613527075368136,-0.006801940035074949
5127,0,0.0,0.0,0.0,0.0
5128,0,0.0,0.0,0.0,0.0
5129,0,0.0,0.0,0.0,0.0
5130,243,-0.31435302310765034,0.0004521154530025819,0.9748145397379152,-0.30643588304519653
5131,267,-0.20802741796336371,0.00023417493601688284,0.9867947753410885,-0.2052803635597229
5132,216,0.007459378007937361,0.0007306449419521482,0.9599206863663388,0.007160411216318607
5133,0,0.0,0.0,0.0,0.0
5134,112,0.022248379004720067,0.0024723677909641935,0.8762064379567234,0.01949417218565941
5135,0,0.0,0.0,0.0,0.0
5136,243,-0.03226393243535556,0.0006587467561401081,0.9637215597314777,-0.031093446537852287
5137,83,-0.2385078704500773,0.0005442142968920047,0.9698388385480958,-0.23131419718265533
5138,0,0.0,0.0,0.0,0.0
5139,0,0.0,0.0,0.0,0.0
5140,0,0.0,0.0,0.0,0.0
5141,0,0.0,0.0,0.0,0.0
5142,247,-0.1339388966356755,0.0004137851442578399,0.9769004381938833,-0.13084496557712555
5143,247,-0.030565186731728464,0.00078601133864034,0.9570141316420973,-0.02925131656229496
5144,0,0.0,0.0,0.0,0.0
5145,0,0.0,0.0,0.0,0.0
5146,267,-0.2003091218068582,0.0005228034613168576,0.9709910361091139,-0.19449836015701294
5147,249,0.056114085602114,0.0007935173563441653,0.9566214445825235,0.0536799393594265
5148,206,-0.1988776180784679,0.00035450509337853713,0.9801440383853881,-0.19492870569229126
5149,253,-0.14107251380802144,0.0005703487408425092,0.9684361463876262,-0.1366197168827057
5150,248,-0.018808478286730185,0.0008156583556480221,0.9554649844945922,-0.017970843240618706
5151,190,0.09580494548733297,0.0008574718515406525,0.9532886071310825,0.09132976084947586
5152,257,-0.10995474325108853,0.0005911154299868524,0.9673244429275173,-0.10636191070079803
5153,0,0.0,0.0,0.0,0.0
5154,0,0.0,0.0,0.0,0.0
5155,93,-0.24505365367538184,0.0007053616112289686,0.9612538586466773,-0.23555876314640045
5156,261,-0.2509369132505066,0.0002817983466387427,0.9841518312040645,-0.24696002900600433
5157,263,0.03632583538559,0.0006313268259865263,0.9651790455784389,0.03506093472242355
5158,265,-0.06950125300659324,0.0005156791861348919,0.9713750274080585,-0.06751178205013275
5159,243,-0.2517777795715587,0.00024334930334673273,0.9862845245020911,-0.24832452833652496
5160,0,0.0,0.0,0.0,0.0
5161,199,-0.2824020529512185,0.00027286926421647397,0.9846462872903249,-0.27806612849235535
5162,0,0.0,0.0,0.0,0.0
5163,91,-0.03271784211744319,0.0016024825720532287,0.9161083565708944,-0.029973087832331657
5164,0,0.0,0.0,0.0,0.0
5165,246,-0.037500694076099045,0.000468693856897332,0.9739151159630348,-0.03652249276638031
5166,206,-0.2049823712955401,0.0005940377656472266,0.9671682063151612,-0.19825243949890137
5167,258,-0.19151308484259963,0.00044310655841536443,0.9753039939257508,-0.18678347766399384
5168,269,-0.15426160012922321,0.0004940418852501474,0.9725431204237883,-0.15002605319023132
5169,0,0.0,0.0,0.0,0.0
5170,0,0.0,0.0,0.0,0.0
5171,243,-0.17620949465551494,0.0004491614625467981,0.9749749762078826,-0.17179985344409943
5172,246,-0.033812556324935544,0.000559035191705749,0.9690428706908925,-0.032765816897153854
5173,252,-0.18531674211696972,0.00048336446522799384,0.973120578410436,-0.18033553659915924
5174,264,0.11820223236766954,0.000578969564453057,0.9679743376600007,0.11441672593355179
5175,203,-0.0845591465843924,0.0006651095414475168,0.963383979655191,-0.08146292716264725
5176,0,0.0,0.0,0.0,0.0
5177,0,0.0,0.0,0.0,0.0
5178,0,0.0,0.0,0.0,0.0
5179,243,0.08425553104698413,0.0007409160873458497,0.9593801517651637,0.0808330848813057
5180,272,-0.18508210811106598,0.000503755459624421,0.9720183843064809,-0.17990320920944214
5181,68,0.16104579388218768,0.002616280134640533,0.8699378280561261,0.14009982347488403
5182,260,-0.08566426904155658,0.0005008579248835414,0.9721748524955806,-0.08328064531087875
5183,257,0.1358201708427199,0.000977321004833205,0.9471050826753366,0.128635972738266
5184,249,-0.14890088140964508,0.0004921527008177355,0.9726452416999437,-0.144827738404274
5185,63,-0.09022168720525409,0.0027182239503373957,0.8655513045725104,-0.07809150218963623
5186,0,0.0,0.0,0.0,0.0
5187,0,0.0,0.0,0.0,0.0
5188,128,-0.11640427936799824,0.0006375749717721071,0.9648465423807766,-0.11231226474046707
5189,164,-0.06846765878542167,0.0013031156638079887,0.9306943582995061,-0.06372246146202087
5190,196,-0.10080433245368149,0.000844272373932481,0.9539745634859172,-0.096164770424366
5191,130,0.2069414816223658,0.0008219115417957879,0.9551388766861061,0.19765785336494446
5192,0,0.0,0.0,0.0,0.0
5193,117,-0.058183013373969965,0.0017236412723300343,0.9103343017818152,-0.05296599119901657
5194,0,0.0,0.0,0.0,0.0
5195,88,-0.20587572235275398,0.0016772584867163329,0.9125361448030436,-0.18786904215812683
5196,133,-0.21003136397304392,0.0005618428085796183,0.9688922325832019,-0.2034977525472641
5197,181,-0.2776016988971615,0.0009970544407496785,0.9460946346045469,-0.2626374661922455
5198,186,-0.21727971564377507,0.0005584412777027244,0.9690747421812823,-0.21056027710437775
5199,152,-0.123136584303881,0.0006284062959788951,0.9653345439865967,-0.11886800080537796
5200,0,0.0,0.0,0.0,0.0
5201,68,-0.14814652469666564,0.0022711633174080544,0.8851235974418585,-0.1311279833316803
5202,14,-0.10821720425571714,0.0037530425257562413,0.8234059626763356,-0.08910669386386871
5203,0,0.0,0.0,0.0,0.0
5204,76,-0.22010676601999685,0.0017170031705584655,0.9106487681905219,-0.2004399597644806
5205,125,-0.1980674545764923,0.0012705092869160614,0.9323111312609208,-0.18466049432754517
5206,0,0.0,0.0,0.0,0.0
5207,164,-0.1416279363741235,0.000678388955236147,0.9626801964410499,-0.13634240627288818
5208,0,0.0,0.0,0.0,0.0
5209,124,-0.06267902312139349,0.0014857395379569713,0.9217416917893854,-0.05777386948466301
5210,0,0.0,0.0,0.0,0.0
5211,129,0.05486651290525762,0.001201183552541934,0.9357673544600621,0.05134228989481926
5212,119,-0.1597119646162546,0.0009824458977670777,0.9468424557617806,-0.15122206509113312
5213,0,0.0,0.0,0.0,0.0
5214,109,-0.026527742111901623,0.0017648986085998656,0.9083846796965875,-0.024097394198179245
5215,0,0.0,0.0,0.0,0.0
5216,0,0.0,0.0,0.0,0.0
5217,95,-0.2262125666204252,0.001027181815545032,0.9445561180355173,-0.21367046236991882
5218,177,-0.21435810457178428,0.0009483203457210439,0.9485939806623402,-0.20333880186080933
5219,0,0.0,0.0,0.0,0.0
5220,190,-0.18075561892045172,0.0004784476458004788,0.9733867213047129,-0.17594511806964874
5221,125,-0.1964097673892975,0.0007608777954541984,0.9583313759115453,-0.1882256418466568
5222,89,0.27378807451282994,0.0015550093925204792,0.9183908063710706,0.2514444589614868
5223,126,-0.14682628181836907,0.0015999429447494408,0.9162301713448827,-0.13452666997909546
5224,124,-0.03460283673578693,0.0010602936967244968,0.9428709530779795,-0.03262601047754288
5225,116,0.15218493724562998,0.001967347550771422,0.8989376899280931,0.13680477440357208
5226,162,-0.051714019412979664,0.0008594167737667763,0.9531876159210176,-0.049293164163827896
5227,137,-0.04788944261134976,0.00117910746154289,0.9368733401022316,-0.04486634209752083
5228,193,-0.016785950626734006,0.0008731651728751797,0.9524743321454316,-0.015988187864422798
5229,169,-0.02394609163741212,0.0006810565629834664,0.9625389424069637,-0.023049045354127884
5230,43,-0.2905546080234439,0.0019144610892013112,0.9013865485660615,-0.26190200448036194
5231,0,0.0,0.0,0.0,0.0
5232,139,0.17102566853554235,0.0013059226906860343,0.9305554352061328,0.15914887189865112
5233,149,-0.10680856950731085,0.0009987390940739964,0.9460084720252547,-0.10104180872440338
5234,191,-0.05238507452045436,0.0008045809553612347,0.9560432252471773,-0.05008239671587944
5235,189,-0.27571805759712503,0.0002698059588120527,0.9848160351076412,-0.2715315520763397
5236,170,-0.04940993847215877,0.0011055609476304238,0.9405768696155186,-0.04647384583950043
5237,69,-0.0823155685827352,0.0015343963488956634,0.9193854002804384,-0.0756797343492508
5238,111,-0.04478820614718102,0.0012626866163543732,0.9326998507904078,-0.041773952543735504
5239,117,-0.05028069719799563,0.0010979624093063352,0.9409611733448028,-0.047312185168266296
5240,93,-0.17736499972881808,0.0019724548762468106,0.8987019043004125,-0.15939825773239136
5241,185,-0.1810411466134561,0.0007798058489007388,0.9573390234174883,-0.17331776022911072
5242,162,-0.198025455031498,0.0007531445386804318,0.9587374042554669,-0.18985441327095032
5243,167,0.07442050023439402,0.0012030797265318806,0.9356724801842274,0.06963321566581726
5244,66,-0.15407562549367096,0.002485209197709538,0.8756434165967361,-0.1349153071641922
5245,0,0.0,0.0,0.0,0.0
5246,143,-0.02759632197293368,0.000986136029779139,0.9466534438443186,-0.026124153286218643
5247,10,-0.043752321600914,0.005600196663876844,0.757562291636,-0.033145107328891754
5248,187,-0.011308700005638408,0.000708445023297059,0.9610910742589108,-0.01086869090795517
5249,194,0.2057214993791482,0.000791689069555148,0.9567170640886036,0.19681726396083832
5250,70,-0.12023502205099379,0.0026480598787315328,0.8685656205539781,-0.10443200916051865
5251,11,-0.08868005871772766,0.004514064109861448,0.7949401265928464,-0.07049533724784851
5252,0,0.0,0.0,0.0,0.0
5253,13,-0.21947533236100122,0.0029304020108125166,0.8565619069740289,-0.18799421191215515
5254,22,-0.34646777605468576,0.002961088570244946,0.855277234527397,-0.29632601141929626
5255,0,0.0,0.0,0.0,0.0
5256,46,0.010711132832195448,0.0018090626036262258,0.9063069358752546,0.009707573801279068
5257,0,0.0,0.0,0.0,0.0
5258,0,0.0,0.0,0.0,0.0
5259,31,-0.12110915587794396,0.0014176603480507038,0.9250588908609765,-0.11203309893608093
5260,32,-0.2204085597768426,0.005147492348896438,0.7727057714063613,-0.17031095921993256
5261,0,0.0,0.0,0.0,0.0
5262,0,0.0,0.0,0.0,0.0
5263,28,-0.4881974698177406,0.0008586916097139661,0.9532252679814728,-0.46536216139793396
5264,17,0.15020645541303299,0.003467230863829011,0.8346304554158391,0.12536688148975372
5265,48,-0.3164619356393814,0.0027038849874516063,0.8661656180438907,-0.2741084396839142
5266,0,0.0,0.0,0.0,0.0
5267,23,-0.35128704620444257,0.00457133387401682,0.7928773870755675,-0.27852755784988403
5268,210,-0.11059560566431,0.0005662044383713612,0.9686583093135461,-0.10712935030460358
5269,40,-0.2144899856299162,0.003216647805440307,0.8447262490740207,-0.18118532001972198
5270,36,-0.06638148509793812,0.0031501912820174477,0.8474448382852581,-0.05625464767217636
5271,25,-0.17309836387634278,0.004664709732971401,0.7895370392390767,-0.13666756451129913
5272,35,0.2094164816396577,0.003001872490341171,0.8535757950183362,0.1787528395652771
5273,228,0.00932506994720091,0.0006112322305766311,0.9662499610256289,0.009010348469018936
5274,60,-0.18282730132341385,0.002108192735898934,0.8924804215826269,-0.16316978633403778
5275,55,-0.1977720471945676,0.0021696552607461095,0.889691559052404,-0.1759561151266098
5276,33,-0.4599125168540261,0.0028788218860146203,0.8587299920452136,-0.39494067430496216
5277,57,-0.08855405083873816,0.0015075150660162505,0.920685682206727,-0.08153044432401657
5278,50,0.10801346391439438,0.005526618165585005,0.7599830515471065,0.082088403403759
5279,174,0.015014243258655757,0.000685372097108959,0.9623105158264111,0.01444836426526308
5280,297,0.14797013616095286,0.00035412811983467543,0.9801647340029453,0.14503510296344757
5281,223,0.04367088924909654,0.0007420943732217698,0.9593181816049097,0.041894279420375824
